case,field,type,status,computed,reference,diff
ColemanTransform.0.0.1,istatus,scalar,IDENTICAL,0,0,
ColemanTransform.0.0.1,alreadyinitialized,scalar,IDENTICAL,1,1,
ColemanTransform.0.0.1,restartwse,scalar,IDENTICAL,0,0,
ColemanTransform.0.0.1,time,scalar,IDENTICAL,0.0000000000000000,0.0000000000000000,
ColemanTransform.0.0.1,dt,scalar,IDENTICAL,0.10000000149011612,0.10000000149011612,
ColemanTransform.0.0.1,writethisstep,scalar,IDENTICAL,F,F,
ColemanTransform.0.0.1,n_dt,scalar,IDENTICAL,0,0,
ColemanTransform.0.0.1,time_last,scalar,IDENTICAL,0.0000000000000000,0.0000000000000000,
ColemanTransform.0.0.1,vs_genpwr,scalar,IDENTICAL,2.1811592000000002,2.1811592000000002,
ColemanTransform.0.0.1,genspeed,scalar,IDENTICAL,1.0000000000000000,1.0000000000000000,
ColemanTransform.0.0.1,rotspeed,scalar,IDENTICAL,1.0000000000000000,1.0000000000000000,
ColemanTransform.0.0.1,nacheading,scalar,IDENTICAL,0.0000000000000000,0.0000000000000000,
ColemanTransform.0.0.1,nacvane,scalar,IDENTICAL,0.0000000000000000,0.0000000000000000,
ColemanTransform.0.0.1,nacvanef,scalar,IDENTICAL,0.0000000000000000,0.0000000000000000,
ColemanTransform.0.0.1,winddir,scalar,IDENTICAL,0.0000000000000000,0.0000000000000000,
ColemanTransform.0.0.1,horwindv,scalar,IDENTICAL,10.000000000000000,10.000000000000000,
ColemanTransform.0.0.1,horwindv_f,scalar,IDENTICAL,9.9999999999999964,9.9999999999999964,
ColemanTransform.0.0.1,rootmoop,array,IDENTICAL,,,size=           3
ColemanTransform.0.0.1,rootmoopf,array,IDENTICAL,,,size=           3
ColemanTransform.0.0.1,blpitch,array,IDENTICAL,,,size=           3
ColemanTransform.0.0.1,blpitchcmeas,scalar,IDENTICAL,0.0000000000000000,0.0000000000000000,
ColemanTransform.0.0.1,azimuth,scalar,IDENTICAL,0.0000000000000000,0.0000000000000000,
ColemanTransform.0.0.1,ol_azimuth,scalar,IDENTICAL,0.0000000000000000,0.0000000000000000,
ColemanTransform.0.0.1,azunwrapped,scalar,IDENTICAL,0.0000000000000000,0.0000000000000000,
ColemanTransform.0.0.1,azerror,scalar,IDENTICAL,0.0000000000000000,0.0000000000000000,
ColemanTransform.0.0.1,gentqaz,scalar,IDENTICAL,0.0000000000000000,0.0000000000000000,
ColemanTransform.0.0.1,azbuffer,array,IDENTICAL,,,size=           2
ColemanTransform.0.0.1,numbl,scalar,IDENTICAL,3,3,
ColemanTransform.0.0.1,fa_acc_tt,scalar,IDENTICAL,0.0000000000000000,0.0000000000000000,
ColemanTransform.0.0.1,ss_acc_tt,scalar,IDENTICAL,0.0000000000000000,0.0000000000000000,
ColemanTransform.0.0.1,fa_acc_nac,scalar,IDENTICAL,0.0000000000000000,0.0000000000000000,
ColemanTransform.0.0.1,nacimu_fa_racc,scalar,IDENTICAL,0.0000000000000000,0.0000000000000000,
ColemanTransform.0.0.1,fa_acchpf,scalar,IDENTICAL,0.0000000000000000,0.0000000000000000,
ColemanTransform.0.0.1,fa_acchpfi,scalar,IDENTICAL,0.0000000000000000,0.0000000000000000,
ColemanTransform.0.0.1,fa_pitcom,array,IDENTICAL,,,size=           3
ColemanTransform.0.0.1,vs_refspd,scalar,IDENTICAL,115.47619047619044,115.47619047619044,
ColemanTransform.0.0.1,vs_refspd_tsr,scalar,IDENTICAL,115.47619047619044,115.47619047619044,
ColemanTransform.0.0.1,vs_refspd_tra,scalar,IDENTICAL,0.0000000000000000,0.0000000000000000,
ColemanTransform.0.0.1,vs_refspd_rl,scalar,IDENTICAL,0.0000000000000000,0.0000000000000000,
ColemanTransform.0.0.1,pc_refspd,scalar,IDENTICAL,122.90967000000001,122.90967000000001,
ColemanTransform.0.0.1,pc_refspd_ss,scalar,IDENTICAL,122.90967000000001,122.90967000000001,
ColemanTransform.0.0.1,pc_refspd_prc,scalar,IDENTICAL,122.90967000000001,122.90967000000001,
ColemanTransform.0.0.1,rotspeedf,scalar,IDENTICAL,1.0000000000000000,1.0000000000000000,
ColemanTransform.0.0.1,genspeedf,scalar,IDENTICAL,1.0000000000000000,1.0000000000000000,
ColemanTransform.0.0.1,gentq,scalar,IDENTICAL,2.3105500000000001,2.3105500000000001,
ColemanTransform.0.0.1,gentqmeas,scalar,IDENTICAL,0.0000000000000000,0.0000000000000000,
ColemanTransform.0.0.1,genartq,scalar,IDENTICAL,0.0000000000000000,0.0000000000000000,
ColemanTransform.0.0.1,genbrtq,scalar,IDENTICAL,0.0000000000000000,0.0000000000000000,
ColemanTransform.0.0.1,vs_komega2_gentq,scalar,IDENTICAL,2.3105500000000001,2.3105500000000001,
ColemanTransform.0.0.1,vs_constpwr_gentq,scalar,IDENTICAL,5296610.1694915248,5296610.1694915248,
ColemanTransform.0.0.1,ipc_pitcomf,array,IDENTICAL,,,size=           3
ColemanTransform.0.0.1,pc_kp,scalar,IDENTICAL,-2.0750000000000001E-002,-2.0750000000000001E-002,
ColemanTransform.0.0.1,pc_ki,scalar,IDENTICAL,-8.4169999999999991E-003,-8.4169999999999991E-003,
ColemanTransform.0.0.1,pc_kd,scalar,IDENTICAL,0.0000000000000000,0.0000000000000000,
ColemanTransform.0.0.1,pc_tf,scalar,IDENTICAL,0.0000000000000000,0.0000000000000000,
ColemanTransform.0.0.1,pc_maxpit,scalar,IDENTICAL,0.0000000000000000,0.0000000000000000,
ColemanTransform.0.0.1,pc_minpit,scalar,IDENTICAL,0.0000000000000000,0.0000000000000000,
ColemanTransform.0.0.1,pc_pitcomt,scalar,IDENTICAL,0.0000000000000000,0.0000000000000000,
ColemanTransform.0.0.1,pc_pitcomt_last,scalar,IDENTICAL,0.0000000000000000,0.0000000000000000,
ColemanTransform.0.0.1,blpitchcmeasf,scalar,IDENTICAL,0.0000000000000000,0.0000000000000000,
ColemanTransform.0.0.1,pc_pitcomt_ipc,array,IDENTICAL,,,size=           3
ColemanTransform.0.0.1,pc_pwrerr,scalar,IDENTICAL,4999997.8188407999,4999997.8188407999,
ColemanTransform.0.0.1,pc_spderr,scalar,IDENTICAL,121.90967000000001,121.90967000000001,
ColemanTransform.0.0.1,ipc_axistilt_1p,scalar,IDENTICAL,0.0000000000000000,0.0000000000000000,
ColemanTransform.0.0.1,ipc_axisyaw_1p,scalar,IDENTICAL,0.0000000000000000,0.0000000000000000,
ColemanTransform.0.0.1,ipc_axistilt_2p,scalar,IDENTICAL,0.0000000000000000,0.0000000000000000,
ColemanTransform.0.0.1,ipc_axisyaw_2p,scalar,IDENTICAL,0.0000000000000000,0.0000000000000000,
ColemanTransform.0.0.1,axistilt_1p,scalar,IDENTICAL,0.0000000000000000,0.0000000000000000,
ColemanTransform.0.0.1,axisyaw_1p,scalar,IDENTICAL,0.0000000000000000,0.0000000000000000,
ColemanTransform.0.0.1,axisyawf_1p,scalar,IDENTICAL,0.0000000000000000,0.0000000000000000,
ColemanTransform.0.0.1,axistilt_2p,scalar,IDENTICAL,0.0000000000000000,0.0000000000000000,
ColemanTransform.0.0.1,axisyaw_2p,scalar,IDENTICAL,0.0000000000000000,0.0000000000000000,
ColemanTransform.0.0.1,axisyawf_2p,scalar,IDENTICAL,0.0000000000000000,0.0000000000000000,
ColemanTransform.0.0.1,ipc_ki,array,IDENTICAL,,,size=           2
ColemanTransform.0.0.1,ipc_kp,array,IDENTICAL,,,size=           2
ColemanTransform.0.0.1,ipc_intsat,scalar,IDENTICAL,0.0000000000000000,0.0000000000000000,
ColemanTransform.0.0.1,pc_state,scalar,IDENTICAL,0,0,
ColemanTransform.0.0.1,pitcom,array,IDENTICAL,,,size=           3
ColemanTransform.0.0.1,pitcom_sd,array,IDENTICAL,,,size=           3
ColemanTransform.0.0.1,pitcomact,array,IDENTICAL,,,size=           3
ColemanTransform.0.0.1,ss_delomegaf,scalar,IDENTICAL,-6.1454835000000010,-6.1454835000000010,
ColemanTransform.0.0.1,testtype,scalar,IDENTICAL,0.0000000000000000,0.0000000000000000,
ColemanTransform.0.0.1,kp_float,scalar,IDENTICAL,0.0000000000000000,0.0000000000000000,
ColemanTransform.0.0.1,vs_maxtq,scalar,IDENTICAL,47402.900000000001,47402.900000000001,
ColemanTransform.0.0.1,vs_lastgentrq,scalar,IDENTICAL,2.3105500000000001,2.3105500000000001,
ColemanTransform.0.0.1,vs_lastgenpwr,scalar,IDENTICAL,2.1811592000000002,2.1811592000000002,
ColemanTransform.0.0.1,vs_mechgenpwr,scalar,IDENTICAL,0.0000000000000000,0.0000000000000000,
ColemanTransform.0.0.1,vs_spderrar,scalar,IDENTICAL,114.47619047619044,114.47619047619044,
ColemanTransform.0.0.1,vs_spderrbr,scalar,IDENTICAL,33.642859999999999,33.642859999999999,
ColemanTransform.0.0.1,vs_spderr,scalar,IDENTICAL,114.47619047619044,114.47619047619044,
ColemanTransform.0.0.1,vs_state,scalar,IDENTICAL,2,2,
ColemanTransform.0.0.1,vs_rgn3pitch,scalar,IDENTICAL,1.7450000000000000E-002,1.7450000000000000E-002,
ColemanTransform.0.0.1,we_vw,scalar,IDENTICAL,9.9999999999999964,9.9999999999999964,
ColemanTransform.0.0.1,we_vw_f,scalar,IDENTICAL,10.000000000000000,10.000000000000000,
ColemanTransform.0.0.1,we_vwi,scalar,IDENTICAL,10.000000000000000,10.000000000000000,
ColemanTransform.0.0.1,we_vwidot,scalar,IDENTICAL,0.0000000000000000,0.0000000000000000,
ColemanTransform.0.0.1,we_op,scalar,IDENTICAL,0,0,
ColemanTransform.0.0.1,we_op_last,scalar,IDENTICAL,1,1,
ColemanTransform.0.0.1,vs_lastgentrqf,scalar,IDENTICAL,2.3105500000000005,2.3105500000000005,
ColemanTransform.0.0.1,prc_wse_f,scalar,IDENTICAL,0.0000000000000000,0.0000000000000000,
ColemanTransform.0.0.1,prc_r_speed,scalar,IDENTICAL,1.0000000000000000,1.0000000000000000,
ColemanTransform.0.0.1,prc_r_torque,scalar,IDENTICAL,1.0000000000000000,1.0000000000000000,
ColemanTransform.0.0.1,prc_r_pitch,scalar,IDENTICAL,1.0000000000000000,1.0000000000000000,
ColemanTransform.0.0.1,prc_r_total,scalar,IDENTICAL,0.0000000000000000,0.0000000000000000,
ColemanTransform.0.0.1,prc_min_pitch,scalar,IDENTICAL,0.0000000000000000,0.0000000000000000,
ColemanTransform.0.0.1,ps_min_pitch,scalar,IDENTICAL,0.0000000000000000,0.0000000000000000,
ColemanTransform.0.0.1,ol_index,scalar,IDENTICAL,0.0000000000000000,0.0000000000000000,
ColemanTransform.0.0.1,su_stage,scalar,IDENTICAL,0,0,
ColemanTransform.0.0.1,su_loadstagestarttime,scalar,IDENTICAL,0.0000000000000000,0.0000000000000000,
ColemanTransform.0.0.1,su_rotspeedf,scalar,IDENTICAL,0.0000000000000000,0.0000000000000000,
ColemanTransform.0.0.1,sd_trigger,scalar,IDENTICAL,0,0,
ColemanTransform.0.0.1,sd_blpitchf,scalar,IDENTICAL,0.0000000000000000,0.0000000000000000,
ColemanTransform.0.0.1,sd_nacvanef,scalar,IDENTICAL,0.0000000000000000,0.0000000000000000,
ColemanTransform.0.0.1,sd_genspeedf,scalar,IDENTICAL,0.0000000000000000,0.0000000000000000,
ColemanTransform.0.0.1,sd_stage,scalar,IDENTICAL,0,0,
ColemanTransform.0.0.1,sd_stagestarttime,scalar,IDENTICAL,0.0000000000000000,0.0000000000000000,
ColemanTransform.0.0.1,sd_maxpitchrate,scalar,IDENTICAL,0.0000000000000000,0.0000000000000000,
ColemanTransform.0.0.1,sd_maxtorquerate,scalar,IDENTICAL,0.0000000000000000,0.0000000000000000,
ColemanTransform.0.0.1,gentq_sd,scalar,IDENTICAL,2.3105500000000001,2.3105500000000001,
ColemanTransform.0.0.1,fl_pitcom,scalar,IDENTICAL,0.0000000000000000,0.0000000000000000,
ColemanTransform.0.0.1,nacimu_fa_accf,scalar,IDENTICAL,0.0000000000000000,0.0000000000000000,
ColemanTransform.0.0.1,fa_accf,scalar,IDENTICAL,0.0000000000000000,0.0000000000000000,
ColemanTransform.0.0.1,fa_hist,scalar,IDENTICAL,0,0,
ColemanTransform.0.0.1,tra_lastrefspd,scalar,IDENTICAL,0.0000000000000000,0.0000000000000000,
ColemanTransform.0.0.1,vs_refspeed,scalar,IDENTICAL,0.0000000000000000,0.0000000000000000,
ColemanTransform.0.0.1,ptfmtdx,scalar,IDENTICAL,0.0000000000000000,0.0000000000000000,
ColemanTransform.0.0.1,ptfmtdy,scalar,IDENTICAL,0.0000000000000000,0.0000000000000000,
ColemanTransform.0.0.1,ptfmtdz,scalar,IDENTICAL,0.0000000000000000,0.0000000000000000,
ColemanTransform.0.0.1,ptfmrdx,scalar,IDENTICAL,0.0000000000000000,0.0000000000000000,
ColemanTransform.0.0.1,ptfmrdy,scalar,IDENTICAL,0.0000000000000000,0.0000000000000000,
ColemanTransform.0.0.1,ptfmrdz,scalar,IDENTICAL,0.0000000000000000,0.0000000000000000,
ColemanTransform.0.0.1,ptfmtvx,scalar,IDENTICAL,0.0000000000000000,0.0000000000000000,
ColemanTransform.0.0.1,ptfmtvy,scalar,IDENTICAL,0.0000000000000000,0.0000000000000000,
ColemanTransform.0.0.1,ptfmtvz,scalar,IDENTICAL,0.0000000000000000,0.0000000000000000,
ColemanTransform.0.0.1,ptfmrvx,scalar,IDENTICAL,0.0000000000000000,0.0000000000000000,
ColemanTransform.0.0.1,ptfmrvy,scalar,IDENTICAL,0.0000000000000000,0.0000000000000000,
ColemanTransform.0.0.1,ptfmrvz,scalar,IDENTICAL,0.0000000000000000,0.0000000000000000,
ColemanTransform.0.0.1,ptfmtax,scalar,IDENTICAL,0.0000000000000000,0.0000000000000000,
ColemanTransform.0.0.1,ptfmtay,scalar,IDENTICAL,0.0000000000000000,0.0000000000000000,
ColemanTransform.0.0.1,ptfmtaz,scalar,IDENTICAL,0.0000000000000000,0.0000000000000000,
ColemanTransform.0.0.1,ptfmrax,scalar,IDENTICAL,0.0000000000000000,0.0000000000000000,
ColemanTransform.0.0.1,ptfmray,scalar,IDENTICAL,0.0000000000000000,0.0000000000000000,
ColemanTransform.0.0.1,ptfmraz,scalar,IDENTICAL,0.0000000000000000,0.0000000000000000,
ColemanTransform.0.0.1,cc_desiredl,array,IDENTICAL,,,size=          12
ColemanTransform.0.0.1,cc_actuatedl,array,IDENTICAL,,,size=          12
ColemanTransform.0.0.1,cc_actuateddl,array,IDENTICAL,,,size=          12
ColemanTransform.0.0.1,stc_input,array,IDENTICAL,,,size=          12
ColemanTransform.0.0.1,flp_angle,array,IDENTICAL,,,size=           3
ColemanTransform.0.0.1,rootmyb_last,array,IDENTICAL,,,size=           3
ColemanTransform.0.0.1,acc_infile_size,scalar,IDENTICAL,42,42,
ColemanTransform.0.0.1,acc_infile,array,IDENTICAL,,,size=          42
ColemanTransform.0.0.1,restart,scalar,IDENTICAL,T,T,
ColemanTransform.0.0.1,awc_complexangle,array,IDENTICAL,,,size=           3
ColemanTransform.0.0.1,tiltmean,scalar,IDENTICAL,0.0000000000000000,0.0000000000000000,
ColemanTransform.0.0.1,yawmean,scalar,IDENTICAL,0.0000000000000000,0.0000000000000000,
ColemanTransform.0.0.1,zmq_id,scalar,IDENTICAL,0,0,
ColemanTransform.0.0.1,zmq_yawoffset,scalar,IDENTICAL,0.0000000000000000,0.0000000000000000,
ColemanTransform.0.0.1,zmq_torqueoffset,scalar,IDENTICAL,0.0000000000000000,0.0000000000000000,
ColemanTransform.0.0.1,zmq_pitoffset,array,IDENTICAL,,,size=           3
ColemanTransform.0.0.1,zmq_r_speed,scalar,IDENTICAL,0.0000000000000000,0.0000000000000000,
ColemanTransform.0.0.1,zmq_r_torque,scalar,IDENTICAL,0.0000000000000000,0.0000000000000000,
ColemanTransform.0.0.1,zmq_r_pitch,scalar,IDENTICAL,0.0000000000000000,0.0000000000000000,
ColemanTransform.0.0.1,om_r,scalar,IDENTICAL,0.0000000000000000,0.0000000000000000,
ColemanTransform.0.0.1,v_t,scalar,IDENTICAL,0.0000000000000000,0.0000000000000000,
ColemanTransform.0.0.1,v_m,scalar,IDENTICAL,0.0000000000000000,0.0000000000000000,
ColemanTransform.0.0.1,v_h,scalar,IDENTICAL,0.0000000000000000,0.0000000000000000,
ColemanTransform.0.0.1,p,array,IDENTICAL,,,size=           9
ColemanTransform.0.0.1,xh,array,IDENTICAL,,,size=           3
ColemanTransform.0.0.1,k,array,IDENTICAL,,,size=           3
ColemanTransform.0.0.1,lpf1_a1,array,IDENTICAL,,,size=        1024
ColemanTransform.0.0.1,lpf1_a0,array,IDENTICAL,,,size=        1024
ColemanTransform.0.0.1,lpf1_b1,array,IDENTICAL,,,size=        1024
ColemanTransform.0.0.1,lpf1_b0,array,IDENTICAL,,,size=        1024
ColemanTransform.0.0.1,lpf1_inputsignallast,array,IDENTICAL,,,size=        1024
ColemanTransform.0.0.1,lpf1_outputsignallast,array,IDENTICAL,,,size=        1024
ColemanTransform.0.0.1,lpf2_a2,array,IDENTICAL,,,size=        1024
ColemanTransform.0.0.1,lpf2_a1,array,IDENTICAL,,,size=        1024
ColemanTransform.0.0.1,lpf2_a0,array,IDENTICAL,,,size=        1024
ColemanTransform.0.0.1,lpf2_b2,array,IDENTICAL,,,size=        1024
ColemanTransform.0.0.1,lpf2_b1,array,IDENTICAL,,,size=        1024
ColemanTransform.0.0.1,lpf2_b0,array,IDENTICAL,,,size=        1024
ColemanTransform.0.0.1,lpf2_inputsignallast2,array,IDENTICAL,,,size=        1024
ColemanTransform.0.0.1,lpf2_outputsignallast2,array,IDENTICAL,,,size=        1024
ColemanTransform.0.0.1,lpf2_inputsignallast1,array,IDENTICAL,,,size=        1024
ColemanTransform.0.0.1,lpf2_outputsignallast1,array,IDENTICAL,,,size=        1024
ColemanTransform.0.0.1,lpfv_a2,array,IDENTICAL,,,size=        1024
ColemanTransform.0.0.1,lpfv_a1,array,IDENTICAL,,,size=        1024
ColemanTransform.0.0.1,lpfv_a0,array,IDENTICAL,,,size=        1024
ColemanTransform.0.0.1,lpfv_b2,array,IDENTICAL,,,size=        1024
ColemanTransform.0.0.1,lpfv_b1,array,IDENTICAL,,,size=        1024
ColemanTransform.0.0.1,lpfv_b0,array,IDENTICAL,,,size=        1024
ColemanTransform.0.0.1,lpfv_inputsignallast2,array,IDENTICAL,,,size=        1024
ColemanTransform.0.0.1,lpfv_outputsignallast2,array,IDENTICAL,,,size=        1024
ColemanTransform.0.0.1,lpfv_inputsignallast1,array,IDENTICAL,,,size=        1024
ColemanTransform.0.0.1,lpfv_outputsignallast1,array,IDENTICAL,,,size=        1024
ColemanTransform.0.0.1,hpf_inputsignallast,array,IDENTICAL,,,size=        1024
ColemanTransform.0.0.1,hpf_outputsignallast,array,IDENTICAL,,,size=        1024
ColemanTransform.0.0.1,nfs_outputsignallast1,array,IDENTICAL,,,size=        1024
ColemanTransform.0.0.1,nfs_outputsignallast2,array,IDENTICAL,,,size=        1024
ColemanTransform.0.0.1,nfs_inputsignallast1,array,IDENTICAL,,,size=        1024
ColemanTransform.0.0.1,nfs_inputsignallast2,array,IDENTICAL,,,size=        1024
ColemanTransform.0.0.1,nfs_b2,array,IDENTICAL,,,size=        1024
ColemanTransform.0.0.1,nfs_b0,array,IDENTICAL,,,size=        1024
ColemanTransform.0.0.1,nfs_a2,array,IDENTICAL,,,size=        1024
ColemanTransform.0.0.1,nfs_a1,array,IDENTICAL,,,size=        1024
ColemanTransform.0.0.1,nfs_a0,array,IDENTICAL,,,size=        1024
ColemanTransform.0.0.1,nf_outputsignallast1,array,IDENTICAL,,,size=        1024
ColemanTransform.0.0.1,nf_outputsignallast2,array,IDENTICAL,,,size=        1024
ColemanTransform.0.0.1,nf_inputsignallast1,array,IDENTICAL,,,size=        1024
ColemanTransform.0.0.1,nf_inputsignallast2,array,IDENTICAL,,,size=        1024
ColemanTransform.0.0.1,nf_b2,array,IDENTICAL,,,size=        1024
ColemanTransform.0.0.1,nf_b1,array,IDENTICAL,,,size=        1024
ColemanTransform.0.0.1,nf_b0,array,IDENTICAL,,,size=        1024
ColemanTransform.0.0.1,nf_a1,array,IDENTICAL,,,size=        1024
ColemanTransform.0.0.1,nf_a0,array,IDENTICAL,,,size=        1024
ColemanTransform.0.0.1,iterm,array,IDENTICAL,,,size=        1024
ColemanTransform.0.0.1,itermlast,array,IDENTICAL,,,size=        1024
ColemanTransform.0.0.1,iterm2,array,IDENTICAL,,,size=        1024
ColemanTransform.0.0.1,itermlast2,array,IDENTICAL,,,size=        1024
ColemanTransform.0.0.1,elast,array,IDENTICAL,,,size=        1024
ColemanTransform.0.0.1,res_outputsignallast1,array,IDENTICAL,,,size=        1024
ColemanTransform.0.0.1,res_outputsignallast2,array,IDENTICAL,,,size=        1024
ColemanTransform.0.0.1,res_inputsignallast1,array,IDENTICAL,,,size=        1024
ColemanTransform.0.0.1,res_inputsignallast2,array,IDENTICAL,,,size=        1024
ColemanTransform.0.0.1,lastsignal,array,IDENTICAL,,,size=        1024
ColemanTransform.0.0.2,istatus,scalar,IDENTICAL,1,1,
ColemanTransform.0.0.2,alreadyinitialized,scalar,IDENTICAL,0,0,
ColemanTransform.0.0.2,restartwse,scalar,IDENTICAL,1,1,
ColemanTransform.0.0.2,time,scalar,IDENTICAL,2.5000000372529030E-002,2.5000000372529030E-002,
ColemanTransform.0.0.2,dt,scalar,IDENTICAL,2.5000000372529030E-002,2.5000000372529030E-002,
ColemanTransform.0.0.2,writethisstep,scalar,IDENTICAL,F,F,
ColemanTransform.0.0.2,n_dt,scalar,IDENTICAL,1,1,
ColemanTransform.0.0.2,time_last,scalar,IDENTICAL,0.0000000000000000,0.0000000000000000,
ColemanTransform.0.0.2,vs_genpwr,scalar,IDENTICAL,38.421710968017578,38.421710968017578,
ColemanTransform.0.0.2,genspeed,scalar,IDENTICAL,40.700965881347656,40.700965881347656,
ColemanTransform.0.0.2,rotspeed,scalar,IDENTICAL,0.41959756612777710,0.41959756612777710,
ColemanTransform.0.0.2,nacheading,scalar,IDENTICAL,0.0000000000000000,0.0000000000000000,
ColemanTransform.0.0.2,nacvane,scalar,IDENTICAL,0.0000000000000000,0.0000000000000000,
ColemanTransform.0.0.2,nacvanef,scalar,IDENTICAL,0.0000000000000000,0.0000000000000000,
ColemanTransform.0.0.2,winddir,scalar,IDENTICAL,0.0000000000000000,0.0000000000000000,
ColemanTransform.0.0.2,horwindv,scalar,IDENTICAL,9.0000000000000000,9.0000000000000000,
ColemanTransform.0.0.2,horwindv_f,scalar,IDENTICAL,9.9989538954650747,9.9989538954650747,
ColemanTransform.0.0.2,rootmoop,array,IDENTICAL,,,size=           3
ColemanTransform.0.0.2,rootmoopf,array,IDENTICAL,,,size=           3
ColemanTransform.0.0.2,blpitch,array,IDENTICAL,,,size=           3
ColemanTransform.0.0.2,blpitchcmeas,scalar,IDENTICAL,0.0000000000000000,0.0000000000000000,
ColemanTransform.0.0.2,azimuth,scalar,IDENTICAL,0.0000000000000000,0.0000000000000000,
ColemanTransform.0.0.2,ol_azimuth,scalar,IDENTICAL,0.0000000000000000,0.0000000000000000,
ColemanTransform.0.0.2,azunwrapped,scalar,IDENTICAL,0.0000000000000000,0.0000000000000000,
ColemanTransform.0.0.2,azerror,scalar,IDENTICAL,0.0000000000000000,0.0000000000000000,
ColemanTransform.0.0.2,gentqaz,scalar,IDENTICAL,0.0000000000000000,0.0000000000000000,
ColemanTransform.0.0.2,azbuffer,array,IDENTICAL,,,size=           2
ColemanTransform.0.0.2,numbl,scalar,IDENTICAL,3,3,
ColemanTransform.0.0.2,fa_acc_tt,scalar,IDENTICAL,0.0000000000000000,0.0000000000000000,
ColemanTransform.0.0.2,ss_acc_tt,scalar,IDENTICAL,0.0000000000000000,0.0000000000000000,
ColemanTransform.0.0.2,fa_acc_nac,scalar,IDENTICAL,0.0000000000000000,0.0000000000000000,
ColemanTransform.0.0.2,nacimu_fa_racc,scalar,IDENTICAL,0.0000000000000000,0.0000000000000000,
ColemanTransform.0.0.2,fa_acchpf,scalar,IDENTICAL,0.0000000000000000,0.0000000000000000,
ColemanTransform.0.0.2,fa_acchpfi,scalar,IDENTICAL,0.0000000000000000,0.0000000000000000,
ColemanTransform.0.0.2,fa_pitcom,array,IDENTICAL,,,size=           3
ColemanTransform.0.0.2,vs_refspd,scalar,IDENTICAL,115.47606528525367,115.47606528525367,
ColemanTransform.0.0.2,vs_refspd_tsr,scalar,IDENTICAL,115.46411045953717,115.46411045953717,
ColemanTransform.0.0.2,vs_refspd_tra,scalar,IDENTICAL,0.0000000000000000,0.0000000000000000,
ColemanTransform.0.0.2,vs_refspd_rl,scalar,IDENTICAL,0.0000000000000000,0.0000000000000000,
ColemanTransform.0.0.2,pc_refspd,scalar,IDENTICAL,129.05515350000002,129.05515350000002,
ColemanTransform.0.0.2,pc_refspd_ss,scalar,IDENTICAL,129.05515350000002,129.05515350000002,
ColemanTransform.0.0.2,pc_refspd_prc,scalar,IDENTICAL,122.90967000000001,122.90967000000001,
ColemanTransform.0.0.2,rotspeedf,scalar,IDENTICAL,0.95773470822952667,0.95773470822952667,
ColemanTransform.0.0.2,genspeedf,scalar,IDENTICAL,3.8910507754937766,3.8910507754937766,
ColemanTransform.0.0.2,gentq,scalar,IDENTICAL,-4.5441438265841493E-017,-4.5441438265841493E-017,
ColemanTransform.0.0.2,gentqmeas,scalar,IDENTICAL,1.0000000000000000,1.0000000000000000,
ColemanTransform.0.0.2,genartq,scalar,IDENTICAL,0.0000000000000000,0.0000000000000000,
ColemanTransform.0.0.2,genbrtq,scalar,IDENTICAL,0.0000000000000000,0.0000000000000000,
ColemanTransform.0.0.2,vs_komega2_gentq,scalar,IDENTICAL,34.982365029432977,34.982365029432977,
ColemanTransform.0.0.2,vs_constpwr_gentq,scalar,IDENTICAL,1361228.7464481576,1361228.7464481576,
ColemanTransform.0.0.2,ipc_pitcomf,array,IDENTICAL,,,size=           3
ColemanTransform.0.0.2,pc_kp,scalar,IDENTICAL,-2.0750000000000001E-002,-2.0750000000000001E-002,
ColemanTransform.0.0.2,pc_ki,scalar,IDENTICAL,-8.4169999999999991E-003,-8.4169999999999991E-003,
ColemanTransform.0.0.2,pc_kd,scalar,IDENTICAL,0.0000000000000000,0.0000000000000000,
ColemanTransform.0.0.2,pc_tf,scalar,IDENTICAL,0.0000000000000000,0.0000000000000000,
ColemanTransform.0.0.2,pc_maxpit,scalar,IDENTICAL,1.5700000000000001,1.5700000000000001,
ColemanTransform.0.0.2,pc_minpit,scalar,IDENTICAL,2.4175008629616530E-003,2.4175008629616530E-003,
ColemanTransform.0.0.2,pc_pitcomt,scalar,IDENTICAL,2.4175008629616530E-003,2.4175008629616530E-003,
ColemanTransform.0.0.2,pc_pitcomt_last,scalar,IDENTICAL,0.0000000000000000,0.0000000000000000,
ColemanTransform.0.0.2,blpitchcmeasf,scalar,IDENTICAL,0.0000000000000000,0.0000000000000000,
ColemanTransform.0.0.2,pc_pitcomt_ipc,array,IDENTICAL,,,size=           3
ColemanTransform.0.0.2,pc_pwrerr,scalar,IDENTICAL,4999961.5782890320,4999961.5782890320,
ColemanTransform.0.0.2,pc_spderr,scalar,IDENTICAL,125.16410272450624,125.16410272450624,
ColemanTransform.0.0.2,ipc_axistilt_1p,scalar,IDENTICAL,0.0000000000000000,0.0000000000000000,
ColemanTransform.0.0.2,ipc_axisyaw_1p,scalar,IDENTICAL,0.0000000000000000,0.0000000000000000,
ColemanTransform.0.0.2,ipc_axistilt_2p,scalar,IDENTICAL,0.0000000000000000,0.0000000000000000,
ColemanTransform.0.0.2,ipc_axisyaw_2p,scalar,IDENTICAL,0.0000000000000000,0.0000000000000000,
ColemanTransform.0.0.2,axistilt_1p,scalar,IDENTICAL,0.0000000000000000,0.0000000000000000,
ColemanTransform.0.0.2,axisyaw_1p,scalar,IDENTICAL,0.0000000000000000,0.0000000000000000,
ColemanTransform.0.0.2,axisyawf_1p,scalar,IDENTICAL,0.0000000000000000,0.0000000000000000,
ColemanTransform.0.0.2,axistilt_2p,scalar,IDENTICAL,0.0000000000000000,0.0000000000000000,
ColemanTransform.0.0.2,axisyaw_2p,scalar,IDENTICAL,0.0000000000000000,0.0000000000000000,
ColemanTransform.0.0.2,axisyawf_2p,scalar,IDENTICAL,0.0000000000000000,0.0000000000000000,
ColemanTransform.0.0.2,ipc_ki,array,IDENTICAL,,,size=           2
ColemanTransform.0.0.2,ipc_kp,array,IDENTICAL,,,size=           2
ColemanTransform.0.0.2,ipc_intsat,scalar,IDENTICAL,0.0000000000000000,0.0000000000000000,
ColemanTransform.0.0.2,pc_state,scalar,IDENTICAL,1,1,
ColemanTransform.0.0.2,pitcom,array,IDENTICAL,,,size=           3
ColemanTransform.0.0.2,pitcom_sd,array,IDENTICAL,,,size=           3
ColemanTransform.0.0.2,pitcomact,array,IDENTICAL,,,size=           3
ColemanTransform.0.0.2,ss_delomegaf,scalar,IDENTICAL,-6.1627547184563687,-6.1627547184563687,
ColemanTransform.0.0.2,testtype,scalar,IDENTICAL,0.0000000000000000,0.0000000000000000,
ColemanTransform.0.0.2,kp_float,scalar,IDENTICAL,0.0000000000000000,0.0000000000000000,
ColemanTransform.0.0.2,vs_maxtq,scalar,IDENTICAL,47402.900000000001,47402.900000000001,
ColemanTransform.0.0.2,vs_lastgentrq,scalar,IDENTICAL,-4.5441438265841493E-017,-4.5441438265841493E-017,
ColemanTransform.0.0.2,vs_lastgenpwr,scalar,IDENTICAL,38.421710968017578,38.421710968017578,
ColemanTransform.0.0.2,vs_mechgenpwr,scalar,IDENTICAL,0.0000000000000000,0.0000000000000000,
ColemanTransform.0.0.2,vs_spderrar,scalar,IDENTICAL,111.58501450975989,111.58501450975989,
ColemanTransform.0.0.2,vs_spderrbr,scalar,IDENTICAL,30.751809224506221,30.751809224506221,
ColemanTransform.0.0.2,vs_spderr,scalar,IDENTICAL,111.58501450975989,111.58501450975989,
ColemanTransform.0.0.2,vs_state,scalar,IDENTICAL,1,1,
ColemanTransform.0.0.2,vs_rgn3pitch,scalar,IDENTICAL,1.9867500862961653E-002,1.9867500862961653E-002,
ColemanTransform.0.0.2,we_vw,scalar,IDENTICAL,9.9989538954650747,9.9989538954650747,
ColemanTransform.0.0.2,we_vw_f,scalar,IDENTICAL,10.000000000000000,10.000000000000000,
ColemanTransform.0.0.2,we_vwi,scalar,IDENTICAL,10.000000000000000,10.000000000000000,
ColemanTransform.0.0.2,we_vwidot,scalar,IDENTICAL,0.0000000000000000,0.0000000000000000,
ColemanTransform.0.0.2,we_op,scalar,IDENTICAL,0,0,
ColemanTransform.0.0.2,we_op_last,scalar,IDENTICAL,0,0,
ColemanTransform.0.0.2,vs_lastgentrqf,scalar,IDENTICAL,2.3105500000000014,2.3105500000000014,
ColemanTransform.0.0.2,prc_wse_f,scalar,IDENTICAL,0.0000000000000000,0.0000000000000000,
ColemanTransform.0.0.2,prc_r_speed,scalar,IDENTICAL,1.0000000000000000,1.0000000000000000,
ColemanTransform.0.0.2,prc_r_torque,scalar,IDENTICAL,1.0000000000000000,1.0000000000000000,
ColemanTransform.0.0.2,prc_r_pitch,scalar,IDENTICAL,1.0000000000000000,1.0000000000000000,
ColemanTransform.0.0.2,prc_r_total,scalar,IDENTICAL,0.0000000000000000,0.0000000000000000,
ColemanTransform.0.0.2,prc_min_pitch,scalar,IDENTICAL,0.0000000000000000,0.0000000000000000,
ColemanTransform.0.0.2,ps_min_pitch,scalar,IDENTICAL,2.4175008629616530E-003,2.4175008629616530E-003,
ColemanTransform.0.0.2,ol_index,scalar,IDENTICAL,2.5000000372529030E-002,2.5000000372529030E-002,
ColemanTransform.0.0.2,su_stage,scalar,IDENTICAL,0,0,
ColemanTransform.0.0.2,su_loadstagestarttime,scalar,IDENTICAL,0.0000000000000000,0.0000000000000000,
ColemanTransform.0.0.2,su_rotspeedf,scalar,IDENTICAL,0.0000000000000000,0.0000000000000000,
ColemanTransform.0.0.2,sd_trigger,scalar,IDENTICAL,0,0,
ColemanTransform.0.0.2,sd_blpitchf,scalar,IDENTICAL,0.0000000000000000,0.0000000000000000,
ColemanTransform.0.0.2,sd_nacvanef,scalar,IDENTICAL,0.0000000000000000,0.0000000000000000,
ColemanTransform.0.0.2,sd_genspeedf,scalar,IDENTICAL,0.0000000000000000,0.0000000000000000,
ColemanTransform.0.0.2,sd_stage,scalar,IDENTICAL,0,0,
ColemanTransform.0.0.2,sd_stagestarttime,scalar,IDENTICAL,0.0000000000000000,0.0000000000000000,
ColemanTransform.0.0.2,sd_maxpitchrate,scalar,IDENTICAL,0.0000000000000000,0.0000000000000000,
ColemanTransform.0.0.2,sd_maxtorquerate,scalar,IDENTICAL,0.0000000000000000,0.0000000000000000,
ColemanTransform.0.0.2,gentq_sd,scalar,IDENTICAL,0.0000000000000000,0.0000000000000000,
ColemanTransform.0.0.2,fl_pitcom,scalar,IDENTICAL,0.0000000000000000,0.0000000000000000,
ColemanTransform.0.0.2,nacimu_fa_accf,scalar,IDENTICAL,0.0000000000000000,0.0000000000000000,
ColemanTransform.0.0.2,fa_accf,scalar,IDENTICAL,0.0000000000000000,0.0000000000000000,
ColemanTransform.0.0.2,fa_hist,scalar,IDENTICAL,0,0,
ColemanTransform.0.0.2,tra_lastrefspd,scalar,IDENTICAL,0.0000000000000000,0.0000000000000000,
ColemanTransform.0.0.2,vs_refspeed,scalar,IDENTICAL,0.0000000000000000,0.0000000000000000,
ColemanTransform.0.0.2,ptfmtdx,scalar,IDENTICAL,0.0000000000000000,0.0000000000000000,
ColemanTransform.0.0.2,ptfmtdy,scalar,IDENTICAL,0.0000000000000000,0.0000000000000000,
ColemanTransform.0.0.2,ptfmtdz,scalar,IDENTICAL,0.0000000000000000,0.0000000000000000,
ColemanTransform.0.0.2,ptfmrdx,scalar,IDENTICAL,0.0000000000000000,0.0000000000000000,
ColemanTransform.0.0.2,ptfmrdy,scalar,IDENTICAL,0.0000000000000000,0.0000000000000000,
ColemanTransform.0.0.2,ptfmrdz,scalar,IDENTICAL,0.0000000000000000,0.0000000000000000,
ColemanTransform.0.0.2,ptfmtvx,scalar,IDENTICAL,0.0000000000000000,0.0000000000000000,
ColemanTransform.0.0.2,ptfmtvy,scalar,IDENTICAL,0.0000000000000000,0.0000000000000000,
ColemanTransform.0.0.2,ptfmtvz,scalar,IDENTICAL,0.0000000000000000,0.0000000000000000,
ColemanTransform.0.0.2,ptfmrvx,scalar,IDENTICAL,0.0000000000000000,0.0000000000000000,
ColemanTransform.0.0.2,ptfmrvy,scalar,IDENTICAL,0.0000000000000000,0.0000000000000000,
ColemanTransform.0.0.2,ptfmrvz,scalar,IDENTICAL,0.0000000000000000,0.0000000000000000,
ColemanTransform.0.0.2,ptfmtax,scalar,IDENTICAL,0.0000000000000000,0.0000000000000000,
ColemanTransform.0.0.2,ptfmtay,scalar,IDENTICAL,0.0000000000000000,0.0000000000000000,
ColemanTransform.0.0.2,ptfmtaz,scalar,IDENTICAL,0.0000000000000000,0.0000000000000000,
ColemanTransform.0.0.2,ptfmrax,scalar,IDENTICAL,0.0000000000000000,0.0000000000000000,
ColemanTransform.0.0.2,ptfmray,scalar,IDENTICAL,0.0000000000000000,0.0000000000000000,
ColemanTransform.0.0.2,ptfmraz,scalar,IDENTICAL,0.0000000000000000,0.0000000000000000,
ColemanTransform.0.0.2,cc_desiredl,array,IDENTICAL,,,size=          12
ColemanTransform.0.0.2,cc_actuatedl,array,IDENTICAL,,,size=          12
ColemanTransform.0.0.2,cc_actuateddl,array,IDENTICAL,,,size=          12
ColemanTransform.0.0.2,stc_input,array,IDENTICAL,,,size=          12
ColemanTransform.0.0.2,flp_angle,array,IDENTICAL,,,size=           3
ColemanTransform.0.0.2,rootmyb_last,array,IDENTICAL,,,size=           3
ColemanTransform.0.0.2,acc_infile_size,scalar,IDENTICAL,42,42,
ColemanTransform.0.0.2,acc_infile,array,IDENTICAL,,,size=          42
ColemanTransform.0.0.2,restart,scalar,IDENTICAL,F,F,
ColemanTransform.0.0.2,awc_complexangle,array,IDENTICAL,,,size=           3
ColemanTransform.0.0.2,tiltmean,scalar,IDENTICAL,0.0000000000000000,0.0000000000000000,
ColemanTransform.0.0.2,yawmean,scalar,IDENTICAL,0.0000000000000000,0.0000000000000000,
ColemanTransform.0.0.2,zmq_id,scalar,IDENTICAL,0,0,
ColemanTransform.0.0.2,zmq_yawoffset,scalar,IDENTICAL,0.0000000000000000,0.0000000000000000,
ColemanTransform.0.0.2,zmq_torqueoffset,scalar,IDENTICAL,0.0000000000000000,0.0000000000000000,
ColemanTransform.0.0.2,zmq_pitoffset,array,IDENTICAL,,,size=           3
ColemanTransform.0.0.2,zmq_r_speed,scalar,IDENTICAL,0.0000000000000000,0.0000000000000000,
ColemanTransform.0.0.2,zmq_r_torque,scalar,IDENTICAL,0.0000000000000000,0.0000000000000000,
ColemanTransform.0.0.2,zmq_r_pitch,scalar,IDENTICAL,0.0000000000000000,0.0000000000000000,
ColemanTransform.0.0.2,om_r,scalar,IDENTICAL,0.0000000000000000,0.0000000000000000,
ColemanTransform.0.0.2,v_t,scalar,IDENTICAL,0.0000000000000000,0.0000000000000000,
ColemanTransform.0.0.2,v_m,scalar,IDENTICAL,0.0000000000000000,0.0000000000000000,
ColemanTransform.0.0.2,v_h,scalar,IDENTICAL,0.0000000000000000,0.0000000000000000,
ColemanTransform.0.0.2,p,array,IDENTICAL,,,size=           9
ColemanTransform.0.0.2,xh,array,IDENTICAL,,,size=           3
ColemanTransform.0.0.2,k,array,IDENTICAL,,,size=           3
ColemanTransform.0.0.2,lpf1_a1,array,IDENTICAL,,,size=        1024
ColemanTransform.0.0.2,lpf1_a0,array,IDENTICAL,,,size=        1024
ColemanTransform.0.0.2,lpf1_b1,array,IDENTICAL,,,size=        1024
ColemanTransform.0.0.2,lpf1_b0,array,IDENTICAL,,,size=        1024
ColemanTransform.0.0.2,lpf1_inputsignallast,array,IDENTICAL,,,size=        1024
ColemanTransform.0.0.2,lpf1_outputsignallast,array,IDENTICAL,,,size=        1024
ColemanTransform.0.0.2,lpf2_a2,array,IDENTICAL,,,size=        1024
ColemanTransform.0.0.2,lpf2_a1,array,IDENTICAL,,,size=        1024
ColemanTransform.0.0.2,lpf2_a0,array,IDENTICAL,,,size=        1024
ColemanTransform.0.0.2,lpf2_b2,array,IDENTICAL,,,size=        1024
ColemanTransform.0.0.2,lpf2_b1,array,IDENTICAL,,,size=        1024
ColemanTransform.0.0.2,lpf2_b0,array,IDENTICAL,,,size=        1024
ColemanTransform.0.0.2,lpf2_inputsignallast2,array,IDENTICAL,,,size=        1024
ColemanTransform.0.0.2,lpf2_outputsignallast2,array,IDENTICAL,,,size=        1024
ColemanTransform.0.0.2,lpf2_inputsignallast1,array,IDENTICAL,,,size=        1024
ColemanTransform.0.0.2,lpf2_outputsignallast1,array,IDENTICAL,,,size=        1024
ColemanTransform.0.0.2,lpfv_a2,array,IDENTICAL,,,size=        1024
ColemanTransform.0.0.2,lpfv_a1,array,IDENTICAL,,,size=        1024
ColemanTransform.0.0.2,lpfv_a0,array,IDENTICAL,,,size=        1024
ColemanTransform.0.0.2,lpfv_b2,array,IDENTICAL,,,size=        1024
ColemanTransform.0.0.2,lpfv_b1,array,IDENTICAL,,,size=        1024
ColemanTransform.0.0.2,lpfv_b0,array,IDENTICAL,,,size=        1024
ColemanTransform.0.0.2,lpfv_inputsignallast2,array,IDENTICAL,,,size=        1024
ColemanTransform.0.0.2,lpfv_outputsignallast2,array,IDENTICAL,,,size=        1024
ColemanTransform.0.0.2,lpfv_inputsignallast1,array,IDENTICAL,,,size=        1024
ColemanTransform.0.0.2,lpfv_outputsignallast1,array,IDENTICAL,,,size=        1024
ColemanTransform.0.0.2,hpf_inputsignallast,array,IDENTICAL,,,size=        1024
ColemanTransform.0.0.2,hpf_outputsignallast,array,IDENTICAL,,,size=        1024
ColemanTransform.0.0.2,nfs_outputsignallast1,array,IDENTICAL,,,size=        1024
ColemanTransform.0.0.2,nfs_outputsignallast2,array,IDENTICAL,,,size=        1024
ColemanTransform.0.0.2,nfs_inputsignallast1,array,IDENTICAL,,,size=        1024
ColemanTransform.0.0.2,nfs_inputsignallast2,array,IDENTICAL,,,size=        1024
ColemanTransform.0.0.2,nfs_b2,array,IDENTICAL,,,size=        1024
ColemanTransform.0.0.2,nfs_b0,array,IDENTICAL,,,size=        1024
ColemanTransform.0.0.2,nfs_a2,array,IDENTICAL,,,size=        1024
ColemanTransform.0.0.2,nfs_a1,array,IDENTICAL,,,size=        1024
ColemanTransform.0.0.2,nfs_a0,array,IDENTICAL,,,size=        1024
ColemanTransform.0.0.2,nf_outputsignallast1,array,IDENTICAL,,,size=        1024
ColemanTransform.0.0.2,nf_outputsignallast2,array,IDENTICAL,,,size=        1024
ColemanTransform.0.0.2,nf_inputsignallast1,array,IDENTICAL,,,size=        1024
ColemanTransform.0.0.2,nf_inputsignallast2,array,IDENTICAL,,,size=        1024
ColemanTransform.0.0.2,nf_b2,array,IDENTICAL,,,size=        1024
ColemanTransform.0.0.2,nf_b1,array,IDENTICAL,,,size=        1024
ColemanTransform.0.0.2,nf_b0,array,IDENTICAL,,,size=        1024
ColemanTransform.0.0.2,nf_a1,array,IDENTICAL,,,size=        1024
ColemanTransform.0.0.2,nf_a0,array,IDENTICAL,,,size=        1024
ColemanTransform.0.0.2,iterm,array,IDENTICAL,,,size=        1024
ColemanTransform.0.0.2,itermlast,array,IDENTICAL,,,size=        1024
ColemanTransform.0.0.2,iterm2,array,IDENTICAL,,,size=        1024
ColemanTransform.0.0.2,itermlast2,array,IDENTICAL,,,size=        1024
ColemanTransform.0.0.2,elast,array,IDENTICAL,,,size=        1024
ColemanTransform.0.0.2,res_outputsignallast1,array,IDENTICAL,,,size=        1024
ColemanTransform.0.0.2,res_outputsignallast2,array,IDENTICAL,,,size=        1024
ColemanTransform.0.0.2,res_inputsignallast1,array,IDENTICAL,,,size=        1024
ColemanTransform.0.0.2,res_inputsignallast2,array,IDENTICAL,,,size=        1024
ColemanTransform.0.0.2,lastsignal,array,IDENTICAL,,,size=        1024
ColemanTransform.0.0.3,istatus,scalar,IDENTICAL,1,1,
ColemanTransform.0.0.3,alreadyinitialized,scalar,IDENTICAL,0,0,
ColemanTransform.0.0.3,restartwse,scalar,IDENTICAL,1,1,
ColemanTransform.0.0.3,time,scalar,IDENTICAL,5.0000000745058060E-002,5.0000000745058060E-002,
ColemanTransform.0.0.3,dt,scalar,IDENTICAL,2.5000000372529030E-002,2.5000000372529030E-002,
ColemanTransform.0.0.3,writethisstep,scalar,IDENTICAL,F,F,
ColemanTransform.0.0.3,n_dt,scalar,IDENTICAL,2,2,
ColemanTransform.0.0.3,time_last,scalar,IDENTICAL,0.0000000000000000,0.0000000000000000,
ColemanTransform.0.0.3,vs_genpwr,scalar,IDENTICAL,0.0000000000000000,0.0000000000000000,
ColemanTransform.0.0.3,genspeed,scalar,IDENTICAL,40.771842956542969,40.771842956542969,
ColemanTransform.0.0.3,rotspeed,scalar,IDENTICAL,0.42032828927040100,0.42032828927040100,
ColemanTransform.0.0.3,nacheading,scalar,IDENTICAL,0.0000000000000000,0.0000000000000000,
ColemanTransform.0.0.3,nacvane,scalar,IDENTICAL,0.0000000000000000,0.0000000000000000,
ColemanTransform.0.0.3,nacvanef,scalar,IDENTICAL,0.0000000000000000,0.0000000000000000,
ColemanTransform.0.0.3,winddir,scalar,IDENTICAL,0.0000000000000000,0.0000000000000000,
ColemanTransform.0.0.3,horwindv,scalar,IDENTICAL,9.0000000000000000,9.0000000000000000,
ColemanTransform.0.0.3,horwindv_f,scalar,IDENTICAL,9.9968638750646299,9.9968638750646299,
ColemanTransform.0.0.3,rootmoop,array,IDENTICAL,,,size=           3
ColemanTransform.0.0.3,rootmoopf,array,IDENTICAL,,,size=           3
ColemanTransform.0.0.3,blpitch,array,IDENTICAL,,,size=           3
ColemanTransform.0.0.3,blpitchcmeas,scalar,IDENTICAL,2.4175008629616530E-003,2.4175008629616530E-003,
ColemanTransform.0.0.3,azimuth,scalar,IDENTICAL,0.0000000000000000,0.0000000000000000,
ColemanTransform.0.0.3,ol_azimuth,scalar,IDENTICAL,0.0000000000000000,0.0000000000000000,
ColemanTransform.0.0.3,azunwrapped,scalar,IDENTICAL,0.0000000000000000,0.0000000000000000,
ColemanTransform.0.0.3,azerror,scalar,IDENTICAL,0.0000000000000000,0.0000000000000000,
ColemanTransform.0.0.3,gentqaz,scalar,IDENTICAL,0.0000000000000000,0.0000000000000000,
ColemanTransform.0.0.3,azbuffer,array,IDENTICAL,,,size=           2
ColemanTransform.0.0.3,numbl,scalar,IDENTICAL,3,3,
ColemanTransform.0.0.3,fa_acc_tt,scalar,IDENTICAL,0.0000000000000000,0.0000000000000000,
ColemanTransform.0.0.3,ss_acc_tt,scalar,IDENTICAL,0.0000000000000000,0.0000000000000000,
ColemanTransform.0.0.3,fa_acc_nac,scalar,IDENTICAL,0.0000000000000000,0.0000000000000000,
ColemanTransform.0.0.3,nacimu_fa_racc,scalar,IDENTICAL,0.0000000000000000,0.0000000000000000,
ColemanTransform.0.0.3,fa_acchpf,scalar,IDENTICAL,0.0000000000000000,0.0000000000000000,
ColemanTransform.0.0.3,fa_acchpfi,scalar,IDENTICAL,0.0000000000000000,0.0000000000000000,
ColemanTransform.0.0.3,fa_pitcom,array,IDENTICAL,,,size=           3
ColemanTransform.0.0.3,vs_refspd,scalar,IDENTICAL,115.47556737825821,115.47556737825821,
ColemanTransform.0.0.3,vs_refspd_tsr,scalar,IDENTICAL,115.43997570015108,115.43997570015108,
ColemanTransform.0.0.3,vs_refspd_tra,scalar,IDENTICAL,0.0000000000000000,0.0000000000000000,
ColemanTransform.0.0.3,vs_refspd_rl,scalar,IDENTICAL,0.0000000000000000,0.0000000000000000,
ColemanTransform.0.0.3,pc_refspd,scalar,IDENTICAL,129.07242471845638,129.07242471845638,
ColemanTransform.0.0.3,pc_refspd_ss,scalar,IDENTICAL,129.07242471845638,129.07242471845638,
ColemanTransform.0.0.3,pc_refspd_prc,scalar,IDENTICAL,122.90967000000001,122.90967000000001,
ColemanTransform.0.0.3,rotspeedf,scalar,IDENTICAL,0.87941290982352693,0.87941290982352693,
ColemanTransform.0.0.3,genspeedf,scalar,IDENTICAL,9.2572571565979285,9.2572571565979285,
ColemanTransform.0.0.3,gentq,scalar,IDENTICAL,-2.2926474476453264E-034,-2.2926474476453264E-034,
ColemanTransform.0.0.3,gentqmeas,scalar,IDENTICAL,0.0000000000000000,0.0000000000000000,
ColemanTransform.0.0.3,genartq,scalar,IDENTICAL,0.0000000000000000,0.0000000000000000,
ColemanTransform.0.0.3,genbrtq,scalar,IDENTICAL,0.0000000000000000,0.0000000000000000,
ColemanTransform.0.0.3,vs_komega2_gentq,scalar,IDENTICAL,198.00676449195089,198.00676449195089,
ColemanTransform.0.0.3,vs_constpwr_gentq,scalar,IDENTICAL,572157.61427956761,572157.61427956761,
ColemanTransform.0.0.3,ipc_pitcomf,array,IDENTICAL,,,size=           3
ColemanTransform.0.0.3,pc_kp,scalar,IDENTICAL,-2.0750000000000001E-002,-2.0750000000000001E-002,
ColemanTransform.0.0.3,pc_ki,scalar,IDENTICAL,-8.4169999999999991E-003,-8.4169999999999991E-003,
ColemanTransform.0.0.3,pc_kd,scalar,IDENTICAL,0.0000000000000000,0.0000000000000000,
ColemanTransform.0.0.3,pc_tf,scalar,IDENTICAL,0.0000000000000000,0.0000000000000000,
ColemanTransform.0.0.3,pc_maxpit,scalar,IDENTICAL,1.5700000000000001,1.5700000000000001,
ColemanTransform.0.0.3,pc_minpit,scalar,IDENTICAL,2.4175008629616530E-003,2.4175008629616530E-003,
ColemanTransform.0.0.3,pc_pitcomt,scalar,IDENTICAL,2.4175008629616530E-003,2.4175008629616530E-003,
ColemanTransform.0.0.3,pc_pitcomt_last,scalar,IDENTICAL,2.4175008629616530E-003,2.4175008629616530E-003,
ColemanTransform.0.0.3,blpitchcmeasf,scalar,IDENTICAL,9.0675165246904365E-007,9.0675165246904365E-007,
ColemanTransform.0.0.3,pc_pitcomt_ipc,array,IDENTICAL,,,size=           3
ColemanTransform.0.0.3,pc_pwrerr,scalar,IDENTICAL,5000000.0000000000,5000000.0000000000,
ColemanTransform.0.0.3,pc_spderr,scalar,IDENTICAL,119.81516756185844,119.81516756185844,
ColemanTransform.0.0.3,ipc_axistilt_1p,scalar,IDENTICAL,0.0000000000000000,0.0000000000000000,
ColemanTransform.0.0.3,ipc_axisyaw_1p,scalar,IDENTICAL,0.0000000000000000,0.0000000000000000,
ColemanTransform.0.0.3,ipc_axistilt_2p,scalar,IDENTICAL,0.0000000000000000,0.0000000000000000,
ColemanTransform.0.0.3,ipc_axisyaw_2p,scalar,IDENTICAL,0.0000000000000000,0.0000000000000000,
ColemanTransform.0.0.3,axistilt_1p,scalar,IDENTICAL,0.0000000000000000,0.0000000000000000,
ColemanTransform.0.0.3,axisyaw_1p,scalar,IDENTICAL,0.0000000000000000,0.0000000000000000,
ColemanTransform.0.0.3,axisyawf_1p,scalar,IDENTICAL,0.0000000000000000,0.0000000000000000,
ColemanTransform.0.0.3,axistilt_2p,scalar,IDENTICAL,0.0000000000000000,0.0000000000000000,
ColemanTransform.0.0.3,axisyaw_2p,scalar,IDENTICAL,0.0000000000000000,0.0000000000000000,
ColemanTransform.0.0.3,axisyawf_2p,scalar,IDENTICAL,0.0000000000000000,0.0000000000000000,
ColemanTransform.0.0.3,ipc_ki,array,IDENTICAL,,,size=           2
ColemanTransform.0.0.3,ipc_kp,array,IDENTICAL,,,size=           2
ColemanTransform.0.0.3,ipc_intsat,scalar,IDENTICAL,0.0000000000000000,0.0000000000000000,
ColemanTransform.0.0.3,pc_state,scalar,IDENTICAL,1,1,
ColemanTransform.0.0.3,pitcom,array,IDENTICAL,,,size=           3
ColemanTransform.0.0.3,pitcom_sd,array,IDENTICAL,,,size=           3
ColemanTransform.0.0.3,pitcomact,array,IDENTICAL,,,size=           3
ColemanTransform.0.0.3,ss_delomegaf,scalar,IDENTICAL,-6.1789723995749872,-6.1789723995749872,
ColemanTransform.0.0.3,testtype,scalar,IDENTICAL,0.0000000000000000,0.0000000000000000,
ColemanTransform.0.0.3,kp_float,scalar,IDENTICAL,0.0000000000000000,0.0000000000000000,
ColemanTransform.0.0.3,vs_maxtq,scalar,IDENTICAL,47402.900000000001,47402.900000000001,
ColemanTransform.0.0.3,vs_lastgentrq,scalar,IDENTICAL,-2.2926474476453264E-034,-2.2926474476453264E-034,
ColemanTransform.0.0.3,vs_lastgenpwr,scalar,IDENTICAL,0.0000000000000000,0.0000000000000000,
ColemanTransform.0.0.3,vs_mechgenpwr,scalar,IDENTICAL,0.0000000000000000,0.0000000000000000,
ColemanTransform.0.0.3,vs_spderrar,scalar,IDENTICAL,106.21831022166027,106.21831022166027,
ColemanTransform.0.0.3,vs_spderrbr,scalar,IDENTICAL,25.385602843402069,25.385602843402069,
ColemanTransform.0.0.3,vs_spderr,scalar,IDENTICAL,106.21831022166027,106.21831022166027,
ColemanTransform.0.0.3,vs_state,scalar,IDENTICAL,1,1,
ColemanTransform.0.0.3,vs_rgn3pitch,scalar,IDENTICAL,1.9867500862961653E-002,1.9867500862961653E-002,
ColemanTransform.0.0.3,we_vw,scalar,IDENTICAL,9.9968638750646299,9.9968638750646299,
ColemanTransform.0.0.3,we_vw_f,scalar,IDENTICAL,9.9999891587230003,9.9999891587230003,
ColemanTransform.0.0.3,we_vwi,scalar,IDENTICAL,10.000000000000000,10.000000000000000,
ColemanTransform.0.0.3,we_vwidot,scalar,IDENTICAL,0.0000000000000000,0.0000000000000000,
ColemanTransform.0.0.3,we_op,scalar,IDENTICAL,0,0,
ColemanTransform.0.0.3,we_op_last,scalar,IDENTICAL,0,0,
ColemanTransform.0.0.3,vs_lastgentrqf,scalar,IDENTICAL,2.2977801874151638,2.2977801874151638,
ColemanTransform.0.0.3,prc_wse_f,scalar,IDENTICAL,0.0000000000000000,0.0000000000000000,
ColemanTransform.0.0.3,prc_r_speed,scalar,IDENTICAL,1.0000000000000000,1.0000000000000000,
ColemanTransform.0.0.3,prc_r_torque,scalar,IDENTICAL,1.0000000000000000,1.0000000000000000,
ColemanTransform.0.0.3,prc_r_pitch,scalar,IDENTICAL,1.0000000000000000,1.0000000000000000,
ColemanTransform.0.0.3,prc_r_total,scalar,IDENTICAL,0.0000000000000000,0.0000000000000000,
ColemanTransform.0.0.3,prc_min_pitch,scalar,IDENTICAL,0.0000000000000000,0.0000000000000000,
ColemanTransform.0.0.3,ps_min_pitch,scalar,IDENTICAL,2.4175008629616530E-003,2.4175008629616530E-003,
ColemanTransform.0.0.3,ol_index,scalar,IDENTICAL,5.0000000745058060E-002,5.0000000745058060E-002,
ColemanTransform.0.0.3,su_stage,scalar,IDENTICAL,0,0,
ColemanTransform.0.0.3,su_loadstagestarttime,scalar,IDENTICAL,0.0000000000000000,0.0000000000000000,
ColemanTransform.0.0.3,su_rotspeedf,scalar,IDENTICAL,0.0000000000000000,0.0000000000000000,
ColemanTransform.0.0.3,sd_trigger,scalar,IDENTICAL,0,0,
ColemanTransform.0.0.3,sd_blpitchf,scalar,IDENTICAL,0.0000000000000000,0.0000000000000000,
ColemanTransform.0.0.3,sd_nacvanef,scalar,IDENTICAL,0.0000000000000000,0.0000000000000000,
ColemanTransform.0.0.3,sd_genspeedf,scalar,IDENTICAL,0.0000000000000000,0.0000000000000000,
ColemanTransform.0.0.3,sd_stage,scalar,IDENTICAL,0,0,
ColemanTransform.0.0.3,sd_stagestarttime,scalar,IDENTICAL,0.0000000000000000,0.0000000000000000,
ColemanTransform.0.0.3,sd_maxpitchrate,scalar,IDENTICAL,0.0000000000000000,0.0000000000000000,
ColemanTransform.0.0.3,sd_maxtorquerate,scalar,IDENTICAL,0.0000000000000000,0.0000000000000000,
ColemanTransform.0.0.3,gentq_sd,scalar,IDENTICAL,0.0000000000000000,0.0000000000000000,
ColemanTransform.0.0.3,fl_pitcom,scalar,IDENTICAL,0.0000000000000000,0.0000000000000000,
ColemanTransform.0.0.3,nacimu_fa_accf,scalar,IDENTICAL,0.0000000000000000,0.0000000000000000,
ColemanTransform.0.0.3,fa_accf,scalar,IDENTICAL,0.0000000000000000,0.0000000000000000,
ColemanTransform.0.0.3,fa_hist,scalar,IDENTICAL,0,0,
ColemanTransform.0.0.3,tra_lastrefspd,scalar,IDENTICAL,0.0000000000000000,0.0000000000000000,
ColemanTransform.0.0.3,vs_refspeed,scalar,IDENTICAL,0.0000000000000000,0.0000000000000000,
ColemanTransform.0.0.3,ptfmtdx,scalar,IDENTICAL,0.0000000000000000,0.0000000000000000,
ColemanTransform.0.0.3,ptfmtdy,scalar,IDENTICAL,0.0000000000000000,0.0000000000000000,
ColemanTransform.0.0.3,ptfmtdz,scalar,IDENTICAL,0.0000000000000000,0.0000000000000000,
ColemanTransform.0.0.3,ptfmrdx,scalar,IDENTICAL,0.0000000000000000,0.0000000000000000,
ColemanTransform.0.0.3,ptfmrdy,scalar,IDENTICAL,0.0000000000000000,0.0000000000000000,
ColemanTransform.0.0.3,ptfmrdz,scalar,IDENTICAL,0.0000000000000000,0.0000000000000000,
ColemanTransform.0.0.3,ptfmtvx,scalar,IDENTICAL,0.0000000000000000,0.0000000000000000,
ColemanTransform.0.0.3,ptfmtvy,scalar,IDENTICAL,0.0000000000000000,0.0000000000000000,
ColemanTransform.0.0.3,ptfmtvz,scalar,IDENTICAL,0.0000000000000000,0.0000000000000000,
ColemanTransform.0.0.3,ptfmrvx,scalar,IDENTICAL,0.0000000000000000,0.0000000000000000,
ColemanTransform.0.0.3,ptfmrvy,scalar,IDENTICAL,0.0000000000000000,0.0000000000000000,
ColemanTransform.0.0.3,ptfmrvz,scalar,IDENTICAL,0.0000000000000000,0.0000000000000000,
ColemanTransform.0.0.3,ptfmtax,scalar,IDENTICAL,0.0000000000000000,0.0000000000000000,
ColemanTransform.0.0.3,ptfmtay,scalar,IDENTICAL,0.0000000000000000,0.0000000000000000,
ColemanTransform.0.0.3,ptfmtaz,scalar,IDENTICAL,0.0000000000000000,0.0000000000000000,
ColemanTransform.0.0.3,ptfmrax,scalar,IDENTICAL,0.0000000000000000,0.0000000000000000,
ColemanTransform.0.0.3,ptfmray,scalar,IDENTICAL,0.0000000000000000,0.0000000000000000,
ColemanTransform.0.0.3,ptfmraz,scalar,IDENTICAL,0.0000000000000000,0.0000000000000000,
ColemanTransform.0.0.3,cc_desiredl,array,IDENTICAL,,,size=          12
ColemanTransform.0.0.3,cc_actuatedl,array,IDENTICAL,,,size=          12
ColemanTransform.0.0.3,cc_actuateddl,array,IDENTICAL,,,size=          12
ColemanTransform.0.0.3,stc_input,array,IDENTICAL,,,size=          12
ColemanTransform.0.0.3,flp_angle,array,IDENTICAL,,,size=           3
ColemanTransform.0.0.3,rootmyb_last,array,IDENTICAL,,,size=           3
ColemanTransform.0.0.3,acc_infile_size,scalar,IDENTICAL,42,42,
ColemanTransform.0.0.3,acc_infile,array,IDENTICAL,,,size=          42
ColemanTransform.0.0.3,restart,scalar,IDENTICAL,F,F,
ColemanTransform.0.0.3,awc_complexangle,array,IDENTICAL,,,size=           3
ColemanTransform.0.0.3,tiltmean,scalar,IDENTICAL,0.0000000000000000,0.0000000000000000,
ColemanTransform.0.0.3,yawmean,scalar,IDENTICAL,0.0000000000000000,0.0000000000000000,
ColemanTransform.0.0.3,zmq_id,scalar,IDENTICAL,0,0,
ColemanTransform.0.0.3,zmq_yawoffset,scalar,IDENTICAL,0.0000000000000000,0.0000000000000000,
ColemanTransform.0.0.3,zmq_torqueoffset,scalar,IDENTICAL,0.0000000000000000,0.0000000000000000,
ColemanTransform.0.0.3,zmq_pitoffset,array,IDENTICAL,,,size=           3
ColemanTransform.0.0.3,zmq_r_speed,scalar,IDENTICAL,0.0000000000000000,0.0000000000000000,
ColemanTransform.0.0.3,zmq_r_torque,scalar,IDENTICAL,0.0000000000000000,0.0000000000000000,
ColemanTransform.0.0.3,zmq_r_pitch,scalar,IDENTICAL,0.0000000000000000,0.0000000000000000,
ColemanTransform.0.0.3,om_r,scalar,IDENTICAL,0.0000000000000000,0.0000000000000000,
ColemanTransform.0.0.3,v_t,scalar,IDENTICAL,0.0000000000000000,0.0000000000000000,
ColemanTransform.0.0.3,v_m,scalar,IDENTICAL,0.0000000000000000,0.0000000000000000,
ColemanTransform.0.0.3,v_h,scalar,IDENTICAL,0.0000000000000000,0.0000000000000000,
ColemanTransform.0.0.3,p,array,IDENTICAL,,,size=           9
ColemanTransform.0.0.3,xh,array,IDENTICAL,,,size=           3
ColemanTransform.0.0.3,k,array,IDENTICAL,,,size=           3
ColemanTransform.0.0.3,lpf1_a1,array,IDENTICAL,,,size=        1024
ColemanTransform.0.0.3,lpf1_a0,array,IDENTICAL,,,size=        1024
ColemanTransform.0.0.3,lpf1_b1,array,IDENTICAL,,,size=        1024
ColemanTransform.0.0.3,lpf1_b0,array,IDENTICAL,,,size=        1024
ColemanTransform.0.0.3,lpf1_inputsignallast,array,IDENTICAL,,,size=        1024
ColemanTransform.0.0.3,lpf1_outputsignallast,array,IDENTICAL,,,size=        1024
ColemanTransform.0.0.3,lpf2_a2,array,IDENTICAL,,,size=        1024
ColemanTransform.0.0.3,lpf2_a1,array,IDENTICAL,,,size=        1024
ColemanTransform.0.0.3,lpf2_a0,array,IDENTICAL,,,size=        1024
ColemanTransform.0.0.3,lpf2_b2,array,IDENTICAL,,,size=        1024
ColemanTransform.0.0.3,lpf2_b1,array,IDENTICAL,,,size=        1024
ColemanTransform.0.0.3,lpf2_b0,array,IDENTICAL,,,size=        1024
ColemanTransform.0.0.3,lpf2_inputsignallast2,array,IDENTICAL,,,size=        1024
ColemanTransform.0.0.3,lpf2_outputsignallast2,array,IDENTICAL,,,size=        1024
ColemanTransform.0.0.3,lpf2_inputsignallast1,array,IDENTICAL,,,size=        1024
ColemanTransform.0.0.3,lpf2_outputsignallast1,array,IDENTICAL,,,size=        1024
ColemanTransform.0.0.3,lpfv_a2,array,IDENTICAL,,,size=        1024
ColemanTransform.0.0.3,lpfv_a1,array,IDENTICAL,,,size=        1024
ColemanTransform.0.0.3,lpfv_a0,array,IDENTICAL,,,size=        1024
ColemanTransform.0.0.3,lpfv_b2,array,IDENTICAL,,,size=        1024
ColemanTransform.0.0.3,lpfv_b1,array,IDENTICAL,,,size=        1024
ColemanTransform.0.0.3,lpfv_b0,array,IDENTICAL,,,size=        1024
ColemanTransform.0.0.3,lpfv_inputsignallast2,array,IDENTICAL,,,size=        1024
ColemanTransform.0.0.3,lpfv_outputsignallast2,array,IDENTICAL,,,size=        1024
ColemanTransform.0.0.3,lpfv_inputsignallast1,array,IDENTICAL,,,size=        1024
ColemanTransform.0.0.3,lpfv_outputsignallast1,array,IDENTICAL,,,size=        1024
ColemanTransform.0.0.3,hpf_inputsignallast,array,IDENTICAL,,,size=        1024
ColemanTransform.0.0.3,hpf_outputsignallast,array,IDENTICAL,,,size=        1024
ColemanTransform.0.0.3,nfs_outputsignallast1,array,IDENTICAL,,,size=        1024
ColemanTransform.0.0.3,nfs_outputsignallast2,array,IDENTICAL,,,size=        1024
ColemanTransform.0.0.3,nfs_inputsignallast1,array,IDENTICAL,,,size=        1024
ColemanTransform.0.0.3,nfs_inputsignallast2,array,IDENTICAL,,,size=        1024
ColemanTransform.0.0.3,nfs_b2,array,IDENTICAL,,,size=        1024
ColemanTransform.0.0.3,nfs_b0,array,IDENTICAL,,,size=        1024
ColemanTransform.0.0.3,nfs_a2,array,IDENTICAL,,,size=        1024
ColemanTransform.0.0.3,nfs_a1,array,IDENTICAL,,,size=        1024
ColemanTransform.0.0.3,nfs_a0,array,IDENTICAL,,,size=        1024
ColemanTransform.0.0.3,nf_outputsignallast1,array,IDENTICAL,,,size=        1024
ColemanTransform.0.0.3,nf_outputsignallast2,array,IDENTICAL,,,size=        1024
ColemanTransform.0.0.3,nf_inputsignallast1,array,IDENTICAL,,,size=        1024
ColemanTransform.0.0.3,nf_inputsignallast2,array,IDENTICAL,,,size=        1024
ColemanTransform.0.0.3,nf_b2,array,IDENTICAL,,,size=        1024
ColemanTransform.0.0.3,nf_b1,array,IDENTICAL,,,size=        1024
ColemanTransform.0.0.3,nf_b0,array,IDENTICAL,,,size=        1024
ColemanTransform.0.0.3,nf_a1,array,IDENTICAL,,,size=        1024
ColemanTransform.0.0.3,nf_a0,array,IDENTICAL,,,size=        1024
ColemanTransform.0.0.3,iterm,array,IDENTICAL,,,size=        1024
ColemanTransform.0.0.3,itermlast,array,IDENTICAL,,,size=        1024
ColemanTransform.0.0.3,iterm2,array,IDENTICAL,,,size=        1024
ColemanTransform.0.0.3,itermlast2,array,IDENTICAL,,,size=        1024
ColemanTransform.0.0.3,elast,array,IDENTICAL,,,size=        1024
ColemanTransform.0.0.3,res_outputsignallast1,array,IDENTICAL,,,size=        1024
ColemanTransform.0.0.3,res_outputsignallast2,array,IDENTICAL,,,size=        1024
ColemanTransform.0.0.3,res_inputsignallast1,array,IDENTICAL,,,size=        1024
ColemanTransform.0.0.3,res_inputsignallast2,array,IDENTICAL,,,size=        1024
ColemanTransform.0.0.3,lastsignal,array,IDENTICAL,,,size=        1024
ColemanTransform.0.0.4,istatus,scalar,IDENTICAL,1,1,
ColemanTransform.0.0.4,alreadyinitialized,scalar,IDENTICAL,0,0,
ColemanTransform.0.0.4,restartwse,scalar,IDENTICAL,1,1,
ColemanTransform.0.0.4,time,scalar,IDENTICAL,7.5000002980232239E-002,7.5000002980232239E-002,
ColemanTransform.0.0.4,dt,scalar,IDENTICAL,2.5000000372529030E-002,2.5000000372529030E-002,
ColemanTransform.0.0.4,writethisstep,scalar,IDENTICAL,F,F,
ColemanTransform.0.0.4,n_dt,scalar,IDENTICAL,3,3,
ColemanTransform.0.0.4,time_last,scalar,IDENTICAL,0.0000000000000000,0.0000000000000000,
ColemanTransform.0.0.4,vs_genpwr,scalar,IDENTICAL,0.0000000000000000,0.0000000000000000,
ColemanTransform.0.0.4,genspeed,scalar,IDENTICAL,40.842971801757812,40.842971801757812,
ColemanTransform.0.0.4,rotspeed,scalar,IDENTICAL,0.42106157541275024,0.42106157541275024,
ColemanTransform.0.0.4,nacheading,scalar,IDENTICAL,0.0000000000000000,0.0000000000000000,
ColemanTransform.0.0.4,nacvane,scalar,IDENTICAL,0.0000000000000000,0.0000000000000000,
ColemanTransform.0.0.4,nacvanef,scalar,IDENTICAL,0.0000000000000000,0.0000000000000000,
ColemanTransform.0.0.4,winddir,scalar,IDENTICAL,0.0000000000000000,0.0000000000000000,
ColemanTransform.0.0.4,horwindv,scalar,IDENTICAL,9.0000000000000000,9.0000000000000000,
ColemanTransform.0.0.4,horwindv_f,scalar,IDENTICAL,9.9947782274238239,9.9947782274238239,
ColemanTransform.0.0.4,rootmoop,array,IDENTICAL,,,size=           3
ColemanTransform.0.0.4,rootmoopf,array,IDENTICAL,,,size=           3
ColemanTransform.0.0.4,blpitch,array,IDENTICAL,,,size=           3
ColemanTransform.0.0.4,blpitchcmeas,scalar,IDENTICAL,2.4175008629616530E-003,2.4175008629616530E-003,
ColemanTransform.0.0.4,azimuth,scalar,IDENTICAL,0.0000000000000000,0.0000000000000000,
ColemanTransform.0.0.4,ol_azimuth,scalar,IDENTICAL,0.0000000000000000,0.0000000000000000,
ColemanTransform.0.0.4,azunwrapped,scalar,IDENTICAL,0.0000000000000000,0.0000000000000000,
ColemanTransform.0.0.4,azerror,scalar,IDENTICAL,0.0000000000000000,0.0000000000000000,
ColemanTransform.0.0.4,gentqaz,scalar,IDENTICAL,0.0000000000000000,0.0000000000000000,
ColemanTransform.0.0.4,azbuffer,array,IDENTICAL,,,size=           2
ColemanTransform.0.0.4,numbl,scalar,IDENTICAL,3,3,
ColemanTransform.0.0.4,fa_acc_tt,scalar,IDENTICAL,0.0000000000000000,0.0000000000000000,
ColemanTransform.0.0.4,ss_acc_tt,scalar,IDENTICAL,0.0000000000000000,0.0000000000000000,
ColemanTransform.0.0.4,fa_acc_nac,scalar,IDENTICAL,0.0000000000000000,0.0000000000000000,
ColemanTransform.0.0.4,nacimu_fa_racc,scalar,IDENTICAL,0.0000000000000000,0.0000000000000000,
ColemanTransform.0.0.4,fa_acchpf,scalar,IDENTICAL,0.0000000000000000,0.0000000000000000,
ColemanTransform.0.0.4,fa_acchpfi,scalar,IDENTICAL,0.0000000000000000,0.0000000000000000,
ColemanTransform.0.0.4,fa_pitcom,array,IDENTICAL,,,size=           3
ColemanTransform.0.0.4,vs_refspd,scalar,IDENTICAL,115.47458007476239,115.47458007476239,
ColemanTransform.0.0.4,vs_refspd_tsr,scalar,IDENTICAL,115.41589143572749,115.41589143572749,
ColemanTransform.0.0.4,vs_refspd_tra,scalar,IDENTICAL,0.0000000000000000,0.0000000000000000,
ColemanTransform.0.0.4,vs_refspd_rl,scalar,IDENTICAL,0.0000000000000000,0.0000000000000000,
ColemanTransform.0.0.4,pc_refspd,scalar,IDENTICAL,129.08864239957498,129.08864239957498,
ColemanTransform.0.0.4,pc_refspd_ss,scalar,IDENTICAL,129.08864239957498,129.08864239957498,
ColemanTransform.0.0.4,pc_refspd_prc,scalar,IDENTICAL,122.90967000000001,122.90967000000001,
ColemanTransform.0.0.4,rotspeedf,scalar,IDENTICAL,0.81260461258987204,0.81260461258987204,
ColemanTransform.0.0.4,genspeedf,scalar,IDENTICAL,13.852263058492584,13.852263058492584,
ColemanTransform.0.0.4,gentq,scalar,IDENTICAL,-1.6695610875509273E-050,-1.6695610875509273E-050,
ColemanTransform.0.0.4,gentqmeas,scalar,IDENTICAL,0.0000000000000000,0.0000000000000000,
ColemanTransform.0.0.4,genartq,scalar,IDENTICAL,0.0000000000000000,0.0000000000000000,
ColemanTransform.0.0.4,genbrtq,scalar,IDENTICAL,0.0000000000000000,0.0000000000000000,
ColemanTransform.0.0.4,vs_komega2_gentq,scalar,IDENTICAL,443.36033000978983,443.36033000978983,
ColemanTransform.0.0.4,vs_constpwr_gentq,scalar,IDENTICAL,382364.24959055800,382364.24959055800,
ColemanTransform.0.0.4,ipc_pitcomf,array,IDENTICAL,,,size=           3
ColemanTransform.0.0.4,pc_kp,scalar,IDENTICAL,-2.0750000000000001E-002,-2.0750000000000001E-002,
ColemanTransform.0.0.4,pc_ki,scalar,IDENTICAL,-8.4169999999999991E-003,-8.4169999999999991E-003,
ColemanTransform.0.0.4,pc_kd,scalar,IDENTICAL,0.0000000000000000,0.0000000000000000,
ColemanTransform.0.0.4,pc_tf,scalar,IDENTICAL,0.0000000000000000,0.0000000000000000,
ColemanTransform.0.0.4,pc_maxpit,scalar,IDENTICAL,1.5700000000000001,1.5700000000000001,
ColemanTransform.0.0.4,pc_minpit,scalar,IDENTICAL,2.4169582377752694E-003,2.4169582377752694E-003,
ColemanTransform.0.0.4,pc_pitcomt,scalar,IDENTICAL,2.4169582377752694E-003,2.4169582377752694E-003,
ColemanTransform.0.0.4,pc_pitcomt_last,scalar,IDENTICAL,2.4175008629616530E-003,2.4175008629616530E-003,
ColemanTransform.0.0.4,blpitchcmeasf,scalar,IDENTICAL,4.4838983592035692E-006,4.4838983592035692E-006,
ColemanTransform.0.0.4,pc_pitcomt_ipc,array,IDENTICAL,,,size=           3
ColemanTransform.0.0.4,pc_pwrerr,scalar,IDENTICAL,5000000.0000000000,5000000.0000000000,
ColemanTransform.0.0.4,pc_spderr,scalar,IDENTICAL,115.23637934108240,115.23637934108240,
ColemanTransform.0.0.4,ipc_axistilt_1p,scalar,IDENTICAL,0.0000000000000000,0.0000000000000000,
ColemanTransform.0.0.4,ipc_axisyaw_1p,scalar,IDENTICAL,0.0000000000000000,0.0000000000000000,
ColemanTransform.0.0.4,ipc_axistilt_2p,scalar,IDENTICAL,0.0000000000000000,0.0000000000000000,
ColemanTransform.0.0.4,ipc_axisyaw_2p,scalar,IDENTICAL,0.0000000000000000,0.0000000000000000,
ColemanTransform.0.0.4,axistilt_1p,scalar,IDENTICAL,0.0000000000000000,0.0000000000000000,
ColemanTransform.0.0.4,axisyaw_1p,scalar,IDENTICAL,0.0000000000000000,0.0000000000000000,
ColemanTransform.0.0.4,axisyawf_1p,scalar,IDENTICAL,0.0000000000000000,0.0000000000000000,
ColemanTransform.0.0.4,axistilt_2p,scalar,IDENTICAL,0.0000000000000000,0.0000000000000000,
ColemanTransform.0.0.4,axisyaw_2p,scalar,IDENTICAL,0.0000000000000000,0.0000000000000000,
ColemanTransform.0.0.4,axisyawf_2p,scalar,IDENTICAL,0.0000000000000000,0.0000000000000000,
ColemanTransform.0.0.4,ipc_ki,array,IDENTICAL,,,size=           2
ColemanTransform.0.0.4,ipc_kp,array,IDENTICAL,,,size=           2
ColemanTransform.0.0.4,ipc_intsat,scalar,IDENTICAL,2.4175008629616530E-003,2.4175008629616530E-003,
ColemanTransform.0.0.4,pc_state,scalar,IDENTICAL,1,1,
ColemanTransform.0.0.4,pitcom,array,IDENTICAL,,,size=           3
ColemanTransform.0.0.4,pitcom_sd,array,IDENTICAL,,,size=           3
ColemanTransform.0.0.4,pitcomact,array,IDENTICAL,,,size=           3
ColemanTransform.0.0.4,ss_delomegaf,scalar,IDENTICAL,-6.1769270642020562,-6.1769270642020562,
ColemanTransform.0.0.4,testtype,scalar,IDENTICAL,0.0000000000000000,0.0000000000000000,
ColemanTransform.0.0.4,kp_float,scalar,IDENTICAL,0.0000000000000000,0.0000000000000000,
ColemanTransform.0.0.4,vs_maxtq,scalar,IDENTICAL,47402.900000000001,47402.900000000001,
ColemanTransform.0.0.4,vs_lastgentrq,scalar,IDENTICAL,-1.6695610875509273E-050,-1.6695610875509273E-050,
ColemanTransform.0.0.4,vs_lastgenpwr,scalar,IDENTICAL,0.0000000000000000,0.0000000000000000,
ColemanTransform.0.0.4,vs_mechgenpwr,scalar,IDENTICAL,0.0000000000000000,0.0000000000000000,
ColemanTransform.0.0.4,vs_spderrar,scalar,IDENTICAL,101.62231701626980,101.62231701626980,
ColemanTransform.0.0.4,vs_spderrbr,scalar,IDENTICAL,20.790596941507417,20.790596941507417,
ColemanTransform.0.0.4,vs_spderr,scalar,IDENTICAL,101.62231701626980,101.62231701626980,
ColemanTransform.0.0.4,vs_state,scalar,IDENTICAL,1,1,
ColemanTransform.0.0.4,vs_rgn3pitch,scalar,IDENTICAL,1.9866958237775269E-002,1.9866958237775269E-002,
ColemanTransform.0.0.4,we_vw,scalar,IDENTICAL,9.9947782274238239,9.9947782274238239,
ColemanTransform.0.0.4,we_vw_f,scalar,IDENTICAL,9.9999460410038044,9.9999460410038044,
ColemanTransform.0.0.4,we_vwi,scalar,IDENTICAL,10.000000000000000,10.000000000000000,
ColemanTransform.0.0.4,we_vwidot,scalar,IDENTICAL,0.0000000000000000,0.0000000000000000,
ColemanTransform.0.0.4,we_op,scalar,IDENTICAL,0,0,
ColemanTransform.0.0.4,we_op_last,scalar,IDENTICAL,0,0,
ColemanTransform.0.0.4,vs_lastgentrqf,scalar,IDENTICAL,2.2494992977897694,2.2494992977897694,
ColemanTransform.0.0.4,prc_wse_f,scalar,IDENTICAL,0.0000000000000000,0.0000000000000000,
ColemanTransform.0.0.4,prc_r_speed,scalar,IDENTICAL,1.0000000000000000,1.0000000000000000,
ColemanTransform.0.0.4,prc_r_torque,scalar,IDENTICAL,1.0000000000000000,1.0000000000000000,
ColemanTransform.0.0.4,prc_r_pitch,scalar,IDENTICAL,1.0000000000000000,1.0000000000000000,
ColemanTransform.0.0.4,prc_r_total,scalar,IDENTICAL,0.0000000000000000,0.0000000000000000,
ColemanTransform.0.0.4,prc_min_pitch,scalar,IDENTICAL,0.0000000000000000,0.0000000000000000,
ColemanTransform.0.0.4,ps_min_pitch,scalar,IDENTICAL,2.4169582377752694E-003,2.4169582377752694E-003,
ColemanTransform.0.0.4,ol_index,scalar,IDENTICAL,7.5000002980232239E-002,7.5000002980232239E-002,
ColemanTransform.0.0.4,su_stage,scalar,IDENTICAL,0,0,
ColemanTransform.0.0.4,su_loadstagestarttime,scalar,IDENTICAL,0.0000000000000000,0.0000000000000000,
ColemanTransform.0.0.4,su_rotspeedf,scalar,IDENTICAL,0.0000000000000000,0.0000000000000000,
ColemanTransform.0.0.4,sd_trigger,scalar,IDENTICAL,0,0,
ColemanTransform.0.0.4,sd_blpitchf,scalar,IDENTICAL,0.0000000000000000,0.0000000000000000,
ColemanTransform.0.0.4,sd_nacvanef,scalar,IDENTICAL,0.0000000000000000,0.0000000000000000,
ColemanTransform.0.0.4,sd_genspeedf,scalar,IDENTICAL,0.0000000000000000,0.0000000000000000,
ColemanTransform.0.0.4,sd_stage,scalar,IDENTICAL,0,0,
ColemanTransform.0.0.4,sd_stagestarttime,scalar,IDENTICAL,0.0000000000000000,0.0000000000000000,
ColemanTransform.0.0.4,sd_maxpitchrate,scalar,IDENTICAL,0.0000000000000000,0.0000000000000000,
ColemanTransform.0.0.4,sd_maxtorquerate,scalar,IDENTICAL,0.0000000000000000,0.0000000000000000,
ColemanTransform.0.0.4,gentq_sd,scalar,IDENTICAL,0.0000000000000000,0.0000000000000000,
ColemanTransform.0.0.4,fl_pitcom,scalar,IDENTICAL,0.0000000000000000,0.0000000000000000,
ColemanTransform.0.0.4,nacimu_fa_accf,scalar,IDENTICAL,0.0000000000000000,0.0000000000000000,
ColemanTransform.0.0.4,fa_accf,scalar,IDENTICAL,0.0000000000000000,0.0000000000000000,
ColemanTransform.0.0.4,fa_hist,scalar,IDENTICAL,0,0,
ColemanTransform.0.0.4,tra_lastrefspd,scalar,IDENTICAL,0.0000000000000000,0.0000000000000000,
ColemanTransform.0.0.4,vs_refspeed,scalar,IDENTICAL,0.0000000000000000,0.0000000000000000,
ColemanTransform.0.0.4,ptfmtdx,scalar,IDENTICAL,0.0000000000000000,0.0000000000000000,
ColemanTransform.0.0.4,ptfmtdy,scalar,IDENTICAL,0.0000000000000000,0.0000000000000000,
ColemanTransform.0.0.4,ptfmtdz,scalar,IDENTICAL,0.0000000000000000,0.0000000000000000,
ColemanTransform.0.0.4,ptfmrdx,scalar,IDENTICAL,0.0000000000000000,0.0000000000000000,
ColemanTransform.0.0.4,ptfmrdy,scalar,IDENTICAL,0.0000000000000000,0.0000000000000000,
ColemanTransform.0.0.4,ptfmrdz,scalar,IDENTICAL,0.0000000000000000,0.0000000000000000,
ColemanTransform.0.0.4,ptfmtvx,scalar,IDENTICAL,0.0000000000000000,0.0000000000000000,
ColemanTransform.0.0.4,ptfmtvy,scalar,IDENTICAL,0.0000000000000000,0.0000000000000000,
ColemanTransform.0.0.4,ptfmtvz,scalar,IDENTICAL,0.0000000000000000,0.0000000000000000,
ColemanTransform.0.0.4,ptfmrvx,scalar,IDENTICAL,0.0000000000000000,0.0000000000000000,
ColemanTransform.0.0.4,ptfmrvy,scalar,IDENTICAL,0.0000000000000000,0.0000000000000000,
ColemanTransform.0.0.4,ptfmrvz,scalar,IDENTICAL,0.0000000000000000,0.0000000000000000,
ColemanTransform.0.0.4,ptfmtax,scalar,IDENTICAL,0.0000000000000000,0.0000000000000000,
ColemanTransform.0.0.4,ptfmtay,scalar,IDENTICAL,0.0000000000000000,0.0000000000000000,
ColemanTransform.0.0.4,ptfmtaz,scalar,IDENTICAL,0.0000000000000000,0.0000000000000000,
ColemanTransform.0.0.4,ptfmrax,scalar,IDENTICAL,0.0000000000000000,0.0000000000000000,
ColemanTransform.0.0.4,ptfmray,scalar,IDENTICAL,0.0000000000000000,0.0000000000000000,
ColemanTransform.0.0.4,ptfmraz,scalar,IDENTICAL,0.0000000000000000,0.0000000000000000,
ColemanTransform.0.0.4,cc_desiredl,array,IDENTICAL,,,size=          12
ColemanTransform.0.0.4,cc_actuatedl,array,IDENTICAL,,,size=          12
ColemanTransform.0.0.4,cc_actuateddl,array,IDENTICAL,,,size=          12
ColemanTransform.0.0.4,stc_input,array,IDENTICAL,,,size=          12
ColemanTransform.0.0.4,flp_angle,array,IDENTICAL,,,size=           3
ColemanTransform.0.0.4,rootmyb_last,array,IDENTICAL,,,size=           3
ColemanTransform.0.0.4,acc_infile_size,scalar,IDENTICAL,42,42,
ColemanTransform.0.0.4,acc_infile,array,IDENTICAL,,,size=          42
ColemanTransform.0.0.4,restart,scalar,IDENTICAL,F,F,
ColemanTransform.0.0.4,awc_complexangle,array,IDENTICAL,,,size=           3
ColemanTransform.0.0.4,tiltmean,scalar,IDENTICAL,0.0000000000000000,0.0000000000000000,
ColemanTransform.0.0.4,yawmean,scalar,IDENTICAL,0.0000000000000000,0.0000000000000000,
ColemanTransform.0.0.4,zmq_id,scalar,IDENTICAL,0,0,
ColemanTransform.0.0.4,zmq_yawoffset,scalar,IDENTICAL,0.0000000000000000,0.0000000000000000,
ColemanTransform.0.0.4,zmq_torqueoffset,scalar,IDENTICAL,0.0000000000000000,0.0000000000000000,
ColemanTransform.0.0.4,zmq_pitoffset,array,IDENTICAL,,,size=           3
ColemanTransform.0.0.4,zmq_r_speed,scalar,IDENTICAL,0.0000000000000000,0.0000000000000000,
ColemanTransform.0.0.4,zmq_r_torque,scalar,IDENTICAL,0.0000000000000000,0.0000000000000000,
ColemanTransform.0.0.4,zmq_r_pitch,scalar,IDENTICAL,0.0000000000000000,0.0000000000000000,
ColemanTransform.0.0.4,om_r,scalar,IDENTICAL,0.0000000000000000,0.0000000000000000,
ColemanTransform.0.0.4,v_t,scalar,IDENTICAL,0.0000000000000000,0.0000000000000000,
ColemanTransform.0.0.4,v_m,scalar,IDENTICAL,0.0000000000000000,0.0000000000000000,
ColemanTransform.0.0.4,v_h,scalar,IDENTICAL,0.0000000000000000,0.0000000000000000,
ColemanTransform.0.0.4,p,array,IDENTICAL,,,size=           9
ColemanTransform.0.0.4,xh,array,IDENTICAL,,,size=           3
ColemanTransform.0.0.4,k,array,IDENTICAL,,,size=           3
ColemanTransform.0.0.4,lpf1_a1,array,IDENTICAL,,,size=        1024
ColemanTransform.0.0.4,lpf1_a0,array,IDENTICAL,,,size=        1024
ColemanTransform.0.0.4,lpf1_b1,array,IDENTICAL,,,size=        1024
ColemanTransform.0.0.4,lpf1_b0,array,IDENTICAL,,,size=        1024
ColemanTransform.0.0.4,lpf1_inputsignallast,array,IDENTICAL,,,size=        1024
ColemanTransform.0.0.4,lpf1_outputsignallast,array,IDENTICAL,,,size=        1024
ColemanTransform.0.0.4,lpf2_a2,array,IDENTICAL,,,size=        1024
ColemanTransform.0.0.4,lpf2_a1,array,IDENTICAL,,,size=        1024
ColemanTransform.0.0.4,lpf2_a0,array,IDENTICAL,,,size=        1024
ColemanTransform.0.0.4,lpf2_b2,array,IDENTICAL,,,size=        1024
ColemanTransform.0.0.4,lpf2_b1,array,IDENTICAL,,,size=        1024
ColemanTransform.0.0.4,lpf2_b0,array,IDENTICAL,,,size=        1024
ColemanTransform.0.0.4,lpf2_inputsignallast2,array,IDENTICAL,,,size=        1024
ColemanTransform.0.0.4,lpf2_outputsignallast2,array,IDENTICAL,,,size=        1024
ColemanTransform.0.0.4,lpf2_inputsignallast1,array,IDENTICAL,,,size=        1024
ColemanTransform.0.0.4,lpf2_outputsignallast1,array,IDENTICAL,,,size=        1024
ColemanTransform.0.0.4,lpfv_a2,array,IDENTICAL,,,size=        1024
ColemanTransform.0.0.4,lpfv_a1,array,IDENTICAL,,,size=        1024
ColemanTransform.0.0.4,lpfv_a0,array,IDENTICAL,,,size=        1024
ColemanTransform.0.0.4,lpfv_b2,array,IDENTICAL,,,size=        1024
ColemanTransform.0.0.4,lpfv_b1,array,IDENTICAL,,,size=        1024
ColemanTransform.0.0.4,lpfv_b0,array,IDENTICAL,,,size=        1024
ColemanTransform.0.0.4,lpfv_inputsignallast2,array,IDENTICAL,,,size=        1024
ColemanTransform.0.0.4,lpfv_outputsignallast2,array,IDENTICAL,,,size=        1024
ColemanTransform.0.0.4,lpfv_inputsignallast1,array,IDENTICAL,,,size=        1024
ColemanTransform.0.0.4,lpfv_outputsignallast1,array,IDENTICAL,,,size=        1024
ColemanTransform.0.0.4,hpf_inputsignallast,array,IDENTICAL,,,size=        1024
ColemanTransform.0.0.4,hpf_outputsignallast,array,IDENTICAL,,,size=        1024
ColemanTransform.0.0.4,nfs_outputsignallast1,array,IDENTICAL,,,size=        1024
ColemanTransform.0.0.4,nfs_outputsignallast2,array,IDENTICAL,,,size=        1024
ColemanTransform.0.0.4,nfs_inputsignallast1,array,IDENTICAL,,,size=        1024
ColemanTransform.0.0.4,nfs_inputsignallast2,array,IDENTICAL,,,size=        1024
ColemanTransform.0.0.4,nfs_b2,array,IDENTICAL,,,size=        1024
ColemanTransform.0.0.4,nfs_b0,array,IDENTICAL,,,size=        1024
ColemanTransform.0.0.4,nfs_a2,array,IDENTICAL,,,size=        1024
ColemanTransform.0.0.4,nfs_a1,array,IDENTICAL,,,size=        1024
ColemanTransform.0.0.4,nfs_a0,array,IDENTICAL,,,size=        1024
ColemanTransform.0.0.4,nf_outputsignallast1,array,IDENTICAL,,,size=        1024
ColemanTransform.0.0.4,nf_outputsignallast2,array,IDENTICAL,,,size=        1024
ColemanTransform.0.0.4,nf_inputsignallast1,array,IDENTICAL,,,size=        1024
ColemanTransform.0.0.4,nf_inputsignallast2,array,IDENTICAL,,,size=        1024
ColemanTransform.0.0.4,nf_b2,array,IDENTICAL,,,size=        1024
ColemanTransform.0.0.4,nf_b1,array,IDENTICAL,,,size=        1024
ColemanTransform.0.0.4,nf_b0,array,IDENTICAL,,,size=        1024
ColemanTransform.0.0.4,nf_a1,array,IDENTICAL,,,size=        1024
ColemanTransform.0.0.4,nf_a0,array,IDENTICAL,,,size=        1024
ColemanTransform.0.0.4,iterm,array,IDENTICAL,,,size=        1024
ColemanTransform.0.0.4,itermlast,array,IDENTICAL,,,size=        1024
ColemanTransform.0.0.4,iterm2,array,IDENTICAL,,,size=        1024
ColemanTransform.0.0.4,itermlast2,array,IDENTICAL,,,size=        1024
ColemanTransform.0.0.4,elast,array,IDENTICAL,,,size=        1024
ColemanTransform.0.0.4,res_outputsignallast1,array,IDENTICAL,,,size=        1024
ColemanTransform.0.0.4,res_outputsignallast2,array,IDENTICAL,,,size=        1024
ColemanTransform.0.0.4,res_inputsignallast1,array,IDENTICAL,,,size=        1024
ColemanTransform.0.0.4,res_inputsignallast2,array,IDENTICAL,,,size=        1024
ColemanTransform.0.0.4,lastsignal,array,IDENTICAL,,,size=        1024
ColemanTransform.0.0.5,istatus,scalar,IDENTICAL,1,1,
ColemanTransform.0.0.5,alreadyinitialized,scalar,IDENTICAL,0,0,
ColemanTransform.0.0.5,restartwse,scalar,IDENTICAL,1,1,
ColemanTransform.0.0.5,time,scalar,IDENTICAL,0.10000000149011612,0.10000000149011612,
ColemanTransform.0.0.5,dt,scalar,IDENTICAL,2.5000000372529030E-002,2.5000000372529030E-002,
ColemanTransform.0.0.5,writethisstep,scalar,IDENTICAL,F,F,
ColemanTransform.0.0.5,n_dt,scalar,IDENTICAL,4,4,
ColemanTransform.0.0.5,time_last,scalar,IDENTICAL,0.0000000000000000,0.0000000000000000,
ColemanTransform.0.0.5,vs_genpwr,scalar,IDENTICAL,0.0000000000000000,0.0000000000000000,
ColemanTransform.0.0.5,genspeed,scalar,IDENTICAL,40.914356231689453,40.914356231689453,
ColemanTransform.0.0.5,rotspeed,scalar,IDENTICAL,0.42179748415946960,0.42179748415946960,
ColemanTransform.0.0.5,nacheading,scalar,IDENTICAL,0.0000000000000000,0.0000000000000000,
ColemanTransform.0.0.5,nacvane,scalar,IDENTICAL,0.0000000000000000,0.0000000000000000,
ColemanTransform.0.0.5,nacvanef,scalar,IDENTICAL,0.0000000000000000,0.0000000000000000,
ColemanTransform.0.0.5,winddir,scalar,IDENTICAL,0.0000000000000000,0.0000000000000000,
ColemanTransform.0.0.5,horwindv,scalar,IDENTICAL,9.0000000000000000,9.0000000000000000,
ColemanTransform.0.0.5,horwindv_f,scalar,IDENTICAL,9.9926969433939288,9.9926969433939288,
ColemanTransform.0.0.5,rootmoop,array,IDENTICAL,,,size=           3
ColemanTransform.0.0.5,rootmoopf,array,IDENTICAL,,,size=           3
ColemanTransform.0.0.5,blpitch,array,IDENTICAL,,,size=           3
ColemanTransform.0.0.5,blpitchcmeas,scalar,IDENTICAL,2.4169582377752694E-003,2.4169582377752694E-003,
ColemanTransform.0.0.5,azimuth,scalar,IDENTICAL,0.0000000000000000,0.0000000000000000,
ColemanTransform.0.0.5,ol_azimuth,scalar,IDENTICAL,0.0000000000000000,0.0000000000000000,
ColemanTransform.0.0.5,azunwrapped,scalar,IDENTICAL,0.0000000000000000,0.0000000000000000,
ColemanTransform.0.0.5,azerror,scalar,IDENTICAL,0.0000000000000000,0.0000000000000000,
ColemanTransform.0.0.5,gentqaz,scalar,IDENTICAL,0.0000000000000000,0.0000000000000000,
ColemanTransform.0.0.5,azbuffer,array,IDENTICAL,,,size=           2
ColemanTransform.0.0.5,numbl,scalar,IDENTICAL,3,3,
ColemanTransform.0.0.5,fa_acc_tt,scalar,IDENTICAL,0.0000000000000000,0.0000000000000000,
ColemanTransform.0.0.5,ss_acc_tt,scalar,IDENTICAL,0.0000000000000000,0.0000000000000000,
ColemanTransform.0.0.5,fa_acc_nac,scalar,IDENTICAL,0.0000000000000000,0.0000000000000000,
ColemanTransform.0.0.5,nacimu_fa_racc,scalar,IDENTICAL,0.0000000000000000,0.0000000000000000,
ColemanTransform.0.0.5,fa_acchpf,scalar,IDENTICAL,0.0000000000000000,0.0000000000000000,
ColemanTransform.0.0.5,fa_acchpfi,scalar,IDENTICAL,0.0000000000000000,0.0000000000000000,
ColemanTransform.0.0.5,fa_pitcom,array,IDENTICAL,,,size=           3
ColemanTransform.0.0.5,vs_refspd,scalar,IDENTICAL,115.47311456397345,115.47311456397345,
ColemanTransform.0.0.5,vs_refspd_tsr,scalar,IDENTICAL,115.39185756062038,115.39185756062038,
ColemanTransform.0.0.5,vs_refspd_tra,scalar,IDENTICAL,0.0000000000000000,0.0000000000000000,
ColemanTransform.0.0.5,vs_refspd_rl,scalar,IDENTICAL,0.0000000000000000,0.0000000000000000,
ColemanTransform.0.0.5,pc_refspd,scalar,IDENTICAL,129.08659706420207,129.08659706420207,
ColemanTransform.0.0.5,pc_refspd_ss,scalar,IDENTICAL,129.08659706420207,129.08659706420207,
ColemanTransform.0.0.5,pc_refspd_prc,scalar,IDENTICAL,122.90967000000001,122.90967000000001,
ColemanTransform.0.0.5,rotspeedf,scalar,IDENTICAL,0.75563335250146280,0.75563335250146280,
ColemanTransform.0.0.5,genspeedf,scalar,IDENTICAL,17.788424092086423,17.788424092086423,
ColemanTransform.0.0.5,gentq,scalar,IDENTICAL,9.1056834067401086E-068,9.1056834067401086E-068,
ColemanTransform.0.0.5,gentqmeas,scalar,IDENTICAL,0.0000000000000000,0.0000000000000000,
ColemanTransform.0.0.5,genartq,scalar,IDENTICAL,0.0000000000000000,0.0000000000000000,
ColemanTransform.0.0.5,genbrtq,scalar,IDENTICAL,0.0000000000000000,0.0000000000000000,
ColemanTransform.0.0.5,vs_komega2_gentq,scalar,IDENTICAL,731.12278859804076,731.12278859804076,
ColemanTransform.0.0.5,vs_constpwr_gentq,scalar,IDENTICAL,297756.00930539094,297756.00930539094,
ColemanTransform.0.0.5,ipc_pitcomf,array,IDENTICAL,,,size=           3
ColemanTransform.0.0.5,pc_kp,scalar,IDENTICAL,-2.0750000000000001E-002,-2.0750000000000001E-002,
ColemanTransform.0.0.5,pc_ki,scalar,IDENTICAL,-8.4169999999999991E-003,-8.4169999999999991E-003,
ColemanTransform.0.0.5,pc_kd,scalar,IDENTICAL,0.0000000000000000,0.0000000000000000,
ColemanTransform.0.0.5,pc_tf,scalar,IDENTICAL,0.0000000000000000,0.0000000000000000,
ColemanTransform.0.0.5,pc_maxpit,scalar,IDENTICAL,1.5700000000000001,1.5700000000000001,
ColemanTransform.0.0.5,pc_minpit,scalar,IDENTICAL,2.4148001192790956E-003,2.4148001192790956E-003,
ColemanTransform.0.0.5,pc_pitcomt,scalar,IDENTICAL,2.4148001192790956E-003,2.4148001192790956E-003,
ColemanTransform.0.0.5,pc_pitcomt_last,scalar,IDENTICAL,2.4169582377752694E-003,2.4169582377752694E-003,
ColemanTransform.0.0.5,blpitchcmeasf,scalar,IDENTICAL,1.1489789791378957E-005,1.1489789791378957E-005,
ColemanTransform.0.0.5,pc_pitcomt_ipc,array,IDENTICAL,,,size=           3
ColemanTransform.0.0.5,pc_pwrerr,scalar,IDENTICAL,5000000.0000000000,5000000.0000000000,
ColemanTransform.0.0.5,pc_spderr,scalar,IDENTICAL,111.29817297211565,111.29817297211565,
ColemanTransform.0.0.5,ipc_axistilt_1p,scalar,IDENTICAL,0.0000000000000000,0.0000000000000000,
ColemanTransform.0.0.5,ipc_axisyaw_1p,scalar,IDENTICAL,0.0000000000000000,0.0000000000000000,
ColemanTransform.0.0.5,ipc_axistilt_2p,scalar,IDENTICAL,0.0000000000000000,0.0000000000000000,
ColemanTransform.0.0.5,ipc_axisyaw_2p,scalar,IDENTICAL,0.0000000000000000,0.0000000000000000,
ColemanTransform.0.0.5,axistilt_1p,scalar,IDENTICAL,0.0000000000000000,0.0000000000000000,
ColemanTransform.0.0.5,axisyaw_1p,scalar,IDENTICAL,0.0000000000000000,0.0000000000000000,
ColemanTransform.0.0.5,axisyawf_1p,scalar,IDENTICAL,0.0000000000000000,0.0000000000000000,
ColemanTransform.0.0.5,axistilt_2p,scalar,IDENTICAL,0.0000000000000000,0.0000000000000000,
ColemanTransform.0.0.5,axisyaw_2p,scalar,IDENTICAL,0.0000000000000000,0.0000000000000000,
ColemanTransform.0.0.5,axisyawf_2p,scalar,IDENTICAL,0.0000000000000000,0.0000000000000000,
ColemanTransform.0.0.5,ipc_ki,array,IDENTICAL,,,size=           2
ColemanTransform.0.0.5,ipc_kp,array,IDENTICAL,,,size=           2
ColemanTransform.0.0.5,ipc_intsat,scalar,IDENTICAL,2.4175008629616530E-003,2.4175008629616530E-003,
ColemanTransform.0.0.5,pc_state,scalar,IDENTICAL,1,1,
ColemanTransform.0.0.5,pitcom,array,IDENTICAL,,,size=           3
ColemanTransform.0.0.5,pitcom_sd,array,IDENTICAL,,,size=           3
ColemanTransform.0.0.5,pitcomact,array,IDENTICAL,,,size=           3
ColemanTransform.0.0.5,ss_delomegaf,scalar,IDENTICAL,-6.1749923432785279,-6.1749923432785279,
ColemanTransform.0.0.5,testtype,scalar,IDENTICAL,0.0000000000000000,0.0000000000000000,
ColemanTransform.0.0.5,kp_float,scalar,IDENTICAL,0.0000000000000000,0.0000000000000000,
ColemanTransform.0.0.5,vs_maxtq,scalar,IDENTICAL,47402.900000000001,47402.900000000001,
ColemanTransform.0.0.5,vs_lastgentrq,scalar,IDENTICAL,9.1056834067401086E-068,9.1056834067401086E-068,
ColemanTransform.0.0.5,vs_lastgenpwr,scalar,IDENTICAL,0.0000000000000000,0.0000000000000000,
ColemanTransform.0.0.5,vs_mechgenpwr,scalar,IDENTICAL,0.0000000000000000,0.0000000000000000,
ColemanTransform.0.0.5,vs_spderrar,scalar,IDENTICAL,97.684690471887023,97.684690471887023,
ColemanTransform.0.0.5,vs_spderrbr,scalar,IDENTICAL,16.854435907913576,16.854435907913576,
ColemanTransform.0.0.5,vs_spderr,scalar,IDENTICAL,97.684690471887023,97.684690471887023,
ColemanTransform.0.0.5,vs_state,scalar,IDENTICAL,1,1,
ColemanTransform.0.0.5,vs_rgn3pitch,scalar,IDENTICAL,1.9864800119279095E-002,1.9864800119279095E-002,
ColemanTransform.0.0.5,we_vw,scalar,IDENTICAL,9.9926969433939288,9.9926969433939288,
ColemanTransform.0.0.5,we_vw_f,scalar,IDENTICAL,9.9998605425567426,9.9998605425567426,
ColemanTransform.0.0.5,we_vwi,scalar,IDENTICAL,10.000000000000000,10.000000000000000,
ColemanTransform.0.0.5,we_vwidot,scalar,IDENTICAL,0.0000000000000000,0.0000000000000000,
ColemanTransform.0.0.5,we_op,scalar,IDENTICAL,0,0,
ColemanTransform.0.0.5,we_op_last,scalar,IDENTICAL,0,0,
ColemanTransform.0.0.5,vs_lastgentrqf,scalar,IDENTICAL,2.1610016732366075,2.1610016732366075,
ColemanTransform.0.0.5,prc_wse_f,scalar,IDENTICAL,0.0000000000000000,0.0000000000000000,
ColemanTransform.0.0.5,prc_r_speed,scalar,IDENTICAL,1.0000000000000000,1.0000000000000000,
ColemanTransform.0.0.5,prc_r_torque,scalar,IDENTICAL,1.0000000000000000,1.0000000000000000,
ColemanTransform.0.0.5,prc_r_pitch,scalar,IDENTICAL,1.0000000000000000,1.0000000000000000,
ColemanTransform.0.0.5,prc_r_total,scalar,IDENTICAL,0.0000000000000000,0.0000000000000000,
ColemanTransform.0.0.5,prc_min_pitch,scalar,IDENTICAL,0.0000000000000000,0.0000000000000000,
ColemanTransform.0.0.5,ps_min_pitch,scalar,IDENTICAL,2.4148001192790956E-003,2.4148001192790956E-003,
ColemanTransform.0.0.5,ol_index,scalar,IDENTICAL,0.10000000149011612,0.10000000149011612,
ColemanTransform.0.0.5,su_stage,scalar,IDENTICAL,0,0,
ColemanTransform.0.0.5,su_loadstagestarttime,scalar,IDENTICAL,0.0000000000000000,0.0000000000000000,
ColemanTransform.0.0.5,su_rotspeedf,scalar,IDENTICAL,0.0000000000000000,0.0000000000000000,
ColemanTransform.0.0.5,sd_trigger,scalar,IDENTICAL,0,0,
ColemanTransform.0.0.5,sd_blpitchf,scalar,IDENTICAL,0.0000000000000000,0.0000000000000000,
ColemanTransform.0.0.5,sd_nacvanef,scalar,IDENTICAL,0.0000000000000000,0.0000000000000000,
ColemanTransform.0.0.5,sd_genspeedf,scalar,IDENTICAL,0.0000000000000000,0.0000000000000000,
ColemanTransform.0.0.5,sd_stage,scalar,IDENTICAL,0,0,
ColemanTransform.0.0.5,sd_stagestarttime,scalar,IDENTICAL,0.0000000000000000,0.0000000000000000,
ColemanTransform.0.0.5,sd_maxpitchrate,scalar,IDENTICAL,0.0000000000000000,0.0000000000000000,
ColemanTransform.0.0.5,sd_maxtorquerate,scalar,IDENTICAL,0.0000000000000000,0.0000000000000000,
ColemanTransform.0.0.5,gentq_sd,scalar,IDENTICAL,0.0000000000000000,0.0000000000000000,
ColemanTransform.0.0.5,fl_pitcom,scalar,IDENTICAL,0.0000000000000000,0.0000000000000000,
ColemanTransform.0.0.5,nacimu_fa_accf,scalar,IDENTICAL,0.0000000000000000,0.0000000000000000,
ColemanTransform.0.0.5,fa_accf,scalar,IDENTICAL,0.0000000000000000,0.0000000000000000,
ColemanTransform.0.0.5,fa_hist,scalar,IDENTICAL,0,0,
ColemanTransform.0.0.5,tra_lastrefspd,scalar,IDENTICAL,0.0000000000000000,0.0000000000000000,
ColemanTransform.0.0.5,vs_refspeed,scalar,IDENTICAL,0.0000000000000000,0.0000000000000000,
ColemanTransform.0.0.5,ptfmtdx,scalar,IDENTICAL,0.0000000000000000,0.0000000000000000,
ColemanTransform.0.0.5,ptfmtdy,scalar,IDENTICAL,0.0000000000000000,0.0000000000000000,
ColemanTransform.0.0.5,ptfmtdz,scalar,IDENTICAL,0.0000000000000000,0.0000000000000000,
ColemanTransform.0.0.5,ptfmrdx,scalar,IDENTICAL,0.0000000000000000,0.0000000000000000,
ColemanTransform.0.0.5,ptfmrdy,scalar,IDENTICAL,0.0000000000000000,0.0000000000000000,
ColemanTransform.0.0.5,ptfmrdz,scalar,IDENTICAL,0.0000000000000000,0.0000000000000000,
ColemanTransform.0.0.5,ptfmtvx,scalar,IDENTICAL,0.0000000000000000,0.0000000000000000,
ColemanTransform.0.0.5,ptfmtvy,scalar,IDENTICAL,0.0000000000000000,0.0000000000000000,
ColemanTransform.0.0.5,ptfmtvz,scalar,IDENTICAL,0.0000000000000000,0.0000000000000000,
ColemanTransform.0.0.5,ptfmrvx,scalar,IDENTICAL,0.0000000000000000,0.0000000000000000,
ColemanTransform.0.0.5,ptfmrvy,scalar,IDENTICAL,0.0000000000000000,0.0000000000000000,
ColemanTransform.0.0.5,ptfmrvz,scalar,IDENTICAL,0.0000000000000000,0.0000000000000000,
ColemanTransform.0.0.5,ptfmtax,scalar,IDENTICAL,0.0000000000000000,0.0000000000000000,
ColemanTransform.0.0.5,ptfmtay,scalar,IDENTICAL,0.0000000000000000,0.0000000000000000,
ColemanTransform.0.0.5,ptfmtaz,scalar,IDENTICAL,0.0000000000000000,0.0000000000000000,
ColemanTransform.0.0.5,ptfmrax,scalar,IDENTICAL,0.0000000000000000,0.0000000000000000,
ColemanTransform.0.0.5,ptfmray,scalar,IDENTICAL,0.0000000000000000,0.0000000000000000,
ColemanTransform.0.0.5,ptfmraz,scalar,IDENTICAL,0.0000000000000000,0.0000000000000000,
ColemanTransform.0.0.5,cc_desiredl,array,IDENTICAL,,,size=          12
ColemanTransform.0.0.5,cc_actuatedl,array,IDENTICAL,,,size=          12
ColemanTransform.0.0.5,cc_actuateddl,array,IDENTICAL,,,size=          12
ColemanTransform.0.0.5,stc_input,array,IDENTICAL,,,size=          12
ColemanTransform.0.0.5,flp_angle,array,IDENTICAL,,,size=           3
ColemanTransform.0.0.5,rootmyb_last,array,IDENTICAL,,,size=           3
ColemanTransform.0.0.5,acc_infile_size,scalar,IDENTICAL,42,42,
ColemanTransform.0.0.5,acc_infile,array,IDENTICAL,,,size=          42
ColemanTransform.0.0.5,restart,scalar,IDENTICAL,F,F,
ColemanTransform.0.0.5,awc_complexangle,array,IDENTICAL,,,size=           3
ColemanTransform.0.0.5,tiltmean,scalar,IDENTICAL,0.0000000000000000,0.0000000000000000,
ColemanTransform.0.0.5,yawmean,scalar,IDENTICAL,0.0000000000000000,0.0000000000000000,
ColemanTransform.0.0.5,zmq_id,scalar,IDENTICAL,0,0,
ColemanTransform.0.0.5,zmq_yawoffset,scalar,IDENTICAL,0.0000000000000000,0.0000000000000000,
ColemanTransform.0.0.5,zmq_torqueoffset,scalar,IDENTICAL,0.0000000000000000,0.0000000000000000,
ColemanTransform.0.0.5,zmq_pitoffset,array,IDENTICAL,,,size=           3
ColemanTransform.0.0.5,zmq_r_speed,scalar,IDENTICAL,0.0000000000000000,0.0000000000000000,
ColemanTransform.0.0.5,zmq_r_torque,scalar,IDENTICAL,0.0000000000000000,0.0000000000000000,
ColemanTransform.0.0.5,zmq_r_pitch,scalar,IDENTICAL,0.0000000000000000,0.0000000000000000,
ColemanTransform.0.0.5,om_r,scalar,IDENTICAL,0.0000000000000000,0.0000000000000000,
ColemanTransform.0.0.5,v_t,scalar,IDENTICAL,0.0000000000000000,0.0000000000000000,
ColemanTransform.0.0.5,v_m,scalar,IDENTICAL,0.0000000000000000,0.0000000000000000,
ColemanTransform.0.0.5,v_h,scalar,IDENTICAL,0.0000000000000000,0.0000000000000000,
ColemanTransform.0.0.5,p,array,IDENTICAL,,,size=           9
ColemanTransform.0.0.5,xh,array,IDENTICAL,,,size=           3
ColemanTransform.0.0.5,k,array,IDENTICAL,,,size=           3
ColemanTransform.0.0.5,lpf1_a1,array,IDENTICAL,,,size=        1024
ColemanTransform.0.0.5,lpf1_a0,array,IDENTICAL,,,size=        1024
ColemanTransform.0.0.5,lpf1_b1,array,IDENTICAL,,,size=        1024
ColemanTransform.0.0.5,lpf1_b0,array,IDENTICAL,,,size=        1024
ColemanTransform.0.0.5,lpf1_inputsignallast,array,IDENTICAL,,,size=        1024
ColemanTransform.0.0.5,lpf1_outputsignallast,array,IDENTICAL,,,size=        1024
ColemanTransform.0.0.5,lpf2_a2,array,IDENTICAL,,,size=        1024
ColemanTransform.0.0.5,lpf2_a1,array,IDENTICAL,,,size=        1024
ColemanTransform.0.0.5,lpf2_a0,array,IDENTICAL,,,size=        1024
ColemanTransform.0.0.5,lpf2_b2,array,IDENTICAL,,,size=        1024
ColemanTransform.0.0.5,lpf2_b1,array,IDENTICAL,,,size=        1024
ColemanTransform.0.0.5,lpf2_b0,array,IDENTICAL,,,size=        1024
ColemanTransform.0.0.5,lpf2_inputsignallast2,array,IDENTICAL,,,size=        1024
ColemanTransform.0.0.5,lpf2_outputsignallast2,array,IDENTICAL,,,size=        1024
ColemanTransform.0.0.5,lpf2_inputsignallast1,array,IDENTICAL,,,size=        1024
ColemanTransform.0.0.5,lpf2_outputsignallast1,array,IDENTICAL,,,size=        1024
ColemanTransform.0.0.5,lpfv_a2,array,IDENTICAL,,,size=        1024
ColemanTransform.0.0.5,lpfv_a1,array,IDENTICAL,,,size=        1024
ColemanTransform.0.0.5,lpfv_a0,array,IDENTICAL,,,size=        1024
ColemanTransform.0.0.5,lpfv_b2,array,IDENTICAL,,,size=        1024
ColemanTransform.0.0.5,lpfv_b1,array,IDENTICAL,,,size=        1024
ColemanTransform.0.0.5,lpfv_b0,array,IDENTICAL,,,size=        1024
ColemanTransform.0.0.5,lpfv_inputsignallast2,array,IDENTICAL,,,size=        1024
ColemanTransform.0.0.5,lpfv_outputsignallast2,array,IDENTICAL,,,size=        1024
ColemanTransform.0.0.5,lpfv_inputsignallast1,array,IDENTICAL,,,size=        1024
ColemanTransform.0.0.5,lpfv_outputsignallast1,array,IDENTICAL,,,size=        1024
ColemanTransform.0.0.5,hpf_inputsignallast,array,IDENTICAL,,,size=        1024
ColemanTransform.0.0.5,hpf_outputsignallast,array,IDENTICAL,,,size=        1024
ColemanTransform.0.0.5,nfs_outputsignallast1,array,IDENTICAL,,,size=        1024
ColemanTransform.0.0.5,nfs_outputsignallast2,array,IDENTICAL,,,size=        1024
ColemanTransform.0.0.5,nfs_inputsignallast1,array,IDENTICAL,,,size=        1024
ColemanTransform.0.0.5,nfs_inputsignallast2,array,IDENTICAL,,,size=        1024
ColemanTransform.0.0.5,nfs_b2,array,IDENTICAL,,,size=        1024
ColemanTransform.0.0.5,nfs_b0,array,IDENTICAL,,,size=        1024
ColemanTransform.0.0.5,nfs_a2,array,IDENTICAL,,,size=        1024
ColemanTransform.0.0.5,nfs_a1,array,IDENTICAL,,,size=        1024
ColemanTransform.0.0.5,nfs_a0,array,IDENTICAL,,,size=        1024
ColemanTransform.0.0.5,nf_outputsignallast1,array,IDENTICAL,,,size=        1024
ColemanTransform.0.0.5,nf_outputsignallast2,array,IDENTICAL,,,size=        1024
ColemanTransform.0.0.5,nf_inputsignallast1,array,IDENTICAL,,,size=        1024
ColemanTransform.0.0.5,nf_inputsignallast2,array,IDENTICAL,,,size=        1024
ColemanTransform.0.0.5,nf_b2,array,IDENTICAL,,,size=        1024
ColemanTransform.0.0.5,nf_b1,array,IDENTICAL,,,size=        1024
ColemanTransform.0.0.5,nf_b0,array,IDENTICAL,,,size=        1024
ColemanTransform.0.0.5,nf_a1,array,IDENTICAL,,,size=        1024
ColemanTransform.0.0.5,nf_a0,array,IDENTICAL,,,size=        1024
ColemanTransform.0.0.5,iterm,array,IDENTICAL,,,size=        1024
ColemanTransform.0.0.5,itermlast,array,IDENTICAL,,,size=        1024
ColemanTransform.0.0.5,iterm2,array,IDENTICAL,,,size=        1024
ColemanTransform.0.0.5,itermlast2,array,IDENTICAL,,,size=        1024
ColemanTransform.0.0.5,elast,array,IDENTICAL,,,size=        1024
ColemanTransform.0.0.5,res_outputsignallast1,array,IDENTICAL,,,size=        1024
ColemanTransform.0.0.5,res_outputsignallast2,array,IDENTICAL,,,size=        1024
ColemanTransform.0.0.5,res_inputsignallast1,array,IDENTICAL,,,size=        1024
ColemanTransform.0.0.5,res_inputsignallast2,array,IDENTICAL,,,size=        1024
ColemanTransform.0.0.5,lastsignal,array,IDENTICAL,,,size=        1024
ColemanTransform.0.0.6,istatus,scalar,IDENTICAL,1,1,
ColemanTransform.0.0.6,alreadyinitialized,scalar,IDENTICAL,0,0,
ColemanTransform.0.0.6,restartwse,scalar,IDENTICAL,1,1,
ColemanTransform.0.0.6,time,scalar,IDENTICAL,0.12500000000000000,0.12500000000000000,
ColemanTransform.0.0.6,dt,scalar,IDENTICAL,2.5000000372529030E-002,2.5000000372529030E-002,
ColemanTransform.0.0.6,writethisstep,scalar,IDENTICAL,F,F,
ColemanTransform.0.0.6,n_dt,scalar,IDENTICAL,5,5,
ColemanTransform.0.0.6,time_last,scalar,IDENTICAL,0.0000000000000000,0.0000000000000000,
ColemanTransform.0.0.6,vs_genpwr,scalar,IDENTICAL,0.0000000000000000,0.0000000000000000,
ColemanTransform.0.0.6,genspeed,scalar,IDENTICAL,40.985992431640625,40.985992431640625,
ColemanTransform.0.0.6,rotspeed,scalar,IDENTICAL,0.42253601551055908,0.42253601551055908,
ColemanTransform.0.0.6,nacheading,scalar,IDENTICAL,0.0000000000000000,0.0000000000000000,
ColemanTransform.0.0.6,nacvane,scalar,IDENTICAL,0.0000000000000000,0.0000000000000000,
ColemanTransform.0.0.6,nacvanef,scalar,IDENTICAL,0.0000000000000000,0.0000000000000000,
ColemanTransform.0.0.6,winddir,scalar,IDENTICAL,0.0000000000000000,0.0000000000000000,
ColemanTransform.0.0.6,horwindv,scalar,IDENTICAL,9.0000000000000000,9.0000000000000000,
ColemanTransform.0.0.6,horwindv_f,scalar,IDENTICAL,9.9906200138453567,9.9906200138453567,
ColemanTransform.0.0.6,rootmoop,array,IDENTICAL,,,size=           3
ColemanTransform.0.0.6,rootmoopf,array,IDENTICAL,,,size=           3
ColemanTransform.0.0.6,blpitch,array,IDENTICAL,,,size=           3
ColemanTransform.0.0.6,blpitchcmeas,scalar,IDENTICAL,2.4148001192790956E-003,2.4148001192790956E-003,
ColemanTransform.0.0.6,azimuth,scalar,IDENTICAL,0.0000000000000000,0.0000000000000000,
ColemanTransform.0.0.6,ol_azimuth,scalar,IDENTICAL,0.0000000000000000,0.0000000000000000,
ColemanTransform.0.0.6,azunwrapped,scalar,IDENTICAL,0.0000000000000000,0.0000000000000000,
ColemanTransform.0.0.6,azerror,scalar,IDENTICAL,0.0000000000000000,0.0000000000000000,
ColemanTransform.0.0.6,gentqaz,scalar,IDENTICAL,0.0000000000000000,0.0000000000000000,
ColemanTransform.0.0.6,azbuffer,array,IDENTICAL,,,size=           2
ColemanTransform.0.0.6,numbl,scalar,IDENTICAL,3,3,
ColemanTransform.0.0.6,fa_acc_tt,scalar,IDENTICAL,0.0000000000000000,0.0000000000000000,
ColemanTransform.0.0.6,ss_acc_tt,scalar,IDENTICAL,0.0000000000000000,0.0000000000000000,
ColemanTransform.0.0.6,fa_acc_nac,scalar,IDENTICAL,0.0000000000000000,0.0000000000000000,
ColemanTransform.0.0.6,nacimu_fa_racc,scalar,IDENTICAL,0.0000000000000000,0.0000000000000000,
ColemanTransform.0.0.6,fa_acchpf,scalar,IDENTICAL,0.0000000000000000,0.0000000000000000,
ColemanTransform.0.0.6,fa_acchpfi,scalar,IDENTICAL,0.0000000000000000,0.0000000000000000,
ColemanTransform.0.0.6,fa_pitcom,array,IDENTICAL,,,size=           3
ColemanTransform.0.0.6,vs_refspd,scalar,IDENTICAL,115.47118180099314,115.47118180099314,
ColemanTransform.0.0.6,vs_refspd_tsr,scalar,IDENTICAL,115.36787396940470,115.36787396940470,
ColemanTransform.0.0.6,vs_refspd_tra,scalar,IDENTICAL,0.0000000000000000,0.0000000000000000,
ColemanTransform.0.0.6,vs_refspd_rl,scalar,IDENTICAL,0.0000000000000000,0.0000000000000000,
ColemanTransform.0.0.6,pc_refspd,scalar,IDENTICAL,129.08466234327852,129.08466234327852,
ColemanTransform.0.0.6,pc_refspd_ss,scalar,IDENTICAL,129.08466234327852,129.08466234327852,
ColemanTransform.0.0.6,pc_refspd_prc,scalar,IDENTICAL,122.90967000000001,122.90967000000001,
ColemanTransform.0.0.6,rotspeedf,scalar,IDENTICAL,0.70706683232553669,0.70706683232553669,
ColemanTransform.0.0.6,genspeedf,scalar,IDENTICAL,21.161732247462407,21.161732247462407,
ColemanTransform.0.0.6,gentq,scalar,IDENTICAL,-6.1368165045835795E-084,-6.1368165045835795E-084,
ColemanTransform.0.0.6,gentqmeas,scalar,IDENTICAL,0.0000000000000000,0.0000000000000000,
ColemanTransform.0.0.6,genartq,scalar,IDENTICAL,0.0000000000000000,0.0000000000000000,
ColemanTransform.0.0.6,genbrtq,scalar,IDENTICAL,0.0000000000000000,0.0000000000000000,
ColemanTransform.0.0.6,vs_komega2_gentq,scalar,IDENTICAL,1034.7079864591431,1034.7079864591431,
ColemanTransform.0.0.6,vs_constpwr_gentq,scalar,IDENTICAL,250291.89990468120,250291.89990468120,
ColemanTransform.0.0.6,ipc_pitcomf,array,IDENTICAL,,,size=           3
ColemanTransform.0.0.6,pc_kp,scalar,IDENTICAL,-2.0750000000000001E-002,-2.0750000000000001E-002,
ColemanTransform.0.0.6,pc_ki,scalar,IDENTICAL,-8.4169999999999991E-003,-8.4169999999999991E-003,
ColemanTransform.0.0.6,pc_kd,scalar,IDENTICAL,0.0000000000000000,0.0000000000000000,
ColemanTransform.0.0.6,pc_tf,scalar,IDENTICAL,0.0000000000000000,0.0000000000000000,
ColemanTransform.0.0.6,pc_maxpit,scalar,IDENTICAL,1.5700000000000001,1.5700000000000001,
ColemanTransform.0.0.6,pc_minpit,scalar,IDENTICAL,2.4105207700129750E-003,2.4105207700129750E-003,
ColemanTransform.0.0.6,pc_pitcomt,scalar,IDENTICAL,2.4105207700129750E-003,2.4105207700129750E-003,
ColemanTransform.0.0.6,pc_pitcomt_last,scalar,IDENTICAL,2.4148001192790956E-003,2.4148001192790956E-003,
ColemanTransform.0.0.6,blpitchcmeasf,scalar,IDENTICAL,2.1729304884848055E-005,2.1729304884848055E-005,
ColemanTransform.0.0.6,pc_pitcomt_ipc,array,IDENTICAL,,,size=           3
ColemanTransform.0.0.6,pc_pwrerr,scalar,IDENTICAL,5000000.0000000000,5000000.0000000000,
ColemanTransform.0.0.6,pc_spderr,scalar,IDENTICAL,107.92293009581611,107.92293009581611,
ColemanTransform.0.0.6,ipc_axistilt_1p,scalar,IDENTICAL,0.0000000000000000,0.0000000000000000,
ColemanTransform.0.0.6,ipc_axisyaw_1p,scalar,IDENTICAL,0.0000000000000000,0.0000000000000000,
ColemanTransform.0.0.6,ipc_axistilt_2p,scalar,IDENTICAL,0.0000000000000000,0.0000000000000000,
ColemanTransform.0.0.6,ipc_axisyaw_2p,scalar,IDENTICAL,0.0000000000000000,0.0000000000000000,
ColemanTransform.0.0.6,axistilt_1p,scalar,IDENTICAL,0.0000000000000000,0.0000000000000000,
ColemanTransform.0.0.6,axisyaw_1p,scalar,IDENTICAL,0.0000000000000000,0.0000000000000000,
ColemanTransform.0.0.6,axisyawf_1p,scalar,IDENTICAL,0.0000000000000000,0.0000000000000000,
ColemanTransform.0.0.6,axistilt_2p,scalar,IDENTICAL,0.0000000000000000,0.0000000000000000,
ColemanTransform.0.0.6,axisyaw_2p,scalar,IDENTICAL,0.0000000000000000,0.0000000000000000,
ColemanTransform.0.0.6,axisyawf_2p,scalar,IDENTICAL,0.0000000000000000,0.0000000000000000,
ColemanTransform.0.0.6,ipc_ki,array,IDENTICAL,,,size=           2
ColemanTransform.0.0.6,ipc_kp,array,IDENTICAL,,,size=           2
ColemanTransform.0.0.6,ipc_intsat,scalar,IDENTICAL,2.4169582377752694E-003,2.4169582377752694E-003,
ColemanTransform.0.0.6,pc_state,scalar,IDENTICAL,1,1,
ColemanTransform.0.0.6,pitcom,array,IDENTICAL,,,size=           3
ColemanTransform.0.0.6,pitcom_sd,array,IDENTICAL,,,size=           3
ColemanTransform.0.0.6,pitcomact,array,IDENTICAL,,,size=           3
ColemanTransform.0.0.6,ss_delomegaf,scalar,IDENTICAL,-6.1731487822254332,-6.1731487822254332,
ColemanTransform.0.0.6,testtype,scalar,IDENTICAL,0.0000000000000000,0.0000000000000000,
ColemanTransform.0.0.6,kp_float,scalar,IDENTICAL,0.0000000000000000,0.0000000000000000,
ColemanTransform.0.0.6,vs_maxtq,scalar,IDENTICAL,47402.900000000001,47402.900000000001,
ColemanTransform.0.0.6,vs_lastgentrq,scalar,IDENTICAL,-6.1368165045835795E-084,-6.1368165045835795E-084,
ColemanTransform.0.0.6,vs_lastgenpwr,scalar,IDENTICAL,0.0000000000000000,0.0000000000000000,
ColemanTransform.0.0.6,vs_mechgenpwr,scalar,IDENTICAL,0.0000000000000000,0.0000000000000000,
ColemanTransform.0.0.6,vs_spderrar,scalar,IDENTICAL,94.309449553530726,94.309449553530726,
ColemanTransform.0.0.6,vs_spderrbr,scalar,IDENTICAL,13.481127752537592,13.481127752537592,
ColemanTransform.0.0.6,vs_spderr,scalar,IDENTICAL,94.309449553530726,94.309449553530726,
ColemanTransform.0.0.6,vs_state,scalar,IDENTICAL,1,1,
ColemanTransform.0.0.6,vs_rgn3pitch,scalar,IDENTICAL,1.9860520770012977E-002,1.9860520770012977E-002,
ColemanTransform.0.0.6,we_vw,scalar,IDENTICAL,9.9906200138453567,9.9906200138453567,
ColemanTransform.0.0.6,we_vw_f,scalar,IDENTICAL,9.9997336323440926,9.9997336323440926,
ColemanTransform.0.0.6,we_vwi,scalar,IDENTICAL,10.000000000000000,10.000000000000000,
ColemanTransform.0.0.6,we_vwidot,scalar,IDENTICAL,0.0000000000000000,0.0000000000000000,
ColemanTransform.0.0.6,we_op,scalar,IDENTICAL,0,0,
ColemanTransform.0.0.6,we_op_last,scalar,IDENTICAL,0,0,
ColemanTransform.0.0.6,vs_lastgentrqf,scalar,IDENTICAL,2.0421677025943774,2.0421677025943774,
ColemanTransform.0.0.6,prc_wse_f,scalar,IDENTICAL,0.0000000000000000,0.0000000000000000,
ColemanTransform.0.0.6,prc_r_speed,scalar,IDENTICAL,1.0000000000000000,1.0000000000000000,
ColemanTransform.0.0.6,prc_r_torque,scalar,IDENTICAL,1.0000000000000000,1.0000000000000000,
ColemanTransform.0.0.6,prc_r_pitch,scalar,IDENTICAL,1.0000000000000000,1.0000000000000000,
ColemanTransform.0.0.6,prc_r_total,scalar,IDENTICAL,0.0000000000000000,0.0000000000000000,
ColemanTransform.0.0.6,prc_min_pitch,scalar,IDENTICAL,0.0000000000000000,0.0000000000000000,
ColemanTransform.0.0.6,ps_min_pitch,scalar,IDENTICAL,2.4105207700129750E-003,2.4105207700129750E-003,
ColemanTransform.0.0.6,ol_index,scalar,IDENTICAL,0.12500000000000000,0.12500000000000000,
ColemanTransform.0.0.6,su_stage,scalar,IDENTICAL,0,0,
ColemanTransform.0.0.6,su_loadstagestarttime,scalar,IDENTICAL,0.0000000000000000,0.0000000000000000,
ColemanTransform.0.0.6,su_rotspeedf,scalar,IDENTICAL,0.0000000000000000,0.0000000000000000,
ColemanTransform.0.0.6,sd_trigger,scalar,IDENTICAL,0,0,
ColemanTransform.0.0.6,sd_blpitchf,scalar,IDENTICAL,0.0000000000000000,0.0000000000000000,
ColemanTransform.0.0.6,sd_nacvanef,scalar,IDENTICAL,0.0000000000000000,0.0000000000000000,
ColemanTransform.0.0.6,sd_genspeedf,scalar,IDENTICAL,0.0000000000000000,0.0000000000000000,
ColemanTransform.0.0.6,sd_stage,scalar,IDENTICAL,0,0,
ColemanTransform.0.0.6,sd_stagestarttime,scalar,IDENTICAL,0.0000000000000000,0.0000000000000000,
ColemanTransform.0.0.6,sd_maxpitchrate,scalar,IDENTICAL,0.0000000000000000,0.0000000000000000,
ColemanTransform.0.0.6,sd_maxtorquerate,scalar,IDENTICAL,0.0000000000000000,0.0000000000000000,
ColemanTransform.0.0.6,gentq_sd,scalar,IDENTICAL,0.0000000000000000,0.0000000000000000,
ColemanTransform.0.0.6,fl_pitcom,scalar,IDENTICAL,0.0000000000000000,0.0000000000000000,
ColemanTransform.0.0.6,nacimu_fa_accf,scalar,IDENTICAL,0.0000000000000000,0.0000000000000000,
ColemanTransform.0.0.6,fa_accf,scalar,IDENTICAL,0.0000000000000000,0.0000000000000000,
ColemanTransform.0.0.6,fa_hist,scalar,IDENTICAL,0,0,
ColemanTransform.0.0.6,tra_lastrefspd,scalar,IDENTICAL,0.0000000000000000,0.0000000000000000,
ColemanTransform.0.0.6,vs_refspeed,scalar,IDENTICAL,0.0000000000000000,0.0000000000000000,
ColemanTransform.0.0.6,ptfmtdx,scalar,IDENTICAL,0.0000000000000000,0.0000000000000000,
ColemanTransform.0.0.6,ptfmtdy,scalar,IDENTICAL,0.0000000000000000,0.0000000000000000,
ColemanTransform.0.0.6,ptfmtdz,scalar,IDENTICAL,0.0000000000000000,0.0000000000000000,
ColemanTransform.0.0.6,ptfmrdx,scalar,IDENTICAL,0.0000000000000000,0.0000000000000000,
ColemanTransform.0.0.6,ptfmrdy,scalar,IDENTICAL,0.0000000000000000,0.0000000000000000,
ColemanTransform.0.0.6,ptfmrdz,scalar,IDENTICAL,0.0000000000000000,0.0000000000000000,
ColemanTransform.0.0.6,ptfmtvx,scalar,IDENTICAL,0.0000000000000000,0.0000000000000000,
ColemanTransform.0.0.6,ptfmtvy,scalar,IDENTICAL,0.0000000000000000,0.0000000000000000,
ColemanTransform.0.0.6,ptfmtvz,scalar,IDENTICAL,0.0000000000000000,0.0000000000000000,
ColemanTransform.0.0.6,ptfmrvx,scalar,IDENTICAL,0.0000000000000000,0.0000000000000000,
ColemanTransform.0.0.6,ptfmrvy,scalar,IDENTICAL,0.0000000000000000,0.0000000000000000,
ColemanTransform.0.0.6,ptfmrvz,scalar,IDENTICAL,0.0000000000000000,0.0000000000000000,
ColemanTransform.0.0.6,ptfmtax,scalar,IDENTICAL,0.0000000000000000,0.0000000000000000,
ColemanTransform.0.0.6,ptfmtay,scalar,IDENTICAL,0.0000000000000000,0.0000000000000000,
ColemanTransform.0.0.6,ptfmtaz,scalar,IDENTICAL,0.0000000000000000,0.0000000000000000,
ColemanTransform.0.0.6,ptfmrax,scalar,IDENTICAL,0.0000000000000000,0.0000000000000000,
ColemanTransform.0.0.6,ptfmray,scalar,IDENTICAL,0.0000000000000000,0.0000000000000000,
ColemanTransform.0.0.6,ptfmraz,scalar,IDENTICAL,0.0000000000000000,0.0000000000000000,
ColemanTransform.0.0.6,cc_desiredl,array,IDENTICAL,,,size=          12
ColemanTransform.0.0.6,cc_actuatedl,array,IDENTICAL,,,size=          12
ColemanTransform.0.0.6,cc_actuateddl,array,IDENTICAL,,,size=          12
ColemanTransform.0.0.6,stc_input,array,IDENTICAL,,,size=          12
ColemanTransform.0.0.6,flp_angle,array,IDENTICAL,,,size=           3
ColemanTransform.0.0.6,rootmyb_last,array,IDENTICAL,,,size=           3
ColemanTransform.0.0.6,acc_infile_size,scalar,IDENTICAL,42,42,
ColemanTransform.0.0.6,acc_infile,array,IDENTICAL,,,size=          42
ColemanTransform.0.0.6,restart,scalar,IDENTICAL,F,F,
ColemanTransform.0.0.6,awc_complexangle,array,IDENTICAL,,,size=           3
ColemanTransform.0.0.6,tiltmean,scalar,IDENTICAL,0.0000000000000000,0.0000000000000000,
ColemanTransform.0.0.6,yawmean,scalar,IDENTICAL,0.0000000000000000,0.0000000000000000,
ColemanTransform.0.0.6,zmq_id,scalar,IDENTICAL,0,0,
ColemanTransform.0.0.6,zmq_yawoffset,scalar,IDENTICAL,0.0000000000000000,0.0000000000000000,
ColemanTransform.0.0.6,zmq_torqueoffset,scalar,IDENTICAL,0.0000000000000000,0.0000000000000000,
ColemanTransform.0.0.6,zmq_pitoffset,array,IDENTICAL,,,size=           3
ColemanTransform.0.0.6,zmq_r_speed,scalar,IDENTICAL,0.0000000000000000,0.0000000000000000,
ColemanTransform.0.0.6,zmq_r_torque,scalar,IDENTICAL,0.0000000000000000,0.0000000000000000,
ColemanTransform.0.0.6,zmq_r_pitch,scalar,IDENTICAL,0.0000000000000000,0.0000000000000000,
ColemanTransform.0.0.6,om_r,scalar,IDENTICAL,0.0000000000000000,0.0000000000000000,
ColemanTransform.0.0.6,v_t,scalar,IDENTICAL,0.0000000000000000,0.0000000000000000,
ColemanTransform.0.0.6,v_m,scalar,IDENTICAL,0.0000000000000000,0.0000000000000000,
ColemanTransform.0.0.6,v_h,scalar,IDENTICAL,0.0000000000000000,0.0000000000000000,
ColemanTransform.0.0.6,p,array,IDENTICAL,,,size=           9
ColemanTransform.0.0.6,xh,array,IDENTICAL,,,size=           3
ColemanTransform.0.0.6,k,array,IDENTICAL,,,size=           3
ColemanTransform.0.0.6,lpf1_a1,array,IDENTICAL,,,size=        1024
ColemanTransform.0.0.6,lpf1_a0,array,IDENTICAL,,,size=        1024
ColemanTransform.0.0.6,lpf1_b1,array,IDENTICAL,,,size=        1024
ColemanTransform.0.0.6,lpf1_b0,array,IDENTICAL,,,size=        1024
ColemanTransform.0.0.6,lpf1_inputsignallast,array,IDENTICAL,,,size=        1024
ColemanTransform.0.0.6,lpf1_outputsignallast,array,IDENTICAL,,,size=        1024
ColemanTransform.0.0.6,lpf2_a2,array,IDENTICAL,,,size=        1024
ColemanTransform.0.0.6,lpf2_a1,array,IDENTICAL,,,size=        1024
ColemanTransform.0.0.6,lpf2_a0,array,IDENTICAL,,,size=        1024
ColemanTransform.0.0.6,lpf2_b2,array,IDENTICAL,,,size=        1024
ColemanTransform.0.0.6,lpf2_b1,array,IDENTICAL,,,size=        1024
ColemanTransform.0.0.6,lpf2_b0,array,IDENTICAL,,,size=        1024
ColemanTransform.0.0.6,lpf2_inputsignallast2,array,IDENTICAL,,,size=        1024
ColemanTransform.0.0.6,lpf2_outputsignallast2,array,IDENTICAL,,,size=        1024
ColemanTransform.0.0.6,lpf2_inputsignallast1,array,IDENTICAL,,,size=        1024
ColemanTransform.0.0.6,lpf2_outputsignallast1,array,IDENTICAL,,,size=        1024
ColemanTransform.0.0.6,lpfv_a2,array,IDENTICAL,,,size=        1024
ColemanTransform.0.0.6,lpfv_a1,array,IDENTICAL,,,size=        1024
ColemanTransform.0.0.6,lpfv_a0,array,IDENTICAL,,,size=        1024
ColemanTransform.0.0.6,lpfv_b2,array,IDENTICAL,,,size=        1024
ColemanTransform.0.0.6,lpfv_b1,array,IDENTICAL,,,size=        1024
ColemanTransform.0.0.6,lpfv_b0,array,IDENTICAL,,,size=        1024
ColemanTransform.0.0.6,lpfv_inputsignallast2,array,IDENTICAL,,,size=        1024
ColemanTransform.0.0.6,lpfv_outputsignallast2,array,IDENTICAL,,,size=        1024
ColemanTransform.0.0.6,lpfv_inputsignallast1,array,IDENTICAL,,,size=        1024
ColemanTransform.0.0.6,lpfv_outputsignallast1,array,IDENTICAL,,,size=        1024
ColemanTransform.0.0.6,hpf_inputsignallast,array,IDENTICAL,,,size=        1024
ColemanTransform.0.0.6,hpf_outputsignallast,array,IDENTICAL,,,size=        1024
ColemanTransform.0.0.6,nfs_outputsignallast1,array,IDENTICAL,,,size=        1024
ColemanTransform.0.0.6,nfs_outputsignallast2,array,IDENTICAL,,,size=        1024
ColemanTransform.0.0.6,nfs_inputsignallast1,array,IDENTICAL,,,size=        1024
ColemanTransform.0.0.6,nfs_inputsignallast2,array,IDENTICAL,,,size=        1024
ColemanTransform.0.0.6,nfs_b2,array,IDENTICAL,,,size=        1024
ColemanTransform.0.0.6,nfs_b0,array,IDENTICAL,,,size=        1024
ColemanTransform.0.0.6,nfs_a2,array,IDENTICAL,,,size=        1024
ColemanTransform.0.0.6,nfs_a1,array,IDENTICAL,,,size=        1024
ColemanTransform.0.0.6,nfs_a0,array,IDENTICAL,,,size=        1024
ColemanTransform.0.0.6,nf_outputsignallast1,array,IDENTICAL,,,size=        1024
ColemanTransform.0.0.6,nf_outputsignallast2,array,IDENTICAL,,,size=        1024
ColemanTransform.0.0.6,nf_inputsignallast1,array,IDENTICAL,,,size=        1024
ColemanTransform.0.0.6,nf_inputsignallast2,array,IDENTICAL,,,size=        1024
ColemanTransform.0.0.6,nf_b2,array,IDENTICAL,,,size=        1024
ColemanTransform.0.0.6,nf_b1,array,IDENTICAL,,,size=        1024
ColemanTransform.0.0.6,nf_b0,array,IDENTICAL,,,size=        1024
ColemanTransform.0.0.6,nf_a1,array,IDENTICAL,,,size=        1024
ColemanTransform.0.0.6,nf_a0,array,IDENTICAL,,,size=        1024
ColemanTransform.0.0.6,iterm,array,IDENTICAL,,,size=        1024
ColemanTransform.0.0.6,itermlast,array,IDENTICAL,,,size=        1024
ColemanTransform.0.0.6,iterm2,array,IDENTICAL,,,size=        1024
ColemanTransform.0.0.6,itermlast2,array,IDENTICAL,,,size=        1024
ColemanTransform.0.0.6,elast,array,IDENTICAL,,,size=        1024
ColemanTransform.0.0.6,res_outputsignallast1,array,IDENTICAL,,,size=        1024
ColemanTransform.0.0.6,res_outputsignallast2,array,IDENTICAL,,,size=        1024
ColemanTransform.0.0.6,res_inputsignallast1,array,IDENTICAL,,,size=        1024
ColemanTransform.0.0.6,res_inputsignallast2,array,IDENTICAL,,,size=        1024
ColemanTransform.0.0.6,lastsignal,array,IDENTICAL,,,size=        1024
ColemanTransform.0.0.7,istatus,scalar,IDENTICAL,1,1,
ColemanTransform.0.0.7,alreadyinitialized,scalar,IDENTICAL,0,0,
ColemanTransform.0.0.7,restartwse,scalar,IDENTICAL,1,1,
ColemanTransform.0.0.7,time,scalar,IDENTICAL,0.15000000596046448,0.15000000596046448,
ColemanTransform.0.0.7,dt,scalar,IDENTICAL,2.5000000372529030E-002,2.5000000372529030E-002,
ColemanTransform.0.0.7,writethisstep,scalar,IDENTICAL,F,F,
ColemanTransform.0.0.7,n_dt,scalar,IDENTICAL,6,6,
ColemanTransform.0.0.7,time_last,scalar,IDENTICAL,0.0000000000000000,0.0000000000000000,
ColemanTransform.0.0.7,vs_genpwr,scalar,IDENTICAL,0.0000000000000000,0.0000000000000000,
ColemanTransform.0.0.7,genspeed,scalar,IDENTICAL,41.057884216308594,41.057884216308594,
ColemanTransform.0.0.7,rotspeed,scalar,IDENTICAL,0.42327713966369629,0.42327713966369629,
ColemanTransform.0.0.7,nacheading,scalar,IDENTICAL,0.0000000000000000,0.0000000000000000,
ColemanTransform.0.0.7,nacvane,scalar,IDENTICAL,0.0000000000000000,0.0000000000000000,
ColemanTransform.0.0.7,nacvanef,scalar,IDENTICAL,0.0000000000000000,0.0000000000000000,
ColemanTransform.0.0.7,winddir,scalar,IDENTICAL,0.0000000000000000,0.0000000000000000,
ColemanTransform.0.0.7,horwindv,scalar,IDENTICAL,9.0000000000000000,9.0000000000000000,
ColemanTransform.0.0.7,horwindv_f,scalar,IDENTICAL,9.9885474296676247,9.9885474296676247,
ColemanTransform.0.0.7,rootmoop,array,IDENTICAL,,,size=           3
ColemanTransform.0.0.7,rootmoopf,array,IDENTICAL,,,size=           3
ColemanTransform.0.0.7,blpitch,array,IDENTICAL,,,size=           3
ColemanTransform.0.0.7,blpitchcmeas,scalar,IDENTICAL,2.4105207700129750E-003,2.4105207700129750E-003,
ColemanTransform.0.0.7,azimuth,scalar,IDENTICAL,0.0000000000000000,0.0000000000000000,
ColemanTransform.0.0.7,ol_azimuth,scalar,IDENTICAL,0.0000000000000000,0.0000000000000000,
ColemanTransform.0.0.7,azunwrapped,scalar,IDENTICAL,0.0000000000000000,0.0000000000000000,
ColemanTransform.0.0.7,azerror,scalar,IDENTICAL,0.0000000000000000,0.0000000000000000,
ColemanTransform.0.0.7,gentqaz,scalar,IDENTICAL,0.0000000000000000,0.0000000000000000,
ColemanTransform.0.0.7,azbuffer,array,IDENTICAL,,,size=           2
ColemanTransform.0.0.7,numbl,scalar,IDENTICAL,3,3,
ColemanTransform.0.0.7,fa_acc_tt,scalar,IDENTICAL,0.0000000000000000,0.0000000000000000,
ColemanTransform.0.0.7,ss_acc_tt,scalar,IDENTICAL,0.0000000000000000,0.0000000000000000,
ColemanTransform.0.0.7,fa_acc_nac,scalar,IDENTICAL,0.0000000000000000,0.0000000000000000,
ColemanTransform.0.0.7,nacimu_fa_racc,scalar,IDENTICAL,0.0000000000000000,0.0000000000000000,
ColemanTransform.0.0.7,fa_acchpf,scalar,IDENTICAL,0.0000000000000000,0.0000000000000000,
ColemanTransform.0.0.7,fa_acchpfi,scalar,IDENTICAL,0.0000000000000000,0.0000000000000000,
ColemanTransform.0.0.7,fa_pitcom,array,IDENTICAL,,,size=           3
ColemanTransform.0.0.7,vs_refspd,scalar,IDENTICAL,115.46879251167449,115.46879251167449,
ColemanTransform.0.0.7,vs_refspd_tsr,scalar,IDENTICAL,115.34394055687616,115.34394055687616,
ColemanTransform.0.0.7,vs_refspd_tra,scalar,IDENTICAL,0.0000000000000000,0.0000000000000000,
ColemanTransform.0.0.7,vs_refspd_rl,scalar,IDENTICAL,0.0000000000000000,0.0000000000000000,
ColemanTransform.0.0.7,pc_refspd,scalar,IDENTICAL,129.08281878222544,129.08281878222544,
ColemanTransform.0.0.7,pc_refspd_ss,scalar,IDENTICAL,129.08281878222544,129.08281878222544,
ColemanTransform.0.0.7,pc_refspd_prc,scalar,IDENTICAL,122.90967000000001,122.90967000000001,
ColemanTransform.0.0.7,rotspeedf,scalar,IDENTICAL,0.66568135433584597,0.66568135433584597,
ColemanTransform.0.0.7,genspeedf,scalar,IDENTICAL,24.054199113410498,24.054199113410498,
ColemanTransform.0.0.7,gentq,scalar,IDENTICAL,1.0037688638439387E-100,1.0037688638439387E-100,
ColemanTransform.0.0.7,gentqmeas,scalar,IDENTICAL,0.0000000000000000,0.0000000000000000,
ColemanTransform.0.0.7,genartq,scalar,IDENTICAL,0.0000000000000000,0.0000000000000000,
ColemanTransform.0.0.7,genbrtq,scalar,IDENTICAL,0.0000000000000000,0.0000000000000000,
ColemanTransform.0.0.7,vs_komega2_gentq,scalar,IDENTICAL,1336.8946158935953,1336.8946158935953,
ColemanTransform.0.0.7,vs_constpwr_gentq,scalar,IDENTICAL,220194.82521613463,220194.82521613463,
ColemanTransform.0.0.7,ipc_pitcomf,array,IDENTICAL,,,size=           3
ColemanTransform.0.0.7,pc_kp,scalar,IDENTICAL,-2.0750000000000001E-002,-2.0750000000000001E-002,
ColemanTransform.0.0.7,pc_ki,scalar,IDENTICAL,-8.4169999999999991E-003,-8.4169999999999991E-003,
ColemanTransform.0.0.7,pc_kd,scalar,IDENTICAL,0.0000000000000000,0.0000000000000000,
ColemanTransform.0.0.7,pc_tf,scalar,IDENTICAL,0.0000000000000000,0.0000000000000000,
ColemanTransform.0.0.7,pc_maxpit,scalar,IDENTICAL,1.5700000000000001,1.5700000000000001,
ColemanTransform.0.0.7,pc_minpit,scalar,IDENTICAL,2.4041686882614222E-003,2.4041686882614222E-003,
ColemanTransform.0.0.7,pc_pitcomt,scalar,IDENTICAL,2.4041686882614222E-003,2.4041686882614222E-003,
ColemanTransform.0.0.7,pc_pitcomt_last,scalar,IDENTICAL,2.4105207700129750E-003,2.4105207700129750E-003,
ColemanTransform.0.0.7,blpitchcmeasf,scalar,IDENTICAL,3.5010696557979297E-005,3.5010696557979297E-005,
ColemanTransform.0.0.7,pc_pitcomt_ipc,array,IDENTICAL,,,size=           3
ColemanTransform.0.0.7,pc_pwrerr,scalar,IDENTICAL,5000000.0000000000,5000000.0000000000,
ColemanTransform.0.0.7,pc_spderr,scalar,IDENTICAL,105.02861966881494,105.02861966881494,
ColemanTransform.0.0.7,ipc_axistilt_1p,scalar,IDENTICAL,0.0000000000000000,0.0000000000000000,
ColemanTransform.0.0.7,ipc_axisyaw_1p,scalar,IDENTICAL,0.0000000000000000,0.0000000000000000,
ColemanTransform.0.0.7,ipc_axistilt_2p,scalar,IDENTICAL,0.0000000000000000,0.0000000000000000,
ColemanTransform.0.0.7,ipc_axisyaw_2p,scalar,IDENTICAL,0.0000000000000000,0.0000000000000000,
ColemanTransform.0.0.7,axistilt_1p,scalar,IDENTICAL,0.0000000000000000,0.0000000000000000,
ColemanTransform.0.0.7,axisyaw_1p,scalar,IDENTICAL,0.0000000000000000,0.0000000000000000,
ColemanTransform.0.0.7,axisyawf_1p,scalar,IDENTICAL,0.0000000000000000,0.0000000000000000,
ColemanTransform.0.0.7,axistilt_2p,scalar,IDENTICAL,0.0000000000000000,0.0000000000000000,
ColemanTransform.0.0.7,axisyaw_2p,scalar,IDENTICAL,0.0000000000000000,0.0000000000000000,
ColemanTransform.0.0.7,axisyawf_2p,scalar,IDENTICAL,0.0000000000000000,0.0000000000000000,
ColemanTransform.0.0.7,ipc_ki,array,IDENTICAL,,,size=           2
ColemanTransform.0.0.7,ipc_kp,array,IDENTICAL,,,size=           2
ColemanTransform.0.0.7,ipc_intsat,scalar,IDENTICAL,2.4148001192790956E-003,2.4148001192790956E-003,
ColemanTransform.0.0.7,pc_state,scalar,IDENTICAL,1,1,
ColemanTransform.0.0.7,pitcom,array,IDENTICAL,,,size=           3
ColemanTransform.0.0.7,pitcom_sd,array,IDENTICAL,,,size=           3
ColemanTransform.0.0.7,pitcomact,array,IDENTICAL,,,size=           3
ColemanTransform.0.0.7,ss_delomegaf,scalar,IDENTICAL,-6.1713875612752620,-6.1713875612752620,
ColemanTransform.0.0.7,testtype,scalar,IDENTICAL,0.0000000000000000,0.0000000000000000,
ColemanTransform.0.0.7,kp_float,scalar,IDENTICAL,0.0000000000000000,0.0000000000000000,
ColemanTransform.0.0.7,vs_maxtq,scalar,IDENTICAL,47402.900000000001,47402.900000000001,
ColemanTransform.0.0.7,vs_lastgentrq,scalar,IDENTICAL,1.0037688638439387E-100,1.0037688638439387E-100,
ColemanTransform.0.0.7,vs_lastgenpwr,scalar,IDENTICAL,0.0000000000000000,0.0000000000000000,
ColemanTransform.0.0.7,vs_mechgenpwr,scalar,IDENTICAL,0.0000000000000000,0.0000000000000000,
ColemanTransform.0.0.7,vs_spderrar,scalar,IDENTICAL,91.414593398264003,91.414593398264003,
ColemanTransform.0.0.7,vs_spderrbr,scalar,IDENTICAL,10.588660886589501,10.588660886589501,
ColemanTransform.0.0.7,vs_spderr,scalar,IDENTICAL,91.414593398264003,91.414593398264003,
ColemanTransform.0.0.7,vs_state,scalar,IDENTICAL,1,1,
ColemanTransform.0.0.7,vs_rgn3pitch,scalar,IDENTICAL,1.9854168688261422E-002,1.9854168688261422E-002,
ColemanTransform.0.0.7,we_vw,scalar,IDENTICAL,9.9885474296676247,9.9885474296676247,
ColemanTransform.0.0.7,we_vw_f,scalar,IDENTICAL,9.9995662590550758,9.9995662590550758,
ColemanTransform.0.0.7,we_vwi,scalar,IDENTICAL,10.000000000000000,10.000000000000000,
ColemanTransform.0.0.7,we_vwidot,scalar,IDENTICAL,0.0000000000000000,0.0000000000000000,
ColemanTransform.0.0.7,we_op,scalar,IDENTICAL,0,0,
ColemanTransform.0.0.7,we_op_last,scalar,IDENTICAL,0,0,
ColemanTransform.0.0.7,vs_lastgentrqf,scalar,IDENTICAL,1.9016016686761517,1.9016016686761517,
ColemanTransform.0.0.7,prc_wse_f,scalar,IDENTICAL,0.0000000000000000,0.0000000000000000,
ColemanTransform.0.0.7,prc_r_speed,scalar,IDENTICAL,1.0000000000000000,1.0000000000000000,
ColemanTransform.0.0.7,prc_r_torque,scalar,IDENTICAL,1.0000000000000000,1.0000000000000000,
ColemanTransform.0.0.7,prc_r_pitch,scalar,IDENTICAL,1.0000000000000000,1.0000000000000000,
ColemanTransform.0.0.7,prc_r_total,scalar,IDENTICAL,0.0000000000000000,0.0000000000000000,
ColemanTransform.0.0.7,prc_min_pitch,scalar,IDENTICAL,0.0000000000000000,0.0000000000000000,
ColemanTransform.0.0.7,ps_min_pitch,scalar,IDENTICAL,2.4041686882614222E-003,2.4041686882614222E-003,
ColemanTransform.0.0.7,ol_index,scalar,IDENTICAL,0.15000000596046448,0.15000000596046448,
ColemanTransform.0.0.7,su_stage,scalar,IDENTICAL,0,0,
ColemanTransform.0.0.7,su_loadstagestarttime,scalar,IDENTICAL,0.0000000000000000,0.0000000000000000,
ColemanTransform.0.0.7,su_rotspeedf,scalar,IDENTICAL,0.0000000000000000,0.0000000000000000,
ColemanTransform.0.0.7,sd_trigger,scalar,IDENTICAL,0,0,
ColemanTransform.0.0.7,sd_blpitchf,scalar,IDENTICAL,0.0000000000000000,0.0000000000000000,
ColemanTransform.0.0.7,sd_nacvanef,scalar,IDENTICAL,0.0000000000000000,0.0000000000000000,
ColemanTransform.0.0.7,sd_genspeedf,scalar,IDENTICAL,0.0000000000000000,0.0000000000000000,
ColemanTransform.0.0.7,sd_stage,scalar,IDENTICAL,0,0,
ColemanTransform.0.0.7,sd_stagestarttime,scalar,IDENTICAL,0.0000000000000000,0.0000000000000000,
ColemanTransform.0.0.7,sd_maxpitchrate,scalar,IDENTICAL,0.0000000000000000,0.0000000000000000,
ColemanTransform.0.0.7,sd_maxtorquerate,scalar,IDENTICAL,0.0000000000000000,0.0000000000000000,
ColemanTransform.0.0.7,gentq_sd,scalar,IDENTICAL,0.0000000000000000,0.0000000000000000,
ColemanTransform.0.0.7,fl_pitcom,scalar,IDENTICAL,0.0000000000000000,0.0000000000000000,
ColemanTransform.0.0.7,nacimu_fa_accf,scalar,IDENTICAL,0.0000000000000000,0.0000000000000000,
ColemanTransform.0.0.7,fa_accf,scalar,IDENTICAL,0.0000000000000000,0.0000000000000000,
ColemanTransform.0.0.7,fa_hist,scalar,IDENTICAL,0,0,
ColemanTransform.0.0.7,tra_lastrefspd,scalar,IDENTICAL,0.0000000000000000,0.0000000000000000,
ColemanTransform.0.0.7,vs_refspeed,scalar,IDENTICAL,0.0000000000000000,0.0000000000000000,
ColemanTransform.0.0.7,ptfmtdx,scalar,IDENTICAL,0.0000000000000000,0.0000000000000000,
ColemanTransform.0.0.7,ptfmtdy,scalar,IDENTICAL,0.0000000000000000,0.0000000000000000,
ColemanTransform.0.0.7,ptfmtdz,scalar,IDENTICAL,0.0000000000000000,0.0000000000000000,
ColemanTransform.0.0.7,ptfmrdx,scalar,IDENTICAL,0.0000000000000000,0.0000000000000000,
ColemanTransform.0.0.7,ptfmrdy,scalar,IDENTICAL,0.0000000000000000,0.0000000000000000,
ColemanTransform.0.0.7,ptfmrdz,scalar,IDENTICAL,0.0000000000000000,0.0000000000000000,
ColemanTransform.0.0.7,ptfmtvx,scalar,IDENTICAL,0.0000000000000000,0.0000000000000000,
ColemanTransform.0.0.7,ptfmtvy,scalar,IDENTICAL,0.0000000000000000,0.0000000000000000,
ColemanTransform.0.0.7,ptfmtvz,scalar,IDENTICAL,0.0000000000000000,0.0000000000000000,
ColemanTransform.0.0.7,ptfmrvx,scalar,IDENTICAL,0.0000000000000000,0.0000000000000000,
ColemanTransform.0.0.7,ptfmrvy,scalar,IDENTICAL,0.0000000000000000,0.0000000000000000,
ColemanTransform.0.0.7,ptfmrvz,scalar,IDENTICAL,0.0000000000000000,0.0000000000000000,
ColemanTransform.0.0.7,ptfmtax,scalar,IDENTICAL,0.0000000000000000,0.0000000000000000,
ColemanTransform.0.0.7,ptfmtay,scalar,IDENTICAL,0.0000000000000000,0.0000000000000000,
ColemanTransform.0.0.7,ptfmtaz,scalar,IDENTICAL,0.0000000000000000,0.0000000000000000,
ColemanTransform.0.0.7,ptfmrax,scalar,IDENTICAL,0.0000000000000000,0.0000000000000000,
ColemanTransform.0.0.7,ptfmray,scalar,IDENTICAL,0.0000000000000000,0.0000000000000000,
ColemanTransform.0.0.7,ptfmraz,scalar,IDENTICAL,0.0000000000000000,0.0000000000000000,
ColemanTransform.0.0.7,cc_desiredl,array,IDENTICAL,,,size=          12
ColemanTransform.0.0.7,cc_actuatedl,array,IDENTICAL,,,size=          12
ColemanTransform.0.0.7,cc_actuateddl,array,IDENTICAL,,,size=          12
ColemanTransform.0.0.7,stc_input,array,IDENTICAL,,,size=          12
ColemanTransform.0.0.7,flp_angle,array,IDENTICAL,,,size=           3
ColemanTransform.0.0.7,rootmyb_last,array,IDENTICAL,,,size=           3
ColemanTransform.0.0.7,acc_infile_size,scalar,IDENTICAL,42,42,
ColemanTransform.0.0.7,acc_infile,array,IDENTICAL,,,size=          42
ColemanTransform.0.0.7,restart,scalar,IDENTICAL,F,F,
ColemanTransform.0.0.7,awc_complexangle,array,IDENTICAL,,,size=           3
ColemanTransform.0.0.7,tiltmean,scalar,IDENTICAL,0.0000000000000000,0.0000000000000000,
ColemanTransform.0.0.7,yawmean,scalar,IDENTICAL,0.0000000000000000,0.0000000000000000,
ColemanTransform.0.0.7,zmq_id,scalar,IDENTICAL,0,0,
ColemanTransform.0.0.7,zmq_yawoffset,scalar,IDENTICAL,0.0000000000000000,0.0000000000000000,
ColemanTransform.0.0.7,zmq_torqueoffset,scalar,IDENTICAL,0.0000000000000000,0.0000000000000000,
ColemanTransform.0.0.7,zmq_pitoffset,array,IDENTICAL,,,size=           3
ColemanTransform.0.0.7,zmq_r_speed,scalar,IDENTICAL,0.0000000000000000,0.0000000000000000,
ColemanTransform.0.0.7,zmq_r_torque,scalar,IDENTICAL,0.0000000000000000,0.0000000000000000,
ColemanTransform.0.0.7,zmq_r_pitch,scalar,IDENTICAL,0.0000000000000000,0.0000000000000000,
ColemanTransform.0.0.7,om_r,scalar,IDENTICAL,0.0000000000000000,0.0000000000000000,
ColemanTransform.0.0.7,v_t,scalar,IDENTICAL,0.0000000000000000,0.0000000000000000,
ColemanTransform.0.0.7,v_m,scalar,IDENTICAL,0.0000000000000000,0.0000000000000000,
ColemanTransform.0.0.7,v_h,scalar,IDENTICAL,0.0000000000000000,0.0000000000000000,
ColemanTransform.0.0.7,p,array,IDENTICAL,,,size=           9
ColemanTransform.0.0.7,xh,array,IDENTICAL,,,size=           3
ColemanTransform.0.0.7,k,array,IDENTICAL,,,size=           3
ColemanTransform.0.0.7,lpf1_a1,array,IDENTICAL,,,size=        1024
ColemanTransform.0.0.7,lpf1_a0,array,IDENTICAL,,,size=        1024
ColemanTransform.0.0.7,lpf1_b1,array,IDENTICAL,,,size=        1024
ColemanTransform.0.0.7,lpf1_b0,array,IDENTICAL,,,size=        1024
ColemanTransform.0.0.7,lpf1_inputsignallast,array,IDENTICAL,,,size=        1024
ColemanTransform.0.0.7,lpf1_outputsignallast,array,IDENTICAL,,,size=        1024
ColemanTransform.0.0.7,lpf2_a2,array,IDENTICAL,,,size=        1024
ColemanTransform.0.0.7,lpf2_a1,array,IDENTICAL,,,size=        1024
ColemanTransform.0.0.7,lpf2_a0,array,IDENTICAL,,,size=        1024
ColemanTransform.0.0.7,lpf2_b2,array,IDENTICAL,,,size=        1024
ColemanTransform.0.0.7,lpf2_b1,array,IDENTICAL,,,size=        1024
ColemanTransform.0.0.7,lpf2_b0,array,IDENTICAL,,,size=        1024
ColemanTransform.0.0.7,lpf2_inputsignallast2,array,IDENTICAL,,,size=        1024
ColemanTransform.0.0.7,lpf2_outputsignallast2,array,IDENTICAL,,,size=        1024
ColemanTransform.0.0.7,lpf2_inputsignallast1,array,IDENTICAL,,,size=        1024
ColemanTransform.0.0.7,lpf2_outputsignallast1,array,IDENTICAL,,,size=        1024
ColemanTransform.0.0.7,lpfv_a2,array,IDENTICAL,,,size=        1024
ColemanTransform.0.0.7,lpfv_a1,array,IDENTICAL,,,size=        1024
ColemanTransform.0.0.7,lpfv_a0,array,IDENTICAL,,,size=        1024
ColemanTransform.0.0.7,lpfv_b2,array,IDENTICAL,,,size=        1024
ColemanTransform.0.0.7,lpfv_b1,array,IDENTICAL,,,size=        1024
ColemanTransform.0.0.7,lpfv_b0,array,IDENTICAL,,,size=        1024
ColemanTransform.0.0.7,lpfv_inputsignallast2,array,IDENTICAL,,,size=        1024
ColemanTransform.0.0.7,lpfv_outputsignallast2,array,IDENTICAL,,,size=        1024
ColemanTransform.0.0.7,lpfv_inputsignallast1,array,IDENTICAL,,,size=        1024
ColemanTransform.0.0.7,lpfv_outputsignallast1,array,IDENTICAL,,,size=        1024
ColemanTransform.0.0.7,hpf_inputsignallast,array,IDENTICAL,,,size=        1024
ColemanTransform.0.0.7,hpf_outputsignallast,array,IDENTICAL,,,size=        1024
ColemanTransform.0.0.7,nfs_outputsignallast1,array,IDENTICAL,,,size=        1024
ColemanTransform.0.0.7,nfs_outputsignallast2,array,IDENTICAL,,,size=        1024
ColemanTransform.0.0.7,nfs_inputsignallast1,array,IDENTICAL,,,size=        1024
ColemanTransform.0.0.7,nfs_inputsignallast2,array,IDENTICAL,,,size=        1024
ColemanTransform.0.0.7,nfs_b2,array,IDENTICAL,,,size=        1024
ColemanTransform.0.0.7,nfs_b0,array,IDENTICAL,,,size=        1024
ColemanTransform.0.0.7,nfs_a2,array,IDENTICAL,,,size=        1024
ColemanTransform.0.0.7,nfs_a1,array,IDENTICAL,,,size=        1024
ColemanTransform.0.0.7,nfs_a0,array,IDENTICAL,,,size=        1024
ColemanTransform.0.0.7,nf_outputsignallast1,array,IDENTICAL,,,size=        1024
ColemanTransform.0.0.7,nf_outputsignallast2,array,IDENTICAL,,,size=        1024
ColemanTransform.0.0.7,nf_inputsignallast1,array,IDENTICAL,,,size=        1024
ColemanTransform.0.0.7,nf_inputsignallast2,array,IDENTICAL,,,size=        1024
ColemanTransform.0.0.7,nf_b2,array,IDENTICAL,,,size=        1024
ColemanTransform.0.0.7,nf_b1,array,IDENTICAL,,,size=        1024
ColemanTransform.0.0.7,nf_b0,array,IDENTICAL,,,size=        1024
ColemanTransform.0.0.7,nf_a1,array,IDENTICAL,,,size=        1024
ColemanTransform.0.0.7,nf_a0,array,IDENTICAL,,,size=        1024
ColemanTransform.0.0.7,iterm,array,IDENTICAL,,,size=        1024
ColemanTransform.0.0.7,itermlast,array,IDENTICAL,,,size=        1024
ColemanTransform.0.0.7,iterm2,array,IDENTICAL,,,size=        1024
ColemanTransform.0.0.7,itermlast2,array,IDENTICAL,,,size=        1024
ColemanTransform.0.0.7,elast,array,IDENTICAL,,,size=        1024
ColemanTransform.0.0.7,res_outputsignallast1,array,IDENTICAL,,,size=        1024
ColemanTransform.0.0.7,res_outputsignallast2,array,IDENTICAL,,,size=        1024
ColemanTransform.0.0.7,res_inputsignallast1,array,IDENTICAL,,,size=        1024
ColemanTransform.0.0.7,res_inputsignallast2,array,IDENTICAL,,,size=        1024
ColemanTransform.0.0.7,lastsignal,array,IDENTICAL,,,size=        1024
ColemanTransform.0.0.8,istatus,scalar,IDENTICAL,1,1,
ColemanTransform.0.0.8,alreadyinitialized,scalar,IDENTICAL,0,0,
ColemanTransform.0.0.8,restartwse,scalar,IDENTICAL,1,1,
ColemanTransform.0.0.8,time,scalar,IDENTICAL,0.17499999701976776,0.17499999701976776,
ColemanTransform.0.0.8,dt,scalar,IDENTICAL,2.5000000372529030E-002,2.5000000372529030E-002,
ColemanTransform.0.0.8,writethisstep,scalar,IDENTICAL,F,F,
ColemanTransform.0.0.8,n_dt,scalar,IDENTICAL,7,7,
ColemanTransform.0.0.8,time_last,scalar,IDENTICAL,0.0000000000000000,0.0000000000000000,
ColemanTransform.0.0.8,vs_genpwr,scalar,IDENTICAL,0.0000000000000000,0.0000000000000000,
ColemanTransform.0.0.8,genspeed,scalar,IDENTICAL,41.130023956298828,41.130023956298828,
ColemanTransform.0.0.8,rotspeed,scalar,IDENTICAL,0.42402085661888123,0.42402085661888123,
ColemanTransform.0.0.8,nacheading,scalar,IDENTICAL,0.0000000000000000,0.0000000000000000,
ColemanTransform.0.0.8,nacvane,scalar,IDENTICAL,0.0000000000000000,0.0000000000000000,
ColemanTransform.0.0.8,nacvanef,scalar,IDENTICAL,0.0000000000000000,0.0000000000000000,
ColemanTransform.0.0.8,winddir,scalar,IDENTICAL,0.0000000000000000,0.0000000000000000,
ColemanTransform.0.0.8,horwindv,scalar,IDENTICAL,9.0000000000000000,9.0000000000000000,
ColemanTransform.0.0.8,horwindv_f,scalar,IDENTICAL,9.9864791817693082,9.9864791817693082,
ColemanTransform.0.0.8,rootmoop,array,IDENTICAL,,,size=           3
ColemanTransform.0.0.8,rootmoopf,array,IDENTICAL,,,size=           3
ColemanTransform.0.0.8,blpitch,array,IDENTICAL,,,size=           3
ColemanTransform.0.0.8,blpitchcmeas,scalar,IDENTICAL,2.4041686882614222E-003,2.4041686882614222E-003,
ColemanTransform.0.0.8,azimuth,scalar,IDENTICAL,0.0000000000000000,0.0000000000000000,
ColemanTransform.0.0.8,ol_azimuth,scalar,IDENTICAL,0.0000000000000000,0.0000000000000000,
ColemanTransform.0.0.8,azunwrapped,scalar,IDENTICAL,0.0000000000000000,0.0000000000000000,
ColemanTransform.0.0.8,azerror,scalar,IDENTICAL,0.0000000000000000,0.0000000000000000,
ColemanTransform.0.0.8,gentqaz,scalar,IDENTICAL,0.0000000000000000,0.0000000000000000,
ColemanTransform.0.0.8,azbuffer,array,IDENTICAL,,,size=           2
ColemanTransform.0.0.8,numbl,scalar,IDENTICAL,3,3,
ColemanTransform.0.0.8,fa_acc_tt,scalar,IDENTICAL,0.0000000000000000,0.0000000000000000,
ColemanTransform.0.0.8,ss_acc_tt,scalar,IDENTICAL,0.0000000000000000,0.0000000000000000,
ColemanTransform.0.0.8,fa_acc_nac,scalar,IDENTICAL,0.0000000000000000,0.0000000000000000,
ColemanTransform.0.0.8,nacimu_fa_racc,scalar,IDENTICAL,0.0000000000000000,0.0000000000000000,
ColemanTransform.0.0.8,fa_acchpf,scalar,IDENTICAL,0.0000000000000000,0.0000000000000000,
ColemanTransform.0.0.8,fa_acchpfi,scalar,IDENTICAL,0.0000000000000000,0.0000000000000000,
ColemanTransform.0.0.8,fa_pitcom,array,IDENTICAL,,,size=           3
ColemanTransform.0.0.8,vs_refspd,scalar,IDENTICAL,115.46595719737806,115.46595719737806,
ColemanTransform.0.0.8,vs_refspd_tsr,scalar,IDENTICAL,115.32005721805034,115.32005721805034,
ColemanTransform.0.0.8,vs_refspd_tra,scalar,IDENTICAL,0.0000000000000000,0.0000000000000000,
ColemanTransform.0.0.8,vs_refspd_rl,scalar,IDENTICAL,0.0000000000000000,0.0000000000000000,
ColemanTransform.0.0.8,pc_refspd,scalar,IDENTICAL,129.08105756127526,129.08105756127526,
ColemanTransform.0.0.8,pc_refspd_ss,scalar,IDENTICAL,129.08105756127526,129.08105756127526,
ColemanTransform.0.0.8,pc_refspd_prc,scalar,IDENTICAL,122.90967000000001,122.90967000000001,
ColemanTransform.0.0.8,rotspeedf,scalar,IDENTICAL,0.63043143960268277,0.63043143960268277,
ColemanTransform.0.0.8,genspeedf,scalar,IDENTICAL,26.535891723904470,26.535891723904470,
ColemanTransform.0.0.8,gentq,scalar,IDENTICAL,1.9846110797560546E-117,1.9846110797560546E-117,
ColemanTransform.0.0.8,gentqmeas,scalar,IDENTICAL,0.0000000000000000,0.0000000000000000,
ColemanTransform.0.0.8,genartq,scalar,IDENTICAL,0.0000000000000000,0.0000000000000000,
ColemanTransform.0.0.8,genbrtq,scalar,IDENTICAL,0.0000000000000000,0.0000000000000000,
ColemanTransform.0.0.8,vs_komega2_gentq,scalar,IDENTICAL,1626.9819839884965,1626.9819839884965,
ColemanTransform.0.0.8,vs_constpwr_gentq,scalar,IDENTICAL,199601.74033722602,199601.74033722602,
ColemanTransform.0.0.8,ipc_pitcomf,array,IDENTICAL,,,size=           3
ColemanTransform.0.0.8,pc_kp,scalar,IDENTICAL,-2.0750000000000001E-002,-2.0750000000000001E-002,
ColemanTransform.0.0.8,pc_ki,scalar,IDENTICAL,-8.4169999999999991E-003,-8.4169999999999991E-003,
ColemanTransform.0.0.8,pc_kd,scalar,IDENTICAL,0.0000000000000000,0.0000000000000000,
ColemanTransform.0.0.8,pc_tf,scalar,IDENTICAL,0.0000000000000000,0.0000000000000000,
ColemanTransform.0.0.8,pc_maxpit,scalar,IDENTICAL,1.5700000000000001,1.5700000000000001,
ColemanTransform.0.0.8,pc_minpit,scalar,IDENTICAL,2.3957913576064544E-003,2.3957913576064544E-003,
ColemanTransform.0.0.8,pc_pitcomt,scalar,IDENTICAL,2.3957913576064544E-003,2.3957913576064544E-003,
ColemanTransform.0.0.8,pc_pitcomt_last,scalar,IDENTICAL,2.4041686882614222E-003,2.4041686882614222E-003,
ColemanTransform.0.0.8,blpitchcmeasf,scalar,IDENTICAL,5.1144935326934085E-005,5.1144935326934085E-005,
ColemanTransform.0.0.8,pc_pitcomt_ipc,array,IDENTICAL,,,size=           3
ColemanTransform.0.0.8,pc_pwrerr,scalar,IDENTICAL,5000000.0000000000,5000000.0000000000,
ColemanTransform.0.0.8,pc_spderr,scalar,IDENTICAL,102.54516583737079,102.54516583737079,
ColemanTransform.0.0.8,ipc_axistilt_1p,scalar,IDENTICAL,0.0000000000000000,0.0000000000000000,
ColemanTransform.0.0.8,ipc_axisyaw_1p,scalar,IDENTICAL,0.0000000000000000,0.0000000000000000,
ColemanTransform.0.0.8,ipc_axistilt_2p,scalar,IDENTICAL,0.0000000000000000,0.0000000000000000,
ColemanTransform.0.0.8,ipc_axisyaw_2p,scalar,IDENTICAL,0.0000000000000000,0.0000000000000000,
ColemanTransform.0.0.8,axistilt_1p,scalar,IDENTICAL,0.0000000000000000,0.0000000000000000,
ColemanTransform.0.0.8,axisyaw_1p,scalar,IDENTICAL,0.0000000000000000,0.0000000000000000,
ColemanTransform.0.0.8,axisyawf_1p,scalar,IDENTICAL,0.0000000000000000,0.0000000000000000,
ColemanTransform.0.0.8,axistilt_2p,scalar,IDENTICAL,0.0000000000000000,0.0000000000000000,
ColemanTransform.0.0.8,axisyaw_2p,scalar,IDENTICAL,0.0000000000000000,0.0000000000000000,
ColemanTransform.0.0.8,axisyawf_2p,scalar,IDENTICAL,0.0000000000000000,0.0000000000000000,
ColemanTransform.0.0.8,ipc_ki,array,IDENTICAL,,,size=           2
ColemanTransform.0.0.8,ipc_kp,array,IDENTICAL,,,size=           2
ColemanTransform.0.0.8,ipc_intsat,scalar,IDENTICAL,2.4105207700129750E-003,2.4105207700129750E-003,
ColemanTransform.0.0.8,pc_state,scalar,IDENTICAL,1,1,
ColemanTransform.0.0.8,pitcom,array,IDENTICAL,,,size=           3
ColemanTransform.0.0.8,pitcom_sd,array,IDENTICAL,,,size=           3
ColemanTransform.0.0.8,pitcomact,array,IDENTICAL,,,size=           3
ColemanTransform.0.0.8,ss_delomegaf,scalar,IDENTICAL,-6.1697043502935900,-6.1697043502935900,
ColemanTransform.0.0.8,testtype,scalar,IDENTICAL,0.0000000000000000,0.0000000000000000,
ColemanTransform.0.0.8,kp_float,scalar,IDENTICAL,0.0000000000000000,0.0000000000000000,
ColemanTransform.0.0.8,vs_maxtq,scalar,IDENTICAL,47402.900000000001,47402.900000000001,
ColemanTransform.0.0.8,vs_lastgentrq,scalar,IDENTICAL,1.9846110797560546E-117,1.9846110797560546E-117,
ColemanTransform.0.0.8,vs_lastgenpwr,scalar,IDENTICAL,0.0000000000000000,0.0000000000000000,
ColemanTransform.0.0.8,vs_mechgenpwr,scalar,IDENTICAL,0.0000000000000000,0.0000000000000000,
ColemanTransform.0.0.8,vs_spderrar,scalar,IDENTICAL,88.930065473473590,88.930065473473590,
ColemanTransform.0.0.8,vs_spderrbr,scalar,IDENTICAL,8.1069682760955288,8.1069682760955288,
ColemanTransform.0.0.8,vs_spderr,scalar,IDENTICAL,88.930065473473590,88.930065473473590,
ColemanTransform.0.0.8,vs_state,scalar,IDENTICAL,1,1,
ColemanTransform.0.0.8,vs_rgn3pitch,scalar,IDENTICAL,1.9845791357606453E-002,1.9845791357606453E-002,
ColemanTransform.0.0.8,we_vw,scalar,IDENTICAL,9.9864791817693082,9.9864791817693082,
ColemanTransform.0.0.8,we_vw_f,scalar,IDENTICAL,9.9993593515264489,9.9993593515264489,
ColemanTransform.0.0.8,we_vwi,scalar,IDENTICAL,10.000000000000000,10.000000000000000,
ColemanTransform.0.0.8,we_vwidot,scalar,IDENTICAL,0.0000000000000000,0.0000000000000000,
ColemanTransform.0.0.8,we_op,scalar,IDENTICAL,0,0,
ColemanTransform.0.0.8,we_op_last,scalar,IDENTICAL,0,0,
ColemanTransform.0.0.8,vs_lastgentrqf,scalar,IDENTICAL,1.7466929671230123,1.7466929671230123,
ColemanTransform.0.0.8,prc_wse_f,scalar,IDENTICAL,0.0000000000000000,0.0000000000000000,
ColemanTransform.0.0.8,prc_r_speed,scalar,IDENTICAL,1.0000000000000000,1.0000000000000000,
ColemanTransform.0.0.8,prc_r_torque,scalar,IDENTICAL,1.0000000000000000,1.0000000000000000,
ColemanTransform.0.0.8,prc_r_pitch,scalar,IDENTICAL,1.0000000000000000,1.0000000000000000,
ColemanTransform.0.0.8,prc_r_total,scalar,IDENTICAL,0.0000000000000000,0.0000000000000000,
ColemanTransform.0.0.8,prc_min_pitch,scalar,IDENTICAL,0.0000000000000000,0.0000000000000000,
ColemanTransform.0.0.8,ps_min_pitch,scalar,IDENTICAL,2.3957913576064544E-003,2.3957913576064544E-003,
ColemanTransform.0.0.8,ol_index,scalar,IDENTICAL,0.17499999701976776,0.17499999701976776,
ColemanTransform.0.0.8,su_stage,scalar,IDENTICAL,0,0,
ColemanTransform.0.0.8,su_loadstagestarttime,scalar,IDENTICAL,0.0000000000000000,0.0000000000000000,
ColemanTransform.0.0.8,su_rotspeedf,scalar,IDENTICAL,0.0000000000000000,0.0000000000000000,
ColemanTransform.0.0.8,sd_trigger,scalar,IDENTICAL,0,0,
ColemanTransform.0.0.8,sd_blpitchf,scalar,IDENTICAL,0.0000000000000000,0.0000000000000000,
ColemanTransform.0.0.8,sd_nacvanef,scalar,IDENTICAL,0.0000000000000000,0.0000000000000000,
ColemanTransform.0.0.8,sd_genspeedf,scalar,IDENTICAL,0.0000000000000000,0.0000000000000000,
ColemanTransform.0.0.8,sd_stage,scalar,IDENTICAL,0,0,
ColemanTransform.0.0.8,sd_stagestarttime,scalar,IDENTICAL,0.0000000000000000,0.0000000000000000,
ColemanTransform.0.0.8,sd_maxpitchrate,scalar,IDENTICAL,0.0000000000000000,0.0000000000000000,
ColemanTransform.0.0.8,sd_maxtorquerate,scalar,IDENTICAL,0.0000000000000000,0.0000000000000000,
ColemanTransform.0.0.8,gentq_sd,scalar,IDENTICAL,0.0000000000000000,0.0000000000000000,
ColemanTransform.0.0.8,fl_pitcom,scalar,IDENTICAL,0.0000000000000000,0.0000000000000000,
ColemanTransform.0.0.8,nacimu_fa_accf,scalar,IDENTICAL,0.0000000000000000,0.0000000000000000,
ColemanTransform.0.0.8,fa_accf,scalar,IDENTICAL,0.0000000000000000,0.0000000000000000,
ColemanTransform.0.0.8,fa_hist,scalar,IDENTICAL,0,0,
ColemanTransform.0.0.8,tra_lastrefspd,scalar,IDENTICAL,0.0000000000000000,0.0000000000000000,
ColemanTransform.0.0.8,vs_refspeed,scalar,IDENTICAL,0.0000000000000000,0.0000000000000000,
ColemanTransform.0.0.8,ptfmtdx,scalar,IDENTICAL,0.0000000000000000,0.0000000000000000,
ColemanTransform.0.0.8,ptfmtdy,scalar,IDENTICAL,0.0000000000000000,0.0000000000000000,
ColemanTransform.0.0.8,ptfmtdz,scalar,IDENTICAL,0.0000000000000000,0.0000000000000000,
ColemanTransform.0.0.8,ptfmrdx,scalar,IDENTICAL,0.0000000000000000,0.0000000000000000,
ColemanTransform.0.0.8,ptfmrdy,scalar,IDENTICAL,0.0000000000000000,0.0000000000000000,
ColemanTransform.0.0.8,ptfmrdz,scalar,IDENTICAL,0.0000000000000000,0.0000000000000000,
ColemanTransform.0.0.8,ptfmtvx,scalar,IDENTICAL,0.0000000000000000,0.0000000000000000,
ColemanTransform.0.0.8,ptfmtvy,scalar,IDENTICAL,0.0000000000000000,0.0000000000000000,
ColemanTransform.0.0.8,ptfmtvz,scalar,IDENTICAL,0.0000000000000000,0.0000000000000000,
ColemanTransform.0.0.8,ptfmrvx,scalar,IDENTICAL,0.0000000000000000,0.0000000000000000,
ColemanTransform.0.0.8,ptfmrvy,scalar,IDENTICAL,0.0000000000000000,0.0000000000000000,
ColemanTransform.0.0.8,ptfmrvz,scalar,IDENTICAL,0.0000000000000000,0.0000000000000000,
ColemanTransform.0.0.8,ptfmtax,scalar,IDENTICAL,0.0000000000000000,0.0000000000000000,
ColemanTransform.0.0.8,ptfmtay,scalar,IDENTICAL,0.0000000000000000,0.0000000000000000,
ColemanTransform.0.0.8,ptfmtaz,scalar,IDENTICAL,0.0000000000000000,0.0000000000000000,
ColemanTransform.0.0.8,ptfmrax,scalar,IDENTICAL,0.0000000000000000,0.0000000000000000,
ColemanTransform.0.0.8,ptfmray,scalar,IDENTICAL,0.0000000000000000,0.0000000000000000,
ColemanTransform.0.0.8,ptfmraz,scalar,IDENTICAL,0.0000000000000000,0.0000000000000000,
ColemanTransform.0.0.8,cc_desiredl,array,IDENTICAL,,,size=          12
ColemanTransform.0.0.8,cc_actuatedl,array,IDENTICAL,,,size=          12
ColemanTransform.0.0.8,cc_actuateddl,array,IDENTICAL,,,size=          12
ColemanTransform.0.0.8,stc_input,array,IDENTICAL,,,size=          12
ColemanTransform.0.0.8,flp_angle,array,IDENTICAL,,,size=           3
ColemanTransform.0.0.8,rootmyb_last,array,IDENTICAL,,,size=           3
ColemanTransform.0.0.8,acc_infile_size,scalar,IDENTICAL,42,42,
ColemanTransform.0.0.8,acc_infile,array,IDENTICAL,,,size=          42
ColemanTransform.0.0.8,restart,scalar,IDENTICAL,F,F,
ColemanTransform.0.0.8,awc_complexangle,array,IDENTICAL,,,size=           3
ColemanTransform.0.0.8,tiltmean,scalar,IDENTICAL,0.0000000000000000,0.0000000000000000,
ColemanTransform.0.0.8,yawmean,scalar,IDENTICAL,0.0000000000000000,0.0000000000000000,
ColemanTransform.0.0.8,zmq_id,scalar,IDENTICAL,0,0,
ColemanTransform.0.0.8,zmq_yawoffset,scalar,IDENTICAL,0.0000000000000000,0.0000000000000000,
ColemanTransform.0.0.8,zmq_torqueoffset,scalar,IDENTICAL,0.0000000000000000,0.0000000000000000,
ColemanTransform.0.0.8,zmq_pitoffset,array,IDENTICAL,,,size=           3
ColemanTransform.0.0.8,zmq_r_speed,scalar,IDENTICAL,0.0000000000000000,0.0000000000000000,
ColemanTransform.0.0.8,zmq_r_torque,scalar,IDENTICAL,0.0000000000000000,0.0000000000000000,
ColemanTransform.0.0.8,zmq_r_pitch,scalar,IDENTICAL,0.0000000000000000,0.0000000000000000,
ColemanTransform.0.0.8,om_r,scalar,IDENTICAL,0.0000000000000000,0.0000000000000000,
ColemanTransform.0.0.8,v_t,scalar,IDENTICAL,0.0000000000000000,0.0000000000000000,
ColemanTransform.0.0.8,v_m,scalar,IDENTICAL,0.0000000000000000,0.0000000000000000,
ColemanTransform.0.0.8,v_h,scalar,IDENTICAL,0.0000000000000000,0.0000000000000000,
ColemanTransform.0.0.8,p,array,IDENTICAL,,,size=           9
ColemanTransform.0.0.8,xh,array,IDENTICAL,,,size=           3
ColemanTransform.0.0.8,k,array,IDENTICAL,,,size=           3
ColemanTransform.0.0.8,lpf1_a1,array,IDENTICAL,,,size=        1024
ColemanTransform.0.0.8,lpf1_a0,array,IDENTICAL,,,size=        1024
ColemanTransform.0.0.8,lpf1_b1,array,IDENTICAL,,,size=        1024
ColemanTransform.0.0.8,lpf1_b0,array,IDENTICAL,,,size=        1024
ColemanTransform.0.0.8,lpf1_inputsignallast,array,IDENTICAL,,,size=        1024
ColemanTransform.0.0.8,lpf1_outputsignallast,array,IDENTICAL,,,size=        1024
ColemanTransform.0.0.8,lpf2_a2,array,IDENTICAL,,,size=        1024
ColemanTransform.0.0.8,lpf2_a1,array,IDENTICAL,,,size=        1024
ColemanTransform.0.0.8,lpf2_a0,array,IDENTICAL,,,size=        1024
ColemanTransform.0.0.8,lpf2_b2,array,IDENTICAL,,,size=        1024
ColemanTransform.0.0.8,lpf2_b1,array,IDENTICAL,,,size=        1024
ColemanTransform.0.0.8,lpf2_b0,array,IDENTICAL,,,size=        1024
ColemanTransform.0.0.8,lpf2_inputsignallast2,array,IDENTICAL,,,size=        1024
ColemanTransform.0.0.8,lpf2_outputsignallast2,array,IDENTICAL,,,size=        1024
ColemanTransform.0.0.8,lpf2_inputsignallast1,array,IDENTICAL,,,size=        1024
ColemanTransform.0.0.8,lpf2_outputsignallast1,array,IDENTICAL,,,size=        1024
ColemanTransform.0.0.8,lpfv_a2,array,IDENTICAL,,,size=        1024
ColemanTransform.0.0.8,lpfv_a1,array,IDENTICAL,,,size=        1024
ColemanTransform.0.0.8,lpfv_a0,array,IDENTICAL,,,size=        1024
ColemanTransform.0.0.8,lpfv_b2,array,IDENTICAL,,,size=        1024
ColemanTransform.0.0.8,lpfv_b1,array,IDENTICAL,,,size=        1024
ColemanTransform.0.0.8,lpfv_b0,array,IDENTICAL,,,size=        1024
ColemanTransform.0.0.8,lpfv_inputsignallast2,array,IDENTICAL,,,size=        1024
ColemanTransform.0.0.8,lpfv_outputsignallast2,array,IDENTICAL,,,size=        1024
ColemanTransform.0.0.8,lpfv_inputsignallast1,array,IDENTICAL,,,size=        1024
ColemanTransform.0.0.8,lpfv_outputsignallast1,array,IDENTICAL,,,size=        1024
ColemanTransform.0.0.8,hpf_inputsignallast,array,IDENTICAL,,,size=        1024
ColemanTransform.0.0.8,hpf_outputsignallast,array,IDENTICAL,,,size=        1024
ColemanTransform.0.0.8,nfs_outputsignallast1,array,IDENTICAL,,,size=        1024
ColemanTransform.0.0.8,nfs_outputsignallast2,array,IDENTICAL,,,size=        1024
ColemanTransform.0.0.8,nfs_inputsignallast1,array,IDENTICAL,,,size=        1024
ColemanTransform.0.0.8,nfs_inputsignallast2,array,IDENTICAL,,,size=        1024
ColemanTransform.0.0.8,nfs_b2,array,IDENTICAL,,,size=        1024
ColemanTransform.0.0.8,nfs_b0,array,IDENTICAL,,,size=        1024
ColemanTransform.0.0.8,nfs_a2,array,IDENTICAL,,,size=        1024
ColemanTransform.0.0.8,nfs_a1,array,IDENTICAL,,,size=        1024
ColemanTransform.0.0.8,nfs_a0,array,IDENTICAL,,,size=        1024
ColemanTransform.0.0.8,nf_outputsignallast1,array,IDENTICAL,,,size=        1024
ColemanTransform.0.0.8,nf_outputsignallast2,array,IDENTICAL,,,size=        1024
ColemanTransform.0.0.8,nf_inputsignallast1,array,IDENTICAL,,,size=        1024
ColemanTransform.0.0.8,nf_inputsignallast2,array,IDENTICAL,,,size=        1024
ColemanTransform.0.0.8,nf_b2,array,IDENTICAL,,,size=        1024
ColemanTransform.0.0.8,nf_b1,array,IDENTICAL,,,size=        1024
ColemanTransform.0.0.8,nf_b0,array,IDENTICAL,,,size=        1024
ColemanTransform.0.0.8,nf_a1,array,IDENTICAL,,,size=        1024
ColemanTransform.0.0.8,nf_a0,array,IDENTICAL,,,size=        1024
ColemanTransform.0.0.8,iterm,array,IDENTICAL,,,size=        1024
ColemanTransform.0.0.8,itermlast,array,IDENTICAL,,,size=        1024
ColemanTransform.0.0.8,iterm2,array,IDENTICAL,,,size=        1024
ColemanTransform.0.0.8,itermlast2,array,IDENTICAL,,,size=        1024
ColemanTransform.0.0.8,elast,array,IDENTICAL,,,size=        1024
ColemanTransform.0.0.8,res_outputsignallast1,array,IDENTICAL,,,size=        1024
ColemanTransform.0.0.8,res_outputsignallast2,array,IDENTICAL,,,size=        1024
ColemanTransform.0.0.8,res_inputsignallast1,array,IDENTICAL,,,size=        1024
ColemanTransform.0.0.8,res_inputsignallast2,array,IDENTICAL,,,size=        1024
ColemanTransform.0.0.8,lastsignal,array,IDENTICAL,,,size=        1024
ColemanTransform.0.0.9,istatus,scalar,IDENTICAL,1,1,
ColemanTransform.0.0.9,alreadyinitialized,scalar,IDENTICAL,0,0,
ColemanTransform.0.0.9,restartwse,scalar,IDENTICAL,1,1,
ColemanTransform.0.0.9,time,scalar,IDENTICAL,0.20000000298023224,0.20000000298023224,
ColemanTransform.0.0.9,dt,scalar,IDENTICAL,2.5000000372529030E-002,2.5000000372529030E-002,
ColemanTransform.0.0.9,writethisstep,scalar,IDENTICAL,F,F,
ColemanTransform.0.0.9,n_dt,scalar,IDENTICAL,8,8,
ColemanTransform.0.0.9,time_last,scalar,IDENTICAL,0.0000000000000000,0.0000000000000000,
ColemanTransform.0.0.9,vs_genpwr,scalar,IDENTICAL,0.0000000000000000,0.0000000000000000,
ColemanTransform.0.0.9,genspeed,scalar,IDENTICAL,41.202419281005859,41.202419281005859,
ColemanTransform.0.0.9,rotspeed,scalar,IDENTICAL,0.42476719617843628,0.42476719617843628,
ColemanTransform.0.0.9,nacheading,scalar,IDENTICAL,0.0000000000000000,0.0000000000000000,
ColemanTransform.0.0.9,nacvane,scalar,IDENTICAL,0.0000000000000000,0.0000000000000000,
ColemanTransform.0.0.9,nacvanef,scalar,IDENTICAL,0.0000000000000000,0.0000000000000000,
ColemanTransform.0.0.9,winddir,scalar,IDENTICAL,0.0000000000000000,0.0000000000000000,
ColemanTransform.0.0.9,horwindv,scalar,IDENTICAL,9.0000000000000000,9.0000000000000000,
ColemanTransform.0.0.9,horwindv_f,scalar,IDENTICAL,9.9844152610780021,9.9844152610780021,
ColemanTransform.0.0.9,rootmoop,array,IDENTICAL,,,size=           3
ColemanTransform.0.0.9,rootmoopf,array,IDENTICAL,,,size=           3
ColemanTransform.0.0.9,blpitch,array,IDENTICAL,,,size=           3
ColemanTransform.0.0.9,blpitchcmeas,scalar,IDENTICAL,2.3957913576064544E-003,2.3957913576064544E-003,
ColemanTransform.0.0.9,azimuth,scalar,IDENTICAL,0.0000000000000000,0.0000000000000000,
ColemanTransform.0.0.9,ol_azimuth,scalar,IDENTICAL,0.0000000000000000,0.0000000000000000,
ColemanTransform.0.0.9,azunwrapped,scalar,IDENTICAL,0.0000000000000000,0.0000000000000000,
ColemanTransform.0.0.9,azerror,scalar,IDENTICAL,0.0000000000000000,0.0000000000000000,
ColemanTransform.0.0.9,gentqaz,scalar,IDENTICAL,0.0000000000000000,0.0000000000000000,
ColemanTransform.0.0.9,azbuffer,array,IDENTICAL,,,size=           2
ColemanTransform.0.0.9,numbl,scalar,IDENTICAL,3,3,
ColemanTransform.0.0.9,fa_acc_tt,scalar,IDENTICAL,0.0000000000000000,0.0000000000000000,
ColemanTransform.0.0.9,ss_acc_tt,scalar,IDENTICAL,0.0000000000000000,0.0000000000000000,
ColemanTransform.0.0.9,fa_acc_nac,scalar,IDENTICAL,0.0000000000000000,0.0000000000000000,
ColemanTransform.0.0.9,nacimu_fa_racc,scalar,IDENTICAL,0.0000000000000000,0.0000000000000000,
ColemanTransform.0.0.9,fa_acchpf,scalar,IDENTICAL,0.0000000000000000,0.0000000000000000,
ColemanTransform.0.0.9,fa_acchpfi,scalar,IDENTICAL,0.0000000000000000,0.0000000000000000,
ColemanTransform.0.0.9,fa_pitcom,array,IDENTICAL,,,size=           3
ColemanTransform.0.0.9,vs_refspd,scalar,IDENTICAL,115.46268613962954,115.46268613962954,
ColemanTransform.0.0.9,vs_refspd_tsr,scalar,IDENTICAL,115.29622384816264,115.29622384816264,
ColemanTransform.0.0.9,vs_refspd_tra,scalar,IDENTICAL,0.0000000000000000,0.0000000000000000,
ColemanTransform.0.0.9,vs_refspd_rl,scalar,IDENTICAL,0.0000000000000000,0.0000000000000000,
ColemanTransform.0.0.9,pc_refspd,scalar,IDENTICAL,129.07937435029359,129.07937435029359,
ColemanTransform.0.0.9,pc_refspd_ss,scalar,IDENTICAL,129.07937435029359,129.07937435029359,
ColemanTransform.0.0.9,pc_refspd_prc,scalar,IDENTICAL,122.90967000000001,122.90967000000001,
ColemanTransform.0.0.9,rotspeedf,scalar,IDENTICAL,0.60042387631042138,0.60042387631042138,
ColemanTransform.0.0.9,genspeedf,scalar,IDENTICAL,28.666672456763802,28.666672456763802,
ColemanTransform.0.0.9,gentq,scalar,IDENTICAL,-1.2286411785253360E-133,-1.2286411785253360E-133,
ColemanTransform.0.0.9,gentqmeas,scalar,IDENTICAL,0.0000000000000000,0.0000000000000000,
ColemanTransform.0.0.9,genartq,scalar,IDENTICAL,0.0000000000000000,0.0000000000000000,
ColemanTransform.0.0.9,genbrtq,scalar,IDENTICAL,0.0000000000000000,0.0000000000000000,
ColemanTransform.0.0.9,vs_komega2_gentq,scalar,IDENTICAL,1898.7594114675678,1898.7594114675678,
ColemanTransform.0.0.9,vs_constpwr_gentq,scalar,IDENTICAL,184765.43370982731,184765.43370982731,
ColemanTransform.0.0.9,ipc_pitcomf,array,IDENTICAL,,,size=           3
ColemanTransform.0.0.9,pc_kp,scalar,IDENTICAL,-2.0750000000000001E-002,-2.0750000000000001E-002,
ColemanTransform.0.0.9,pc_ki,scalar,IDENTICAL,-8.4169999999999991E-003,-8.4169999999999991E-003,
ColemanTransform.0.0.9,pc_kd,scalar,IDENTICAL,0.0000000000000000,0.0000000000000000,
ColemanTransform.0.0.9,pc_tf,scalar,IDENTICAL,0.0000000000000000,0.0000000000000000,
ColemanTransform.0.0.9,pc_maxpit,scalar,IDENTICAL,1.5700000000000001,1.5700000000000001,
ColemanTransform.0.0.9,pc_minpit,scalar,IDENTICAL,2.3854352679789459E-003,2.3854352679789459E-003,
ColemanTransform.0.0.9,pc_pitcomt,scalar,IDENTICAL,2.3854352679789459E-003,2.3854352679789459E-003,
ColemanTransform.0.0.9,pc_pitcomt_last,scalar,IDENTICAL,2.3957913576064544E-003,2.3957913576064544E-003,
ColemanTransform.0.0.9,blpitchcmeasf,scalar,IDENTICAL,6.9945712052890739E-005,6.9945712052890739E-005,
ColemanTransform.0.0.9,pc_pitcomt_ipc,array,IDENTICAL,,,size=           3
ColemanTransform.0.0.9,pc_pwrerr,scalar,IDENTICAL,5000000.0000000000,5000000.0000000000,
ColemanTransform.0.0.9,pc_spderr,scalar,IDENTICAL,100.41270189352979,100.41270189352979,
ColemanTransform.0.0.9,ipc_axistilt_1p,scalar,IDENTICAL,0.0000000000000000,0.0000000000000000,
ColemanTransform.0.0.9,ipc_axisyaw_1p,scalar,IDENTICAL,0.0000000000000000,0.0000000000000000,
ColemanTransform.0.0.9,ipc_axistilt_2p,scalar,IDENTICAL,0.0000000000000000,0.0000000000000000,
ColemanTransform.0.0.9,ipc_axisyaw_2p,scalar,IDENTICAL,0.0000000000000000,0.0000000000000000,
ColemanTransform.0.0.9,axistilt_1p,scalar,IDENTICAL,0.0000000000000000,0.0000000000000000,
ColemanTransform.0.0.9,axisyaw_1p,scalar,IDENTICAL,0.0000000000000000,0.0000000000000000,
ColemanTransform.0.0.9,axisyawf_1p,scalar,IDENTICAL,0.0000000000000000,0.0000000000000000,
ColemanTransform.0.0.9,axistilt_2p,scalar,IDENTICAL,0.0000000000000000,0.0000000000000000,
ColemanTransform.0.0.9,axisyaw_2p,scalar,IDENTICAL,0.0000000000000000,0.0000000000000000,
ColemanTransform.0.0.9,axisyawf_2p,scalar,IDENTICAL,0.0000000000000000,0.0000000000000000,
ColemanTransform.0.0.9,ipc_ki,array,IDENTICAL,,,size=           2
ColemanTransform.0.0.9,ipc_kp,array,IDENTICAL,,,size=           2
ColemanTransform.0.0.9,ipc_intsat,scalar,IDENTICAL,2.4041686882614222E-003,2.4041686882614222E-003,
ColemanTransform.0.0.9,pc_state,scalar,IDENTICAL,1,1,
ColemanTransform.0.0.9,pitcom,array,IDENTICAL,,,size=           3
ColemanTransform.0.0.9,pitcom_sd,array,IDENTICAL,,,size=           3
ColemanTransform.0.0.9,pitcomact,array,IDENTICAL,,,size=           3
ColemanTransform.0.0.9,ss_delomegaf,scalar,IDENTICAL,-6.1680950685735860,-6.1680950685735860,
ColemanTransform.0.0.9,testtype,scalar,IDENTICAL,0.0000000000000000,0.0000000000000000,
ColemanTransform.0.0.9,kp_float,scalar,IDENTICAL,0.0000000000000000,0.0000000000000000,
ColemanTransform.0.0.9,vs_maxtq,scalar,IDENTICAL,47402.900000000001,47402.900000000001,
ColemanTransform.0.0.9,vs_lastgentrq,scalar,IDENTICAL,-1.2286411785253360E-133,-1.2286411785253360E-133,
ColemanTransform.0.0.9,vs_lastgenpwr,scalar,IDENTICAL,0.0000000000000000,0.0000000000000000,
ColemanTransform.0.0.9,vs_mechgenpwr,scalar,IDENTICAL,0.0000000000000000,0.0000000000000000,
ColemanTransform.0.0.9,vs_spderrar,scalar,IDENTICAL,86.796013682865734,86.796013682865734,
ColemanTransform.0.0.9,vs_spderrbr,scalar,IDENTICAL,5.9761875432361968,5.9761875432361968,
ColemanTransform.0.0.9,vs_spderr,scalar,IDENTICAL,86.796013682865734,86.796013682865734,
ColemanTransform.0.0.9,vs_state,scalar,IDENTICAL,1,1,
ColemanTransform.0.0.9,vs_rgn3pitch,scalar,IDENTICAL,1.9835435267978947E-002,1.9835435267978947E-002,
ColemanTransform.0.0.9,we_vw,scalar,IDENTICAL,9.9844152610780021,9.9844152610780021,
ColemanTransform.0.0.9,we_vw_f,scalar,IDENTICAL,9.9991138191543865,9.9991138191543865,
ColemanTransform.0.0.9,we_vwi,scalar,IDENTICAL,10.000000000000000,10.000000000000000,
ColemanTransform.0.0.9,we_vwidot,scalar,IDENTICAL,0.0000000000000000,0.0000000000000000,
ColemanTransform.0.0.9,we_op,scalar,IDENTICAL,0,0,
ColemanTransform.0.0.9,we_op_last,scalar,IDENTICAL,0,0,
ColemanTransform.0.0.9,vs_lastgentrqf,scalar,IDENTICAL,1.5836921206674281,1.5836921206674281,
ColemanTransform.0.0.9,prc_wse_f,scalar,IDENTICAL,0.0000000000000000,0.0000000000000000,
ColemanTransform.0.0.9,prc_r_speed,scalar,IDENTICAL,1.0000000000000000,1.0000000000000000,
ColemanTransform.0.0.9,prc_r_torque,scalar,IDENTICAL,1.0000000000000000,1.0000000000000000,
ColemanTransform.0.0.9,prc_r_pitch,scalar,IDENTICAL,1.0000000000000000,1.0000000000000000,
ColemanTransform.0.0.9,prc_r_total,scalar,IDENTICAL,0.0000000000000000,0.0000000000000000,
ColemanTransform.0.0.9,prc_min_pitch,scalar,IDENTICAL,0.0000000000000000,0.0000000000000000,
ColemanTransform.0.0.9,ps_min_pitch,scalar,IDENTICAL,2.3854352679789459E-003,2.3854352679789459E-003,
ColemanTransform.0.0.9,ol_index,scalar,IDENTICAL,0.20000000298023224,0.20000000298023224,
ColemanTransform.0.0.9,su_stage,scalar,IDENTICAL,0,0,
ColemanTransform.0.0.9,su_loadstagestarttime,scalar,IDENTICAL,0.0000000000000000,0.0000000000000000,
ColemanTransform.0.0.9,su_rotspeedf,scalar,IDENTICAL,0.0000000000000000,0.0000000000000000,
ColemanTransform.0.0.9,sd_trigger,scalar,IDENTICAL,0,0,
ColemanTransform.0.0.9,sd_blpitchf,scalar,IDENTICAL,0.0000000000000000,0.0000000000000000,
ColemanTransform.0.0.9,sd_nacvanef,scalar,IDENTICAL,0.0000000000000000,0.0000000000000000,
ColemanTransform.0.0.9,sd_genspeedf,scalar,IDENTICAL,0.0000000000000000,0.0000000000000000,
ColemanTransform.0.0.9,sd_stage,scalar,IDENTICAL,0,0,
ColemanTransform.0.0.9,sd_stagestarttime,scalar,IDENTICAL,0.0000000000000000,0.0000000000000000,
ColemanTransform.0.0.9,sd_maxpitchrate,scalar,IDENTICAL,0.0000000000000000,0.0000000000000000,
ColemanTransform.0.0.9,sd_maxtorquerate,scalar,IDENTICAL,0.0000000000000000,0.0000000000000000,
ColemanTransform.0.0.9,gentq_sd,scalar,IDENTICAL,0.0000000000000000,0.0000000000000000,
ColemanTransform.0.0.9,fl_pitcom,scalar,IDENTICAL,0.0000000000000000,0.0000000000000000,
ColemanTransform.0.0.9,nacimu_fa_accf,scalar,IDENTICAL,0.0000000000000000,0.0000000000000000,
ColemanTransform.0.0.9,fa_accf,scalar,IDENTICAL,0.0000000000000000,0.0000000000000000,
ColemanTransform.0.0.9,fa_hist,scalar,IDENTICAL,0,0,
ColemanTransform.0.0.9,tra_lastrefspd,scalar,IDENTICAL,0.0000000000000000,0.0000000000000000,
ColemanTransform.0.0.9,vs_refspeed,scalar,IDENTICAL,0.0000000000000000,0.0000000000000000,
ColemanTransform.0.0.9,ptfmtdx,scalar,IDENTICAL,0.0000000000000000,0.0000000000000000,
ColemanTransform.0.0.9,ptfmtdy,scalar,IDENTICAL,0.0000000000000000,0.0000000000000000,
ColemanTransform.0.0.9,ptfmtdz,scalar,IDENTICAL,0.0000000000000000,0.0000000000000000,
ColemanTransform.0.0.9,ptfmrdx,scalar,IDENTICAL,0.0000000000000000,0.0000000000000000,
ColemanTransform.0.0.9,ptfmrdy,scalar,IDENTICAL,0.0000000000000000,0.0000000000000000,
ColemanTransform.0.0.9,ptfmrdz,scalar,IDENTICAL,0.0000000000000000,0.0000000000000000,
ColemanTransform.0.0.9,ptfmtvx,scalar,IDENTICAL,0.0000000000000000,0.0000000000000000,
ColemanTransform.0.0.9,ptfmtvy,scalar,IDENTICAL,0.0000000000000000,0.0000000000000000,
ColemanTransform.0.0.9,ptfmtvz,scalar,IDENTICAL,0.0000000000000000,0.0000000000000000,
ColemanTransform.0.0.9,ptfmrvx,scalar,IDENTICAL,0.0000000000000000,0.0000000000000000,
ColemanTransform.0.0.9,ptfmrvy,scalar,IDENTICAL,0.0000000000000000,0.0000000000000000,
ColemanTransform.0.0.9,ptfmrvz,scalar,IDENTICAL,0.0000000000000000,0.0000000000000000,
ColemanTransform.0.0.9,ptfmtax,scalar,IDENTICAL,0.0000000000000000,0.0000000000000000,
ColemanTransform.0.0.9,ptfmtay,scalar,IDENTICAL,0.0000000000000000,0.0000000000000000,
ColemanTransform.0.0.9,ptfmtaz,scalar,IDENTICAL,0.0000000000000000,0.0000000000000000,
ColemanTransform.0.0.9,ptfmrax,scalar,IDENTICAL,0.0000000000000000,0.0000000000000000,
ColemanTransform.0.0.9,ptfmray,scalar,IDENTICAL,0.0000000000000000,0.0000000000000000,
ColemanTransform.0.0.9,ptfmraz,scalar,IDENTICAL,0.0000000000000000,0.0000000000000000,
ColemanTransform.0.0.9,cc_desiredl,array,IDENTICAL,,,size=          12
ColemanTransform.0.0.9,cc_actuatedl,array,IDENTICAL,,,size=          12
ColemanTransform.0.0.9,cc_actuateddl,array,IDENTICAL,,,size=          12
ColemanTransform.0.0.9,stc_input,array,IDENTICAL,,,size=          12
ColemanTransform.0.0.9,flp_angle,array,IDENTICAL,,,size=           3
ColemanTransform.0.0.9,rootmyb_last,array,IDENTICAL,,,size=           3
ColemanTransform.0.0.9,acc_infile_size,scalar,IDENTICAL,42,42,
ColemanTransform.0.0.9,acc_infile,array,IDENTICAL,,,size=          42
ColemanTransform.0.0.9,restart,scalar,IDENTICAL,F,F,
ColemanTransform.0.0.9,awc_complexangle,array,IDENTICAL,,,size=           3
ColemanTransform.0.0.9,tiltmean,scalar,IDENTICAL,0.0000000000000000,0.0000000000000000,
ColemanTransform.0.0.9,yawmean,scalar,IDENTICAL,0.0000000000000000,0.0000000000000000,
ColemanTransform.0.0.9,zmq_id,scalar,IDENTICAL,0,0,
ColemanTransform.0.0.9,zmq_yawoffset,scalar,IDENTICAL,0.0000000000000000,0.0000000000000000,
ColemanTransform.0.0.9,zmq_torqueoffset,scalar,IDENTICAL,0.0000000000000000,0.0000000000000000,
ColemanTransform.0.0.9,zmq_pitoffset,array,IDENTICAL,,,size=           3
ColemanTransform.0.0.9,zmq_r_speed,scalar,IDENTICAL,0.0000000000000000,0.0000000000000000,
ColemanTransform.0.0.9,zmq_r_torque,scalar,IDENTICAL,0.0000000000000000,0.0000000000000000,
ColemanTransform.0.0.9,zmq_r_pitch,scalar,IDENTICAL,0.0000000000000000,0.0000000000000000,
ColemanTransform.0.0.9,om_r,scalar,IDENTICAL,0.0000000000000000,0.0000000000000000,
ColemanTransform.0.0.9,v_t,scalar,IDENTICAL,0.0000000000000000,0.0000000000000000,
ColemanTransform.0.0.9,v_m,scalar,IDENTICAL,0.0000000000000000,0.0000000000000000,
ColemanTransform.0.0.9,v_h,scalar,IDENTICAL,0.0000000000000000,0.0000000000000000,
ColemanTransform.0.0.9,p,array,IDENTICAL,,,size=           9
ColemanTransform.0.0.9,xh,array,IDENTICAL,,,size=           3
ColemanTransform.0.0.9,k,array,IDENTICAL,,,size=           3
ColemanTransform.0.0.9,lpf1_a1,array,IDENTICAL,,,size=        1024
ColemanTransform.0.0.9,lpf1_a0,array,IDENTICAL,,,size=        1024
ColemanTransform.0.0.9,lpf1_b1,array,IDENTICAL,,,size=        1024
ColemanTransform.0.0.9,lpf1_b0,array,IDENTICAL,,,size=        1024
ColemanTransform.0.0.9,lpf1_inputsignallast,array,IDENTICAL,,,size=        1024
ColemanTransform.0.0.9,lpf1_outputsignallast,array,IDENTICAL,,,size=        1024
ColemanTransform.0.0.9,lpf2_a2,array,IDENTICAL,,,size=        1024
ColemanTransform.0.0.9,lpf2_a1,array,IDENTICAL,,,size=        1024
ColemanTransform.0.0.9,lpf2_a0,array,IDENTICAL,,,size=        1024
ColemanTransform.0.0.9,lpf2_b2,array,IDENTICAL,,,size=        1024
ColemanTransform.0.0.9,lpf2_b1,array,IDENTICAL,,,size=        1024
ColemanTransform.0.0.9,lpf2_b0,array,IDENTICAL,,,size=        1024
ColemanTransform.0.0.9,lpf2_inputsignallast2,array,IDENTICAL,,,size=        1024
ColemanTransform.0.0.9,lpf2_outputsignallast2,array,IDENTICAL,,,size=        1024
ColemanTransform.0.0.9,lpf2_inputsignallast1,array,IDENTICAL,,,size=        1024
ColemanTransform.0.0.9,lpf2_outputsignallast1,array,IDENTICAL,,,size=        1024
ColemanTransform.0.0.9,lpfv_a2,array,IDENTICAL,,,size=        1024
ColemanTransform.0.0.9,lpfv_a1,array,IDENTICAL,,,size=        1024
ColemanTransform.0.0.9,lpfv_a0,array,IDENTICAL,,,size=        1024
ColemanTransform.0.0.9,lpfv_b2,array,IDENTICAL,,,size=        1024
ColemanTransform.0.0.9,lpfv_b1,array,IDENTICAL,,,size=        1024
ColemanTransform.0.0.9,lpfv_b0,array,IDENTICAL,,,size=        1024
ColemanTransform.0.0.9,lpfv_inputsignallast2,array,IDENTICAL,,,size=        1024
ColemanTransform.0.0.9,lpfv_outputsignallast2,array,IDENTICAL,,,size=        1024
ColemanTransform.0.0.9,lpfv_inputsignallast1,array,IDENTICAL,,,size=        1024
ColemanTransform.0.0.9,lpfv_outputsignallast1,array,IDENTICAL,,,size=        1024
ColemanTransform.0.0.9,hpf_inputsignallast,array,IDENTICAL,,,size=        1024
ColemanTransform.0.0.9,hpf_outputsignallast,array,IDENTICAL,,,size=        1024
ColemanTransform.0.0.9,nfs_outputsignallast1,array,IDENTICAL,,,size=        1024
ColemanTransform.0.0.9,nfs_outputsignallast2,array,IDENTICAL,,,size=        1024
ColemanTransform.0.0.9,nfs_inputsignallast1,array,IDENTICAL,,,size=        1024
ColemanTransform.0.0.9,nfs_inputsignallast2,array,IDENTICAL,,,size=        1024
ColemanTransform.0.0.9,nfs_b2,array,IDENTICAL,,,size=        1024
ColemanTransform.0.0.9,nfs_b0,array,IDENTICAL,,,size=        1024
ColemanTransform.0.0.9,nfs_a2,array,IDENTICAL,,,size=        1024
ColemanTransform.0.0.9,nfs_a1,array,IDENTICAL,,,size=        1024
ColemanTransform.0.0.9,nfs_a0,array,IDENTICAL,,,size=        1024
ColemanTransform.0.0.9,nf_outputsignallast1,array,IDENTICAL,,,size=        1024
ColemanTransform.0.0.9,nf_outputsignallast2,array,IDENTICAL,,,size=        1024
ColemanTransform.0.0.9,nf_inputsignallast1,array,IDENTICAL,,,size=        1024
ColemanTransform.0.0.9,nf_inputsignallast2,array,IDENTICAL,,,size=        1024
ColemanTransform.0.0.9,nf_b2,array,IDENTICAL,,,size=        1024
ColemanTransform.0.0.9,nf_b1,array,IDENTICAL,,,size=        1024
ColemanTransform.0.0.9,nf_b0,array,IDENTICAL,,,size=        1024
ColemanTransform.0.0.9,nf_a1,array,IDENTICAL,,,size=        1024
ColemanTransform.0.0.9,nf_a0,array,IDENTICAL,,,size=        1024
ColemanTransform.0.0.9,iterm,array,IDENTICAL,,,size=        1024
ColemanTransform.0.0.9,itermlast,array,IDENTICAL,,,size=        1024
ColemanTransform.0.0.9,iterm2,array,IDENTICAL,,,size=        1024
ColemanTransform.0.0.9,itermlast2,array,IDENTICAL,,,size=        1024
ColemanTransform.0.0.9,elast,array,IDENTICAL,,,size=        1024
ColemanTransform.0.0.9,res_outputsignallast1,array,IDENTICAL,,,size=        1024
ColemanTransform.0.0.9,res_outputsignallast2,array,IDENTICAL,,,size=        1024
ColemanTransform.0.0.9,res_inputsignallast1,array,IDENTICAL,,,size=        1024
ColemanTransform.0.0.9,res_inputsignallast2,array,IDENTICAL,,,size=        1024
ColemanTransform.0.0.9,lastsignal,array,IDENTICAL,,,size=        1024
ColemanTransform.0.0.10,istatus,scalar,IDENTICAL,1,1,
ColemanTransform.0.0.10,alreadyinitialized,scalar,IDENTICAL,0,0,
ColemanTransform.0.0.10,restartwse,scalar,IDENTICAL,1,1,
ColemanTransform.0.0.10,time,scalar,IDENTICAL,0.22499999403953552,0.22499999403953552,
ColemanTransform.0.0.10,dt,scalar,IDENTICAL,2.5000000372529030E-002,2.5000000372529030E-002,
ColemanTransform.0.0.10,writethisstep,scalar,IDENTICAL,F,F,
ColemanTransform.0.0.10,n_dt,scalar,IDENTICAL,9,9,
ColemanTransform.0.0.10,time_last,scalar,IDENTICAL,0.0000000000000000,0.0000000000000000,
ColemanTransform.0.0.10,vs_genpwr,scalar,IDENTICAL,0.0000000000000000,0.0000000000000000,
ColemanTransform.0.0.10,genspeed,scalar,IDENTICAL,41.275062561035156,41.275062561035156,
ColemanTransform.0.0.10,rotspeed,scalar,IDENTICAL,0.42551612854003906,0.42551612854003906,
ColemanTransform.0.0.10,nacheading,scalar,IDENTICAL,0.0000000000000000,0.0000000000000000,
ColemanTransform.0.0.10,nacvane,scalar,IDENTICAL,0.0000000000000000,0.0000000000000000,
ColemanTransform.0.0.10,nacvanef,scalar,IDENTICAL,0.0000000000000000,0.0000000000000000,
ColemanTransform.0.0.10,winddir,scalar,IDENTICAL,0.0000000000000000,0.0000000000000000,
ColemanTransform.0.0.10,horwindv,scalar,IDENTICAL,9.0000000000000000,9.0000000000000000,
ColemanTransform.0.0.10,horwindv_f,scalar,IDENTICAL,9.9823556585402855,9.9823556585402855,
ColemanTransform.0.0.10,rootmoop,array,IDENTICAL,,,size=           3
ColemanTransform.0.0.10,rootmoopf,array,IDENTICAL,,,size=           3
ColemanTransform.0.0.10,blpitch,array,IDENTICAL,,,size=           3
ColemanTransform.0.0.10,blpitchcmeas,scalar,IDENTICAL,2.3854352679789454E-003,2.3854352679789454E-003,
ColemanTransform.0.0.10,azimuth,scalar,IDENTICAL,0.0000000000000000,0.0000000000000000,
ColemanTransform.0.0.10,ol_azimuth,scalar,IDENTICAL,0.0000000000000000,0.0000000000000000,
ColemanTransform.0.0.10,azunwrapped,scalar,IDENTICAL,0.0000000000000000,0.0000000000000000,
ColemanTransform.0.0.10,azerror,scalar,IDENTICAL,0.0000000000000000,0.0000000000000000,
ColemanTransform.0.0.10,gentqaz,scalar,IDENTICAL,0.0000000000000000,0.0000000000000000,
ColemanTransform.0.0.10,azbuffer,array,IDENTICAL,,,size=           2
ColemanTransform.0.0.10,numbl,scalar,IDENTICAL,3,3,
ColemanTransform.0.0.10,fa_acc_tt,scalar,IDENTICAL,0.0000000000000000,0.0000000000000000,
ColemanTransform.0.0.10,ss_acc_tt,scalar,IDENTICAL,0.0000000000000000,0.0000000000000000,
ColemanTransform.0.0.10,fa_acc_nac,scalar,IDENTICAL,0.0000000000000000,0.0000000000000000,
ColemanTransform.0.0.10,nacimu_fa_racc,scalar,IDENTICAL,0.0000000000000000,0.0000000000000000,
ColemanTransform.0.0.10,fa_acchpf,scalar,IDENTICAL,0.0000000000000000,0.0000000000000000,
ColemanTransform.0.0.10,fa_acchpfi,scalar,IDENTICAL,0.0000000000000000,0.0000000000000000,
ColemanTransform.0.0.10,fa_pitcom,array,IDENTICAL,,,size=           3
ColemanTransform.0.0.10,vs_refspd,scalar,IDENTICAL,115.45898940468081,115.45898940468081,
ColemanTransform.0.0.10,vs_refspd_tsr,scalar,IDENTICAL,115.27244034266758,115.27244034266758,
ColemanTransform.0.0.10,vs_refspd_tra,scalar,IDENTICAL,0.0000000000000000,0.0000000000000000,
ColemanTransform.0.0.10,vs_refspd_rl,scalar,IDENTICAL,0.0000000000000000,0.0000000000000000,
ColemanTransform.0.0.10,pc_refspd,scalar,IDENTICAL,129.07776506857360,129.07776506857360,
ColemanTransform.0.0.10,pc_refspd_ss,scalar,IDENTICAL,129.07776506857360,129.07776506857360,
ColemanTransform.0.0.10,pc_refspd_prc,scalar,IDENTICAL,122.90967000000001,122.90967000000001,
ColemanTransform.0.0.10,rotspeedf,scalar,IDENTICAL,0.57489554120198427,0.57489554120198427,
ColemanTransform.0.0.10,genspeedf,scalar,IDENTICAL,30.497685253368154,30.497685253368154,
ColemanTransform.0.0.10,gentq,scalar,IDENTICAL,4.0012343203539374E-150,4.0012343203539374E-150,
ColemanTransform.0.0.10,gentqmeas,scalar,IDENTICAL,0.0000000000000000,0.0000000000000000,
ColemanTransform.0.0.10,genartq,scalar,IDENTICAL,0.0000000000000000,0.0000000000000000,
ColemanTransform.0.0.10,genbrtq,scalar,IDENTICAL,0.0000000000000000,0.0000000000000000,
ColemanTransform.0.0.10,vs_komega2_gentq,scalar,IDENTICAL,2149.0629012724044,2149.0629012724044,
ColemanTransform.0.0.10,vs_constpwr_gentq,scalar,IDENTICAL,173672.53040643697,173672.53040643697,
ColemanTransform.0.0.10,ipc_pitcomf,array,IDENTICAL,,,size=           3
ColemanTransform.0.0.10,pc_kp,scalar,IDENTICAL,-2.0750000000000001E-002,-2.0750000000000001E-002,
ColemanTransform.0.0.10,pc_ki,scalar,IDENTICAL,-8.4169999999999991E-003,-8.4169999999999991E-003,
ColemanTransform.0.0.10,pc_kd,scalar,IDENTICAL,0.0000000000000000,0.0000000000000000,
ColemanTransform.0.0.10,pc_tf,scalar,IDENTICAL,0.0000000000000000,0.0000000000000000,
ColemanTransform.0.0.10,pc_maxpit,scalar,IDENTICAL,1.5700000000000001,1.5700000000000001,
ColemanTransform.0.0.10,pc_minpit,scalar,IDENTICAL,2.3731459362740580E-003,2.3731459362740580E-003,
ColemanTransform.0.0.10,pc_pitcomt,scalar,IDENTICAL,2.3731459362740580E-003,2.3731459362740580E-003,
ColemanTransform.0.0.10,pc_pitcomt_last,scalar,IDENTICAL,2.3854352679789459E-003,2.3854352679789459E-003,
ColemanTransform.0.0.10,blpitchcmeasf,scalar,IDENTICAL,9.1229643208772895E-005,9.1229643208772895E-005,
ColemanTransform.0.0.10,pc_pitcomt_ipc,array,IDENTICAL,,,size=           3
ColemanTransform.0.0.10,pc_pwrerr,scalar,IDENTICAL,5000000.0000000000,5000000.0000000000,
ColemanTransform.0.0.10,pc_spderr,scalar,IDENTICAL,98.580079815205437,98.580079815205437,
ColemanTransform.0.0.10,ipc_axistilt_1p,scalar,IDENTICAL,0.0000000000000000,0.0000000000000000,
ColemanTransform.0.0.10,ipc_axisyaw_1p,scalar,IDENTICAL,0.0000000000000000,0.0000000000000000,
ColemanTransform.0.0.10,ipc_axistilt_2p,scalar,IDENTICAL,0.0000000000000000,0.0000000000000000,
ColemanTransform.0.0.10,ipc_axisyaw_2p,scalar,IDENTICAL,0.0000000000000000,0.0000000000000000,
ColemanTransform.0.0.10,axistilt_1p,scalar,IDENTICAL,0.0000000000000000,0.0000000000000000,
ColemanTransform.0.0.10,axisyaw_1p,scalar,IDENTICAL,0.0000000000000000,0.0000000000000000,
ColemanTransform.0.0.10,axisyawf_1p,scalar,IDENTICAL,0.0000000000000000,0.0000000000000000,
ColemanTransform.0.0.10,axistilt_2p,scalar,IDENTICAL,0.0000000000000000,0.0000000000000000,
ColemanTransform.0.0.10,axisyaw_2p,scalar,IDENTICAL,0.0000000000000000,0.0000000000000000,
ColemanTransform.0.0.10,axisyawf_2p,scalar,IDENTICAL,0.0000000000000000,0.0000000000000000,
ColemanTransform.0.0.10,ipc_ki,array,IDENTICAL,,,size=           2
ColemanTransform.0.0.10,ipc_kp,array,IDENTICAL,,,size=           2
ColemanTransform.0.0.10,ipc_intsat,scalar,IDENTICAL,2.3957913576064544E-003,2.3957913576064544E-003,
ColemanTransform.0.0.10,pc_state,scalar,IDENTICAL,1,1,
ColemanTransform.0.0.10,pitcom,array,IDENTICAL,,,size=           3
ColemanTransform.0.0.10,pitcom_sd,array,IDENTICAL,,,size=           3
ColemanTransform.0.0.10,pitcomact,array,IDENTICAL,,,size=           3
ColemanTransform.0.0.10,ss_delomegaf,scalar,IDENTICAL,-6.1665558699394820,-6.1665558699394820,
ColemanTransform.0.0.10,testtype,scalar,IDENTICAL,0.0000000000000000,0.0000000000000000,
ColemanTransform.0.0.10,kp_float,scalar,IDENTICAL,0.0000000000000000,0.0000000000000000,
ColemanTransform.0.0.10,vs_maxtq,scalar,IDENTICAL,47402.900000000001,47402.900000000001,
ColemanTransform.0.0.10,vs_lastgentrq,scalar,IDENTICAL,4.0012343203539374E-150,4.0012343203539374E-150,
ColemanTransform.0.0.10,vs_lastgenpwr,scalar,IDENTICAL,0.0000000000000000,0.0000000000000000,
ColemanTransform.0.0.10,vs_mechgenpwr,scalar,IDENTICAL,0.0000000000000000,0.0000000000000000,
ColemanTransform.0.0.10,vs_spderrar,scalar,IDENTICAL,84.961304151312646,84.961304151312646,
ColemanTransform.0.0.10,vs_spderrbr,scalar,IDENTICAL,4.1451747466318452,4.1451747466318452,
ColemanTransform.0.0.10,vs_spderr,scalar,IDENTICAL,84.961304151312646,84.961304151312646,
ColemanTransform.0.0.10,vs_state,scalar,IDENTICAL,1,1,
ColemanTransform.0.0.10,vs_rgn3pitch,scalar,IDENTICAL,1.9823145936274059E-002,1.9823145936274059E-002,
ColemanTransform.0.0.10,we_vw,scalar,IDENTICAL,9.9823556585402855,9.9823556585402855,
ColemanTransform.0.0.10,we_vw_f,scalar,IDENTICAL,9.9988305522978145,9.9988305522978145,
ColemanTransform.0.0.10,we_vwi,scalar,IDENTICAL,10.000000000000000,10.000000000000000,
ColemanTransform.0.0.10,we_vwidot,scalar,IDENTICAL,0.0000000000000000,0.0000000000000000,
ColemanTransform.0.0.10,we_op,scalar,IDENTICAL,0,0,
ColemanTransform.0.0.10,we_op_last,scalar,IDENTICAL,0,0,
ColemanTransform.0.0.10,vs_lastgentrqf,scalar,IDENTICAL,1.4177969931957253,1.4177969931957253,
ColemanTransform.0.0.10,prc_wse_f,scalar,IDENTICAL,0.0000000000000000,0.0000000000000000,
ColemanTransform.0.0.10,prc_r_speed,scalar,IDENTICAL,1.0000000000000000,1.0000000000000000,
ColemanTransform.0.0.10,prc_r_torque,scalar,IDENTICAL,1.0000000000000000,1.0000000000000000,
ColemanTransform.0.0.10,prc_r_pitch,scalar,IDENTICAL,1.0000000000000000,1.0000000000000000,
ColemanTransform.0.0.10,prc_r_total,scalar,IDENTICAL,0.0000000000000000,0.0000000000000000,
ColemanTransform.0.0.10,prc_min_pitch,scalar,IDENTICAL,0.0000000000000000,0.0000000000000000,
ColemanTransform.0.0.10,ps_min_pitch,scalar,IDENTICAL,2.3731459362740580E-003,2.3731459362740580E-003,
ColemanTransform.0.0.10,ol_index,scalar,IDENTICAL,0.22499999403953552,0.22499999403953552,
ColemanTransform.0.0.10,su_stage,scalar,IDENTICAL,0,0,
ColemanTransform.0.0.10,su_loadstagestarttime,scalar,IDENTICAL,0.0000000000000000,0.0000000000000000,
ColemanTransform.0.0.10,su_rotspeedf,scalar,IDENTICAL,0.0000000000000000,0.0000000000000000,
ColemanTransform.0.0.10,sd_trigger,scalar,IDENTICAL,0,0,
ColemanTransform.0.0.10,sd_blpitchf,scalar,IDENTICAL,0.0000000000000000,0.0000000000000000,
ColemanTransform.0.0.10,sd_nacvanef,scalar,IDENTICAL,0.0000000000000000,0.0000000000000000,
ColemanTransform.0.0.10,sd_genspeedf,scalar,IDENTICAL,0.0000000000000000,0.0000000000000000,
ColemanTransform.0.0.10,sd_stage,scalar,IDENTICAL,0,0,
ColemanTransform.0.0.10,sd_stagestarttime,scalar,IDENTICAL,0.0000000000000000,0.0000000000000000,
ColemanTransform.0.0.10,sd_maxpitchrate,scalar,IDENTICAL,0.0000000000000000,0.0000000000000000,
ColemanTransform.0.0.10,sd_maxtorquerate,scalar,IDENTICAL,0.0000000000000000,0.0000000000000000,
ColemanTransform.0.0.10,gentq_sd,scalar,IDENTICAL,0.0000000000000000,0.0000000000000000,
ColemanTransform.0.0.10,fl_pitcom,scalar,IDENTICAL,0.0000000000000000,0.0000000000000000,
ColemanTransform.0.0.10,nacimu_fa_accf,scalar,IDENTICAL,0.0000000000000000,0.0000000000000000,
ColemanTransform.0.0.10,fa_accf,scalar,IDENTICAL,0.0000000000000000,0.0000000000000000,
ColemanTransform.0.0.10,fa_hist,scalar,IDENTICAL,0,0,
ColemanTransform.0.0.10,tra_lastrefspd,scalar,IDENTICAL,0.0000000000000000,0.0000000000000000,
ColemanTransform.0.0.10,vs_refspeed,scalar,IDENTICAL,0.0000000000000000,0.0000000000000000,
ColemanTransform.0.0.10,ptfmtdx,scalar,IDENTICAL,0.0000000000000000,0.0000000000000000,
ColemanTransform.0.0.10,ptfmtdy,scalar,IDENTICAL,0.0000000000000000,0.0000000000000000,
ColemanTransform.0.0.10,ptfmtdz,scalar,IDENTICAL,0.0000000000000000,0.0000000000000000,
ColemanTransform.0.0.10,ptfmrdx,scalar,IDENTICAL,0.0000000000000000,0.0000000000000000,
ColemanTransform.0.0.10,ptfmrdy,scalar,IDENTICAL,0.0000000000000000,0.0000000000000000,
ColemanTransform.0.0.10,ptfmrdz,scalar,IDENTICAL,0.0000000000000000,0.0000000000000000,
ColemanTransform.0.0.10,ptfmtvx,scalar,IDENTICAL,0.0000000000000000,0.0000000000000000,
ColemanTransform.0.0.10,ptfmtvy,scalar,IDENTICAL,0.0000000000000000,0.0000000000000000,
ColemanTransform.0.0.10,ptfmtvz,scalar,IDENTICAL,0.0000000000000000,0.0000000000000000,
ColemanTransform.0.0.10,ptfmrvx,scalar,IDENTICAL,0.0000000000000000,0.0000000000000000,
ColemanTransform.0.0.10,ptfmrvy,scalar,IDENTICAL,0.0000000000000000,0.0000000000000000,
ColemanTransform.0.0.10,ptfmrvz,scalar,IDENTICAL,0.0000000000000000,0.0000000000000000,
ColemanTransform.0.0.10,ptfmtax,scalar,IDENTICAL,0.0000000000000000,0.0000000000000000,
ColemanTransform.0.0.10,ptfmtay,scalar,IDENTICAL,0.0000000000000000,0.0000000000000000,
ColemanTransform.0.0.10,ptfmtaz,scalar,IDENTICAL,0.0000000000000000,0.0000000000000000,
ColemanTransform.0.0.10,ptfmrax,scalar,IDENTICAL,0.0000000000000000,0.0000000000000000,
ColemanTransform.0.0.10,ptfmray,scalar,IDENTICAL,0.0000000000000000,0.0000000000000000,
ColemanTransform.0.0.10,ptfmraz,scalar,IDENTICAL,0.0000000000000000,0.0000000000000000,
ColemanTransform.0.0.10,cc_desiredl,array,IDENTICAL,,,size=          12
ColemanTransform.0.0.10,cc_actuatedl,array,IDENTICAL,,,size=          12
ColemanTransform.0.0.10,cc_actuateddl,array,IDENTICAL,,,size=          12
ColemanTransform.0.0.10,stc_input,array,IDENTICAL,,,size=          12
ColemanTransform.0.0.10,flp_angle,array,IDENTICAL,,,size=           3
ColemanTransform.0.0.10,rootmyb_last,array,IDENTICAL,,,size=           3
ColemanTransform.0.0.10,acc_infile_size,scalar,IDENTICAL,42,42,
ColemanTransform.0.0.10,acc_infile,array,IDENTICAL,,,size=          42
ColemanTransform.0.0.10,restart,scalar,IDENTICAL,F,F,
ColemanTransform.0.0.10,awc_complexangle,array,IDENTICAL,,,size=           3
ColemanTransform.0.0.10,tiltmean,scalar,IDENTICAL,0.0000000000000000,0.0000000000000000,
ColemanTransform.0.0.10,yawmean,scalar,IDENTICAL,0.0000000000000000,0.0000000000000000,
ColemanTransform.0.0.10,zmq_id,scalar,IDENTICAL,0,0,
ColemanTransform.0.0.10,zmq_yawoffset,scalar,IDENTICAL,0.0000000000000000,0.0000000000000000,
ColemanTransform.0.0.10,zmq_torqueoffset,scalar,IDENTICAL,0.0000000000000000,0.0000000000000000,
ColemanTransform.0.0.10,zmq_pitoffset,array,IDENTICAL,,,size=           3
ColemanTransform.0.0.10,zmq_r_speed,scalar,IDENTICAL,0.0000000000000000,0.0000000000000000,
ColemanTransform.0.0.10,zmq_r_torque,scalar,IDENTICAL,0.0000000000000000,0.0000000000000000,
ColemanTransform.0.0.10,zmq_r_pitch,scalar,IDENTICAL,0.0000000000000000,0.0000000000000000,
ColemanTransform.0.0.10,om_r,scalar,IDENTICAL,0.0000000000000000,0.0000000000000000,
ColemanTransform.0.0.10,v_t,scalar,IDENTICAL,0.0000000000000000,0.0000000000000000,
ColemanTransform.0.0.10,v_m,scalar,IDENTICAL,0.0000000000000000,0.0000000000000000,
ColemanTransform.0.0.10,v_h,scalar,IDENTICAL,0.0000000000000000,0.0000000000000000,
ColemanTransform.0.0.10,p,array,IDENTICAL,,,size=           9
ColemanTransform.0.0.10,xh,array,IDENTICAL,,,size=           3
ColemanTransform.0.0.10,k,array,IDENTICAL,,,size=           3
ColemanTransform.0.0.10,lpf1_a1,array,IDENTICAL,,,size=        1024
ColemanTransform.0.0.10,lpf1_a0,array,IDENTICAL,,,size=        1024
ColemanTransform.0.0.10,lpf1_b1,array,IDENTICAL,,,size=        1024
ColemanTransform.0.0.10,lpf1_b0,array,IDENTICAL,,,size=        1024
ColemanTransform.0.0.10,lpf1_inputsignallast,array,IDENTICAL,,,size=        1024
ColemanTransform.0.0.10,lpf1_outputsignallast,array,IDENTICAL,,,size=        1024
ColemanTransform.0.0.10,lpf2_a2,array,IDENTICAL,,,size=        1024
ColemanTransform.0.0.10,lpf2_a1,array,IDENTICAL,,,size=        1024
ColemanTransform.0.0.10,lpf2_a0,array,IDENTICAL,,,size=        1024
ColemanTransform.0.0.10,lpf2_b2,array,IDENTICAL,,,size=        1024
ColemanTransform.0.0.10,lpf2_b1,array,IDENTICAL,,,size=        1024
ColemanTransform.0.0.10,lpf2_b0,array,IDENTICAL,,,size=        1024
ColemanTransform.0.0.10,lpf2_inputsignallast2,array,IDENTICAL,,,size=        1024
ColemanTransform.0.0.10,lpf2_outputsignallast2,array,IDENTICAL,,,size=        1024
ColemanTransform.0.0.10,lpf2_inputsignallast1,array,IDENTICAL,,,size=        1024
ColemanTransform.0.0.10,lpf2_outputsignallast1,array,IDENTICAL,,,size=        1024
ColemanTransform.0.0.10,lpfv_a2,array,IDENTICAL,,,size=        1024
ColemanTransform.0.0.10,lpfv_a1,array,IDENTICAL,,,size=        1024
ColemanTransform.0.0.10,lpfv_a0,array,IDENTICAL,,,size=        1024
ColemanTransform.0.0.10,lpfv_b2,array,IDENTICAL,,,size=        1024
ColemanTransform.0.0.10,lpfv_b1,array,IDENTICAL,,,size=        1024
ColemanTransform.0.0.10,lpfv_b0,array,IDENTICAL,,,size=        1024
ColemanTransform.0.0.10,lpfv_inputsignallast2,array,IDENTICAL,,,size=        1024
ColemanTransform.0.0.10,lpfv_outputsignallast2,array,IDENTICAL,,,size=        1024
ColemanTransform.0.0.10,lpfv_inputsignallast1,array,IDENTICAL,,,size=        1024
ColemanTransform.0.0.10,lpfv_outputsignallast1,array,IDENTICAL,,,size=        1024
ColemanTransform.0.0.10,hpf_inputsignallast,array,IDENTICAL,,,size=        1024
ColemanTransform.0.0.10,hpf_outputsignallast,array,IDENTICAL,,,size=        1024
ColemanTransform.0.0.10,nfs_outputsignallast1,array,IDENTICAL,,,size=        1024
ColemanTransform.0.0.10,nfs_outputsignallast2,array,IDENTICAL,,,size=        1024
ColemanTransform.0.0.10,nfs_inputsignallast1,array,IDENTICAL,,,size=        1024
ColemanTransform.0.0.10,nfs_inputsignallast2,array,IDENTICAL,,,size=        1024
ColemanTransform.0.0.10,nfs_b2,array,IDENTICAL,,,size=        1024
ColemanTransform.0.0.10,nfs_b0,array,IDENTICAL,,,size=        1024
ColemanTransform.0.0.10,nfs_a2,array,IDENTICAL,,,size=        1024
ColemanTransform.0.0.10,nfs_a1,array,IDENTICAL,,,size=        1024
ColemanTransform.0.0.10,nfs_a0,array,IDENTICAL,,,size=        1024
ColemanTransform.0.0.10,nf_outputsignallast1,array,IDENTICAL,,,size=        1024
ColemanTransform.0.0.10,nf_outputsignallast2,array,IDENTICAL,,,size=        1024
ColemanTransform.0.0.10,nf_inputsignallast1,array,IDENTICAL,,,size=        1024
ColemanTransform.0.0.10,nf_inputsignallast2,array,IDENTICAL,,,size=        1024
ColemanTransform.0.0.10,nf_b2,array,IDENTICAL,,,size=        1024
ColemanTransform.0.0.10,nf_b1,array,IDENTICAL,,,size=        1024
ColemanTransform.0.0.10,nf_b0,array,IDENTICAL,,,size=        1024
ColemanTransform.0.0.10,nf_a1,array,IDENTICAL,,,size=        1024
ColemanTransform.0.0.10,nf_a0,array,IDENTICAL,,,size=        1024
ColemanTransform.0.0.10,iterm,array,IDENTICAL,,,size=        1024
ColemanTransform.0.0.10,itermlast,array,IDENTICAL,,,size=        1024
ColemanTransform.0.0.10,iterm2,array,IDENTICAL,,,size=        1024
ColemanTransform.0.0.10,itermlast2,array,IDENTICAL,,,size=        1024
ColemanTransform.0.0.10,elast,array,IDENTICAL,,,size=        1024
ColemanTransform.0.0.10,res_outputsignallast1,array,IDENTICAL,,,size=        1024
ColemanTransform.0.0.10,res_outputsignallast2,array,IDENTICAL,,,size=        1024
ColemanTransform.0.0.10,res_inputsignallast1,array,IDENTICAL,,,size=        1024
ColemanTransform.0.0.10,res_inputsignallast2,array,IDENTICAL,,,size=        1024
ColemanTransform.0.0.10,lastsignal,array,IDENTICAL,,,size=        1024
ColemanTransform.0.0.11,istatus,scalar,IDENTICAL,1,1,
ColemanTransform.0.0.11,alreadyinitialized,scalar,IDENTICAL,0,0,
ColemanTransform.0.0.11,restartwse,scalar,IDENTICAL,1,1,
ColemanTransform.0.0.11,time,scalar,IDENTICAL,0.25000000000000000,0.25000000000000000,
ColemanTransform.0.0.11,dt,scalar,IDENTICAL,2.5000000372529030E-002,2.5000000372529030E-002,
ColemanTransform.0.0.11,writethisstep,scalar,IDENTICAL,F,F,
ColemanTransform.0.0.11,n_dt,scalar,IDENTICAL,10,10,
ColemanTransform.0.0.11,time_last,scalar,IDENTICAL,0.0000000000000000,0.0000000000000000,
ColemanTransform.0.0.11,vs_genpwr,scalar,IDENTICAL,0.0000000000000000,0.0000000000000000,
ColemanTransform.0.0.11,genspeed,scalar,IDENTICAL,41.347961425781250,41.347961425781250,
ColemanTransform.0.0.11,rotspeed,scalar,IDENTICAL,0.42626765370368958,0.42626765370368958,
ColemanTransform.0.0.11,nacheading,scalar,IDENTICAL,0.0000000000000000,0.0000000000000000,
ColemanTransform.0.0.11,nacvane,scalar,IDENTICAL,0.0000000000000000,0.0000000000000000,
ColemanTransform.0.0.11,nacvanef,scalar,IDENTICAL,0.0000000000000000,0.0000000000000000,
ColemanTransform.0.0.11,winddir,scalar,IDENTICAL,0.0000000000000000,0.0000000000000000,
ColemanTransform.0.0.11,horwindv,scalar,IDENTICAL,9.0000000000000000,9.0000000000000000,
ColemanTransform.0.0.11,horwindv_f,scalar,IDENTICAL,9.9803003651216784,9.9803003651216784,
ColemanTransform.0.0.11,rootmoop,array,IDENTICAL,,,size=           3
ColemanTransform.0.0.11,rootmoopf,array,IDENTICAL,,,size=           3
ColemanTransform.0.0.11,blpitch,array,IDENTICAL,,,size=           3
ColemanTransform.0.0.11,blpitchcmeas,scalar,IDENTICAL,2.3731459362740575E-003,2.3731459362740575E-003,
ColemanTransform.0.0.11,azimuth,scalar,IDENTICAL,0.0000000000000000,0.0000000000000000,
ColemanTransform.0.0.11,ol_azimuth,scalar,IDENTICAL,0.0000000000000000,0.0000000000000000,
ColemanTransform.0.0.11,azunwrapped,scalar,IDENTICAL,0.0000000000000000,0.0000000000000000,
ColemanTransform.0.0.11,azerror,scalar,IDENTICAL,0.0000000000000000,0.0000000000000000,
ColemanTransform.0.0.11,gentqaz,scalar,IDENTICAL,0.0000000000000000,0.0000000000000000,
ColemanTransform.0.0.11,azbuffer,array,IDENTICAL,,,size=           2
ColemanTransform.0.0.11,numbl,scalar,IDENTICAL,3,3,
ColemanTransform.0.0.11,fa_acc_tt,scalar,IDENTICAL,0.0000000000000000,0.0000000000000000,
ColemanTransform.0.0.11,ss_acc_tt,scalar,IDENTICAL,0.0000000000000000,0.0000000000000000,
ColemanTransform.0.0.11,fa_acc_nac,scalar,IDENTICAL,0.0000000000000000,0.0000000000000000,
ColemanTransform.0.0.11,nacimu_fa_racc,scalar,IDENTICAL,0.0000000000000000,0.0000000000000000,
ColemanTransform.0.0.11,fa_acchpf,scalar,IDENTICAL,0.0000000000000000,0.0000000000000000,
ColemanTransform.0.0.11,fa_acchpfi,scalar,IDENTICAL,0.0000000000000000,0.0000000000000000,
ColemanTransform.0.0.11,fa_pitcom,array,IDENTICAL,,,size=           3
ColemanTransform.0.0.11,vs_refspd,scalar,IDENTICAL,115.45487684797638,115.45487684797638,
ColemanTransform.0.0.11,vs_refspd_tsr,scalar,IDENTICAL,115.24870659723842,115.24870659723842,
ColemanTransform.0.0.11,vs_refspd_tra,scalar,IDENTICAL,0.0000000000000000,0.0000000000000000,
ColemanTransform.0.0.11,vs_refspd_rl,scalar,IDENTICAL,0.0000000000000000,0.0000000000000000,
ColemanTransform.0.0.11,pc_refspd,scalar,IDENTICAL,129.07622586993949,129.07622586993949,
ColemanTransform.0.0.11,pc_refspd_ss,scalar,IDENTICAL,129.07622586993949,129.07622586993949,
ColemanTransform.0.0.11,pc_refspd_prc,scalar,IDENTICAL,122.90967000000001,122.90967000000001,
ColemanTransform.0.0.11,rotspeedf,scalar,IDENTICAL,0.55319445113767818,0.55319445113767818,
ColemanTransform.0.0.11,genspeedf,scalar,IDENTICAL,32.072625383353071,32.072625383353071,
ColemanTransform.0.0.11,gentq,scalar,IDENTICAL,2.0187344419699040E-167,2.0187344419699040E-167,
ColemanTransform.0.0.11,gentqmeas,scalar,IDENTICAL,0.0000000000000000,0.0000000000000000,
ColemanTransform.0.0.11,genartq,scalar,IDENTICAL,0.0000000000000000,0.0000000000000000,
ColemanTransform.0.0.11,genbrtq,scalar,IDENTICAL,0.0000000000000000,0.0000000000000000,
ColemanTransform.0.0.11,vs_komega2_gentq,scalar,IDENTICAL,2376.7548799603273,2376.7548799603273,
ColemanTransform.0.0.11,vs_constpwr_gentq,scalar,IDENTICAL,165144.26574634796,165144.26574634796,
ColemanTransform.0.0.11,ipc_pitcomf,array,IDENTICAL,,,size=           3
ColemanTransform.0.0.11,pc_kp,scalar,IDENTICAL,-2.0750000000000001E-002,-2.0750000000000001E-002,
ColemanTransform.0.0.11,pc_ki,scalar,IDENTICAL,-8.4169999999999991E-003,-8.4169999999999991E-003,
ColemanTransform.0.0.11,pc_kd,scalar,IDENTICAL,0.0000000000000000,0.0000000000000000,
ColemanTransform.0.0.11,pc_tf,scalar,IDENTICAL,0.0000000000000000,0.0000000000000000,
ColemanTransform.0.0.11,pc_maxpit,scalar,IDENTICAL,1.5700000000000001,1.5700000000000001,
ColemanTransform.0.0.11,pc_minpit,scalar,IDENTICAL,2.3589679265388361E-003,2.3589679265388361E-003,
ColemanTransform.0.0.11,pc_pitcomt,scalar,IDENTICAL,2.3589679265388361E-003,2.3589679265388361E-003,
ColemanTransform.0.0.11,pc_pitcomt_last,scalar,IDENTICAL,2.3731459362740580E-003,2.3731459362740580E-003,
ColemanTransform.0.0.11,blpitchcmeasf,scalar,IDENTICAL,1.1481645928657898E-004,1.1481645928657898E-004,
ColemanTransform.0.0.11,pc_pitcomt_ipc,array,IDENTICAL,,,size=           3
ColemanTransform.0.0.11,pc_pwrerr,scalar,IDENTICAL,5000000.0000000000,5000000.0000000000,
ColemanTransform.0.0.11,pc_spderr,scalar,IDENTICAL,97.003600486586421,97.003600486586421,
ColemanTransform.0.0.11,ipc_axistilt_1p,scalar,IDENTICAL,0.0000000000000000,0.0000000000000000,
ColemanTransform.0.0.11,ipc_axisyaw_1p,scalar,IDENTICAL,0.0000000000000000,0.0000000000000000,
ColemanTransform.0.0.11,ipc_axistilt_2p,scalar,IDENTICAL,0.0000000000000000,0.0000000000000000,
ColemanTransform.0.0.11,ipc_axisyaw_2p,scalar,IDENTICAL,0.0000000000000000,0.0000000000000000,
ColemanTransform.0.0.11,axistilt_1p,scalar,IDENTICAL,0.0000000000000000,0.0000000000000000,
ColemanTransform.0.0.11,axisyaw_1p,scalar,IDENTICAL,0.0000000000000000,0.0000000000000000,
ColemanTransform.0.0.11,axisyawf_1p,scalar,IDENTICAL,0.0000000000000000,0.0000000000000000,
ColemanTransform.0.0.11,axistilt_2p,scalar,IDENTICAL,0.0000000000000000,0.0000000000000000,
ColemanTransform.0.0.11,axisyaw_2p,scalar,IDENTICAL,0.0000000000000000,0.0000000000000000,
ColemanTransform.0.0.11,axisyawf_2p,scalar,IDENTICAL,0.0000000000000000,0.0000000000000000,
ColemanTransform.0.0.11,ipc_ki,array,IDENTICAL,,,size=           2
ColemanTransform.0.0.11,ipc_kp,array,IDENTICAL,,,size=           2
ColemanTransform.0.0.11,ipc_intsat,scalar,IDENTICAL,2.3854352679789454E-003,2.3854352679789454E-003,
ColemanTransform.0.0.11,pc_state,scalar,IDENTICAL,1,1,
ColemanTransform.0.0.11,pitcom,array,IDENTICAL,,,size=           3
ColemanTransform.0.0.11,pitcom_sd,array,IDENTICAL,,,size=           3
ColemanTransform.0.0.11,pitcomact,array,IDENTICAL,,,size=           3
ColemanTransform.0.0.11,ss_delomegaf,scalar,IDENTICAL,-6.1650831287513146,-6.1650831287513146,
ColemanTransform.0.0.11,testtype,scalar,IDENTICAL,0.0000000000000000,0.0000000000000000,
ColemanTransform.0.0.11,kp_float,scalar,IDENTICAL,0.0000000000000000,0.0000000000000000,
ColemanTransform.0.0.11,vs_maxtq,scalar,IDENTICAL,47402.900000000001,47402.900000000001,
ColemanTransform.0.0.11,vs_lastgentrq,scalar,IDENTICAL,2.0187344419699040E-167,2.0187344419699040E-167,
ColemanTransform.0.0.11,vs_lastgenpwr,scalar,IDENTICAL,0.0000000000000000,0.0000000000000000,
ColemanTransform.0.0.11,vs_mechgenpwr,scalar,IDENTICAL,0.0000000000000000,0.0000000000000000,
ColemanTransform.0.0.11,vs_spderrar,scalar,IDENTICAL,83.382251464623309,83.382251464623309,
ColemanTransform.0.0.11,vs_spderrbr,scalar,IDENTICAL,2.5702346166469283,2.5702346166469283,
ColemanTransform.0.0.11,vs_spderr,scalar,IDENTICAL,83.382251464623309,83.382251464623309,
ColemanTransform.0.0.11,vs_state,scalar,IDENTICAL,1,1,
ColemanTransform.0.0.11,vs_rgn3pitch,scalar,IDENTICAL,1.9808967926538835E-002,1.9808967926538835E-002,
ColemanTransform.0.0.11,we_vw,scalar,IDENTICAL,9.9803003651216784,9.9803003651216784,
ColemanTransform.0.0.11,we_vw_f,scalar,IDENTICAL,9.9985104226733874,9.9985104226733874,
ColemanTransform.0.0.11,we_vwi,scalar,IDENTICAL,10.000000000000000,10.000000000000000,
ColemanTransform.0.0.11,we_vwidot,scalar,IDENTICAL,0.0000000000000000,0.0000000000000000,
ColemanTransform.0.0.11,we_op,scalar,IDENTICAL,0,0,
ColemanTransform.0.0.11,we_op_last,scalar,IDENTICAL,0,0,
ColemanTransform.0.0.11,vs_lastgentrqf,scalar,IDENTICAL,1.2532452879937273,1.2532452879937273,
ColemanTransform.0.0.11,prc_wse_f,scalar,IDENTICAL,0.0000000000000000,0.0000000000000000,
ColemanTransform.0.0.11,prc_r_speed,scalar,IDENTICAL,1.0000000000000000,1.0000000000000000,
ColemanTransform.0.0.11,prc_r_torque,scalar,IDENTICAL,1.0000000000000000,1.0000000000000000,
ColemanTransform.0.0.11,prc_r_pitch,scalar,IDENTICAL,1.0000000000000000,1.0000000000000000,
ColemanTransform.0.0.11,prc_r_total,scalar,IDENTICAL,0.0000000000000000,0.0000000000000000,
ColemanTransform.0.0.11,prc_min_pitch,scalar,IDENTICAL,0.0000000000000000,0.0000000000000000,
ColemanTransform.0.0.11,ps_min_pitch,scalar,IDENTICAL,2.3589679265388361E-003,2.3589679265388361E-003,
ColemanTransform.0.0.11,ol_index,scalar,IDENTICAL,0.25000000000000000,0.25000000000000000,
ColemanTransform.0.0.11,su_stage,scalar,IDENTICAL,0,0,
ColemanTransform.0.0.11,su_loadstagestarttime,scalar,IDENTICAL,0.0000000000000000,0.0000000000000000,
ColemanTransform.0.0.11,su_rotspeedf,scalar,IDENTICAL,0.0000000000000000,0.0000000000000000,
ColemanTransform.0.0.11,sd_trigger,scalar,IDENTICAL,0,0,
ColemanTransform.0.0.11,sd_blpitchf,scalar,IDENTICAL,0.0000000000000000,0.0000000000000000,
ColemanTransform.0.0.11,sd_nacvanef,scalar,IDENTICAL,0.0000000000000000,0.0000000000000000,
ColemanTransform.0.0.11,sd_genspeedf,scalar,IDENTICAL,0.0000000000000000,0.0000000000000000,
ColemanTransform.0.0.11,sd_stage,scalar,IDENTICAL,0,0,
ColemanTransform.0.0.11,sd_stagestarttime,scalar,IDENTICAL,0.0000000000000000,0.0000000000000000,
ColemanTransform.0.0.11,sd_maxpitchrate,scalar,IDENTICAL,0.0000000000000000,0.0000000000000000,
ColemanTransform.0.0.11,sd_maxtorquerate,scalar,IDENTICAL,0.0000000000000000,0.0000000000000000,
ColemanTransform.0.0.11,gentq_sd,scalar,IDENTICAL,0.0000000000000000,0.0000000000000000,
ColemanTransform.0.0.11,fl_pitcom,scalar,IDENTICAL,0.0000000000000000,0.0000000000000000,
ColemanTransform.0.0.11,nacimu_fa_accf,scalar,IDENTICAL,0.0000000000000000,0.0000000000000000,
ColemanTransform.0.0.11,fa_accf,scalar,IDENTICAL,0.0000000000000000,0.0000000000000000,
ColemanTransform.0.0.11,fa_hist,scalar,IDENTICAL,0,0,
ColemanTransform.0.0.11,tra_lastrefspd,scalar,IDENTICAL,0.0000000000000000,0.0000000000000000,
ColemanTransform.0.0.11,vs_refspeed,scalar,IDENTICAL,0.0000000000000000,0.0000000000000000,
ColemanTransform.0.0.11,ptfmtdx,scalar,IDENTICAL,0.0000000000000000,0.0000000000000000,
ColemanTransform.0.0.11,ptfmtdy,scalar,IDENTICAL,0.0000000000000000,0.0000000000000000,
ColemanTransform.0.0.11,ptfmtdz,scalar,IDENTICAL,0.0000000000000000,0.0000000000000000,
ColemanTransform.0.0.11,ptfmrdx,scalar,IDENTICAL,0.0000000000000000,0.0000000000000000,
ColemanTransform.0.0.11,ptfmrdy,scalar,IDENTICAL,0.0000000000000000,0.0000000000000000,
ColemanTransform.0.0.11,ptfmrdz,scalar,IDENTICAL,0.0000000000000000,0.0000000000000000,
ColemanTransform.0.0.11,ptfmtvx,scalar,IDENTICAL,0.0000000000000000,0.0000000000000000,
ColemanTransform.0.0.11,ptfmtvy,scalar,IDENTICAL,0.0000000000000000,0.0000000000000000,
ColemanTransform.0.0.11,ptfmtvz,scalar,IDENTICAL,0.0000000000000000,0.0000000000000000,
ColemanTransform.0.0.11,ptfmrvx,scalar,IDENTICAL,0.0000000000000000,0.0000000000000000,
ColemanTransform.0.0.11,ptfmrvy,scalar,IDENTICAL,0.0000000000000000,0.0000000000000000,
ColemanTransform.0.0.11,ptfmrvz,scalar,IDENTICAL,0.0000000000000000,0.0000000000000000,
ColemanTransform.0.0.11,ptfmtax,scalar,IDENTICAL,0.0000000000000000,0.0000000000000000,
ColemanTransform.0.0.11,ptfmtay,scalar,IDENTICAL,0.0000000000000000,0.0000000000000000,
ColemanTransform.0.0.11,ptfmtaz,scalar,IDENTICAL,0.0000000000000000,0.0000000000000000,
ColemanTransform.0.0.11,ptfmrax,scalar,IDENTICAL,0.0000000000000000,0.0000000000000000,
ColemanTransform.0.0.11,ptfmray,scalar,IDENTICAL,0.0000000000000000,0.0000000000000000,
ColemanTransform.0.0.11,ptfmraz,scalar,IDENTICAL,0.0000000000000000,0.0000000000000000,
ColemanTransform.0.0.11,cc_desiredl,array,IDENTICAL,,,size=          12
ColemanTransform.0.0.11,cc_actuatedl,array,IDENTICAL,,,size=          12
ColemanTransform.0.0.11,cc_actuateddl,array,IDENTICAL,,,size=          12
ColemanTransform.0.0.11,stc_input,array,IDENTICAL,,,size=          12
ColemanTransform.0.0.11,flp_angle,array,IDENTICAL,,,size=           3
ColemanTransform.0.0.11,rootmyb_last,array,IDENTICAL,,,size=           3
ColemanTransform.0.0.11,acc_infile_size,scalar,IDENTICAL,42,42,
ColemanTransform.0.0.11,acc_infile,array,IDENTICAL,,,size=          42
ColemanTransform.0.0.11,restart,scalar,IDENTICAL,F,F,
ColemanTransform.0.0.11,awc_complexangle,array,IDENTICAL,,,size=           3
ColemanTransform.0.0.11,tiltmean,scalar,IDENTICAL,0.0000000000000000,0.0000000000000000,
ColemanTransform.0.0.11,yawmean,scalar,IDENTICAL,0.0000000000000000,0.0000000000000000,
ColemanTransform.0.0.11,zmq_id,scalar,IDENTICAL,0,0,
ColemanTransform.0.0.11,zmq_yawoffset,scalar,IDENTICAL,0.0000000000000000,0.0000000000000000,
ColemanTransform.0.0.11,zmq_torqueoffset,scalar,IDENTICAL,0.0000000000000000,0.0000000000000000,
ColemanTransform.0.0.11,zmq_pitoffset,array,IDENTICAL,,,size=           3
ColemanTransform.0.0.11,zmq_r_speed,scalar,IDENTICAL,0.0000000000000000,0.0000000000000000,
ColemanTransform.0.0.11,zmq_r_torque,scalar,IDENTICAL,0.0000000000000000,0.0000000000000000,
ColemanTransform.0.0.11,zmq_r_pitch,scalar,IDENTICAL,0.0000000000000000,0.0000000000000000,
ColemanTransform.0.0.11,om_r,scalar,IDENTICAL,0.0000000000000000,0.0000000000000000,
ColemanTransform.0.0.11,v_t,scalar,IDENTICAL,0.0000000000000000,0.0000000000000000,
ColemanTransform.0.0.11,v_m,scalar,IDENTICAL,0.0000000000000000,0.0000000000000000,
ColemanTransform.0.0.11,v_h,scalar,IDENTICAL,0.0000000000000000,0.0000000000000000,
ColemanTransform.0.0.11,p,array,IDENTICAL,,,size=           9
ColemanTransform.0.0.11,xh,array,IDENTICAL,,,size=           3
ColemanTransform.0.0.11,k,array,IDENTICAL,,,size=           3
ColemanTransform.0.0.11,lpf1_a1,array,IDENTICAL,,,size=        1024
ColemanTransform.0.0.11,lpf1_a0,array,IDENTICAL,,,size=        1024
ColemanTransform.0.0.11,lpf1_b1,array,IDENTICAL,,,size=        1024
ColemanTransform.0.0.11,lpf1_b0,array,IDENTICAL,,,size=        1024
ColemanTransform.0.0.11,lpf1_inputsignallast,array,IDENTICAL,,,size=        1024
ColemanTransform.0.0.11,lpf1_outputsignallast,array,IDENTICAL,,,size=        1024
ColemanTransform.0.0.11,lpf2_a2,array,IDENTICAL,,,size=        1024
ColemanTransform.0.0.11,lpf2_a1,array,IDENTICAL,,,size=        1024
ColemanTransform.0.0.11,lpf2_a0,array,IDENTICAL,,,size=        1024
ColemanTransform.0.0.11,lpf2_b2,array,IDENTICAL,,,size=        1024
ColemanTransform.0.0.11,lpf2_b1,array,IDENTICAL,,,size=        1024
ColemanTransform.0.0.11,lpf2_b0,array,IDENTICAL,,,size=        1024
ColemanTransform.0.0.11,lpf2_inputsignallast2,array,IDENTICAL,,,size=        1024
ColemanTransform.0.0.11,lpf2_outputsignallast2,array,IDENTICAL,,,size=        1024
ColemanTransform.0.0.11,lpf2_inputsignallast1,array,IDENTICAL,,,size=        1024
ColemanTransform.0.0.11,lpf2_outputsignallast1,array,IDENTICAL,,,size=        1024
ColemanTransform.0.0.11,lpfv_a2,array,IDENTICAL,,,size=        1024
ColemanTransform.0.0.11,lpfv_a1,array,IDENTICAL,,,size=        1024
ColemanTransform.0.0.11,lpfv_a0,array,IDENTICAL,,,size=        1024
ColemanTransform.0.0.11,lpfv_b2,array,IDENTICAL,,,size=        1024
ColemanTransform.0.0.11,lpfv_b1,array,IDENTICAL,,,size=        1024
ColemanTransform.0.0.11,lpfv_b0,array,IDENTICAL,,,size=        1024
ColemanTransform.0.0.11,lpfv_inputsignallast2,array,IDENTICAL,,,size=        1024
ColemanTransform.0.0.11,lpfv_outputsignallast2,array,IDENTICAL,,,size=        1024
ColemanTransform.0.0.11,lpfv_inputsignallast1,array,IDENTICAL,,,size=        1024
ColemanTransform.0.0.11,lpfv_outputsignallast1,array,IDENTICAL,,,size=        1024
ColemanTransform.0.0.11,hpf_inputsignallast,array,IDENTICAL,,,size=        1024
ColemanTransform.0.0.11,hpf_outputsignallast,array,IDENTICAL,,,size=        1024
ColemanTransform.0.0.11,nfs_outputsignallast1,array,IDENTICAL,,,size=        1024
ColemanTransform.0.0.11,nfs_outputsignallast2,array,IDENTICAL,,,size=        1024
ColemanTransform.0.0.11,nfs_inputsignallast1,array,IDENTICAL,,,size=        1024
ColemanTransform.0.0.11,nfs_inputsignallast2,array,IDENTICAL,,,size=        1024
ColemanTransform.0.0.11,nfs_b2,array,IDENTICAL,,,size=        1024
ColemanTransform.0.0.11,nfs_b0,array,IDENTICAL,,,size=        1024
ColemanTransform.0.0.11,nfs_a2,array,IDENTICAL,,,size=        1024
ColemanTransform.0.0.11,nfs_a1,array,IDENTICAL,,,size=        1024
ColemanTransform.0.0.11,nfs_a0,array,IDENTICAL,,,size=        1024
ColemanTransform.0.0.11,nf_outputsignallast1,array,IDENTICAL,,,size=        1024
ColemanTransform.0.0.11,nf_outputsignallast2,array,IDENTICAL,,,size=        1024
ColemanTransform.0.0.11,nf_inputsignallast1,array,IDENTICAL,,,size=        1024
ColemanTransform.0.0.11,nf_inputsignallast2,array,IDENTICAL,,,size=        1024
ColemanTransform.0.0.11,nf_b2,array,IDENTICAL,,,size=        1024
ColemanTransform.0.0.11,nf_b1,array,IDENTICAL,,,size=        1024
ColemanTransform.0.0.11,nf_b0,array,IDENTICAL,,,size=        1024
ColemanTransform.0.0.11,nf_a1,array,IDENTICAL,,,size=        1024
ColemanTransform.0.0.11,nf_a0,array,IDENTICAL,,,size=        1024
ColemanTransform.0.0.11,iterm,array,IDENTICAL,,,size=        1024
ColemanTransform.0.0.11,itermlast,array,IDENTICAL,,,size=        1024
ColemanTransform.0.0.11,iterm2,array,IDENTICAL,,,size=        1024
ColemanTransform.0.0.11,itermlast2,array,IDENTICAL,,,size=        1024
ColemanTransform.0.0.11,elast,array,IDENTICAL,,,size=        1024
ColemanTransform.0.0.11,res_outputsignallast1,array,IDENTICAL,,,size=        1024
ColemanTransform.0.0.11,res_outputsignallast2,array,IDENTICAL,,,size=        1024
ColemanTransform.0.0.11,res_inputsignallast1,array,IDENTICAL,,,size=        1024
ColemanTransform.0.0.11,res_inputsignallast2,array,IDENTICAL,,,size=        1024
ColemanTransform.0.0.11,lastsignal,array,IDENTICAL,,,size=        1024
ColemanTransform.0.0.12,istatus,scalar,IDENTICAL,1,1,
ColemanTransform.0.0.12,alreadyinitialized,scalar,IDENTICAL,0,0,
ColemanTransform.0.0.12,restartwse,scalar,IDENTICAL,1,1,
ColemanTransform.0.0.12,time,scalar,IDENTICAL,0.27500000596046448,0.27500000596046448,
ColemanTransform.0.0.12,dt,scalar,IDENTICAL,2.5000000372529030E-002,2.5000000372529030E-002,
ColemanTransform.0.0.12,writethisstep,scalar,IDENTICAL,F,F,
ColemanTransform.0.0.12,n_dt,scalar,IDENTICAL,11,11,
ColemanTransform.0.0.12,time_last,scalar,IDENTICAL,0.0000000000000000,0.0000000000000000,
ColemanTransform.0.0.12,vs_genpwr,scalar,IDENTICAL,0.0000000000000000,0.0000000000000000,
ColemanTransform.0.0.12,genspeed,scalar,IDENTICAL,41.421112060546875,41.421112060546875,
ColemanTransform.0.0.12,rotspeed,scalar,IDENTICAL,0.42702177166938782,0.42702177166938782,
ColemanTransform.0.0.12,nacheading,scalar,IDENTICAL,0.0000000000000000,0.0000000000000000,
ColemanTransform.0.0.12,nacvane,scalar,IDENTICAL,0.0000000000000000,0.0000000000000000,
ColemanTransform.0.0.12,nacvanef,scalar,IDENTICAL,0.0000000000000000,0.0000000000000000,
ColemanTransform.0.0.12,winddir,scalar,IDENTICAL,0.0000000000000000,0.0000000000000000,
ColemanTransform.0.0.12,horwindv,scalar,IDENTICAL,9.0000000000000000,9.0000000000000000,
ColemanTransform.0.0.12,horwindv_f,scalar,IDENTICAL,9.9782493718066032,9.9782493718066032,
ColemanTransform.0.0.12,rootmoop,array,IDENTICAL,,,size=           3
ColemanTransform.0.0.12,rootmoopf,array,IDENTICAL,,,size=           3
ColemanTransform.0.0.12,blpitch,array,IDENTICAL,,,size=           3
ColemanTransform.0.0.12,blpitchcmeas,scalar,IDENTICAL,2.3589679265388361E-003,2.3589679265388361E-003,
ColemanTransform.0.0.12,azimuth,scalar,IDENTICAL,0.0000000000000000,0.0000000000000000,
ColemanTransform.0.0.12,ol_azimuth,scalar,IDENTICAL,0.0000000000000000,0.0000000000000000,
ColemanTransform.0.0.12,azunwrapped,scalar,IDENTICAL,0.0000000000000000,0.0000000000000000,
ColemanTransform.0.0.12,azerror,scalar,IDENTICAL,0.0000000000000000,0.0000000000000000,
ColemanTransform.0.0.12,gentqaz,scalar,IDENTICAL,0.0000000000000000,0.0000000000000000,
ColemanTransform.0.0.12,azbuffer,array,IDENTICAL,,,size=           2
ColemanTransform.0.0.12,numbl,scalar,IDENTICAL,3,3,
ColemanTransform.0.0.12,fa_acc_tt,scalar,IDENTICAL,0.0000000000000000,0.0000000000000000,
ColemanTransform.0.0.12,ss_acc_tt,scalar,IDENTICAL,0.0000000000000000,0.0000000000000000,
ColemanTransform.0.0.12,fa_acc_nac,scalar,IDENTICAL,0.0000000000000000,0.0000000000000000,
ColemanTransform.0.0.12,nacimu_fa_racc,scalar,IDENTICAL,0.0000000000000000,0.0000000000000000,
ColemanTransform.0.0.12,fa_acchpf,scalar,IDENTICAL,0.0000000000000000,0.0000000000000000,
ColemanTransform.0.0.12,fa_acchpfi,scalar,IDENTICAL,0.0000000000000000,0.0000000000000000,
ColemanTransform.0.0.12,fa_pitcom,array,IDENTICAL,,,size=           3
ColemanTransform.0.0.12,vs_refspd,scalar,IDENTICAL,115.45035811852740,115.45035811852740,
ColemanTransform.0.0.12,vs_refspd_tsr,scalar,IDENTICAL,115.22502250776672,115.22502250776672,
ColemanTransform.0.0.12,vs_refspd_tra,scalar,IDENTICAL,0.0000000000000000,0.0000000000000000,
ColemanTransform.0.0.12,vs_refspd_rl,scalar,IDENTICAL,0.0000000000000000,0.0000000000000000,
ColemanTransform.0.0.12,pc_refspd,scalar,IDENTICAL,129.07475312875133,129.07475312875133,
ColemanTransform.0.0.12,pc_refspd_ss,scalar,IDENTICAL,129.07475312875133,129.07475312875133,
ColemanTransform.0.0.12,pc_refspd_prc,scalar,IDENTICAL,122.90967000000001,122.90967000000001,
ColemanTransform.0.0.12,rotspeedf,scalar,IDENTICAL,0.53476357867068913,0.53476357867068913,
ColemanTransform.0.0.12,genspeedf,scalar,IDENTICAL,33.428824556872875,33.428824556872875,
ColemanTransform.0.0.12,gentq,scalar,IDENTICAL,1.4700910398907481E-183,1.4700910398907481E-183,
ColemanTransform.0.0.12,gentqmeas,scalar,IDENTICAL,0.0000000000000000,0.0000000000000000,
ColemanTransform.0.0.12,genartq,scalar,IDENTICAL,0.0000000000000000,0.0000000000000000,
ColemanTransform.0.0.12,genbrtq,scalar,IDENTICAL,0.0000000000000000,0.0000000000000000,
ColemanTransform.0.0.12,vs_komega2_gentq,scalar,IDENTICAL,2582.0079964683623,2582.0079964683623,
ColemanTransform.0.0.12,vs_constpwr_gentq,scalar,IDENTICAL,158444.40358590340,158444.40358590340,
ColemanTransform.0.0.12,ipc_pitcomf,array,IDENTICAL,,,size=           3
ColemanTransform.0.0.12,pc_kp,scalar,IDENTICAL,-2.0750000000000001E-002,-2.0750000000000001E-002,
ColemanTransform.0.0.12,pc_ki,scalar,IDENTICAL,-8.4169999999999991E-003,-8.4169999999999991E-003,
ColemanTransform.0.0.12,pc_kd,scalar,IDENTICAL,0.0000000000000000,0.0000000000000000,
ColemanTransform.0.0.12,pc_tf,scalar,IDENTICAL,0.0000000000000000,0.0000000000000000,
ColemanTransform.0.0.12,pc_maxpit,scalar,IDENTICAL,1.5700000000000001,1.5700000000000001,
ColemanTransform.0.0.12,pc_minpit,scalar,IDENTICAL,2.3429448697414854E-003,2.3429448697414854E-003,
ColemanTransform.0.0.12,pc_pitcomt,scalar,IDENTICAL,2.3429448697414854E-003,2.3429448697414854E-003,
ColemanTransform.0.0.12,pc_pitcomt_last,scalar,IDENTICAL,2.3589679265388361E-003,2.3589679265388361E-003,
ColemanTransform.0.0.12,blpitchcmeasf,scalar,IDENTICAL,1.4052917699533540E-004,1.4052917699533540E-004,
ColemanTransform.0.0.12,pc_pitcomt_ipc,array,IDENTICAL,,,size=           3
ColemanTransform.0.0.12,pc_pwrerr,scalar,IDENTICAL,5000000.0000000000,5000000.0000000000,
ColemanTransform.0.0.12,pc_spderr,scalar,IDENTICAL,95.645928571878443,95.645928571878443,
ColemanTransform.0.0.12,ipc_axistilt_1p,scalar,IDENTICAL,0.0000000000000000,0.0000000000000000,
ColemanTransform.0.0.12,ipc_axisyaw_1p,scalar,IDENTICAL,0.0000000000000000,0.0000000000000000,
ColemanTransform.0.0.12,ipc_axistilt_2p,scalar,IDENTICAL,0.0000000000000000,0.0000000000000000,
ColemanTransform.0.0.12,ipc_axisyaw_2p,scalar,IDENTICAL,0.0000000000000000,0.0000000000000000,
ColemanTransform.0.0.12,axistilt_1p,scalar,IDENTICAL,0.0000000000000000,0.0000000000000000,
ColemanTransform.0.0.12,axisyaw_1p,scalar,IDENTICAL,0.0000000000000000,0.0000000000000000,
ColemanTransform.0.0.12,axisyawf_1p,scalar,IDENTICAL,0.0000000000000000,0.0000000000000000,
ColemanTransform.0.0.12,axistilt_2p,scalar,IDENTICAL,0.0000000000000000,0.0000000000000000,
ColemanTransform.0.0.12,axisyaw_2p,scalar,IDENTICAL,0.0000000000000000,0.0000000000000000,
ColemanTransform.0.0.12,axisyawf_2p,scalar,IDENTICAL,0.0000000000000000,0.0000000000000000,
ColemanTransform.0.0.12,ipc_ki,array,IDENTICAL,,,size=           2
ColemanTransform.0.0.12,ipc_kp,array,IDENTICAL,,,size=           2
ColemanTransform.0.0.12,ipc_intsat,scalar,IDENTICAL,2.3731459362740575E-003,2.3731459362740575E-003,
ColemanTransform.0.0.12,pc_state,scalar,IDENTICAL,1,1,
ColemanTransform.0.0.12,pitcom,array,IDENTICAL,,,size=           3
ColemanTransform.0.0.12,pitcom_sd,array,IDENTICAL,,,size=           3
ColemanTransform.0.0.12,pitcomact,array,IDENTICAL,,,size=           3
ColemanTransform.0.0.12,ss_delomegaf,scalar,IDENTICAL,-6.1636734267561568,-6.1636734267561568,
ColemanTransform.0.0.12,testtype,scalar,IDENTICAL,0.0000000000000000,0.0000000000000000,
ColemanTransform.0.0.12,kp_float,scalar,IDENTICAL,0.0000000000000000,0.0000000000000000,
ColemanTransform.0.0.12,vs_maxtq,scalar,IDENTICAL,47402.900000000001,47402.900000000001,
ColemanTransform.0.0.12,vs_lastgentrq,scalar,IDENTICAL,1.4700910398907481E-183,1.4700910398907481E-183,
ColemanTransform.0.0.12,vs_lastgenpwr,scalar,IDENTICAL,0.0000000000000000,0.0000000000000000,
ColemanTransform.0.0.12,vs_mechgenpwr,scalar,IDENTICAL,0.0000000000000000,0.0000000000000000,
ColemanTransform.0.0.12,vs_spderrar,scalar,IDENTICAL,82.021533561654536,82.021533561654536,
ColemanTransform.0.0.12,vs_spderrbr,scalar,IDENTICAL,1.2140354431271234,1.2140354431271234,
ColemanTransform.0.0.12,vs_spderr,scalar,IDENTICAL,82.021533561654536,82.021533561654536,
ColemanTransform.0.0.12,vs_state,scalar,IDENTICAL,1,1,
ColemanTransform.0.0.12,vs_rgn3pitch,scalar,IDENTICAL,1.9792944869741487E-002,1.9792944869741487E-002,
ColemanTransform.0.0.12,we_vw,scalar,IDENTICAL,9.9782493718066032,9.9782493718066032,
ColemanTransform.0.0.12,we_vw_f,scalar,IDENTICAL,9.9981542837422825,9.9981542837422825,
ColemanTransform.0.0.12,we_vwi,scalar,IDENTICAL,10.000000000000000,10.000000000000000,
ColemanTransform.0.0.12,we_vwidot,scalar,IDENTICAL,0.0000000000000000,0.0000000000000000,
ColemanTransform.0.0.12,we_op,scalar,IDENTICAL,0,0,
ColemanTransform.0.0.12,we_op_last,scalar,IDENTICAL,0,0,
ColemanTransform.0.0.12,vs_lastgentrqf,scalar,IDENTICAL,1.0934100471362023,1.0934100471362023,
ColemanTransform.0.0.12,prc_wse_f,scalar,IDENTICAL,0.0000000000000000,0.0000000000000000,
ColemanTransform.0.0.12,prc_r_speed,scalar,IDENTICAL,1.0000000000000000,1.0000000000000000,
ColemanTransform.0.0.12,prc_r_torque,scalar,IDENTICAL,1.0000000000000000,1.0000000000000000,
ColemanTransform.0.0.12,prc_r_pitch,scalar,IDENTICAL,1.0000000000000000,1.0000000000000000,
ColemanTransform.0.0.12,prc_r_total,scalar,IDENTICAL,0.0000000000000000,0.0000000000000000,
ColemanTransform.0.0.12,prc_min_pitch,scalar,IDENTICAL,0.0000000000000000,0.0000000000000000,
ColemanTransform.0.0.12,ps_min_pitch,scalar,IDENTICAL,2.3429448697414854E-003,2.3429448697414854E-003,
ColemanTransform.0.0.12,ol_index,scalar,IDENTICAL,0.27500000596046448,0.27500000596046448,
ColemanTransform.0.0.12,su_stage,scalar,IDENTICAL,0,0,
ColemanTransform.0.0.12,su_loadstagestarttime,scalar,IDENTICAL,0.0000000000000000,0.0000000000000000,
ColemanTransform.0.0.12,su_rotspeedf,scalar,IDENTICAL,0.0000000000000000,0.0000000000000000,
ColemanTransform.0.0.12,sd_trigger,scalar,IDENTICAL,0,0,
ColemanTransform.0.0.12,sd_blpitchf,scalar,IDENTICAL,0.0000000000000000,0.0000000000000000,
ColemanTransform.0.0.12,sd_nacvanef,scalar,IDENTICAL,0.0000000000000000,0.0000000000000000,
ColemanTransform.0.0.12,sd_genspeedf,scalar,IDENTICAL,0.0000000000000000,0.0000000000000000,
ColemanTransform.0.0.12,sd_stage,scalar,IDENTICAL,0,0,
ColemanTransform.0.0.12,sd_stagestarttime,scalar,IDENTICAL,0.0000000000000000,0.0000000000000000,
ColemanTransform.0.0.12,sd_maxpitchrate,scalar,IDENTICAL,0.0000000000000000,0.0000000000000000,
ColemanTransform.0.0.12,sd_maxtorquerate,scalar,IDENTICAL,0.0000000000000000,0.0000000000000000,
ColemanTransform.0.0.12,gentq_sd,scalar,IDENTICAL,0.0000000000000000,0.0000000000000000,
ColemanTransform.0.0.12,fl_pitcom,scalar,IDENTICAL,0.0000000000000000,0.0000000000000000,
ColemanTransform.0.0.12,nacimu_fa_accf,scalar,IDENTICAL,0.0000000000000000,0.0000000000000000,
ColemanTransform.0.0.12,fa_accf,scalar,IDENTICAL,0.0000000000000000,0.0000000000000000,
ColemanTransform.0.0.12,fa_hist,scalar,IDENTICAL,0,0,
ColemanTransform.0.0.12,tra_lastrefspd,scalar,IDENTICAL,0.0000000000000000,0.0000000000000000,
ColemanTransform.0.0.12,vs_refspeed,scalar,IDENTICAL,0.0000000000000000,0.0000000000000000,
ColemanTransform.0.0.12,ptfmtdx,scalar,IDENTICAL,0.0000000000000000,0.0000000000000000,
ColemanTransform.0.0.12,ptfmtdy,scalar,IDENTICAL,0.0000000000000000,0.0000000000000000,
ColemanTransform.0.0.12,ptfmtdz,scalar,IDENTICAL,0.0000000000000000,0.0000000000000000,
ColemanTransform.0.0.12,ptfmrdx,scalar,IDENTICAL,0.0000000000000000,0.0000000000000000,
ColemanTransform.0.0.12,ptfmrdy,scalar,IDENTICAL,0.0000000000000000,0.0000000000000000,
ColemanTransform.0.0.12,ptfmrdz,scalar,IDENTICAL,0.0000000000000000,0.0000000000000000,
ColemanTransform.0.0.12,ptfmtvx,scalar,IDENTICAL,0.0000000000000000,0.0000000000000000,
ColemanTransform.0.0.12,ptfmtvy,scalar,IDENTICAL,0.0000000000000000,0.0000000000000000,
ColemanTransform.0.0.12,ptfmtvz,scalar,IDENTICAL,0.0000000000000000,0.0000000000000000,
ColemanTransform.0.0.12,ptfmrvx,scalar,IDENTICAL,0.0000000000000000,0.0000000000000000,
ColemanTransform.0.0.12,ptfmrvy,scalar,IDENTICAL,0.0000000000000000,0.0000000000000000,
ColemanTransform.0.0.12,ptfmrvz,scalar,IDENTICAL,0.0000000000000000,0.0000000000000000,
ColemanTransform.0.0.12,ptfmtax,scalar,IDENTICAL,0.0000000000000000,0.0000000000000000,
ColemanTransform.0.0.12,ptfmtay,scalar,IDENTICAL,0.0000000000000000,0.0000000000000000,
ColemanTransform.0.0.12,ptfmtaz,scalar,IDENTICAL,0.0000000000000000,0.0000000000000000,
ColemanTransform.0.0.12,ptfmrax,scalar,IDENTICAL,0.0000000000000000,0.0000000000000000,
ColemanTransform.0.0.12,ptfmray,scalar,IDENTICAL,0.0000000000000000,0.0000000000000000,
ColemanTransform.0.0.12,ptfmraz,scalar,IDENTICAL,0.0000000000000000,0.0000000000000000,
ColemanTransform.0.0.12,cc_desiredl,array,IDENTICAL,,,size=          12
ColemanTransform.0.0.12,cc_actuatedl,array,IDENTICAL,,,size=          12
ColemanTransform.0.0.12,cc_actuateddl,array,IDENTICAL,,,size=          12
ColemanTransform.0.0.12,stc_input,array,IDENTICAL,,,size=          12
ColemanTransform.0.0.12,flp_angle,array,IDENTICAL,,,size=           3
ColemanTransform.0.0.12,rootmyb_last,array,IDENTICAL,,,size=           3
ColemanTransform.0.0.12,acc_infile_size,scalar,IDENTICAL,42,42,
ColemanTransform.0.0.12,acc_infile,array,IDENTICAL,,,size=          42
ColemanTransform.0.0.12,restart,scalar,IDENTICAL,F,F,
ColemanTransform.0.0.12,awc_complexangle,array,IDENTICAL,,,size=           3
ColemanTransform.0.0.12,tiltmean,scalar,IDENTICAL,0.0000000000000000,0.0000000000000000,
ColemanTransform.0.0.12,yawmean,scalar,IDENTICAL,0.0000000000000000,0.0000000000000000,
ColemanTransform.0.0.12,zmq_id,scalar,IDENTICAL,0,0,
ColemanTransform.0.0.12,zmq_yawoffset,scalar,IDENTICAL,0.0000000000000000,0.0000000000000000,
ColemanTransform.0.0.12,zmq_torqueoffset,scalar,IDENTICAL,0.0000000000000000,0.0000000000000000,
ColemanTransform.0.0.12,zmq_pitoffset,array,IDENTICAL,,,size=           3
ColemanTransform.0.0.12,zmq_r_speed,scalar,IDENTICAL,0.0000000000000000,0.0000000000000000,
ColemanTransform.0.0.12,zmq_r_torque,scalar,IDENTICAL,0.0000000000000000,0.0000000000000000,
ColemanTransform.0.0.12,zmq_r_pitch,scalar,IDENTICAL,0.0000000000000000,0.0000000000000000,
ColemanTransform.0.0.12,om_r,scalar,IDENTICAL,0.0000000000000000,0.0000000000000000,
ColemanTransform.0.0.12,v_t,scalar,IDENTICAL,0.0000000000000000,0.0000000000000000,
ColemanTransform.0.0.12,v_m,scalar,IDENTICAL,0.0000000000000000,0.0000000000000000,
ColemanTransform.0.0.12,v_h,scalar,IDENTICAL,0.0000000000000000,0.0000000000000000,
ColemanTransform.0.0.12,p,array,IDENTICAL,,,size=           9
ColemanTransform.0.0.12,xh,array,IDENTICAL,,,size=           3
ColemanTransform.0.0.12,k,array,IDENTICAL,,,size=           3
ColemanTransform.0.0.12,lpf1_a1,array,IDENTICAL,,,size=        1024
ColemanTransform.0.0.12,lpf1_a0,array,IDENTICAL,,,size=        1024
ColemanTransform.0.0.12,lpf1_b1,array,IDENTICAL,,,size=        1024
ColemanTransform.0.0.12,lpf1_b0,array,IDENTICAL,,,size=        1024
ColemanTransform.0.0.12,lpf1_inputsignallast,array,IDENTICAL,,,size=        1024
ColemanTransform.0.0.12,lpf1_outputsignallast,array,IDENTICAL,,,size=        1024
ColemanTransform.0.0.12,lpf2_a2,array,IDENTICAL,,,size=        1024
ColemanTransform.0.0.12,lpf2_a1,array,IDENTICAL,,,size=        1024
ColemanTransform.0.0.12,lpf2_a0,array,IDENTICAL,,,size=        1024
ColemanTransform.0.0.12,lpf2_b2,array,IDENTICAL,,,size=        1024
ColemanTransform.0.0.12,lpf2_b1,array,IDENTICAL,,,size=        1024
ColemanTransform.0.0.12,lpf2_b0,array,IDENTICAL,,,size=        1024
ColemanTransform.0.0.12,lpf2_inputsignallast2,array,IDENTICAL,,,size=        1024
ColemanTransform.0.0.12,lpf2_outputsignallast2,array,IDENTICAL,,,size=        1024
ColemanTransform.0.0.12,lpf2_inputsignallast1,array,IDENTICAL,,,size=        1024
ColemanTransform.0.0.12,lpf2_outputsignallast1,array,IDENTICAL,,,size=        1024
ColemanTransform.0.0.12,lpfv_a2,array,IDENTICAL,,,size=        1024
ColemanTransform.0.0.12,lpfv_a1,array,IDENTICAL,,,size=        1024
ColemanTransform.0.0.12,lpfv_a0,array,IDENTICAL,,,size=        1024
ColemanTransform.0.0.12,lpfv_b2,array,IDENTICAL,,,size=        1024
ColemanTransform.0.0.12,lpfv_b1,array,IDENTICAL,,,size=        1024
ColemanTransform.0.0.12,lpfv_b0,array,IDENTICAL,,,size=        1024
ColemanTransform.0.0.12,lpfv_inputsignallast2,array,IDENTICAL,,,size=        1024
ColemanTransform.0.0.12,lpfv_outputsignallast2,array,IDENTICAL,,,size=        1024
ColemanTransform.0.0.12,lpfv_inputsignallast1,array,IDENTICAL,,,size=        1024
ColemanTransform.0.0.12,lpfv_outputsignallast1,array,IDENTICAL,,,size=        1024
ColemanTransform.0.0.12,hpf_inputsignallast,array,IDENTICAL,,,size=        1024
ColemanTransform.0.0.12,hpf_outputsignallast,array,IDENTICAL,,,size=        1024
ColemanTransform.0.0.12,nfs_outputsignallast1,array,IDENTICAL,,,size=        1024
ColemanTransform.0.0.12,nfs_outputsignallast2,array,IDENTICAL,,,size=        1024
ColemanTransform.0.0.12,nfs_inputsignallast1,array,IDENTICAL,,,size=        1024
ColemanTransform.0.0.12,nfs_inputsignallast2,array,IDENTICAL,,,size=        1024
ColemanTransform.0.0.12,nfs_b2,array,IDENTICAL,,,size=        1024
ColemanTransform.0.0.12,nfs_b0,array,IDENTICAL,,,size=        1024
ColemanTransform.0.0.12,nfs_a2,array,IDENTICAL,,,size=        1024
ColemanTransform.0.0.12,nfs_a1,array,IDENTICAL,,,size=        1024
ColemanTransform.0.0.12,nfs_a0,array,IDENTICAL,,,size=        1024
ColemanTransform.0.0.12,nf_outputsignallast1,array,IDENTICAL,,,size=        1024
ColemanTransform.0.0.12,nf_outputsignallast2,array,IDENTICAL,,,size=        1024
ColemanTransform.0.0.12,nf_inputsignallast1,array,IDENTICAL,,,size=        1024
ColemanTransform.0.0.12,nf_inputsignallast2,array,IDENTICAL,,,size=        1024
ColemanTransform.0.0.12,nf_b2,array,IDENTICAL,,,size=        1024
ColemanTransform.0.0.12,nf_b1,array,IDENTICAL,,,size=        1024
ColemanTransform.0.0.12,nf_b0,array,IDENTICAL,,,size=        1024
ColemanTransform.0.0.12,nf_a1,array,IDENTICAL,,,size=        1024
ColemanTransform.0.0.12,nf_a0,array,IDENTICAL,,,size=        1024
ColemanTransform.0.0.12,iterm,array,IDENTICAL,,,size=        1024
ColemanTransform.0.0.12,itermlast,array,IDENTICAL,,,size=        1024
ColemanTransform.0.0.12,iterm2,array,IDENTICAL,,,size=        1024
ColemanTransform.0.0.12,itermlast2,array,IDENTICAL,,,size=        1024
ColemanTransform.0.0.12,elast,array,IDENTICAL,,,size=        1024
ColemanTransform.0.0.12,res_outputsignallast1,array,IDENTICAL,,,size=        1024
ColemanTransform.0.0.12,res_outputsignallast2,array,IDENTICAL,,,size=        1024
ColemanTransform.0.0.12,res_inputsignallast1,array,IDENTICAL,,,size=        1024
ColemanTransform.0.0.12,res_inputsignallast2,array,IDENTICAL,,,size=        1024
ColemanTransform.0.0.12,lastsignal,array,IDENTICAL,,,size=        1024
ColemanTransform.0.0.13,istatus,scalar,IDENTICAL,1,1,
ColemanTransform.0.0.13,alreadyinitialized,scalar,IDENTICAL,0,0,
ColemanTransform.0.0.13,restartwse,scalar,IDENTICAL,1,1,
ColemanTransform.0.0.13,time,scalar,IDENTICAL,0.30000001192092896,0.30000001192092896,
ColemanTransform.0.0.13,dt,scalar,IDENTICAL,2.5000000372529030E-002,2.5000000372529030E-002,
ColemanTransform.0.0.13,writethisstep,scalar,IDENTICAL,F,F,
ColemanTransform.0.0.13,n_dt,scalar,IDENTICAL,12,12,
ColemanTransform.0.0.13,time_last,scalar,IDENTICAL,0.0000000000000000,0.0000000000000000,
ColemanTransform.0.0.13,vs_genpwr,scalar,IDENTICAL,0.0000000000000000,0.0000000000000000,
ColemanTransform.0.0.13,genspeed,scalar,IDENTICAL,41.494514465332031,41.494514465332031,
ColemanTransform.0.0.13,rotspeed,scalar,IDENTICAL,0.42777848243713379,0.42777848243713379,
ColemanTransform.0.0.13,nacheading,scalar,IDENTICAL,0.0000000000000000,0.0000000000000000,
ColemanTransform.0.0.13,nacvane,scalar,IDENTICAL,0.0000000000000000,0.0000000000000000,
ColemanTransform.0.0.13,nacvanef,scalar,IDENTICAL,0.0000000000000000,0.0000000000000000,
ColemanTransform.0.0.13,winddir,scalar,IDENTICAL,0.0000000000000000,0.0000000000000000,
ColemanTransform.0.0.13,horwindv,scalar,IDENTICAL,9.0000000000000000,9.0000000000000000,
ColemanTransform.0.0.13,horwindv_f,scalar,IDENTICAL,9.9762026695983455,9.9762026695983455,
ColemanTransform.0.0.13,rootmoop,array,IDENTICAL,,,size=           3
ColemanTransform.0.0.13,rootmoopf,array,IDENTICAL,,,size=           3
ColemanTransform.0.0.13,blpitch,array,IDENTICAL,,,size=           3
ColemanTransform.0.0.13,blpitchcmeas,scalar,IDENTICAL,2.3429448697414854E-003,2.3429448697414854E-003,
ColemanTransform.0.0.13,azimuth,scalar,IDENTICAL,0.0000000000000000,0.0000000000000000,
ColemanTransform.0.0.13,ol_azimuth,scalar,IDENTICAL,0.0000000000000000,0.0000000000000000,
ColemanTransform.0.0.13,azunwrapped,scalar,IDENTICAL,0.0000000000000000,0.0000000000000000,
ColemanTransform.0.0.13,azerror,scalar,IDENTICAL,0.0000000000000000,0.0000000000000000,
ColemanTransform.0.0.13,gentqaz,scalar,IDENTICAL,0.0000000000000000,0.0000000000000000,
ColemanTransform.0.0.13,azbuffer,array,IDENTICAL,,,size=           2
ColemanTransform.0.0.13,numbl,scalar,IDENTICAL,3,3,
ColemanTransform.0.0.13,fa_acc_tt,scalar,IDENTICAL,0.0000000000000000,0.0000000000000000,
ColemanTransform.0.0.13,ss_acc_tt,scalar,IDENTICAL,0.0000000000000000,0.0000000000000000,
ColemanTransform.0.0.13,fa_acc_nac,scalar,IDENTICAL,0.0000000000000000,0.0000000000000000,
ColemanTransform.0.0.13,nacimu_fa_racc,scalar,IDENTICAL,0.0000000000000000,0.0000000000000000,
ColemanTransform.0.0.13,fa_acchpf,scalar,IDENTICAL,0.0000000000000000,0.0000000000000000,
ColemanTransform.0.0.13,fa_acchpfi,scalar,IDENTICAL,0.0000000000000000,0.0000000000000000,
ColemanTransform.0.0.13,fa_pitcom,array,IDENTICAL,,,size=           3
ColemanTransform.0.0.13,vs_refspd,scalar,IDENTICAL,115.44544266319491,115.44544266319491,
ColemanTransform.0.0.13,vs_refspd_tsr,scalar,IDENTICAL,115.20138797036185,115.20138797036185,
ColemanTransform.0.0.13,vs_refspd_tra,scalar,IDENTICAL,0.0000000000000000,0.0000000000000000,
ColemanTransform.0.0.13,vs_refspd_rl,scalar,IDENTICAL,0.0000000000000000,0.0000000000000000,
ColemanTransform.0.0.13,pc_refspd,scalar,IDENTICAL,129.07334342675617,129.07334342675617,
ColemanTransform.0.0.13,pc_refspd_ss,scalar,IDENTICAL,129.07334342675617,129.07334342675617,
ColemanTransform.0.0.13,pc_refspd_prc,scalar,IDENTICAL,122.90967000000001,122.90967000000001,
ColemanTransform.0.0.13,rotspeedf,scalar,IDENTICAL,0.51912702257349430,0.51912702257349430,
ColemanTransform.0.0.13,genspeedf,scalar,IDENTICAL,34.598177166301966,34.598177166301966,
ColemanTransform.0.0.13,gentq,scalar,IDENTICAL,-8.0177860445745275E-201,-8.0177860445745275E-201,
ColemanTransform.0.0.13,gentqmeas,scalar,IDENTICAL,0.0000000000000000,0.0000000000000000,
ColemanTransform.0.0.13,genartq,scalar,IDENTICAL,0.0000000000000000,0.0000000000000000,
ColemanTransform.0.0.13,genbrtq,scalar,IDENTICAL,0.0000000000000000,0.0000000000000000,
ColemanTransform.0.0.13,vs_komega2_gentq,scalar,IDENTICAL,2765.8065926879685,2765.8065926879685,
ColemanTransform.0.0.13,vs_constpwr_gentq,scalar,IDENTICAL,153089.28398257736,153089.28398257736,
ColemanTransform.0.0.13,ipc_pitcomf,array,IDENTICAL,,,size=           3
ColemanTransform.0.0.13,pc_kp,scalar,IDENTICAL,-2.0750000000000001E-002,-2.0750000000000001E-002,
ColemanTransform.0.0.13,pc_ki,scalar,IDENTICAL,-8.4169999999999991E-003,-8.4169999999999991E-003,
ColemanTransform.0.0.13,pc_kd,scalar,IDENTICAL,0.0000000000000000,0.0000000000000000,
ColemanTransform.0.0.13,pc_tf,scalar,IDENTICAL,0.0000000000000000,0.0000000000000000,
ColemanTransform.0.0.13,pc_maxpit,scalar,IDENTICAL,1.5700000000000001,1.5700000000000001,
ColemanTransform.0.0.13,pc_minpit,scalar,IDENTICAL,2.3251194831311280E-003,2.3251194831311280E-003,
ColemanTransform.0.0.13,pc_pitcomt,scalar,IDENTICAL,2.3251194831311280E-003,2.3251194831311280E-003,
ColemanTransform.0.0.13,pc_pitcomt_last,scalar,IDENTICAL,2.3429448697414854E-003,2.3429448697414854E-003,
ColemanTransform.0.0.13,blpitchcmeasf,scalar,IDENTICAL,1.6819425588860605E-004,1.6819425588860605E-004,
ColemanTransform.0.0.13,pc_pitcomt_ipc,array,IDENTICAL,,,size=           3
ColemanTransform.0.0.13,pc_pwrerr,scalar,IDENTICAL,5000000.0000000000,5000000.0000000000,
ColemanTransform.0.0.13,pc_spderr,scalar,IDENTICAL,94.475166260454202,94.475166260454202,
ColemanTransform.0.0.13,ipc_axistilt_1p,scalar,IDENTICAL,0.0000000000000000,0.0000000000000000,
ColemanTransform.0.0.13,ipc_axisyaw_1p,scalar,IDENTICAL,0.0000000000000000,0.0000000000000000,
ColemanTransform.0.0.13,ipc_axistilt_2p,scalar,IDENTICAL,0.0000000000000000,0.0000000000000000,
ColemanTransform.0.0.13,ipc_axisyaw_2p,scalar,IDENTICAL,0.0000000000000000,0.0000000000000000,
ColemanTransform.0.0.13,axistilt_1p,scalar,IDENTICAL,0.0000000000000000,0.0000000000000000,
ColemanTransform.0.0.13,axisyaw_1p,scalar,IDENTICAL,0.0000000000000000,0.0000000000000000,
ColemanTransform.0.0.13,axisyawf_1p,scalar,IDENTICAL,0.0000000000000000,0.0000000000000000,
ColemanTransform.0.0.13,axistilt_2p,scalar,IDENTICAL,0.0000000000000000,0.0000000000000000,
ColemanTransform.0.0.13,axisyaw_2p,scalar,IDENTICAL,0.0000000000000000,0.0000000000000000,
ColemanTransform.0.0.13,axisyawf_2p,scalar,IDENTICAL,0.0000000000000000,0.0000000000000000,
ColemanTransform.0.0.13,ipc_ki,array,IDENTICAL,,,size=           2
ColemanTransform.0.0.13,ipc_kp,array,IDENTICAL,,,size=           2
ColemanTransform.0.0.13,ipc_intsat,scalar,IDENTICAL,2.3589679265388361E-003,2.3589679265388361E-003,
ColemanTransform.0.0.13,pc_state,scalar,IDENTICAL,1,1,
ColemanTransform.0.0.13,pitcom,array,IDENTICAL,,,size=           3
ColemanTransform.0.0.13,pitcom_sd,array,IDENTICAL,,,size=           3
ColemanTransform.0.0.13,pitcomact,array,IDENTICAL,,,size=           3
ColemanTransform.0.0.13,ss_delomegaf,scalar,IDENTICAL,-6.1623235407344144,-6.1623235407344144,
ColemanTransform.0.0.13,testtype,scalar,IDENTICAL,0.0000000000000000,0.0000000000000000,
ColemanTransform.0.0.13,kp_float,scalar,IDENTICAL,0.0000000000000000,0.0000000000000000,
ColemanTransform.0.0.13,vs_maxtq,scalar,IDENTICAL,47402.900000000001,47402.900000000001,
ColemanTransform.0.0.13,vs_lastgentrq,scalar,IDENTICAL,-8.0177860445745275E-201,-8.0177860445745275E-201,
ColemanTransform.0.0.13,vs_lastgenpwr,scalar,IDENTICAL,0.0000000000000000,0.0000000000000000,
ColemanTransform.0.0.13,vs_mechgenpwr,scalar,IDENTICAL,0.0000000000000000,0.0000000000000000,
ColemanTransform.0.0.13,vs_spderrar,scalar,IDENTICAL,80.847265496892945,80.847265496892945,
ColemanTransform.0.0.13,vs_spderrbr,scalar,IDENTICAL,4.4682833698033164E-002,4.4682833698033164E-002,
ColemanTransform.0.0.13,vs_spderr,scalar,IDENTICAL,80.847265496892945,80.847265496892945,
ColemanTransform.0.0.13,vs_state,scalar,IDENTICAL,1,1,
ColemanTransform.0.0.13,vs_rgn3pitch,scalar,IDENTICAL,1.9775119483131130E-002,1.9775119483131130E-002,
ColemanTransform.0.0.13,we_vw,scalar,IDENTICAL,9.9762026695983455,9.9762026695983455,
ColemanTransform.0.0.13,we_vw_f,scalar,IDENTICAL,9.9977629710889708,9.9977629710889708,
ColemanTransform.0.0.13,we_vwi,scalar,IDENTICAL,10.000000000000000,10.000000000000000,
ColemanTransform.0.0.13,we_vwidot,scalar,IDENTICAL,0.0000000000000000,0.0000000000000000,
ColemanTransform.0.0.13,we_op,scalar,IDENTICAL,0,0,
ColemanTransform.0.0.13,we_op_last,scalar,IDENTICAL,0,0,
ColemanTransform.0.0.13,vs_lastgentrqf,scalar,IDENTICAL,0.94089544949765069,0.94089544949765069,
ColemanTransform.0.0.13,prc_wse_f,scalar,IDENTICAL,0.0000000000000000,0.0000000000000000,
ColemanTransform.0.0.13,prc_r_speed,scalar,IDENTICAL,1.0000000000000000,1.0000000000000000,
ColemanTransform.0.0.13,prc_r_torque,scalar,IDENTICAL,1.0000000000000000,1.0000000000000000,
ColemanTransform.0.0.13,prc_r_pitch,scalar,IDENTICAL,1.0000000000000000,1.0000000000000000,
ColemanTransform.0.0.13,prc_r_total,scalar,IDENTICAL,0.0000000000000000,0.0000000000000000,
ColemanTransform.0.0.13,prc_min_pitch,scalar,IDENTICAL,0.0000000000000000,0.0000000000000000,
ColemanTransform.0.0.13,ps_min_pitch,scalar,IDENTICAL,2.3251194831311280E-003,2.3251194831311280E-003,
ColemanTransform.0.0.13,ol_index,scalar,IDENTICAL,0.30000001192092896,0.30000001192092896,
ColemanTransform.0.0.13,su_stage,scalar,IDENTICAL,0,0,
ColemanTransform.0.0.13,su_loadstagestarttime,scalar,IDENTICAL,0.0000000000000000,0.0000000000000000,
ColemanTransform.0.0.13,su_rotspeedf,scalar,IDENTICAL,0.0000000000000000,0.0000000000000000,
ColemanTransform.0.0.13,sd_trigger,scalar,IDENTICAL,0,0,
ColemanTransform.0.0.13,sd_blpitchf,scalar,IDENTICAL,0.0000000000000000,0.0000000000000000,
ColemanTransform.0.0.13,sd_nacvanef,scalar,IDENTICAL,0.0000000000000000,0.0000000000000000,
ColemanTransform.0.0.13,sd_genspeedf,scalar,IDENTICAL,0.0000000000000000,0.0000000000000000,
ColemanTransform.0.0.13,sd_stage,scalar,IDENTICAL,0,0,
ColemanTransform.0.0.13,sd_stagestarttime,scalar,IDENTICAL,0.0000000000000000,0.0000000000000000,
ColemanTransform.0.0.13,sd_maxpitchrate,scalar,IDENTICAL,0.0000000000000000,0.0000000000000000,
ColemanTransform.0.0.13,sd_maxtorquerate,scalar,IDENTICAL,0.0000000000000000,0.0000000000000000,
ColemanTransform.0.0.13,gentq_sd,scalar,IDENTICAL,0.0000000000000000,0.0000000000000000,
ColemanTransform.0.0.13,fl_pitcom,scalar,IDENTICAL,0.0000000000000000,0.0000000000000000,
ColemanTransform.0.0.13,nacimu_fa_accf,scalar,IDENTICAL,0.0000000000000000,0.0000000000000000,
ColemanTransform.0.0.13,fa_accf,scalar,IDENTICAL,0.0000000000000000,0.0000000000000000,
ColemanTransform.0.0.13,fa_hist,scalar,IDENTICAL,0,0,
ColemanTransform.0.0.13,tra_lastrefspd,scalar,IDENTICAL,0.0000000000000000,0.0000000000000000,
ColemanTransform.0.0.13,vs_refspeed,scalar,IDENTICAL,0.0000000000000000,0.0000000000000000,
ColemanTransform.0.0.13,ptfmtdx,scalar,IDENTICAL,0.0000000000000000,0.0000000000000000,
ColemanTransform.0.0.13,ptfmtdy,scalar,IDENTICAL,0.0000000000000000,0.0000000000000000,
ColemanTransform.0.0.13,ptfmtdz,scalar,IDENTICAL,0.0000000000000000,0.0000000000000000,
ColemanTransform.0.0.13,ptfmrdx,scalar,IDENTICAL,0.0000000000000000,0.0000000000000000,
ColemanTransform.0.0.13,ptfmrdy,scalar,IDENTICAL,0.0000000000000000,0.0000000000000000,
ColemanTransform.0.0.13,ptfmrdz,scalar,IDENTICAL,0.0000000000000000,0.0000000000000000,
ColemanTransform.0.0.13,ptfmtvx,scalar,IDENTICAL,0.0000000000000000,0.0000000000000000,
ColemanTransform.0.0.13,ptfmtvy,scalar,IDENTICAL,0.0000000000000000,0.0000000000000000,
ColemanTransform.0.0.13,ptfmtvz,scalar,IDENTICAL,0.0000000000000000,0.0000000000000000,
ColemanTransform.0.0.13,ptfmrvx,scalar,IDENTICAL,0.0000000000000000,0.0000000000000000,
ColemanTransform.0.0.13,ptfmrvy,scalar,IDENTICAL,0.0000000000000000,0.0000000000000000,
ColemanTransform.0.0.13,ptfmrvz,scalar,IDENTICAL,0.0000000000000000,0.0000000000000000,
ColemanTransform.0.0.13,ptfmtax,scalar,IDENTICAL,0.0000000000000000,0.0000000000000000,
ColemanTransform.0.0.13,ptfmtay,scalar,IDENTICAL,0.0000000000000000,0.0000000000000000,
ColemanTransform.0.0.13,ptfmtaz,scalar,IDENTICAL,0.0000000000000000,0.0000000000000000,
ColemanTransform.0.0.13,ptfmrax,scalar,IDENTICAL,0.0000000000000000,0.0000000000000000,
ColemanTransform.0.0.13,ptfmray,scalar,IDENTICAL,0.0000000000000000,0.0000000000000000,
ColemanTransform.0.0.13,ptfmraz,scalar,IDENTICAL,0.0000000000000000,0.0000000000000000,
ColemanTransform.0.0.13,cc_desiredl,array,IDENTICAL,,,size=          12
ColemanTransform.0.0.13,cc_actuatedl,array,IDENTICAL,,,size=          12
ColemanTransform.0.0.13,cc_actuateddl,array,IDENTICAL,,,size=          12
ColemanTransform.0.0.13,stc_input,array,IDENTICAL,,,size=          12
ColemanTransform.0.0.13,flp_angle,array,IDENTICAL,,,size=           3
ColemanTransform.0.0.13,rootmyb_last,array,IDENTICAL,,,size=           3
ColemanTransform.0.0.13,acc_infile_size,scalar,IDENTICAL,42,42,
ColemanTransform.0.0.13,acc_infile,array,IDENTICAL,,,size=          42
ColemanTransform.0.0.13,restart,scalar,IDENTICAL,F,F,
ColemanTransform.0.0.13,awc_complexangle,array,IDENTICAL,,,size=           3
ColemanTransform.0.0.13,tiltmean,scalar,IDENTICAL,0.0000000000000000,0.0000000000000000,
ColemanTransform.0.0.13,yawmean,scalar,IDENTICAL,0.0000000000000000,0.0000000000000000,
ColemanTransform.0.0.13,zmq_id,scalar,IDENTICAL,0,0,
ColemanTransform.0.0.13,zmq_yawoffset,scalar,IDENTICAL,0.0000000000000000,0.0000000000000000,
ColemanTransform.0.0.13,zmq_torqueoffset,scalar,IDENTICAL,0.0000000000000000,0.0000000000000000,
ColemanTransform.0.0.13,zmq_pitoffset,array,IDENTICAL,,,size=           3
ColemanTransform.0.0.13,zmq_r_speed,scalar,IDENTICAL,0.0000000000000000,0.0000000000000000,
ColemanTransform.0.0.13,zmq_r_torque,scalar,IDENTICAL,0.0000000000000000,0.0000000000000000,
ColemanTransform.0.0.13,zmq_r_pitch,scalar,IDENTICAL,0.0000000000000000,0.0000000000000000,
ColemanTransform.0.0.13,om_r,scalar,IDENTICAL,0.0000000000000000,0.0000000000000000,
ColemanTransform.0.0.13,v_t,scalar,IDENTICAL,0.0000000000000000,0.0000000000000000,
ColemanTransform.0.0.13,v_m,scalar,IDENTICAL,0.0000000000000000,0.0000000000000000,
ColemanTransform.0.0.13,v_h,scalar,IDENTICAL,0.0000000000000000,0.0000000000000000,
ColemanTransform.0.0.13,p,array,IDENTICAL,,,size=           9
ColemanTransform.0.0.13,xh,array,IDENTICAL,,,size=           3
ColemanTransform.0.0.13,k,array,IDENTICAL,,,size=           3
ColemanTransform.0.0.13,lpf1_a1,array,IDENTICAL,,,size=        1024
ColemanTransform.0.0.13,lpf1_a0,array,IDENTICAL,,,size=        1024
ColemanTransform.0.0.13,lpf1_b1,array,IDENTICAL,,,size=        1024
ColemanTransform.0.0.13,lpf1_b0,array,IDENTICAL,,,size=        1024
ColemanTransform.0.0.13,lpf1_inputsignallast,array,IDENTICAL,,,size=        1024
ColemanTransform.0.0.13,lpf1_outputsignallast,array,IDENTICAL,,,size=        1024
ColemanTransform.0.0.13,lpf2_a2,array,IDENTICAL,,,size=        1024
ColemanTransform.0.0.13,lpf2_a1,array,IDENTICAL,,,size=        1024
ColemanTransform.0.0.13,lpf2_a0,array,IDENTICAL,,,size=        1024
ColemanTransform.0.0.13,lpf2_b2,array,IDENTICAL,,,size=        1024
ColemanTransform.0.0.13,lpf2_b1,array,IDENTICAL,,,size=        1024
ColemanTransform.0.0.13,lpf2_b0,array,IDENTICAL,,,size=        1024
ColemanTransform.0.0.13,lpf2_inputsignallast2,array,IDENTICAL,,,size=        1024
ColemanTransform.0.0.13,lpf2_outputsignallast2,array,IDENTICAL,,,size=        1024
ColemanTransform.0.0.13,lpf2_inputsignallast1,array,IDENTICAL,,,size=        1024
ColemanTransform.0.0.13,lpf2_outputsignallast1,array,IDENTICAL,,,size=        1024
ColemanTransform.0.0.13,lpfv_a2,array,IDENTICAL,,,size=        1024
ColemanTransform.0.0.13,lpfv_a1,array,IDENTICAL,,,size=        1024
ColemanTransform.0.0.13,lpfv_a0,array,IDENTICAL,,,size=        1024
ColemanTransform.0.0.13,lpfv_b2,array,IDENTICAL,,,size=        1024
ColemanTransform.0.0.13,lpfv_b1,array,IDENTICAL,,,size=        1024
ColemanTransform.0.0.13,lpfv_b0,array,IDENTICAL,,,size=        1024
ColemanTransform.0.0.13,lpfv_inputsignallast2,array,IDENTICAL,,,size=        1024
ColemanTransform.0.0.13,lpfv_outputsignallast2,array,IDENTICAL,,,size=        1024
ColemanTransform.0.0.13,lpfv_inputsignallast1,array,IDENTICAL,,,size=        1024
ColemanTransform.0.0.13,lpfv_outputsignallast1,array,IDENTICAL,,,size=        1024
ColemanTransform.0.0.13,hpf_inputsignallast,array,IDENTICAL,,,size=        1024
ColemanTransform.0.0.13,hpf_outputsignallast,array,IDENTICAL,,,size=        1024
ColemanTransform.0.0.13,nfs_outputsignallast1,array,IDENTICAL,,,size=        1024
ColemanTransform.0.0.13,nfs_outputsignallast2,array,IDENTICAL,,,size=        1024
ColemanTransform.0.0.13,nfs_inputsignallast1,array,IDENTICAL,,,size=        1024
ColemanTransform.0.0.13,nfs_inputsignallast2,array,IDENTICAL,,,size=        1024
ColemanTransform.0.0.13,nfs_b2,array,IDENTICAL,,,size=        1024
ColemanTransform.0.0.13,nfs_b0,array,IDENTICAL,,,size=        1024
ColemanTransform.0.0.13,nfs_a2,array,IDENTICAL,,,size=        1024
ColemanTransform.0.0.13,nfs_a1,array,IDENTICAL,,,size=        1024
ColemanTransform.0.0.13,nfs_a0,array,IDENTICAL,,,size=        1024
ColemanTransform.0.0.13,nf_outputsignallast1,array,IDENTICAL,,,size=        1024
ColemanTransform.0.0.13,nf_outputsignallast2,array,IDENTICAL,,,size=        1024
ColemanTransform.0.0.13,nf_inputsignallast1,array,IDENTICAL,,,size=        1024
ColemanTransform.0.0.13,nf_inputsignallast2,array,IDENTICAL,,,size=        1024
ColemanTransform.0.0.13,nf_b2,array,IDENTICAL,,,size=        1024
ColemanTransform.0.0.13,nf_b1,array,IDENTICAL,,,size=        1024
ColemanTransform.0.0.13,nf_b0,array,IDENTICAL,,,size=        1024
ColemanTransform.0.0.13,nf_a1,array,IDENTICAL,,,size=        1024
ColemanTransform.0.0.13,nf_a0,array,IDENTICAL,,,size=        1024
ColemanTransform.0.0.13,iterm,array,IDENTICAL,,,size=        1024
ColemanTransform.0.0.13,itermlast,array,IDENTICAL,,,size=        1024
ColemanTransform.0.0.13,iterm2,array,IDENTICAL,,,size=        1024
ColemanTransform.0.0.13,itermlast2,array,IDENTICAL,,,size=        1024
ColemanTransform.0.0.13,elast,array,IDENTICAL,,,size=        1024
ColemanTransform.0.0.13,res_outputsignallast1,array,IDENTICAL,,,size=        1024
ColemanTransform.0.0.13,res_outputsignallast2,array,IDENTICAL,,,size=        1024
ColemanTransform.0.0.13,res_inputsignallast1,array,IDENTICAL,,,size=        1024
ColemanTransform.0.0.13,res_inputsignallast2,array,IDENTICAL,,,size=        1024
ColemanTransform.0.0.13,lastsignal,array,IDENTICAL,,,size=        1024
ColemanTransform.0.0.14,istatus,scalar,IDENTICAL,1,1,
ColemanTransform.0.0.14,alreadyinitialized,scalar,IDENTICAL,0,0,
ColemanTransform.0.0.14,restartwse,scalar,IDENTICAL,1,1,
ColemanTransform.0.0.14,time,scalar,IDENTICAL,0.32499998807907104,0.32499998807907104,
ColemanTransform.0.0.14,dt,scalar,IDENTICAL,2.5000000372529030E-002,2.5000000372529030E-002,
ColemanTransform.0.0.14,writethisstep,scalar,IDENTICAL,F,F,
ColemanTransform.0.0.14,n_dt,scalar,IDENTICAL,13,13,
ColemanTransform.0.0.14,time_last,scalar,IDENTICAL,0.0000000000000000,0.0000000000000000,
ColemanTransform.0.0.14,vs_genpwr,scalar,IDENTICAL,0.0000000000000000,0.0000000000000000,
ColemanTransform.0.0.14,genspeed,scalar,IDENTICAL,41.568164825439453,41.568164825439453,
ColemanTransform.0.0.14,rotspeed,scalar,IDENTICAL,0.42853781580924988,0.42853781580924988,
ColemanTransform.0.0.14,nacheading,scalar,IDENTICAL,0.0000000000000000,0.0000000000000000,
ColemanTransform.0.0.14,nacvane,scalar,IDENTICAL,0.0000000000000000,0.0000000000000000,
ColemanTransform.0.0.14,nacvanef,scalar,IDENTICAL,0.0000000000000000,0.0000000000000000,
ColemanTransform.0.0.14,winddir,scalar,IDENTICAL,0.0000000000000000,0.0000000000000000,
ColemanTransform.0.0.14,horwindv,scalar,IDENTICAL,9.0000000000000000,9.0000000000000000,
ColemanTransform.0.0.14,horwindv_f,scalar,IDENTICAL,9.9741602495190111,9.9741602495190111,
ColemanTransform.0.0.14,rootmoop,array,IDENTICAL,,,size=           3
ColemanTransform.0.0.14,rootmoopf,array,IDENTICAL,,,size=           3
ColemanTransform.0.0.14,blpitch,array,IDENTICAL,,,size=           3
ColemanTransform.0.0.14,blpitchcmeas,scalar,IDENTICAL,2.3251194831311280E-003,2.3251194831311280E-003,
ColemanTransform.0.0.14,azimuth,scalar,IDENTICAL,0.0000000000000000,0.0000000000000000,
ColemanTransform.0.0.14,ol_azimuth,scalar,IDENTICAL,0.0000000000000000,0.0000000000000000,
ColemanTransform.0.0.14,azunwrapped,scalar,IDENTICAL,0.0000000000000000,0.0000000000000000,
ColemanTransform.0.0.14,azerror,scalar,IDENTICAL,0.0000000000000000,0.0000000000000000,
ColemanTransform.0.0.14,gentqaz,scalar,IDENTICAL,0.0000000000000000,0.0000000000000000,
ColemanTransform.0.0.14,azbuffer,array,IDENTICAL,,,size=           2
ColemanTransform.0.0.14,numbl,scalar,IDENTICAL,3,3,
ColemanTransform.0.0.14,fa_acc_tt,scalar,IDENTICAL,0.0000000000000000,0.0000000000000000,
ColemanTransform.0.0.14,ss_acc_tt,scalar,IDENTICAL,0.0000000000000000,0.0000000000000000,
ColemanTransform.0.0.14,fa_acc_nac,scalar,IDENTICAL,0.0000000000000000,0.0000000000000000,
ColemanTransform.0.0.14,nacimu_fa_racc,scalar,IDENTICAL,0.0000000000000000,0.0000000000000000,
ColemanTransform.0.0.14,fa_acchpf,scalar,IDENTICAL,0.0000000000000000,0.0000000000000000,
ColemanTransform.0.0.14,fa_acchpfi,scalar,IDENTICAL,0.0000000000000000,0.0000000000000000,
ColemanTransform.0.0.14,fa_pitcom,array,IDENTICAL,,,size=           3
ColemanTransform.0.0.14,vs_refspd,scalar,IDENTICAL,115.44013973088421,115.44013973088421,
ColemanTransform.0.0.14,vs_refspd_tsr,scalar,IDENTICAL,115.17780288135050,115.17780288135050,
ColemanTransform.0.0.14,vs_refspd_tra,scalar,IDENTICAL,0.0000000000000000,0.0000000000000000,
ColemanTransform.0.0.14,vs_refspd_rl,scalar,IDENTICAL,0.0000000000000000,0.0000000000000000,
ColemanTransform.0.0.14,pc_refspd,scalar,IDENTICAL,129.07199354073441,129.07199354073441,
ColemanTransform.0.0.14,pc_refspd_ss,scalar,IDENTICAL,129.07199354073441,129.07199354073441,
ColemanTransform.0.0.14,pc_refspd_prc,scalar,IDENTICAL,122.90967000000001,122.90967000000001,
ColemanTransform.0.0.14,rotspeedf,scalar,IDENTICAL,0.50587819467745287,0.50587819467745287,
ColemanTransform.0.0.14,genspeedf,scalar,IDENTICAL,35.607932184438518,35.607932184438518,
ColemanTransform.0.0.14,gentq,scalar,IDENTICAL,5.4036231582731998E-217,5.4036231582731998E-217,
ColemanTransform.0.0.14,gentqmeas,scalar,IDENTICAL,0.0000000000000000,0.0000000000000000,
ColemanTransform.0.0.14,genartq,scalar,IDENTICAL,0.0000000000000000,0.0000000000000000,
ColemanTransform.0.0.14,genbrtq,scalar,IDENTICAL,0.0000000000000000,0.0000000000000000,
ColemanTransform.0.0.14,vs_komega2_gentq,scalar,IDENTICAL,2929.6037262420809,2929.6037262420809,
ColemanTransform.0.0.14,vs_constpwr_gentq,scalar,IDENTICAL,148748.04136495927,148748.04136495927,
ColemanTransform.0.0.14,ipc_pitcomf,array,IDENTICAL,,,size=           3
ColemanTransform.0.0.14,pc_kp,scalar,IDENTICAL,-2.0750000000000001E-002,-2.0750000000000001E-002,
ColemanTransform.0.0.14,pc_ki,scalar,IDENTICAL,-8.4169999999999991E-003,-8.4169999999999991E-003,
ColemanTransform.0.0.14,pc_kd,scalar,IDENTICAL,0.0000000000000000,0.0000000000000000,
ColemanTransform.0.0.14,pc_tf,scalar,IDENTICAL,0.0000000000000000,0.0000000000000000,
ColemanTransform.0.0.14,pc_maxpit,scalar,IDENTICAL,1.5700000000000001,1.5700000000000001,
ColemanTransform.0.0.14,pc_minpit,scalar,IDENTICAL,2.3055335891959540E-003,2.3055335891959540E-003,
ColemanTransform.0.0.14,pc_pitcomt,scalar,IDENTICAL,2.3055335891959540E-003,2.3055335891959540E-003,
ColemanTransform.0.0.14,pc_pitcomt_last,scalar,IDENTICAL,2.3251194831311280E-003,2.3251194831311280E-003,
ColemanTransform.0.0.14,blpitchcmeasf,scalar,IDENTICAL,1.9764174004904884E-004,1.9764174004904884E-004,
ColemanTransform.0.0.14,pc_pitcomt_ipc,array,IDENTICAL,,,size=           3
ColemanTransform.0.0.14,pc_pwrerr,scalar,IDENTICAL,5000000.0000000000,5000000.0000000000,
ColemanTransform.0.0.14,pc_spderr,scalar,IDENTICAL,93.464061356295900,93.464061356295900,
ColemanTransform.0.0.14,ipc_axistilt_1p,scalar,IDENTICAL,0.0000000000000000,0.0000000000000000,
ColemanTransform.0.0.14,ipc_axisyaw_1p,scalar,IDENTICAL,0.0000000000000000,0.0000000000000000,
ColemanTransform.0.0.14,ipc_axistilt_2p,scalar,IDENTICAL,0.0000000000000000,0.0000000000000000,
ColemanTransform.0.0.14,ipc_axisyaw_2p,scalar,IDENTICAL,0.0000000000000000,0.0000000000000000,
ColemanTransform.0.0.14,axistilt_1p,scalar,IDENTICAL,0.0000000000000000,0.0000000000000000,
ColemanTransform.0.0.14,axisyaw_1p,scalar,IDENTICAL,0.0000000000000000,0.0000000000000000,
ColemanTransform.0.0.14,axisyawf_1p,scalar,IDENTICAL,0.0000000000000000,0.0000000000000000,
ColemanTransform.0.0.14,axistilt_2p,scalar,IDENTICAL,0.0000000000000000,0.0000000000000000,
ColemanTransform.0.0.14,axisyaw_2p,scalar,IDENTICAL,0.0000000000000000,0.0000000000000000,
ColemanTransform.0.0.14,axisyawf_2p,scalar,IDENTICAL,0.0000000000000000,0.0000000000000000,
ColemanTransform.0.0.14,ipc_ki,array,IDENTICAL,,,size=           2
ColemanTransform.0.0.14,ipc_kp,array,IDENTICAL,,,size=           2
ColemanTransform.0.0.14,ipc_intsat,scalar,IDENTICAL,2.3429448697414854E-003,2.3429448697414854E-003,
ColemanTransform.0.0.14,pc_state,scalar,IDENTICAL,1,1,
ColemanTransform.0.0.14,pitcom,array,IDENTICAL,,,size=           3
ColemanTransform.0.0.14,pitcom_sd,array,IDENTICAL,,,size=           3
ColemanTransform.0.0.14,pitcomact,array,IDENTICAL,,,size=           3
ColemanTransform.0.0.14,ss_delomegaf,scalar,IDENTICAL,-6.1610304308928665,-6.1610304308928665,
ColemanTransform.0.0.14,testtype,scalar,IDENTICAL,0.0000000000000000,0.0000000000000000,
ColemanTransform.0.0.14,kp_float,scalar,IDENTICAL,0.0000000000000000,0.0000000000000000,
ColemanTransform.0.0.14,vs_maxtq,scalar,IDENTICAL,47402.900000000001,47402.900000000001,
ColemanTransform.0.0.14,vs_lastgentrq,scalar,IDENTICAL,5.4036231582731998E-217,5.4036231582731998E-217,
ColemanTransform.0.0.14,vs_lastgenpwr,scalar,IDENTICAL,0.0000000000000000,0.0000000000000000,
ColemanTransform.0.0.14,vs_mechgenpwr,scalar,IDENTICAL,0.0000000000000000,0.0000000000000000,
ColemanTransform.0.0.14,vs_spderrar,scalar,IDENTICAL,79.832207546445687,79.832207546445687,
ColemanTransform.0.0.14,vs_spderrbr,scalar,IDENTICAL,-0.96507218443851883,-0.96507218443851883,
ColemanTransform.0.0.14,vs_spderr,scalar,IDENTICAL,79.832207546445687,79.832207546445687,
ColemanTransform.0.0.14,vs_state,scalar,IDENTICAL,1,1,
ColemanTransform.0.0.14,vs_rgn3pitch,scalar,IDENTICAL,1.9755533589195955E-002,1.9755533589195955E-002,
ColemanTransform.0.0.14,we_vw,scalar,IDENTICAL,9.9741602495190111,9.9741602495190111,
ColemanTransform.0.0.14,we_vw_f,scalar,IDENTICAL,9.9973373027921362,9.9973373027921362,
ColemanTransform.0.0.14,we_vwi,scalar,IDENTICAL,10.000000000000000,10.000000000000000,
ColemanTransform.0.0.14,we_vwidot,scalar,IDENTICAL,0.0000000000000000,0.0000000000000000,
ColemanTransform.0.0.14,we_op,scalar,IDENTICAL,0,0,
ColemanTransform.0.0.14,we_op_last,scalar,IDENTICAL,0,0,
ColemanTransform.0.0.14,vs_lastgentrqf,scalar,IDENTICAL,0.79763073074317070,0.79763073074317070,
ColemanTransform.0.0.14,prc_wse_f,scalar,IDENTICAL,0.0000000000000000,0.0000000000000000,
ColemanTransform.0.0.14,prc_r_speed,scalar,IDENTICAL,1.0000000000000000,1.0000000000000000,
ColemanTransform.0.0.14,prc_r_torque,scalar,IDENTICAL,1.0000000000000000,1.0000000000000000,
ColemanTransform.0.0.14,prc_r_pitch,scalar,IDENTICAL,1.0000000000000000,1.0000000000000000,
ColemanTransform.0.0.14,prc_r_total,scalar,IDENTICAL,0.0000000000000000,0.0000000000000000,
ColemanTransform.0.0.14,prc_min_pitch,scalar,IDENTICAL,0.0000000000000000,0.0000000000000000,
ColemanTransform.0.0.14,ps_min_pitch,scalar,IDENTICAL,2.3055335891959540E-003,2.3055335891959540E-003,
ColemanTransform.0.0.14,ol_index,scalar,IDENTICAL,0.32499998807907104,0.32499998807907104,
ColemanTransform.0.0.14,su_stage,scalar,IDENTICAL,0,0,
ColemanTransform.0.0.14,su_loadstagestarttime,scalar,IDENTICAL,0.0000000000000000,0.0000000000000000,
ColemanTransform.0.0.14,su_rotspeedf,scalar,IDENTICAL,0.0000000000000000,0.0000000000000000,
ColemanTransform.0.0.14,sd_trigger,scalar,IDENTICAL,0,0,
ColemanTransform.0.0.14,sd_blpitchf,scalar,IDENTICAL,0.0000000000000000,0.0000000000000000,
ColemanTransform.0.0.14,sd_nacvanef,scalar,IDENTICAL,0.0000000000000000,0.0000000000000000,
ColemanTransform.0.0.14,sd_genspeedf,scalar,IDENTICAL,0.0000000000000000,0.0000000000000000,
ColemanTransform.0.0.14,sd_stage,scalar,IDENTICAL,0,0,
ColemanTransform.0.0.14,sd_stagestarttime,scalar,IDENTICAL,0.0000000000000000,0.0000000000000000,
ColemanTransform.0.0.14,sd_maxpitchrate,scalar,IDENTICAL,0.0000000000000000,0.0000000000000000,
ColemanTransform.0.0.14,sd_maxtorquerate,scalar,IDENTICAL,0.0000000000000000,0.0000000000000000,
ColemanTransform.0.0.14,gentq_sd,scalar,IDENTICAL,0.0000000000000000,0.0000000000000000,
ColemanTransform.0.0.14,fl_pitcom,scalar,IDENTICAL,0.0000000000000000,0.0000000000000000,
ColemanTransform.0.0.14,nacimu_fa_accf,scalar,IDENTICAL,0.0000000000000000,0.0000000000000000,
ColemanTransform.0.0.14,fa_accf,scalar,IDENTICAL,0.0000000000000000,0.0000000000000000,
ColemanTransform.0.0.14,fa_hist,scalar,IDENTICAL,0,0,
ColemanTransform.0.0.14,tra_lastrefspd,scalar,IDENTICAL,0.0000000000000000,0.0000000000000000,
ColemanTransform.0.0.14,vs_refspeed,scalar,IDENTICAL,0.0000000000000000,0.0000000000000000,
ColemanTransform.0.0.14,ptfmtdx,scalar,IDENTICAL,0.0000000000000000,0.0000000000000000,
ColemanTransform.0.0.14,ptfmtdy,scalar,IDENTICAL,0.0000000000000000,0.0000000000000000,
ColemanTransform.0.0.14,ptfmtdz,scalar,IDENTICAL,0.0000000000000000,0.0000000000000000,
ColemanTransform.0.0.14,ptfmrdx,scalar,IDENTICAL,0.0000000000000000,0.0000000000000000,
ColemanTransform.0.0.14,ptfmrdy,scalar,IDENTICAL,0.0000000000000000,0.0000000000000000,
ColemanTransform.0.0.14,ptfmrdz,scalar,IDENTICAL,0.0000000000000000,0.0000000000000000,
ColemanTransform.0.0.14,ptfmtvx,scalar,IDENTICAL,0.0000000000000000,0.0000000000000000,
ColemanTransform.0.0.14,ptfmtvy,scalar,IDENTICAL,0.0000000000000000,0.0000000000000000,
ColemanTransform.0.0.14,ptfmtvz,scalar,IDENTICAL,0.0000000000000000,0.0000000000000000,
ColemanTransform.0.0.14,ptfmrvx,scalar,IDENTICAL,0.0000000000000000,0.0000000000000000,
ColemanTransform.0.0.14,ptfmrvy,scalar,IDENTICAL,0.0000000000000000,0.0000000000000000,
ColemanTransform.0.0.14,ptfmrvz,scalar,IDENTICAL,0.0000000000000000,0.0000000000000000,
ColemanTransform.0.0.14,ptfmtax,scalar,IDENTICAL,0.0000000000000000,0.0000000000000000,
ColemanTransform.0.0.14,ptfmtay,scalar,IDENTICAL,0.0000000000000000,0.0000000000000000,
ColemanTransform.0.0.14,ptfmtaz,scalar,IDENTICAL,0.0000000000000000,0.0000000000000000,
ColemanTransform.0.0.14,ptfmrax,scalar,IDENTICAL,0.0000000000000000,0.0000000000000000,
ColemanTransform.0.0.14,ptfmray,scalar,IDENTICAL,0.0000000000000000,0.0000000000000000,
ColemanTransform.0.0.14,ptfmraz,scalar,IDENTICAL,0.0000000000000000,0.0000000000000000,
ColemanTransform.0.0.14,cc_desiredl,array,IDENTICAL,,,size=          12
ColemanTransform.0.0.14,cc_actuatedl,array,IDENTICAL,,,size=          12
ColemanTransform.0.0.14,cc_actuateddl,array,IDENTICAL,,,size=          12
ColemanTransform.0.0.14,stc_input,array,IDENTICAL,,,size=          12
ColemanTransform.0.0.14,flp_angle,array,IDENTICAL,,,size=           3
ColemanTransform.0.0.14,rootmyb_last,array,IDENTICAL,,,size=           3
ColemanTransform.0.0.14,acc_infile_size,scalar,IDENTICAL,42,42,
ColemanTransform.0.0.14,acc_infile,array,IDENTICAL,,,size=          42
ColemanTransform.0.0.14,restart,scalar,IDENTICAL,F,F,
ColemanTransform.0.0.14,awc_complexangle,array,IDENTICAL,,,size=           3
ColemanTransform.0.0.14,tiltmean,scalar,IDENTICAL,0.0000000000000000,0.0000000000000000,
ColemanTransform.0.0.14,yawmean,scalar,IDENTICAL,0.0000000000000000,0.0000000000000000,
ColemanTransform.0.0.14,zmq_id,scalar,IDENTICAL,0,0,
ColemanTransform.0.0.14,zmq_yawoffset,scalar,IDENTICAL,0.0000000000000000,0.0000000000000000,
ColemanTransform.0.0.14,zmq_torqueoffset,scalar,IDENTICAL,0.0000000000000000,0.0000000000000000,
ColemanTransform.0.0.14,zmq_pitoffset,array,IDENTICAL,,,size=           3
ColemanTransform.0.0.14,zmq_r_speed,scalar,IDENTICAL,0.0000000000000000,0.0000000000000000,
ColemanTransform.0.0.14,zmq_r_torque,scalar,IDENTICAL,0.0000000000000000,0.0000000000000000,
ColemanTransform.0.0.14,zmq_r_pitch,scalar,IDENTICAL,0.0000000000000000,0.0000000000000000,
ColemanTransform.0.0.14,om_r,scalar,IDENTICAL,0.0000000000000000,0.0000000000000000,
ColemanTransform.0.0.14,v_t,scalar,IDENTICAL,0.0000000000000000,0.0000000000000000,
ColemanTransform.0.0.14,v_m,scalar,IDENTICAL,0.0000000000000000,0.0000000000000000,
ColemanTransform.0.0.14,v_h,scalar,IDENTICAL,0.0000000000000000,0.0000000000000000,
ColemanTransform.0.0.14,p,array,IDENTICAL,,,size=           9
ColemanTransform.0.0.14,xh,array,IDENTICAL,,,size=           3
ColemanTransform.0.0.14,k,array,IDENTICAL,,,size=           3
ColemanTransform.0.0.14,lpf1_a1,array,IDENTICAL,,,size=        1024
ColemanTransform.0.0.14,lpf1_a0,array,IDENTICAL,,,size=        1024
ColemanTransform.0.0.14,lpf1_b1,array,IDENTICAL,,,size=        1024
ColemanTransform.0.0.14,lpf1_b0,array,IDENTICAL,,,size=        1024
ColemanTransform.0.0.14,lpf1_inputsignallast,array,IDENTICAL,,,size=        1024
ColemanTransform.0.0.14,lpf1_outputsignallast,array,IDENTICAL,,,size=        1024
ColemanTransform.0.0.14,lpf2_a2,array,IDENTICAL,,,size=        1024
ColemanTransform.0.0.14,lpf2_a1,array,IDENTICAL,,,size=        1024
ColemanTransform.0.0.14,lpf2_a0,array,IDENTICAL,,,size=        1024
ColemanTransform.0.0.14,lpf2_b2,array,IDENTICAL,,,size=        1024
ColemanTransform.0.0.14,lpf2_b1,array,IDENTICAL,,,size=        1024
ColemanTransform.0.0.14,lpf2_b0,array,IDENTICAL,,,size=        1024
ColemanTransform.0.0.14,lpf2_inputsignallast2,array,IDENTICAL,,,size=        1024
ColemanTransform.0.0.14,lpf2_outputsignallast2,array,IDENTICAL,,,size=        1024
ColemanTransform.0.0.14,lpf2_inputsignallast1,array,IDENTICAL,,,size=        1024
ColemanTransform.0.0.14,lpf2_outputsignallast1,array,IDENTICAL,,,size=        1024
ColemanTransform.0.0.14,lpfv_a2,array,IDENTICAL,,,size=        1024
ColemanTransform.0.0.14,lpfv_a1,array,IDENTICAL,,,size=        1024
ColemanTransform.0.0.14,lpfv_a0,array,IDENTICAL,,,size=        1024
ColemanTransform.0.0.14,lpfv_b2,array,IDENTICAL,,,size=        1024
ColemanTransform.0.0.14,lpfv_b1,array,IDENTICAL,,,size=        1024
ColemanTransform.0.0.14,lpfv_b0,array,IDENTICAL,,,size=        1024
ColemanTransform.0.0.14,lpfv_inputsignallast2,array,IDENTICAL,,,size=        1024
ColemanTransform.0.0.14,lpfv_outputsignallast2,array,IDENTICAL,,,size=        1024
ColemanTransform.0.0.14,lpfv_inputsignallast1,array,IDENTICAL,,,size=        1024
ColemanTransform.0.0.14,lpfv_outputsignallast1,array,IDENTICAL,,,size=        1024
ColemanTransform.0.0.14,hpf_inputsignallast,array,IDENTICAL,,,size=        1024
ColemanTransform.0.0.14,hpf_outputsignallast,array,IDENTICAL,,,size=        1024
ColemanTransform.0.0.14,nfs_outputsignallast1,array,IDENTICAL,,,size=        1024
ColemanTransform.0.0.14,nfs_outputsignallast2,array,IDENTICAL,,,size=        1024
ColemanTransform.0.0.14,nfs_inputsignallast1,array,IDENTICAL,,,size=        1024
ColemanTransform.0.0.14,nfs_inputsignallast2,array,IDENTICAL,,,size=        1024
ColemanTransform.0.0.14,nfs_b2,array,IDENTICAL,,,size=        1024
ColemanTransform.0.0.14,nfs_b0,array,IDENTICAL,,,size=        1024
ColemanTransform.0.0.14,nfs_a2,array,IDENTICAL,,,size=        1024
ColemanTransform.0.0.14,nfs_a1,array,IDENTICAL,,,size=        1024
ColemanTransform.0.0.14,nfs_a0,array,IDENTICAL,,,size=        1024
ColemanTransform.0.0.14,nf_outputsignallast1,array,IDENTICAL,,,size=        1024
ColemanTransform.0.0.14,nf_outputsignallast2,array,IDENTICAL,,,size=        1024
ColemanTransform.0.0.14,nf_inputsignallast1,array,IDENTICAL,,,size=        1024
ColemanTransform.0.0.14,nf_inputsignallast2,array,IDENTICAL,,,size=        1024
ColemanTransform.0.0.14,nf_b2,array,IDENTICAL,,,size=        1024
ColemanTransform.0.0.14,nf_b1,array,IDENTICAL,,,size=        1024
ColemanTransform.0.0.14,nf_b0,array,IDENTICAL,,,size=        1024
ColemanTransform.0.0.14,nf_a1,array,IDENTICAL,,,size=        1024
ColemanTransform.0.0.14,nf_a0,array,IDENTICAL,,,size=        1024
ColemanTransform.0.0.14,iterm,array,IDENTICAL,,,size=        1024
ColemanTransform.0.0.14,itermlast,array,IDENTICAL,,,size=        1024
ColemanTransform.0.0.14,iterm2,array,IDENTICAL,,,size=        1024
ColemanTransform.0.0.14,itermlast2,array,IDENTICAL,,,size=        1024
ColemanTransform.0.0.14,elast,array,IDENTICAL,,,size=        1024
ColemanTransform.0.0.14,res_outputsignallast1,array,IDENTICAL,,,size=        1024
ColemanTransform.0.0.14,res_outputsignallast2,array,IDENTICAL,,,size=        1024
ColemanTransform.0.0.14,res_inputsignallast1,array,IDENTICAL,,,size=        1024
ColemanTransform.0.0.14,res_inputsignallast2,array,IDENTICAL,,,size=        1024
ColemanTransform.0.0.14,lastsignal,array,IDENTICAL,,,size=        1024
ColemanTransform.0.0.15,istatus,scalar,IDENTICAL,1,1,
ColemanTransform.0.0.15,alreadyinitialized,scalar,IDENTICAL,0,0,
ColemanTransform.0.0.15,restartwse,scalar,IDENTICAL,1,1,
ColemanTransform.0.0.15,time,scalar,IDENTICAL,0.34999999403953552,0.34999999403953552,
ColemanTransform.0.0.15,dt,scalar,IDENTICAL,2.5000000372529030E-002,2.5000000372529030E-002,
ColemanTransform.0.0.15,writethisstep,scalar,IDENTICAL,F,F,
ColemanTransform.0.0.15,n_dt,scalar,IDENTICAL,14,14,
ColemanTransform.0.0.15,time_last,scalar,IDENTICAL,0.0000000000000000,0.0000000000000000,
ColemanTransform.0.0.15,vs_genpwr,scalar,IDENTICAL,0.0000000000000000,0.0000000000000000,
ColemanTransform.0.0.15,genspeed,scalar,IDENTICAL,41.642070770263672,41.642070770263672,
ColemanTransform.0.0.15,rotspeed,scalar,IDENTICAL,0.42929971218109131,0.42929971218109131,
ColemanTransform.0.0.15,nacheading,scalar,IDENTICAL,0.0000000000000000,0.0000000000000000,
ColemanTransform.0.0.15,nacvane,scalar,IDENTICAL,0.0000000000000000,0.0000000000000000,
ColemanTransform.0.0.15,nacvanef,scalar,IDENTICAL,0.0000000000000000,0.0000000000000000,
ColemanTransform.0.0.15,winddir,scalar,IDENTICAL,0.0000000000000000,0.0000000000000000,
ColemanTransform.0.0.15,horwindv,scalar,IDENTICAL,9.0000000000000000,9.0000000000000000,
ColemanTransform.0.0.15,horwindv_f,scalar,IDENTICAL,9.9721221026094895,9.9721221026094895,
ColemanTransform.0.0.15,rootmoop,array,IDENTICAL,,,size=           3
ColemanTransform.0.0.15,rootmoopf,array,IDENTICAL,,,size=           3
ColemanTransform.0.0.15,blpitch,array,IDENTICAL,,,size=           3
ColemanTransform.0.0.15,blpitchcmeas,scalar,IDENTICAL,2.3055335891959535E-003,2.3055335891959535E-003,
ColemanTransform.0.0.15,azimuth,scalar,IDENTICAL,0.0000000000000000,0.0000000000000000,
ColemanTransform.0.0.15,ol_azimuth,scalar,IDENTICAL,0.0000000000000000,0.0000000000000000,
ColemanTransform.0.0.15,azunwrapped,scalar,IDENTICAL,0.0000000000000000,0.0000000000000000,
ColemanTransform.0.0.15,azerror,scalar,IDENTICAL,0.0000000000000000,0.0000000000000000,
ColemanTransform.0.0.15,gentqaz,scalar,IDENTICAL,0.0000000000000000,0.0000000000000000,
ColemanTransform.0.0.15,azbuffer,array,IDENTICAL,,,size=           2
ColemanTransform.0.0.15,numbl,scalar,IDENTICAL,3,3,
ColemanTransform.0.0.15,fa_acc_tt,scalar,IDENTICAL,0.0000000000000000,0.0000000000000000,
ColemanTransform.0.0.15,ss_acc_tt,scalar,IDENTICAL,0.0000000000000000,0.0000000000000000,
ColemanTransform.0.0.15,fa_acc_nac,scalar,IDENTICAL,0.0000000000000000,0.0000000000000000,
ColemanTransform.0.0.15,nacimu_fa_racc,scalar,IDENTICAL,0.0000000000000000,0.0000000000000000,
ColemanTransform.0.0.15,fa_acchpf,scalar,IDENTICAL,0.0000000000000000,0.0000000000000000,
ColemanTransform.0.0.15,fa_acchpfi,scalar,IDENTICAL,0.0000000000000000,0.0000000000000000,
ColemanTransform.0.0.15,fa_pitcom,array,IDENTICAL,,,size=           3
ColemanTransform.0.0.15,vs_refspd,scalar,IDENTICAL,115.43445837665247,115.43445837665247,
ColemanTransform.0.0.15,vs_refspd_tsr,scalar,IDENTICAL,115.15426713727625,115.15426713727625,
ColemanTransform.0.0.15,vs_refspd_tra,scalar,IDENTICAL,0.0000000000000000,0.0000000000000000,
ColemanTransform.0.0.15,vs_refspd_rl,scalar,IDENTICAL,0.0000000000000000,0.0000000000000000,
ColemanTransform.0.0.15,pc_refspd,scalar,IDENTICAL,129.07070043089288,129.07070043089288,
ColemanTransform.0.0.15,pc_refspd_ss,scalar,IDENTICAL,129.07070043089288,129.07070043089288,
ColemanTransform.0.0.15,pc_refspd_prc,scalar,IDENTICAL,122.90967000000001,122.90967000000001,
ColemanTransform.0.0.15,rotspeedf,scalar,IDENTICAL,0.49466972068613851,0.49466972068613851,
ColemanTransform.0.0.15,genspeedf,scalar,IDENTICAL,36.481370285176702,36.481370285176702,
ColemanTransform.0.0.15,gentq,scalar,IDENTICAL,-8.8384403773023298E-234,-8.8384403773023298E-234,
ColemanTransform.0.0.15,gentqmeas,scalar,IDENTICAL,0.0000000000000000,0.0000000000000000,
ColemanTransform.0.0.15,genartq,scalar,IDENTICAL,0.0000000000000000,0.0000000000000000,
ColemanTransform.0.0.15,genbrtq,scalar,IDENTICAL,0.0000000000000000,0.0000000000000000,
ColemanTransform.0.0.15,vs_komega2_gentq,scalar,IDENTICAL,3075.0887626202775,3075.0887626202775,
ColemanTransform.0.0.15,vs_constpwr_gentq,scalar,IDENTICAL,145186.71113742871,145186.71113742871,
ColemanTransform.0.0.15,ipc_pitcomf,array,IDENTICAL,,,size=           3
ColemanTransform.0.0.15,pc_kp,scalar,IDENTICAL,-2.0750000000000001E-002,-2.0750000000000001E-002,
ColemanTransform.0.0.15,pc_ki,scalar,IDENTICAL,-8.4169999999999991E-003,-8.4169999999999991E-003,
ColemanTransform.0.0.15,pc_kd,scalar,IDENTICAL,0.0000000000000000,0.0000000000000000,
ColemanTransform.0.0.15,pc_tf,scalar,IDENTICAL,0.0000000000000000,0.0000000000000000,
ColemanTransform.0.0.15,pc_maxpit,scalar,IDENTICAL,1.5700000000000001,1.5700000000000001,
ColemanTransform.0.0.15,pc_minpit,scalar,IDENTICAL,2.2842281342283929E-003,2.2842281342283929E-003,
ColemanTransform.0.0.15,pc_pitcomt,scalar,IDENTICAL,2.2842281342283929E-003,2.2842281342283929E-003,
ColemanTransform.0.0.15,pc_pitcomt_last,scalar,IDENTICAL,2.3055335891959540E-003,2.3055335891959540E-003,
ColemanTransform.0.0.15,blpitchcmeasf,scalar,IDENTICAL,2.2870538544575162E-004,2.2870538544575162E-004,
ColemanTransform.0.0.15,pc_pitcomt_ipc,array,IDENTICAL,,,size=           3
ColemanTransform.0.0.15,pc_pwrerr,scalar,IDENTICAL,5000000.0000000000,5000000.0000000000,
ColemanTransform.0.0.15,pc_spderr,scalar,IDENTICAL,92.589330145716190,92.589330145716190,
ColemanTransform.0.0.15,ipc_axistilt_1p,scalar,IDENTICAL,0.0000000000000000,0.0000000000000000,
ColemanTransform.0.0.15,ipc_axisyaw_1p,scalar,IDENTICAL,0.0000000000000000,0.0000000000000000,
ColemanTransform.0.0.15,ipc_axistilt_2p,scalar,IDENTICAL,0.0000000000000000,0.0000000000000000,
ColemanTransform.0.0.15,ipc_axisyaw_2p,scalar,IDENTICAL,0.0000000000000000,0.0000000000000000,
ColemanTransform.0.0.15,axistilt_1p,scalar,IDENTICAL,0.0000000000000000,0.0000000000000000,
ColemanTransform.0.0.15,axisyaw_1p,scalar,IDENTICAL,0.0000000000000000,0.0000000000000000,
ColemanTransform.0.0.15,axisyawf_1p,scalar,IDENTICAL,0.0000000000000000,0.0000000000000000,
ColemanTransform.0.0.15,axistilt_2p,scalar,IDENTICAL,0.0000000000000000,0.0000000000000000,
ColemanTransform.0.0.15,axisyaw_2p,scalar,IDENTICAL,0.0000000000000000,0.0000000000000000,
ColemanTransform.0.0.15,axisyawf_2p,scalar,IDENTICAL,0.0000000000000000,0.0000000000000000,
ColemanTransform.0.0.15,ipc_ki,array,IDENTICAL,,,size=           2
ColemanTransform.0.0.15,ipc_kp,array,IDENTICAL,,,size=           2
ColemanTransform.0.0.15,ipc_intsat,scalar,IDENTICAL,2.3251194831311280E-003,2.3251194831311280E-003,
ColemanTransform.0.0.15,pc_state,scalar,IDENTICAL,1,1,
ColemanTransform.0.0.15,pitcom,array,IDENTICAL,,,size=           3
ColemanTransform.0.0.15,pitcom_sd,array,IDENTICAL,,,size=           3
ColemanTransform.0.0.15,pitcomact,array,IDENTICAL,,,size=           3
ColemanTransform.0.0.15,ss_delomegaf,scalar,IDENTICAL,-6.1597912299590867,-6.1597912299590867,
ColemanTransform.0.0.15,testtype,scalar,IDENTICAL,0.0000000000000000,0.0000000000000000,
ColemanTransform.0.0.15,kp_float,scalar,IDENTICAL,0.0000000000000000,0.0000000000000000,
ColemanTransform.0.0.15,vs_maxtq,scalar,IDENTICAL,47402.900000000001,47402.900000000001,
ColemanTransform.0.0.15,vs_lastgentrq,scalar,IDENTICAL,-8.8384403773023298E-234,-8.8384403773023298E-234,
ColemanTransform.0.0.15,vs_lastgenpwr,scalar,IDENTICAL,0.0000000000000000,0.0000000000000000,
ColemanTransform.0.0.15,vs_mechgenpwr,scalar,IDENTICAL,0.0000000000000000,0.0000000000000000,
ColemanTransform.0.0.15,vs_spderrar,scalar,IDENTICAL,78.953088091475763,78.953088091475763,
ColemanTransform.0.0.15,vs_spderrbr,scalar,IDENTICAL,-1.8385102851767030,-1.8385102851767030,
ColemanTransform.0.0.15,vs_spderr,scalar,IDENTICAL,78.953088091475763,78.953088091475763,
ColemanTransform.0.0.15,vs_state,scalar,IDENTICAL,1,1,
ColemanTransform.0.0.15,vs_rgn3pitch,scalar,IDENTICAL,1.9734228134228392E-002,1.9734228134228392E-002,
ColemanTransform.0.0.15,we_vw,scalar,IDENTICAL,9.9721221026094895,9.9721221026094895,
ColemanTransform.0.0.15,we_vw_f,scalar,IDENTICAL,9.9968780797879102,9.9968780797879102,
ColemanTransform.0.0.15,we_vwi,scalar,IDENTICAL,10.000000000000000,10.000000000000000,
ColemanTransform.0.0.15,we_vwidot,scalar,IDENTICAL,0.0000000000000000,0.0000000000000000,
ColemanTransform.0.0.15,we_op,scalar,IDENTICAL,0,0,
ColemanTransform.0.0.15,we_op_last,scalar,IDENTICAL,0,0,
ColemanTransform.0.0.15,vs_lastgentrqf,scalar,IDENTICAL,0.66496051904296349,0.66496051904296349,
ColemanTransform.0.0.15,prc_wse_f,scalar,IDENTICAL,0.0000000000000000,0.0000000000000000,
ColemanTransform.0.0.15,prc_r_speed,scalar,IDENTICAL,1.0000000000000000,1.0000000000000000,
ColemanTransform.0.0.15,prc_r_torque,scalar,IDENTICAL,1.0000000000000000,1.0000000000000000,
ColemanTransform.0.0.15,prc_r_pitch,scalar,IDENTICAL,1.0000000000000000,1.0000000000000000,
ColemanTransform.0.0.15,prc_r_total,scalar,IDENTICAL,0.0000000000000000,0.0000000000000000,
ColemanTransform.0.0.15,prc_min_pitch,scalar,IDENTICAL,0.0000000000000000,0.0000000000000000,
ColemanTransform.0.0.15,ps_min_pitch,scalar,IDENTICAL,2.2842281342283929E-003,2.2842281342283929E-003,
ColemanTransform.0.0.15,ol_index,scalar,IDENTICAL,0.34999999403953552,0.34999999403953552,
ColemanTransform.0.0.15,su_stage,scalar,IDENTICAL,0,0,
ColemanTransform.0.0.15,su_loadstagestarttime,scalar,IDENTICAL,0.0000000000000000,0.0000000000000000,
ColemanTransform.0.0.15,su_rotspeedf,scalar,IDENTICAL,0.0000000000000000,0.0000000000000000,
ColemanTransform.0.0.15,sd_trigger,scalar,IDENTICAL,0,0,
ColemanTransform.0.0.15,sd_blpitchf,scalar,IDENTICAL,0.0000000000000000,0.0000000000000000,
ColemanTransform.0.0.15,sd_nacvanef,scalar,IDENTICAL,0.0000000000000000,0.0000000000000000,
ColemanTransform.0.0.15,sd_genspeedf,scalar,IDENTICAL,0.0000000000000000,0.0000000000000000,
ColemanTransform.0.0.15,sd_stage,scalar,IDENTICAL,0,0,
ColemanTransform.0.0.15,sd_stagestarttime,scalar,IDENTICAL,0.0000000000000000,0.0000000000000000,
ColemanTransform.0.0.15,sd_maxpitchrate,scalar,IDENTICAL,0.0000000000000000,0.0000000000000000,
ColemanTransform.0.0.15,sd_maxtorquerate,scalar,IDENTICAL,0.0000000000000000,0.0000000000000000,
ColemanTransform.0.0.15,gentq_sd,scalar,IDENTICAL,0.0000000000000000,0.0000000000000000,
ColemanTransform.0.0.15,fl_pitcom,scalar,IDENTICAL,0.0000000000000000,0.0000000000000000,
ColemanTransform.0.0.15,nacimu_fa_accf,scalar,IDENTICAL,0.0000000000000000,0.0000000000000000,
ColemanTransform.0.0.15,fa_accf,scalar,IDENTICAL,0.0000000000000000,0.0000000000000000,
ColemanTransform.0.0.15,fa_hist,scalar,IDENTICAL,0,0,
ColemanTransform.0.0.15,tra_lastrefspd,scalar,IDENTICAL,0.0000000000000000,0.0000000000000000,
ColemanTransform.0.0.15,vs_refspeed,scalar,IDENTICAL,0.0000000000000000,0.0000000000000000,
ColemanTransform.0.0.15,ptfmtdx,scalar,IDENTICAL,0.0000000000000000,0.0000000000000000,
ColemanTransform.0.0.15,ptfmtdy,scalar,IDENTICAL,0.0000000000000000,0.0000000000000000,
ColemanTransform.0.0.15,ptfmtdz,scalar,IDENTICAL,0.0000000000000000,0.0000000000000000,
ColemanTransform.0.0.15,ptfmrdx,scalar,IDENTICAL,0.0000000000000000,0.0000000000000000,
ColemanTransform.0.0.15,ptfmrdy,scalar,IDENTICAL,0.0000000000000000,0.0000000000000000,
ColemanTransform.0.0.15,ptfmrdz,scalar,IDENTICAL,0.0000000000000000,0.0000000000000000,
ColemanTransform.0.0.15,ptfmtvx,scalar,IDENTICAL,0.0000000000000000,0.0000000000000000,
ColemanTransform.0.0.15,ptfmtvy,scalar,IDENTICAL,0.0000000000000000,0.0000000000000000,
ColemanTransform.0.0.15,ptfmtvz,scalar,IDENTICAL,0.0000000000000000,0.0000000000000000,
ColemanTransform.0.0.15,ptfmrvx,scalar,IDENTICAL,0.0000000000000000,0.0000000000000000,
ColemanTransform.0.0.15,ptfmrvy,scalar,IDENTICAL,0.0000000000000000,0.0000000000000000,
ColemanTransform.0.0.15,ptfmrvz,scalar,IDENTICAL,0.0000000000000000,0.0000000000000000,
ColemanTransform.0.0.15,ptfmtax,scalar,IDENTICAL,0.0000000000000000,0.0000000000000000,
ColemanTransform.0.0.15,ptfmtay,scalar,IDENTICAL,0.0000000000000000,0.0000000000000000,
ColemanTransform.0.0.15,ptfmtaz,scalar,IDENTICAL,0.0000000000000000,0.0000000000000000,
ColemanTransform.0.0.15,ptfmrax,scalar,IDENTICAL,0.0000000000000000,0.0000000000000000,
ColemanTransform.0.0.15,ptfmray,scalar,IDENTICAL,0.0000000000000000,0.0000000000000000,
ColemanTransform.0.0.15,ptfmraz,scalar,IDENTICAL,0.0000000000000000,0.0000000000000000,
ColemanTransform.0.0.15,cc_desiredl,array,IDENTICAL,,,size=          12
ColemanTransform.0.0.15,cc_actuatedl,array,IDENTICAL,,,size=          12
ColemanTransform.0.0.15,cc_actuateddl,array,IDENTICAL,,,size=          12
ColemanTransform.0.0.15,stc_input,array,IDENTICAL,,,size=          12
ColemanTransform.0.0.15,flp_angle,array,IDENTICAL,,,size=           3
ColemanTransform.0.0.15,rootmyb_last,array,IDENTICAL,,,size=           3
ColemanTransform.0.0.15,acc_infile_size,scalar,IDENTICAL,42,42,
ColemanTransform.0.0.15,acc_infile,array,IDENTICAL,,,size=          42
ColemanTransform.0.0.15,restart,scalar,IDENTICAL,F,F,
ColemanTransform.0.0.15,awc_complexangle,array,IDENTICAL,,,size=           3
ColemanTransform.0.0.15,tiltmean,scalar,IDENTICAL,0.0000000000000000,0.0000000000000000,
ColemanTransform.0.0.15,yawmean,scalar,IDENTICAL,0.0000000000000000,0.0000000000000000,
ColemanTransform.0.0.15,zmq_id,scalar,IDENTICAL,0,0,
ColemanTransform.0.0.15,zmq_yawoffset,scalar,IDENTICAL,0.0000000000000000,0.0000000000000000,
ColemanTransform.0.0.15,zmq_torqueoffset,scalar,IDENTICAL,0.0000000000000000,0.0000000000000000,
ColemanTransform.0.0.15,zmq_pitoffset,array,IDENTICAL,,,size=           3
ColemanTransform.0.0.15,zmq_r_speed,scalar,IDENTICAL,0.0000000000000000,0.0000000000000000,
ColemanTransform.0.0.15,zmq_r_torque,scalar,IDENTICAL,0.0000000000000000,0.0000000000000000,
ColemanTransform.0.0.15,zmq_r_pitch,scalar,IDENTICAL,0.0000000000000000,0.0000000000000000,
ColemanTransform.0.0.15,om_r,scalar,IDENTICAL,0.0000000000000000,0.0000000000000000,
ColemanTransform.0.0.15,v_t,scalar,IDENTICAL,0.0000000000000000,0.0000000000000000,
ColemanTransform.0.0.15,v_m,scalar,IDENTICAL,0.0000000000000000,0.0000000000000000,
ColemanTransform.0.0.15,v_h,scalar,IDENTICAL,0.0000000000000000,0.0000000000000000,
ColemanTransform.0.0.15,p,array,IDENTICAL,,,size=           9
ColemanTransform.0.0.15,xh,array,IDENTICAL,,,size=           3
ColemanTransform.0.0.15,k,array,IDENTICAL,,,size=           3
ColemanTransform.0.0.15,lpf1_a1,array,IDENTICAL,,,size=        1024
ColemanTransform.0.0.15,lpf1_a0,array,IDENTICAL,,,size=        1024
ColemanTransform.0.0.15,lpf1_b1,array,IDENTICAL,,,size=        1024
ColemanTransform.0.0.15,lpf1_b0,array,IDENTICAL,,,size=        1024
ColemanTransform.0.0.15,lpf1_inputsignallast,array,IDENTICAL,,,size=        1024
ColemanTransform.0.0.15,lpf1_outputsignallast,array,IDENTICAL,,,size=        1024
ColemanTransform.0.0.15,lpf2_a2,array,IDENTICAL,,,size=        1024
ColemanTransform.0.0.15,lpf2_a1,array,IDENTICAL,,,size=        1024
ColemanTransform.0.0.15,lpf2_a0,array,IDENTICAL,,,size=        1024
ColemanTransform.0.0.15,lpf2_b2,array,IDENTICAL,,,size=        1024
ColemanTransform.0.0.15,lpf2_b1,array,IDENTICAL,,,size=        1024
ColemanTransform.0.0.15,lpf2_b0,array,IDENTICAL,,,size=        1024
ColemanTransform.0.0.15,lpf2_inputsignallast2,array,IDENTICAL,,,size=        1024
ColemanTransform.0.0.15,lpf2_outputsignallast2,array,IDENTICAL,,,size=        1024
ColemanTransform.0.0.15,lpf2_inputsignallast1,array,IDENTICAL,,,size=        1024
ColemanTransform.0.0.15,lpf2_outputsignallast1,array,IDENTICAL,,,size=        1024
ColemanTransform.0.0.15,lpfv_a2,array,IDENTICAL,,,size=        1024
ColemanTransform.0.0.15,lpfv_a1,array,IDENTICAL,,,size=        1024
ColemanTransform.0.0.15,lpfv_a0,array,IDENTICAL,,,size=        1024
ColemanTransform.0.0.15,lpfv_b2,array,IDENTICAL,,,size=        1024
ColemanTransform.0.0.15,lpfv_b1,array,IDENTICAL,,,size=        1024
ColemanTransform.0.0.15,lpfv_b0,array,IDENTICAL,,,size=        1024
ColemanTransform.0.0.15,lpfv_inputsignallast2,array,IDENTICAL,,,size=        1024
ColemanTransform.0.0.15,lpfv_outputsignallast2,array,IDENTICAL,,,size=        1024
ColemanTransform.0.0.15,lpfv_inputsignallast1,array,IDENTICAL,,,size=        1024
ColemanTransform.0.0.15,lpfv_outputsignallast1,array,IDENTICAL,,,size=        1024
ColemanTransform.0.0.15,hpf_inputsignallast,array,IDENTICAL,,,size=        1024
ColemanTransform.0.0.15,hpf_outputsignallast,array,IDENTICAL,,,size=        1024
ColemanTransform.0.0.15,nfs_outputsignallast1,array,IDENTICAL,,,size=        1024
ColemanTransform.0.0.15,nfs_outputsignallast2,array,IDENTICAL,,,size=        1024
ColemanTransform.0.0.15,nfs_inputsignallast1,array,IDENTICAL,,,size=        1024
ColemanTransform.0.0.15,nfs_inputsignallast2,array,IDENTICAL,,,size=        1024
ColemanTransform.0.0.15,nfs_b2,array,IDENTICAL,,,size=        1024
ColemanTransform.0.0.15,nfs_b0,array,IDENTICAL,,,size=        1024
ColemanTransform.0.0.15,nfs_a2,array,IDENTICAL,,,size=        1024
ColemanTransform.0.0.15,nfs_a1,array,IDENTICAL,,,size=        1024
ColemanTransform.0.0.15,nfs_a0,array,IDENTICAL,,,size=        1024
ColemanTransform.0.0.15,nf_outputsignallast1,array,IDENTICAL,,,size=        1024
ColemanTransform.0.0.15,nf_outputsignallast2,array,IDENTICAL,,,size=        1024
ColemanTransform.0.0.15,nf_inputsignallast1,array,IDENTICAL,,,size=        1024
ColemanTransform.0.0.15,nf_inputsignallast2,array,IDENTICAL,,,size=        1024
ColemanTransform.0.0.15,nf_b2,array,IDENTICAL,,,size=        1024
ColemanTransform.0.0.15,nf_b1,array,IDENTICAL,,,size=        1024
ColemanTransform.0.0.15,nf_b0,array,IDENTICAL,,,size=        1024
ColemanTransform.0.0.15,nf_a1,array,IDENTICAL,,,size=        1024
ColemanTransform.0.0.15,nf_a0,array,IDENTICAL,,,size=        1024
ColemanTransform.0.0.15,iterm,array,IDENTICAL,,,size=        1024
ColemanTransform.0.0.15,itermlast,array,IDENTICAL,,,size=        1024
ColemanTransform.0.0.15,iterm2,array,IDENTICAL,,,size=        1024
ColemanTransform.0.0.15,itermlast2,array,IDENTICAL,,,size=        1024
ColemanTransform.0.0.15,elast,array,IDENTICAL,,,size=        1024
ColemanTransform.0.0.15,res_outputsignallast1,array,IDENTICAL,,,size=        1024
ColemanTransform.0.0.15,res_outputsignallast2,array,IDENTICAL,,,size=        1024
ColemanTransform.0.0.15,res_inputsignallast1,array,IDENTICAL,,,size=        1024
ColemanTransform.0.0.15,res_inputsignallast2,array,IDENTICAL,,,size=        1024
ColemanTransform.0.0.15,lastsignal,array,IDENTICAL,,,size=        1024
ColemanTransform.0.0.16,istatus,scalar,IDENTICAL,1,1,
ColemanTransform.0.0.16,alreadyinitialized,scalar,IDENTICAL,0,0,
ColemanTransform.0.0.16,restartwse,scalar,IDENTICAL,1,1,
ColemanTransform.0.0.16,time,scalar,IDENTICAL,0.37500000000000000,0.37500000000000000,
ColemanTransform.0.0.16,dt,scalar,IDENTICAL,2.5000000372529030E-002,2.5000000372529030E-002,
ColemanTransform.0.0.16,writethisstep,scalar,IDENTICAL,F,F,
ColemanTransform.0.0.16,n_dt,scalar,IDENTICAL,15,15,
ColemanTransform.0.0.16,time_last,scalar,IDENTICAL,0.0000000000000000,0.0000000000000000,
ColemanTransform.0.0.16,vs_genpwr,scalar,IDENTICAL,0.0000000000000000,0.0000000000000000,
ColemanTransform.0.0.16,genspeed,scalar,IDENTICAL,41.716228485107422,41.716228485107422,
ColemanTransform.0.0.16,rotspeed,scalar,IDENTICAL,0.43006420135498047,0.43006420135498047,
ColemanTransform.0.0.16,nacheading,scalar,IDENTICAL,0.0000000000000000,0.0000000000000000,
ColemanTransform.0.0.16,nacvane,scalar,IDENTICAL,0.0000000000000000,0.0000000000000000,
ColemanTransform.0.0.16,nacvanef,scalar,IDENTICAL,0.0000000000000000,0.0000000000000000,
ColemanTransform.0.0.16,winddir,scalar,IDENTICAL,0.0000000000000000,0.0000000000000000,
ColemanTransform.0.0.16,horwindv,scalar,IDENTICAL,9.0000000000000000,9.0000000000000000,
ColemanTransform.0.0.16,horwindv_f,scalar,IDENTICAL,9.9700882199294192,9.9700882199294192,
ColemanTransform.0.0.16,rootmoop,array,IDENTICAL,,,size=           3
ColemanTransform.0.0.16,rootmoopf,array,IDENTICAL,,,size=           3
ColemanTransform.0.0.16,blpitch,array,IDENTICAL,,,size=           3
ColemanTransform.0.0.16,blpitchcmeas,scalar,IDENTICAL,2.2842281342283924E-003,2.2842281342283924E-003,
ColemanTransform.0.0.16,azimuth,scalar,IDENTICAL,0.0000000000000000,0.0000000000000000,
ColemanTransform.0.0.16,ol_azimuth,scalar,IDENTICAL,0.0000000000000000,0.0000000000000000,
ColemanTransform.0.0.16,azunwrapped,scalar,IDENTICAL,0.0000000000000000,0.0000000000000000,
ColemanTransform.0.0.16,azerror,scalar,IDENTICAL,0.0000000000000000,0.0000000000000000,
ColemanTransform.0.0.16,gentqaz,scalar,IDENTICAL,0.0000000000000000,0.0000000000000000,
ColemanTransform.0.0.16,azbuffer,array,IDENTICAL,,,size=           2
ColemanTransform.0.0.16,numbl,scalar,IDENTICAL,3,3,
ColemanTransform.0.0.16,fa_acc_tt,scalar,IDENTICAL,0.0000000000000000,0.0000000000000000,
ColemanTransform.0.0.16,ss_acc_tt,scalar,IDENTICAL,0.0000000000000000,0.0000000000000000,
ColemanTransform.0.0.16,fa_acc_nac,scalar,IDENTICAL,0.0000000000000000,0.0000000000000000,
ColemanTransform.0.0.16,nacimu_fa_racc,scalar,IDENTICAL,0.0000000000000000,0.0000000000000000,
ColemanTransform.0.0.16,fa_acchpf,scalar,IDENTICAL,0.0000000000000000,0.0000000000000000,
ColemanTransform.0.0.16,fa_acchpfi,scalar,IDENTICAL,0.0000000000000000,0.0000000000000000,
ColemanTransform.0.0.16,fa_pitcom,array,IDENTICAL,,,size=           3
ColemanTransform.0.0.16,vs_refspd,scalar,IDENTICAL,115.42840746573108,115.42840746573108,
ColemanTransform.0.0.16,vs_refspd_tsr,scalar,IDENTICAL,115.13078063489927,115.13078063489927,
ColemanTransform.0.0.16,vs_refspd_tra,scalar,IDENTICAL,0.0000000000000000,0.0000000000000000,
ColemanTransform.0.0.16,vs_refspd_rl,scalar,IDENTICAL,0.0000000000000000,0.0000000000000000,
ColemanTransform.0.0.16,pc_refspd,scalar,IDENTICAL,129.06946122995910,129.06946122995910,
ColemanTransform.0.0.16,pc_refspd_ss,scalar,IDENTICAL,129.06946122995910,129.06946122995910,
ColemanTransform.0.0.16,pc_refspd_prc,scalar,IDENTICAL,122.90967000000001,122.90967000000001,
ColemanTransform.0.0.16,rotspeedf,scalar,IDENTICAL,0.48520481618811928,0.48520481618811928,
ColemanTransform.0.0.16,genspeedf,scalar,IDENTICAL,37.238381791844631,37.238381791844631,
ColemanTransform.0.0.16,gentq,scalar,IDENTICAL,-1.7475005783088983E-250,-1.7475005783088983E-250,
ColemanTransform.0.0.16,gentqmeas,scalar,IDENTICAL,0.0000000000000000,0.0000000000000000,
ColemanTransform.0.0.16,genartq,scalar,IDENTICAL,0.0000000000000000,0.0000000000000000,
ColemanTransform.0.0.16,genbrtq,scalar,IDENTICAL,0.0000000000000000,0.0000000000000000,
ColemanTransform.0.0.16,vs_komega2_gentq,scalar,IDENTICAL,3204.0329346708404,3204.0329346708404,
ColemanTransform.0.0.16,vs_constpwr_gentq,scalar,IDENTICAL,142235.23994943051,142235.23994943051,
ColemanTransform.0.0.16,ipc_pitcomf,array,IDENTICAL,,,size=           3
ColemanTransform.0.0.16,pc_kp,scalar,IDENTICAL,-2.0750000000000001E-002,-2.0750000000000001E-002,
ColemanTransform.0.0.16,pc_ki,scalar,IDENTICAL,-8.4169999999999991E-003,-8.4169999999999991E-003,
ColemanTransform.0.0.16,pc_kd,scalar,IDENTICAL,0.0000000000000000,0.0000000000000000,
ColemanTransform.0.0.16,pc_tf,scalar,IDENTICAL,0.0000000000000000,0.0000000000000000,
ColemanTransform.0.0.16,pc_maxpit,scalar,IDENTICAL,1.5700000000000001,1.5700000000000001,
ColemanTransform.0.0.16,pc_minpit,scalar,IDENTICAL,2.2612432065056572E-003,2.2612432065056572E-003,
ColemanTransform.0.0.16,pc_pitcomt,scalar,IDENTICAL,2.2612432065056572E-003,2.2612432065056572E-003,
ColemanTransform.0.0.16,pc_pitcomt_last,scalar,IDENTICAL,2.2842281342283929E-003,2.2842281342283929E-003,
ColemanTransform.0.0.16,blpitchcmeasf,scalar,IDENTICAL,2.6122277356803913E-004,2.6122277356803913E-004,
ColemanTransform.0.0.16,pc_pitcomt_ipc,array,IDENTICAL,,,size=           3
ColemanTransform.0.0.16,pc_pwrerr,scalar,IDENTICAL,5000000.0000000000,5000000.0000000000,
ColemanTransform.0.0.16,pc_spderr,scalar,IDENTICAL,91.831079438114472,91.831079438114472,
ColemanTransform.0.0.16,ipc_axistilt_1p,scalar,IDENTICAL,0.0000000000000000,0.0000000000000000,
ColemanTransform.0.0.16,ipc_axisyaw_1p,scalar,IDENTICAL,0.0000000000000000,0.0000000000000000,
ColemanTransform.0.0.16,ipc_axistilt_2p,scalar,IDENTICAL,0.0000000000000000,0.0000000000000000,
ColemanTransform.0.0.16,ipc_axisyaw_2p,scalar,IDENTICAL,0.0000000000000000,0.0000000000000000,
ColemanTransform.0.0.16,axistilt_1p,scalar,IDENTICAL,0.0000000000000000,0.0000000000000000,
ColemanTransform.0.0.16,axisyaw_1p,scalar,IDENTICAL,0.0000000000000000,0.0000000000000000,
ColemanTransform.0.0.16,axisyawf_1p,scalar,IDENTICAL,0.0000000000000000,0.0000000000000000,
ColemanTransform.0.0.16,axistilt_2p,scalar,IDENTICAL,0.0000000000000000,0.0000000000000000,
ColemanTransform.0.0.16,axisyaw_2p,scalar,IDENTICAL,0.0000000000000000,0.0000000000000000,
ColemanTransform.0.0.16,axisyawf_2p,scalar,IDENTICAL,0.0000000000000000,0.0000000000000000,
ColemanTransform.0.0.16,ipc_ki,array,IDENTICAL,,,size=           2
ColemanTransform.0.0.16,ipc_kp,array,IDENTICAL,,,size=           2
ColemanTransform.0.0.16,ipc_intsat,scalar,IDENTICAL,2.3055335891959535E-003,2.3055335891959535E-003,
ColemanTransform.0.0.16,pc_state,scalar,IDENTICAL,1,1,
ColemanTransform.0.0.16,pitcom,array,IDENTICAL,,,size=           3
ColemanTransform.0.0.16,pitcom_sd,array,IDENTICAL,,,size=           3
ColemanTransform.0.0.16,pitcomact,array,IDENTICAL,,,size=           3
ColemanTransform.0.0.16,ss_delomegaf,scalar,IDENTICAL,-6.1586032329346301,-6.1586032329346301,
ColemanTransform.0.0.16,testtype,scalar,IDENTICAL,0.0000000000000000,0.0000000000000000,
ColemanTransform.0.0.16,kp_float,scalar,IDENTICAL,0.0000000000000000,0.0000000000000000,
ColemanTransform.0.0.16,vs_maxtq,scalar,IDENTICAL,47402.900000000001,47402.900000000001,
ColemanTransform.0.0.16,vs_lastgentrq,scalar,IDENTICAL,-1.7475005783088983E-250,-1.7475005783088983E-250,
ColemanTransform.0.0.16,vs_lastgenpwr,scalar,IDENTICAL,0.0000000000000000,0.0000000000000000,
ColemanTransform.0.0.16,vs_mechgenpwr,scalar,IDENTICAL,0.0000000000000000,0.0000000000000000,
ColemanTransform.0.0.16,vs_spderrar,scalar,IDENTICAL,78.190025673886453,78.190025673886453,
ColemanTransform.0.0.16,vs_spderrbr,scalar,IDENTICAL,-2.5955217918446323,-2.5955217918446323,
ColemanTransform.0.0.16,vs_spderr,scalar,IDENTICAL,78.190025673886453,78.190025673886453,
ColemanTransform.0.0.16,vs_state,scalar,IDENTICAL,1,1,
ColemanTransform.0.0.16,vs_rgn3pitch,scalar,IDENTICAL,1.9711243206505656E-002,1.9711243206505656E-002,
ColemanTransform.0.0.16,we_vw,scalar,IDENTICAL,9.9700882199294192,9.9700882199294192,
ColemanTransform.0.0.16,we_vw_f,scalar,IDENTICAL,9.9963860862255736,9.9963860862255736,
ColemanTransform.0.0.16,we_vwi,scalar,IDENTICAL,10.000000000000000,10.000000000000000,
ColemanTransform.0.0.16,we_vwidot,scalar,IDENTICAL,0.0000000000000000,0.0000000000000000,
ColemanTransform.0.0.16,we_op,scalar,IDENTICAL,0,0,
ColemanTransform.0.0.16,we_op_last,scalar,IDENTICAL,0,0,
ColemanTransform.0.0.16,vs_lastgentrqf,scalar,IDENTICAL,0.54373029567825681,0.54373029567825681,
ColemanTransform.0.0.16,prc_wse_f,scalar,IDENTICAL,0.0000000000000000,0.0000000000000000,
ColemanTransform.0.0.16,prc_r_speed,scalar,IDENTICAL,1.0000000000000000,1.0000000000000000,
ColemanTransform.0.0.16,prc_r_torque,scalar,IDENTICAL,1.0000000000000000,1.0000000000000000,
ColemanTransform.0.0.16,prc_r_pitch,scalar,IDENTICAL,1.0000000000000000,1.0000000000000000,
ColemanTransform.0.0.16,prc_r_total,scalar,IDENTICAL,0.0000000000000000,0.0000000000000000,
ColemanTransform.0.0.16,prc_min_pitch,scalar,IDENTICAL,0.0000000000000000,0.0000000000000000,
ColemanTransform.0.0.16,ps_min_pitch,scalar,IDENTICAL,2.2612432065056572E-003,2.2612432065056572E-003,
ColemanTransform.0.0.16,ol_index,scalar,IDENTICAL,0.37500000000000000,0.37500000000000000,
ColemanTransform.0.0.16,su_stage,scalar,IDENTICAL,0,0,
ColemanTransform.0.0.16,su_loadstagestarttime,scalar,IDENTICAL,0.0000000000000000,0.0000000000000000,
ColemanTransform.0.0.16,su_rotspeedf,scalar,IDENTICAL,0.0000000000000000,0.0000000000000000,
ColemanTransform.0.0.16,sd_trigger,scalar,IDENTICAL,0,0,
ColemanTransform.0.0.16,sd_blpitchf,scalar,IDENTICAL,0.0000000000000000,0.0000000000000000,
ColemanTransform.0.0.16,sd_nacvanef,scalar,IDENTICAL,0.0000000000000000,0.0000000000000000,
ColemanTransform.0.0.16,sd_genspeedf,scalar,IDENTICAL,0.0000000000000000,0.0000000000000000,
ColemanTransform.0.0.16,sd_stage,scalar,IDENTICAL,0,0,
ColemanTransform.0.0.16,sd_stagestarttime,scalar,IDENTICAL,0.0000000000000000,0.0000000000000000,
ColemanTransform.0.0.16,sd_maxpitchrate,scalar,IDENTICAL,0.0000000000000000,0.0000000000000000,
ColemanTransform.0.0.16,sd_maxtorquerate,scalar,IDENTICAL,0.0000000000000000,0.0000000000000000,
ColemanTransform.0.0.16,gentq_sd,scalar,IDENTICAL,0.0000000000000000,0.0000000000000000,
ColemanTransform.0.0.16,fl_pitcom,scalar,IDENTICAL,0.0000000000000000,0.0000000000000000,
ColemanTransform.0.0.16,nacimu_fa_accf,scalar,IDENTICAL,0.0000000000000000,0.0000000000000000,
ColemanTransform.0.0.16,fa_accf,scalar,IDENTICAL,0.0000000000000000,0.0000000000000000,
ColemanTransform.0.0.16,fa_hist,scalar,IDENTICAL,0,0,
ColemanTransform.0.0.16,tra_lastrefspd,scalar,IDENTICAL,0.0000000000000000,0.0000000000000000,
ColemanTransform.0.0.16,vs_refspeed,scalar,IDENTICAL,0.0000000000000000,0.0000000000000000,
ColemanTransform.0.0.16,ptfmtdx,scalar,IDENTICAL,0.0000000000000000,0.0000000000000000,
ColemanTransform.0.0.16,ptfmtdy,scalar,IDENTICAL,0.0000000000000000,0.0000000000000000,
ColemanTransform.0.0.16,ptfmtdz,scalar,IDENTICAL,0.0000000000000000,0.0000000000000000,
ColemanTransform.0.0.16,ptfmrdx,scalar,IDENTICAL,0.0000000000000000,0.0000000000000000,
ColemanTransform.0.0.16,ptfmrdy,scalar,IDENTICAL,0.0000000000000000,0.0000000000000000,
ColemanTransform.0.0.16,ptfmrdz,scalar,IDENTICAL,0.0000000000000000,0.0000000000000000,
ColemanTransform.0.0.16,ptfmtvx,scalar,IDENTICAL,0.0000000000000000,0.0000000000000000,
ColemanTransform.0.0.16,ptfmtvy,scalar,IDENTICAL,0.0000000000000000,0.0000000000000000,
ColemanTransform.0.0.16,ptfmtvz,scalar,IDENTICAL,0.0000000000000000,0.0000000000000000,
ColemanTransform.0.0.16,ptfmrvx,scalar,IDENTICAL,0.0000000000000000,0.0000000000000000,
ColemanTransform.0.0.16,ptfmrvy,scalar,IDENTICAL,0.0000000000000000,0.0000000000000000,
ColemanTransform.0.0.16,ptfmrvz,scalar,IDENTICAL,0.0000000000000000,0.0000000000000000,
ColemanTransform.0.0.16,ptfmtax,scalar,IDENTICAL,0.0000000000000000,0.0000000000000000,
ColemanTransform.0.0.16,ptfmtay,scalar,IDENTICAL,0.0000000000000000,0.0000000000000000,
ColemanTransform.0.0.16,ptfmtaz,scalar,IDENTICAL,0.0000000000000000,0.0000000000000000,
ColemanTransform.0.0.16,ptfmrax,scalar,IDENTICAL,0.0000000000000000,0.0000000000000000,
ColemanTransform.0.0.16,ptfmray,scalar,IDENTICAL,0.0000000000000000,0.0000000000000000,
ColemanTransform.0.0.16,ptfmraz,scalar,IDENTICAL,0.0000000000000000,0.0000000000000000,
ColemanTransform.0.0.16,cc_desiredl,array,IDENTICAL,,,size=          12
ColemanTransform.0.0.16,cc_actuatedl,array,IDENTICAL,,,size=          12
ColemanTransform.0.0.16,cc_actuateddl,array,IDENTICAL,,,size=          12
ColemanTransform.0.0.16,stc_input,array,IDENTICAL,,,size=          12
ColemanTransform.0.0.16,flp_angle,array,IDENTICAL,,,size=           3
ColemanTransform.0.0.16,rootmyb_last,array,IDENTICAL,,,size=           3
ColemanTransform.0.0.16,acc_infile_size,scalar,IDENTICAL,42,42,
ColemanTransform.0.0.16,acc_infile,array,IDENTICAL,,,size=          42
ColemanTransform.0.0.16,restart,scalar,IDENTICAL,F,F,
ColemanTransform.0.0.16,awc_complexangle,array,IDENTICAL,,,size=           3
ColemanTransform.0.0.16,tiltmean,scalar,IDENTICAL,0.0000000000000000,0.0000000000000000,
ColemanTransform.0.0.16,yawmean,scalar,IDENTICAL,0.0000000000000000,0.0000000000000000,
ColemanTransform.0.0.16,zmq_id,scalar,IDENTICAL,0,0,
ColemanTransform.0.0.16,zmq_yawoffset,scalar,IDENTICAL,0.0000000000000000,0.0000000000000000,
ColemanTransform.0.0.16,zmq_torqueoffset,scalar,IDENTICAL,0.0000000000000000,0.0000000000000000,
ColemanTransform.0.0.16,zmq_pitoffset,array,IDENTICAL,,,size=           3
ColemanTransform.0.0.16,zmq_r_speed,scalar,IDENTICAL,0.0000000000000000,0.0000000000000000,
ColemanTransform.0.0.16,zmq_r_torque,scalar,IDENTICAL,0.0000000000000000,0.0000000000000000,
ColemanTransform.0.0.16,zmq_r_pitch,scalar,IDENTICAL,0.0000000000000000,0.0000000000000000,
ColemanTransform.0.0.16,om_r,scalar,IDENTICAL,0.0000000000000000,0.0000000000000000,
ColemanTransform.0.0.16,v_t,scalar,IDENTICAL,0.0000000000000000,0.0000000000000000,
ColemanTransform.0.0.16,v_m,scalar,IDENTICAL,0.0000000000000000,0.0000000000000000,
ColemanTransform.0.0.16,v_h,scalar,IDENTICAL,0.0000000000000000,0.0000000000000000,
ColemanTransform.0.0.16,p,array,IDENTICAL,,,size=           9
ColemanTransform.0.0.16,xh,array,IDENTICAL,,,size=           3
ColemanTransform.0.0.16,k,array,IDENTICAL,,,size=           3
ColemanTransform.0.0.16,lpf1_a1,array,IDENTICAL,,,size=        1024
ColemanTransform.0.0.16,lpf1_a0,array,IDENTICAL,,,size=        1024
ColemanTransform.0.0.16,lpf1_b1,array,IDENTICAL,,,size=        1024
ColemanTransform.0.0.16,lpf1_b0,array,IDENTICAL,,,size=        1024
ColemanTransform.0.0.16,lpf1_inputsignallast,array,IDENTICAL,,,size=        1024
ColemanTransform.0.0.16,lpf1_outputsignallast,array,IDENTICAL,,,size=        1024
ColemanTransform.0.0.16,lpf2_a2,array,IDENTICAL,,,size=        1024
ColemanTransform.0.0.16,lpf2_a1,array,IDENTICAL,,,size=        1024
ColemanTransform.0.0.16,lpf2_a0,array,IDENTICAL,,,size=        1024
ColemanTransform.0.0.16,lpf2_b2,array,IDENTICAL,,,size=        1024
ColemanTransform.0.0.16,lpf2_b1,array,IDENTICAL,,,size=        1024
ColemanTransform.0.0.16,lpf2_b0,array,IDENTICAL,,,size=        1024
ColemanTransform.0.0.16,lpf2_inputsignallast2,array,IDENTICAL,,,size=        1024
ColemanTransform.0.0.16,lpf2_outputsignallast2,array,IDENTICAL,,,size=        1024
ColemanTransform.0.0.16,lpf2_inputsignallast1,array,IDENTICAL,,,size=        1024
ColemanTransform.0.0.16,lpf2_outputsignallast1,array,IDENTICAL,,,size=        1024
ColemanTransform.0.0.16,lpfv_a2,array,IDENTICAL,,,size=        1024
ColemanTransform.0.0.16,lpfv_a1,array,IDENTICAL,,,size=        1024
ColemanTransform.0.0.16,lpfv_a0,array,IDENTICAL,,,size=        1024
ColemanTransform.0.0.16,lpfv_b2,array,IDENTICAL,,,size=        1024
ColemanTransform.0.0.16,lpfv_b1,array,IDENTICAL,,,size=        1024
ColemanTransform.0.0.16,lpfv_b0,array,IDENTICAL,,,size=        1024
ColemanTransform.0.0.16,lpfv_inputsignallast2,array,IDENTICAL,,,size=        1024
ColemanTransform.0.0.16,lpfv_outputsignallast2,array,IDENTICAL,,,size=        1024
ColemanTransform.0.0.16,lpfv_inputsignallast1,array,IDENTICAL,,,size=        1024
ColemanTransform.0.0.16,lpfv_outputsignallast1,array,IDENTICAL,,,size=        1024
ColemanTransform.0.0.16,hpf_inputsignallast,array,IDENTICAL,,,size=        1024
ColemanTransform.0.0.16,hpf_outputsignallast,array,IDENTICAL,,,size=        1024
ColemanTransform.0.0.16,nfs_outputsignallast1,array,IDENTICAL,,,size=        1024
ColemanTransform.0.0.16,nfs_outputsignallast2,array,IDENTICAL,,,size=        1024
ColemanTransform.0.0.16,nfs_inputsignallast1,array,IDENTICAL,,,size=        1024
ColemanTransform.0.0.16,nfs_inputsignallast2,array,IDENTICAL,,,size=        1024
ColemanTransform.0.0.16,nfs_b2,array,IDENTICAL,,,size=        1024
ColemanTransform.0.0.16,nfs_b0,array,IDENTICAL,,,size=        1024
ColemanTransform.0.0.16,nfs_a2,array,IDENTICAL,,,size=        1024
ColemanTransform.0.0.16,nfs_a1,array,IDENTICAL,,,size=        1024
ColemanTransform.0.0.16,nfs_a0,array,IDENTICAL,,,size=        1024
ColemanTransform.0.0.16,nf_outputsignallast1,array,IDENTICAL,,,size=        1024
ColemanTransform.0.0.16,nf_outputsignallast2,array,IDENTICAL,,,size=        1024
ColemanTransform.0.0.16,nf_inputsignallast1,array,IDENTICAL,,,size=        1024
ColemanTransform.0.0.16,nf_inputsignallast2,array,IDENTICAL,,,size=        1024
ColemanTransform.0.0.16,nf_b2,array,IDENTICAL,,,size=        1024
ColemanTransform.0.0.16,nf_b1,array,IDENTICAL,,,size=        1024
ColemanTransform.0.0.16,nf_b0,array,IDENTICAL,,,size=        1024
ColemanTransform.0.0.16,nf_a1,array,IDENTICAL,,,size=        1024
ColemanTransform.0.0.16,nf_a0,array,IDENTICAL,,,size=        1024
ColemanTransform.0.0.16,iterm,array,IDENTICAL,,,size=        1024
ColemanTransform.0.0.16,itermlast,array,IDENTICAL,,,size=        1024
ColemanTransform.0.0.16,iterm2,array,IDENTICAL,,,size=        1024
ColemanTransform.0.0.16,itermlast2,array,IDENTICAL,,,size=        1024
ColemanTransform.0.0.16,elast,array,IDENTICAL,,,size=        1024
ColemanTransform.0.0.16,res_outputsignallast1,array,IDENTICAL,,,size=        1024
ColemanTransform.0.0.16,res_outputsignallast2,array,IDENTICAL,,,size=        1024
ColemanTransform.0.0.16,res_inputsignallast1,array,IDENTICAL,,,size=        1024
ColemanTransform.0.0.16,res_inputsignallast2,array,IDENTICAL,,,size=        1024
ColemanTransform.0.0.16,lastsignal,array,IDENTICAL,,,size=        1024
ColemanTransform.0.0.17,istatus,scalar,IDENTICAL,1,1,
ColemanTransform.0.0.17,alreadyinitialized,scalar,IDENTICAL,0,0,
ColemanTransform.0.0.17,restartwse,scalar,IDENTICAL,1,1,
ColemanTransform.0.0.17,time,scalar,IDENTICAL,0.40000000596046448,0.40000000596046448,
ColemanTransform.0.0.17,dt,scalar,IDENTICAL,2.5000000372529030E-002,2.5000000372529030E-002,
ColemanTransform.0.0.17,writethisstep,scalar,IDENTICAL,F,F,
ColemanTransform.0.0.17,n_dt,scalar,IDENTICAL,16,16,
ColemanTransform.0.0.17,time_last,scalar,IDENTICAL,0.0000000000000000,0.0000000000000000,
ColemanTransform.0.0.17,vs_genpwr,scalar,IDENTICAL,0.0000000000000000,0.0000000000000000,
ColemanTransform.0.0.17,genspeed,scalar,IDENTICAL,41.790634155273438,41.790634155273438,
ColemanTransform.0.0.17,rotspeed,scalar,IDENTICAL,0.43083128333091736,0.43083128333091736,
ColemanTransform.0.0.17,nacheading,scalar,IDENTICAL,0.0000000000000000,0.0000000000000000,
ColemanTransform.0.0.17,nacvane,scalar,IDENTICAL,0.0000000000000000,0.0000000000000000,
ColemanTransform.0.0.17,nacvanef,scalar,IDENTICAL,0.0000000000000000,0.0000000000000000,
ColemanTransform.0.0.17,winddir,scalar,IDENTICAL,0.0000000000000000,0.0000000000000000,
ColemanTransform.0.0.17,horwindv,scalar,IDENTICAL,9.0000000000000000,9.0000000000000000,
ColemanTransform.0.0.17,horwindv_f,scalar,IDENTICAL,9.9680585925571386,9.9680585925571386,
ColemanTransform.0.0.17,rootmoop,array,IDENTICAL,,,size=           3
ColemanTransform.0.0.17,rootmoopf,array,IDENTICAL,,,size=           3
ColemanTransform.0.0.17,blpitch,array,IDENTICAL,,,size=           3
ColemanTransform.0.0.17,blpitchcmeas,scalar,IDENTICAL,2.2612432065056568E-003,2.2612432065056568E-003,
ColemanTransform.0.0.17,azimuth,scalar,IDENTICAL,0.0000000000000000,0.0000000000000000,
ColemanTransform.0.0.17,ol_azimuth,scalar,IDENTICAL,0.0000000000000000,0.0000000000000000,
ColemanTransform.0.0.17,azunwrapped,scalar,IDENTICAL,0.0000000000000000,0.0000000000000000,
ColemanTransform.0.0.17,azerror,scalar,IDENTICAL,0.0000000000000000,0.0000000000000000,
ColemanTransform.0.0.17,gentqaz,scalar,IDENTICAL,0.0000000000000000,0.0000000000000000,
ColemanTransform.0.0.17,azbuffer,array,IDENTICAL,,,size=           2
ColemanTransform.0.0.17,numbl,scalar,IDENTICAL,3,3,
ColemanTransform.0.0.17,fa_acc_tt,scalar,IDENTICAL,0.0000000000000000,0.0000000000000000,
ColemanTransform.0.0.17,ss_acc_tt,scalar,IDENTICAL,0.0000000000000000,0.0000000000000000,
ColemanTransform.0.0.17,fa_acc_nac,scalar,IDENTICAL,0.0000000000000000,0.0000000000000000,
ColemanTransform.0.0.17,nacimu_fa_racc,scalar,IDENTICAL,0.0000000000000000,0.0000000000000000,
ColemanTransform.0.0.17,fa_acchpf,scalar,IDENTICAL,0.0000000000000000,0.0000000000000000,
ColemanTransform.0.0.17,fa_acchpfi,scalar,IDENTICAL,0.0000000000000000,0.0000000000000000,
ColemanTransform.0.0.17,fa_pitcom,array,IDENTICAL,,,size=           3
ColemanTransform.0.0.17,vs_refspd,scalar,IDENTICAL,115.42199567746462,115.42199567746462,
ColemanTransform.0.0.17,vs_refspd_tsr,scalar,IDENTICAL,115.10734327119553,115.10734327119553,
ColemanTransform.0.0.17,vs_refspd_tra,scalar,IDENTICAL,0.0000000000000000,0.0000000000000000,
ColemanTransform.0.0.17,vs_refspd_rl,scalar,IDENTICAL,0.0000000000000000,0.0000000000000000,
ColemanTransform.0.0.17,pc_refspd,scalar,IDENTICAL,129.06827323293464,129.06827323293464,
ColemanTransform.0.0.17,pc_refspd_ss,scalar,IDENTICAL,129.06827323293464,129.06827323293464,
ColemanTransform.0.0.17,pc_refspd_prc,scalar,IDENTICAL,122.90967000000001,122.90967000000001,
ColemanTransform.0.0.17,rotspeedf,scalar,IDENTICAL,0.47722992301917372,0.47722992301917372,
ColemanTransform.0.0.17,genspeedf,scalar,IDENTICAL,37.895959619010263,37.895959619010263,
ColemanTransform.0.0.17,gentq,scalar,IDENTICAL,1.0818498354201789E-266,1.0818498354201789E-266,
ColemanTransform.0.0.17,gentqmeas,scalar,IDENTICAL,0.0000000000000000,0.0000000000000000,
ColemanTransform.0.0.17,genartq,scalar,IDENTICAL,0.0000000000000000,0.0000000000000000,
ColemanTransform.0.0.17,genbrtq,scalar,IDENTICAL,0.0000000000000000,0.0000000000000000,
ColemanTransform.0.0.17,vs_komega2_gentq,scalar,IDENTICAL,3318.1895321449615,3318.1895321449615,
ColemanTransform.0.0.17,vs_constpwr_gentq,scalar,IDENTICAL,139767.14728275451,139767.14728275451,
ColemanTransform.0.0.17,ipc_pitcomf,array,IDENTICAL,,,size=           3
ColemanTransform.0.0.17,pc_kp,scalar,IDENTICAL,-2.0750000000000001E-002,-2.0750000000000001E-002,
ColemanTransform.0.0.17,pc_ki,scalar,IDENTICAL,-8.4169999999999991E-003,-8.4169999999999991E-003,
ColemanTransform.0.0.17,pc_kd,scalar,IDENTICAL,0.0000000000000000,0.0000000000000000,
ColemanTransform.0.0.17,pc_tf,scalar,IDENTICAL,0.0000000000000000,0.0000000000000000,
ColemanTransform.0.0.17,pc_maxpit,scalar,IDENTICAL,1.5700000000000001,1.5700000000000001,
ColemanTransform.0.0.17,pc_minpit,scalar,IDENTICAL,2.2366180540932261E-003,2.2366180540932261E-003,
ColemanTransform.0.0.17,pc_pitcomt,scalar,IDENTICAL,2.2366180540932261E-003,2.2366180540932261E-003,
ColemanTransform.0.0.17,pc_pitcomt_last,scalar,IDENTICAL,2.2612432065056572E-003,2.2612432065056572E-003,
ColemanTransform.0.0.17,blpitchcmeasf,scalar,IDENTICAL,2.9503541192715306E-004,2.9503541192715306E-004,
ColemanTransform.0.0.17,pc_pitcomt_ipc,array,IDENTICAL,,,size=           3
ColemanTransform.0.0.17,pc_pwrerr,scalar,IDENTICAL,5000000.0000000000,5000000.0000000000,
ColemanTransform.0.0.17,pc_spderr,scalar,IDENTICAL,91.172313613924388,91.172313613924388,
ColemanTransform.0.0.17,ipc_axistilt_1p,scalar,IDENTICAL,0.0000000000000000,0.0000000000000000,
ColemanTransform.0.0.17,ipc_axisyaw_1p,scalar,IDENTICAL,0.0000000000000000,0.0000000000000000,
ColemanTransform.0.0.17,ipc_axistilt_2p,scalar,IDENTICAL,0.0000000000000000,0.0000000000000000,
ColemanTransform.0.0.17,ipc_axisyaw_2p,scalar,IDENTICAL,0.0000000000000000,0.0000000000000000,
ColemanTransform.0.0.17,axistilt_1p,scalar,IDENTICAL,0.0000000000000000,0.0000000000000000,
ColemanTransform.0.0.17,axisyaw_1p,scalar,IDENTICAL,0.0000000000000000,0.0000000000000000,
ColemanTransform.0.0.17,axisyawf_1p,scalar,IDENTICAL,0.0000000000000000,0.0000000000000000,
ColemanTransform.0.0.17,axistilt_2p,scalar,IDENTICAL,0.0000000000000000,0.0000000000000000,
ColemanTransform.0.0.17,axisyaw_2p,scalar,IDENTICAL,0.0000000000000000,0.0000000000000000,
ColemanTransform.0.0.17,axisyawf_2p,scalar,IDENTICAL,0.0000000000000000,0.0000000000000000,
ColemanTransform.0.0.17,ipc_ki,array,IDENTICAL,,,size=           2
ColemanTransform.0.0.17,ipc_kp,array,IDENTICAL,,,size=           2
ColemanTransform.0.0.17,ipc_intsat,scalar,IDENTICAL,2.2842281342283924E-003,2.2842281342283924E-003,
ColemanTransform.0.0.17,pc_state,scalar,IDENTICAL,1,1,
ColemanTransform.0.0.17,pitcom,array,IDENTICAL,,,size=           3
ColemanTransform.0.0.17,pitcom_sd,array,IDENTICAL,,,size=           3
ColemanTransform.0.0.17,pitcomact,array,IDENTICAL,,,size=           3
ColemanTransform.0.0.17,ss_delomegaf,scalar,IDENTICAL,-6.1574638874669834,-6.1574638874669834,
ColemanTransform.0.0.17,testtype,scalar,IDENTICAL,0.0000000000000000,0.0000000000000000,
ColemanTransform.0.0.17,kp_float,scalar,IDENTICAL,0.0000000000000000,0.0000000000000000,
ColemanTransform.0.0.17,vs_maxtq,scalar,IDENTICAL,47402.900000000001,47402.900000000001,
ColemanTransform.0.0.17,vs_lastgentrq,scalar,IDENTICAL,1.0818498354201789E-266,1.0818498354201789E-266,
ColemanTransform.0.0.17,vs_lastgenpwr,scalar,IDENTICAL,0.0000000000000000,0.0000000000000000,
ColemanTransform.0.0.17,vs_mechgenpwr,scalar,IDENTICAL,0.0000000000000000,0.0000000000000000,
ColemanTransform.0.0.17,vs_spderrar,scalar,IDENTICAL,77.526036058454366,77.526036058454366,
ColemanTransform.0.0.17,vs_spderrbr,scalar,IDENTICAL,-3.2530996190102641,-3.2530996190102641,
ColemanTransform.0.0.17,vs_spderr,scalar,IDENTICAL,77.526036058454366,77.526036058454366,
ColemanTransform.0.0.17,vs_state,scalar,IDENTICAL,1,1,
ColemanTransform.0.0.17,vs_rgn3pitch,scalar,IDENTICAL,1.9686618054093226E-002,1.9686618054093226E-002,
ColemanTransform.0.0.17,we_vw,scalar,IDENTICAL,9.9680585925571386,9.9680585925571386,
ColemanTransform.0.0.17,we_vw_f,scalar,IDENTICAL,9.9958620898158852,9.9958620898158852,
ColemanTransform.0.0.17,we_vwi,scalar,IDENTICAL,10.000000000000000,10.000000000000000,
ColemanTransform.0.0.17,we_vwidot,scalar,IDENTICAL,0.0000000000000000,0.0000000000000000,
ColemanTransform.0.0.17,we_op,scalar,IDENTICAL,0,0,
ColemanTransform.0.0.17,we_op_last,scalar,IDENTICAL,0,0,
ColemanTransform.0.0.17,vs_lastgentrqf,scalar,IDENTICAL,0.43436605181525539,0.43436605181525539,
ColemanTransform.0.0.17,prc_wse_f,scalar,IDENTICAL,0.0000000000000000,0.0000000000000000,
ColemanTransform.0.0.17,prc_r_speed,scalar,IDENTICAL,1.0000000000000000,1.0000000000000000,
ColemanTransform.0.0.17,prc_r_torque,scalar,IDENTICAL,1.0000000000000000,1.0000000000000000,
ColemanTransform.0.0.17,prc_r_pitch,scalar,IDENTICAL,1.0000000000000000,1.0000000000000000,
ColemanTransform.0.0.17,prc_r_total,scalar,IDENTICAL,0.0000000000000000,0.0000000000000000,
ColemanTransform.0.0.17,prc_min_pitch,scalar,IDENTICAL,0.0000000000000000,0.0000000000000000,
ColemanTransform.0.0.17,ps_min_pitch,scalar,IDENTICAL,2.2366180540932261E-003,2.2366180540932261E-003,
ColemanTransform.0.0.17,ol_index,scalar,IDENTICAL,0.40000000596046448,0.40000000596046448,
ColemanTransform.0.0.17,su_stage,scalar,IDENTICAL,0,0,
ColemanTransform.0.0.17,su_loadstagestarttime,scalar,IDENTICAL,0.0000000000000000,0.0000000000000000,
ColemanTransform.0.0.17,su_rotspeedf,scalar,IDENTICAL,0.0000000000000000,0.0000000000000000,
ColemanTransform.0.0.17,sd_trigger,scalar,IDENTICAL,0,0,
ColemanTransform.0.0.17,sd_blpitchf,scalar,IDENTICAL,0.0000000000000000,0.0000000000000000,
ColemanTransform.0.0.17,sd_nacvanef,scalar,IDENTICAL,0.0000000000000000,0.0000000000000000,
ColemanTransform.0.0.17,sd_genspeedf,scalar,IDENTICAL,0.0000000000000000,0.0000000000000000,
ColemanTransform.0.0.17,sd_stage,scalar,IDENTICAL,0,0,
ColemanTransform.0.0.17,sd_stagestarttime,scalar,IDENTICAL,0.0000000000000000,0.0000000000000000,
ColemanTransform.0.0.17,sd_maxpitchrate,scalar,IDENTICAL,0.0000000000000000,0.0000000000000000,
ColemanTransform.0.0.17,sd_maxtorquerate,scalar,IDENTICAL,0.0000000000000000,0.0000000000000000,
ColemanTransform.0.0.17,gentq_sd,scalar,IDENTICAL,0.0000000000000000,0.0000000000000000,
ColemanTransform.0.0.17,fl_pitcom,scalar,IDENTICAL,0.0000000000000000,0.0000000000000000,
ColemanTransform.0.0.17,nacimu_fa_accf,scalar,IDENTICAL,0.0000000000000000,0.0000000000000000,
ColemanTransform.0.0.17,fa_accf,scalar,IDENTICAL,0.0000000000000000,0.0000000000000000,
ColemanTransform.0.0.17,fa_hist,scalar,IDENTICAL,0,0,
ColemanTransform.0.0.17,tra_lastrefspd,scalar,IDENTICAL,0.0000000000000000,0.0000000000000000,
ColemanTransform.0.0.17,vs_refspeed,scalar,IDENTICAL,0.0000000000000000,0.0000000000000000,
ColemanTransform.0.0.17,ptfmtdx,scalar,IDENTICAL,0.0000000000000000,0.0000000000000000,
ColemanTransform.0.0.17,ptfmtdy,scalar,IDENTICAL,0.0000000000000000,0.0000000000000000,
ColemanTransform.0.0.17,ptfmtdz,scalar,IDENTICAL,0.0000000000000000,0.0000000000000000,
ColemanTransform.0.0.17,ptfmrdx,scalar,IDENTICAL,0.0000000000000000,0.0000000000000000,
ColemanTransform.0.0.17,ptfmrdy,scalar,IDENTICAL,0.0000000000000000,0.0000000000000000,
ColemanTransform.0.0.17,ptfmrdz,scalar,IDENTICAL,0.0000000000000000,0.0000000000000000,
ColemanTransform.0.0.17,ptfmtvx,scalar,IDENTICAL,0.0000000000000000,0.0000000000000000,
ColemanTransform.0.0.17,ptfmtvy,scalar,IDENTICAL,0.0000000000000000,0.0000000000000000,
ColemanTransform.0.0.17,ptfmtvz,scalar,IDENTICAL,0.0000000000000000,0.0000000000000000,
ColemanTransform.0.0.17,ptfmrvx,scalar,IDENTICAL,0.0000000000000000,0.0000000000000000,
ColemanTransform.0.0.17,ptfmrvy,scalar,IDENTICAL,0.0000000000000000,0.0000000000000000,
ColemanTransform.0.0.17,ptfmrvz,scalar,IDENTICAL,0.0000000000000000,0.0000000000000000,
ColemanTransform.0.0.17,ptfmtax,scalar,IDENTICAL,0.0000000000000000,0.0000000000000000,
ColemanTransform.0.0.17,ptfmtay,scalar,IDENTICAL,0.0000000000000000,0.0000000000000000,
ColemanTransform.0.0.17,ptfmtaz,scalar,IDENTICAL,0.0000000000000000,0.0000000000000000,
ColemanTransform.0.0.17,ptfmrax,scalar,IDENTICAL,0.0000000000000000,0.0000000000000000,
ColemanTransform.0.0.17,ptfmray,scalar,IDENTICAL,0.0000000000000000,0.0000000000000000,
ColemanTransform.0.0.17,ptfmraz,scalar,IDENTICAL,0.0000000000000000,0.0000000000000000,
ColemanTransform.0.0.17,cc_desiredl,array,IDENTICAL,,,size=          12
ColemanTransform.0.0.17,cc_actuatedl,array,IDENTICAL,,,size=          12
ColemanTransform.0.0.17,cc_actuateddl,array,IDENTICAL,,,size=          12
ColemanTransform.0.0.17,stc_input,array,IDENTICAL,,,size=          12
ColemanTransform.0.0.17,flp_angle,array,IDENTICAL,,,size=           3
ColemanTransform.0.0.17,rootmyb_last,array,IDENTICAL,,,size=           3
ColemanTransform.0.0.17,acc_infile_size,scalar,IDENTICAL,42,42,
ColemanTransform.0.0.17,acc_infile,array,IDENTICAL,,,size=          42
ColemanTransform.0.0.17,restart,scalar,IDENTICAL,F,F,
ColemanTransform.0.0.17,awc_complexangle,array,IDENTICAL,,,size=           3
ColemanTransform.0.0.17,tiltmean,scalar,IDENTICAL,0.0000000000000000,0.0000000000000000,
ColemanTransform.0.0.17,yawmean,scalar,IDENTICAL,0.0000000000000000,0.0000000000000000,
ColemanTransform.0.0.17,zmq_id,scalar,IDENTICAL,0,0,
ColemanTransform.0.0.17,zmq_yawoffset,scalar,IDENTICAL,0.0000000000000000,0.0000000000000000,
ColemanTransform.0.0.17,zmq_torqueoffset,scalar,IDENTICAL,0.0000000000000000,0.0000000000000000,
ColemanTransform.0.0.17,zmq_pitoffset,array,IDENTICAL,,,size=           3
ColemanTransform.0.0.17,zmq_r_speed,scalar,IDENTICAL,0.0000000000000000,0.0000000000000000,
ColemanTransform.0.0.17,zmq_r_torque,scalar,IDENTICAL,0.0000000000000000,0.0000000000000000,
ColemanTransform.0.0.17,zmq_r_pitch,scalar,IDENTICAL,0.0000000000000000,0.0000000000000000,
ColemanTransform.0.0.17,om_r,scalar,IDENTICAL,0.0000000000000000,0.0000000000000000,
ColemanTransform.0.0.17,v_t,scalar,IDENTICAL,0.0000000000000000,0.0000000000000000,
ColemanTransform.0.0.17,v_m,scalar,IDENTICAL,0.0000000000000000,0.0000000000000000,
ColemanTransform.0.0.17,v_h,scalar,IDENTICAL,0.0000000000000000,0.0000000000000000,
ColemanTransform.0.0.17,p,array,IDENTICAL,,,size=           9
ColemanTransform.0.0.17,xh,array,IDENTICAL,,,size=           3
ColemanTransform.0.0.17,k,array,IDENTICAL,,,size=           3
ColemanTransform.0.0.17,lpf1_a1,array,IDENTICAL,,,size=        1024
ColemanTransform.0.0.17,lpf1_a0,array,IDENTICAL,,,size=        1024
ColemanTransform.0.0.17,lpf1_b1,array,IDENTICAL,,,size=        1024
ColemanTransform.0.0.17,lpf1_b0,array,IDENTICAL,,,size=        1024
ColemanTransform.0.0.17,lpf1_inputsignallast,array,IDENTICAL,,,size=        1024
ColemanTransform.0.0.17,lpf1_outputsignallast,array,IDENTICAL,,,size=        1024
ColemanTransform.0.0.17,lpf2_a2,array,IDENTICAL,,,size=        1024
ColemanTransform.0.0.17,lpf2_a1,array,IDENTICAL,,,size=        1024
ColemanTransform.0.0.17,lpf2_a0,array,IDENTICAL,,,size=        1024
ColemanTransform.0.0.17,lpf2_b2,array,IDENTICAL,,,size=        1024
ColemanTransform.0.0.17,lpf2_b1,array,IDENTICAL,,,size=        1024
ColemanTransform.0.0.17,lpf2_b0,array,IDENTICAL,,,size=        1024
ColemanTransform.0.0.17,lpf2_inputsignallast2,array,IDENTICAL,,,size=        1024
ColemanTransform.0.0.17,lpf2_outputsignallast2,array,IDENTICAL,,,size=        1024
ColemanTransform.0.0.17,lpf2_inputsignallast1,array,IDENTICAL,,,size=        1024
ColemanTransform.0.0.17,lpf2_outputsignallast1,array,IDENTICAL,,,size=        1024
ColemanTransform.0.0.17,lpfv_a2,array,IDENTICAL,,,size=        1024
ColemanTransform.0.0.17,lpfv_a1,array,IDENTICAL,,,size=        1024
ColemanTransform.0.0.17,lpfv_a0,array,IDENTICAL,,,size=        1024
ColemanTransform.0.0.17,lpfv_b2,array,IDENTICAL,,,size=        1024
ColemanTransform.0.0.17,lpfv_b1,array,IDENTICAL,,,size=        1024
ColemanTransform.0.0.17,lpfv_b0,array,IDENTICAL,,,size=        1024
ColemanTransform.0.0.17,lpfv_inputsignallast2,array,IDENTICAL,,,size=        1024
ColemanTransform.0.0.17,lpfv_outputsignallast2,array,IDENTICAL,,,size=        1024
ColemanTransform.0.0.17,lpfv_inputsignallast1,array,IDENTICAL,,,size=        1024
ColemanTransform.0.0.17,lpfv_outputsignallast1,array,IDENTICAL,,,size=        1024
ColemanTransform.0.0.17,hpf_inputsignallast,array,IDENTICAL,,,size=        1024
ColemanTransform.0.0.17,hpf_outputsignallast,array,IDENTICAL,,,size=        1024
ColemanTransform.0.0.17,nfs_outputsignallast1,array,IDENTICAL,,,size=        1024
ColemanTransform.0.0.17,nfs_outputsignallast2,array,IDENTICAL,,,size=        1024
ColemanTransform.0.0.17,nfs_inputsignallast1,array,IDENTICAL,,,size=        1024
ColemanTransform.0.0.17,nfs_inputsignallast2,array,IDENTICAL,,,size=        1024
ColemanTransform.0.0.17,nfs_b2,array,IDENTICAL,,,size=        1024
ColemanTransform.0.0.17,nfs_b0,array,IDENTICAL,,,size=        1024
ColemanTransform.0.0.17,nfs_a2,array,IDENTICAL,,,size=        1024
ColemanTransform.0.0.17,nfs_a1,array,IDENTICAL,,,size=        1024
ColemanTransform.0.0.17,nfs_a0,array,IDENTICAL,,,size=        1024
ColemanTransform.0.0.17,nf_outputsignallast1,array,IDENTICAL,,,size=        1024
ColemanTransform.0.0.17,nf_outputsignallast2,array,IDENTICAL,,,size=        1024
ColemanTransform.0.0.17,nf_inputsignallast1,array,IDENTICAL,,,size=        1024
ColemanTransform.0.0.17,nf_inputsignallast2,array,IDENTICAL,,,size=        1024
ColemanTransform.0.0.17,nf_b2,array,IDENTICAL,,,size=        1024
ColemanTransform.0.0.17,nf_b1,array,IDENTICAL,,,size=        1024
ColemanTransform.0.0.17,nf_b0,array,IDENTICAL,,,size=        1024
ColemanTransform.0.0.17,nf_a1,array,IDENTICAL,,,size=        1024
ColemanTransform.0.0.17,nf_a0,array,IDENTICAL,,,size=        1024
ColemanTransform.0.0.17,iterm,array,IDENTICAL,,,size=        1024
ColemanTransform.0.0.17,itermlast,array,IDENTICAL,,,size=        1024
ColemanTransform.0.0.17,iterm2,array,IDENTICAL,,,size=        1024
ColemanTransform.0.0.17,itermlast2,array,IDENTICAL,,,size=        1024
ColemanTransform.0.0.17,elast,array,IDENTICAL,,,size=        1024
ColemanTransform.0.0.17,res_outputsignallast1,array,IDENTICAL,,,size=        1024
ColemanTransform.0.0.17,res_outputsignallast2,array,IDENTICAL,,,size=        1024
ColemanTransform.0.0.17,res_inputsignallast1,array,IDENTICAL,,,size=        1024
ColemanTransform.0.0.17,res_inputsignallast2,array,IDENTICAL,,,size=        1024
ColemanTransform.0.0.17,lastsignal,array,IDENTICAL,,,size=        1024
ColemanTransform.0.0.18,istatus,scalar,IDENTICAL,1,1,
ColemanTransform.0.0.18,alreadyinitialized,scalar,IDENTICAL,0,0,
ColemanTransform.0.0.18,restartwse,scalar,IDENTICAL,1,1,
ColemanTransform.0.0.18,time,scalar,IDENTICAL,0.42500001192092896,0.42500001192092896,
ColemanTransform.0.0.18,dt,scalar,IDENTICAL,2.5000000372529030E-002,2.5000000372529030E-002,
ColemanTransform.0.0.18,writethisstep,scalar,IDENTICAL,F,F,
ColemanTransform.0.0.18,n_dt,scalar,IDENTICAL,17,17,
ColemanTransform.0.0.18,time_last,scalar,IDENTICAL,0.0000000000000000,0.0000000000000000,
ColemanTransform.0.0.18,vs_genpwr,scalar,IDENTICAL,0.0000000000000000,0.0000000000000000,
ColemanTransform.0.0.18,genspeed,scalar,IDENTICAL,41.865291595458984,41.865291595458984,
ColemanTransform.0.0.18,rotspeed,scalar,IDENTICAL,0.43160095810890198,0.43160095810890198,
ColemanTransform.0.0.18,nacheading,scalar,IDENTICAL,0.0000000000000000,0.0000000000000000,
ColemanTransform.0.0.18,nacvane,scalar,IDENTICAL,0.0000000000000000,0.0000000000000000,
ColemanTransform.0.0.18,nacvanef,scalar,IDENTICAL,0.0000000000000000,0.0000000000000000,
ColemanTransform.0.0.18,winddir,scalar,IDENTICAL,0.0000000000000000,0.0000000000000000,
ColemanTransform.0.0.18,horwindv,scalar,IDENTICAL,9.0000000000000000,9.0000000000000000,
ColemanTransform.0.0.18,horwindv_f,scalar,IDENTICAL,9.9660332115896537,9.9660332115896537,
ColemanTransform.0.0.18,rootmoop,array,IDENTICAL,,,size=           3
ColemanTransform.0.0.18,rootmoopf,array,IDENTICAL,,,size=           3
ColemanTransform.0.0.18,blpitch,array,IDENTICAL,,,size=           3
ColemanTransform.0.0.18,blpitchcmeas,scalar,IDENTICAL,2.2366180540932261E-003,2.2366180540932261E-003,
ColemanTransform.0.0.18,azimuth,scalar,IDENTICAL,0.0000000000000000,0.0000000000000000,
ColemanTransform.0.0.18,ol_azimuth,scalar,IDENTICAL,0.0000000000000000,0.0000000000000000,
ColemanTransform.0.0.18,azunwrapped,scalar,IDENTICAL,0.0000000000000000,0.0000000000000000,
ColemanTransform.0.0.18,azerror,scalar,IDENTICAL,0.0000000000000000,0.0000000000000000,
ColemanTransform.0.0.18,gentqaz,scalar,IDENTICAL,0.0000000000000000,0.0000000000000000,
ColemanTransform.0.0.18,azbuffer,array,IDENTICAL,,,size=           2
ColemanTransform.0.0.18,numbl,scalar,IDENTICAL,3,3,
ColemanTransform.0.0.18,fa_acc_tt,scalar,IDENTICAL,0.0000000000000000,0.0000000000000000,
ColemanTransform.0.0.18,ss_acc_tt,scalar,IDENTICAL,0.0000000000000000,0.0000000000000000,
ColemanTransform.0.0.18,fa_acc_nac,scalar,IDENTICAL,0.0000000000000000,0.0000000000000000,
ColemanTransform.0.0.18,nacimu_fa_racc,scalar,IDENTICAL,0.0000000000000000,0.0000000000000000,
ColemanTransform.0.0.18,fa_acchpf,scalar,IDENTICAL,0.0000000000000000,0.0000000000000000,
ColemanTransform.0.0.18,fa_acchpfi,scalar,IDENTICAL,0.0000000000000000,0.0000000000000000,
ColemanTransform.0.0.18,fa_pitcom,array,IDENTICAL,,,size=           3
ColemanTransform.0.0.18,vs_refspd,scalar,IDENTICAL,115.41523150916818,115.41523150916818,
ColemanTransform.0.0.18,vs_refspd_tsr,scalar,IDENTICAL,115.08395494335672,115.08395494335672,
ColemanTransform.0.0.18,vs_refspd_tra,scalar,IDENTICAL,0.0000000000000000,0.0000000000000000,
ColemanTransform.0.0.18,vs_refspd_rl,scalar,IDENTICAL,0.0000000000000000,0.0000000000000000,
ColemanTransform.0.0.18,pc_refspd,scalar,IDENTICAL,129.06713388746698,129.06713388746698,
ColemanTransform.0.0.18,pc_refspd_ss,scalar,IDENTICAL,129.06713388746698,129.06713388746698,
ColemanTransform.0.0.18,pc_refspd_prc,scalar,IDENTICAL,122.90967000000001,122.90967000000001,
ColemanTransform.0.0.18,rotspeedf,scalar,IDENTICAL,0.47052841156384634,0.47052841156384634,
ColemanTransform.0.0.18,genspeedf,scalar,IDENTICAL,38.468621810530017,38.468621810530017,
ColemanTransform.0.0.18,gentq,scalar,IDENTICAL,-3.5231886791780801E-283,-3.5231886791780801E-283,
ColemanTransform.0.0.18,gentqmeas,scalar,IDENTICAL,0.0000000000000000,0.0000000000000000,
ColemanTransform.0.0.18,genartq,scalar,IDENTICAL,0.0000000000000000,0.0000000000000000,
ColemanTransform.0.0.18,genbrtq,scalar,IDENTICAL,0.0000000000000000,0.0000000000000000,
ColemanTransform.0.0.18,vs_komega2_gentq,scalar,IDENTICAL,3419.2324450188639,3419.2324450188639,
ColemanTransform.0.0.18,vs_constpwr_gentq,scalar,IDENTICAL,137686.50708567063,137686.50708567063,
ColemanTransform.0.0.18,ipc_pitcomf,array,IDENTICAL,,,size=           3
ColemanTransform.0.0.18,pc_kp,scalar,IDENTICAL,-2.0750000000000001E-002,-2.0750000000000001E-002,
ColemanTransform.0.0.18,pc_ki,scalar,IDENTICAL,-8.4169999999999991E-003,-8.4169999999999991E-003,
ColemanTransform.0.0.18,pc_kd,scalar,IDENTICAL,0.0000000000000000,0.0000000000000000,
ColemanTransform.0.0.18,pc_tf,scalar,IDENTICAL,0.0000000000000000,0.0000000000000000,
ColemanTransform.0.0.18,pc_maxpit,scalar,IDENTICAL,1.5700000000000001,1.5700000000000001,
ColemanTransform.0.0.18,pc_minpit,scalar,IDENTICAL,2.2103911022793451E-003,2.2103911022793451E-003,
ColemanTransform.0.0.18,pc_pitcomt,scalar,IDENTICAL,2.2103911022793451E-003,2.2103911022793451E-003,
ColemanTransform.0.0.18,pc_pitcomt_last,scalar,IDENTICAL,2.2366180540932261E-003,2.2366180540932261E-003,
ColemanTransform.0.0.18,blpitchcmeasf,scalar,IDENTICAL,3.2998882200469920E-004,3.2998882200469920E-004,
ColemanTransform.0.0.18,pc_pitcomt_ipc,array,IDENTICAL,,,size=           3
ColemanTransform.0.0.18,pc_pwrerr,scalar,IDENTICAL,5000000.0000000000,5000000.0000000000,
ColemanTransform.0.0.18,pc_spderr,scalar,IDENTICAL,90.598512076936970,90.598512076936970,
ColemanTransform.0.0.18,ipc_axistilt_1p,scalar,IDENTICAL,0.0000000000000000,0.0000000000000000,
ColemanTransform.0.0.18,ipc_axisyaw_1p,scalar,IDENTICAL,0.0000000000000000,0.0000000000000000,
ColemanTransform.0.0.18,ipc_axistilt_2p,scalar,IDENTICAL,0.0000000000000000,0.0000000000000000,
ColemanTransform.0.0.18,ipc_axisyaw_2p,scalar,IDENTICAL,0.0000000000000000,0.0000000000000000,
ColemanTransform.0.0.18,axistilt_1p,scalar,IDENTICAL,0.0000000000000000,0.0000000000000000,
ColemanTransform.0.0.18,axisyaw_1p,scalar,IDENTICAL,0.0000000000000000,0.0000000000000000,
ColemanTransform.0.0.18,axisyawf_1p,scalar,IDENTICAL,0.0000000000000000,0.0000000000000000,
ColemanTransform.0.0.18,axistilt_2p,scalar,IDENTICAL,0.0000000000000000,0.0000000000000000,
ColemanTransform.0.0.18,axisyaw_2p,scalar,IDENTICAL,0.0000000000000000,0.0000000000000000,
ColemanTransform.0.0.18,axisyawf_2p,scalar,IDENTICAL,0.0000000000000000,0.0000000000000000,
ColemanTransform.0.0.18,ipc_ki,array,IDENTICAL,,,size=           2
ColemanTransform.0.0.18,ipc_kp,array,IDENTICAL,,,size=           2
ColemanTransform.0.0.18,ipc_intsat,scalar,IDENTICAL,2.2612432065056568E-003,2.2612432065056568E-003,
ColemanTransform.0.0.18,pc_state,scalar,IDENTICAL,1,1,
ColemanTransform.0.0.18,pitcom,array,IDENTICAL,,,size=           3
ColemanTransform.0.0.18,pitcom_sd,array,IDENTICAL,,,size=           3
ColemanTransform.0.0.18,pitcomact,array,IDENTICAL,,,size=           3
ColemanTransform.0.0.18,ss_delomegaf,scalar,IDENTICAL,-6.1563707848026850,-6.1563707848026850,
ColemanTransform.0.0.18,testtype,scalar,IDENTICAL,0.0000000000000000,0.0000000000000000,
ColemanTransform.0.0.18,kp_float,scalar,IDENTICAL,0.0000000000000000,0.0000000000000000,
ColemanTransform.0.0.18,vs_maxtq,scalar,IDENTICAL,47402.900000000001,47402.900000000001,
ColemanTransform.0.0.18,vs_lastgentrq,scalar,IDENTICAL,-3.5231886791780801E-283,-3.5231886791780801E-283,
ColemanTransform.0.0.18,vs_lastgenpwr,scalar,IDENTICAL,0.0000000000000000,0.0000000000000000,
ColemanTransform.0.0.18,vs_mechgenpwr,scalar,IDENTICAL,0.0000000000000000,0.0000000000000000,
ColemanTransform.0.0.18,vs_spderrar,scalar,IDENTICAL,76.946609698638156,76.946609698638156,
ColemanTransform.0.0.18,vs_spderrbr,scalar,IDENTICAL,-3.8257618105300182,-3.8257618105300182,
ColemanTransform.0.0.18,vs_spderr,scalar,IDENTICAL,76.946609698638156,76.946609698638156,
ColemanTransform.0.0.18,vs_state,scalar,IDENTICAL,1,1,
ColemanTransform.0.0.18,vs_rgn3pitch,scalar,IDENTICAL,1.9660391102279344E-002,1.9660391102279344E-002,
ColemanTransform.0.0.18,we_vw,scalar,IDENTICAL,9.9660332115896537,9.9660332115896537,
ColemanTransform.0.0.18,we_vw_f,scalar,IDENTICAL,9.9953068421721909,9.9953068421721909,
ColemanTransform.0.0.18,we_vwi,scalar,IDENTICAL,10.000000000000000,10.000000000000000,
ColemanTransform.0.0.18,we_vwidot,scalar,IDENTICAL,0.0000000000000000,0.0000000000000000,
ColemanTransform.0.0.18,we_op,scalar,IDENTICAL,0,0,
ColemanTransform.0.0.18,we_op_last,scalar,IDENTICAL,0,0,
ColemanTransform.0.0.18,vs_lastgentrqf,scalar,IDENTICAL,0.33694752401686823,0.33694752401686823,
ColemanTransform.0.0.18,prc_wse_f,scalar,IDENTICAL,0.0000000000000000,0.0000000000000000,
ColemanTransform.0.0.18,prc_r_speed,scalar,IDENTICAL,1.0000000000000000,1.0000000000000000,
ColemanTransform.0.0.18,prc_r_torque,scalar,IDENTICAL,1.0000000000000000,1.0000000000000000,
ColemanTransform.0.0.18,prc_r_pitch,scalar,IDENTICAL,1.0000000000000000,1.0000000000000000,
ColemanTransform.0.0.18,prc_r_total,scalar,IDENTICAL,0.0000000000000000,0.0000000000000000,
ColemanTransform.0.0.18,prc_min_pitch,scalar,IDENTICAL,0.0000000000000000,0.0000000000000000,
ColemanTransform.0.0.18,ps_min_pitch,scalar,IDENTICAL,2.2103911022793451E-003,2.2103911022793451E-003,
ColemanTransform.0.0.18,ol_index,scalar,IDENTICAL,0.42500001192092896,0.42500001192092896,
ColemanTransform.0.0.18,su_stage,scalar,IDENTICAL,0,0,
ColemanTransform.0.0.18,su_loadstagestarttime,scalar,IDENTICAL,0.0000000000000000,0.0000000000000000,
ColemanTransform.0.0.18,su_rotspeedf,scalar,IDENTICAL,0.0000000000000000,0.0000000000000000,
ColemanTransform.0.0.18,sd_trigger,scalar,IDENTICAL,0,0,
ColemanTransform.0.0.18,sd_blpitchf,scalar,IDENTICAL,0.0000000000000000,0.0000000000000000,
ColemanTransform.0.0.18,sd_nacvanef,scalar,IDENTICAL,0.0000000000000000,0.0000000000000000,
ColemanTransform.0.0.18,sd_genspeedf,scalar,IDENTICAL,0.0000000000000000,0.0000000000000000,
ColemanTransform.0.0.18,sd_stage,scalar,IDENTICAL,0,0,
ColemanTransform.0.0.18,sd_stagestarttime,scalar,IDENTICAL,0.0000000000000000,0.0000000000000000,
ColemanTransform.0.0.18,sd_maxpitchrate,scalar,IDENTICAL,0.0000000000000000,0.0000000000000000,
ColemanTransform.0.0.18,sd_maxtorquerate,scalar,IDENTICAL,0.0000000000000000,0.0000000000000000,
ColemanTransform.0.0.18,gentq_sd,scalar,IDENTICAL,0.0000000000000000,0.0000000000000000,
ColemanTransform.0.0.18,fl_pitcom,scalar,IDENTICAL,0.0000000000000000,0.0000000000000000,
ColemanTransform.0.0.18,nacimu_fa_accf,scalar,IDENTICAL,0.0000000000000000,0.0000000000000000,
ColemanTransform.0.0.18,fa_accf,scalar,IDENTICAL,0.0000000000000000,0.0000000000000000,
ColemanTransform.0.0.18,fa_hist,scalar,IDENTICAL,0,0,
ColemanTransform.0.0.18,tra_lastrefspd,scalar,IDENTICAL,0.0000000000000000,0.0000000000000000,
ColemanTransform.0.0.18,vs_refspeed,scalar,IDENTICAL,0.0000000000000000,0.0000000000000000,
ColemanTransform.0.0.18,ptfmtdx,scalar,IDENTICAL,0.0000000000000000,0.0000000000000000,
ColemanTransform.0.0.18,ptfmtdy,scalar,IDENTICAL,0.0000000000000000,0.0000000000000000,
ColemanTransform.0.0.18,ptfmtdz,scalar,IDENTICAL,0.0000000000000000,0.0000000000000000,
ColemanTransform.0.0.18,ptfmrdx,scalar,IDENTICAL,0.0000000000000000,0.0000000000000000,
ColemanTransform.0.0.18,ptfmrdy,scalar,IDENTICAL,0.0000000000000000,0.0000000000000000,
ColemanTransform.0.0.18,ptfmrdz,scalar,IDENTICAL,0.0000000000000000,0.0000000000000000,
ColemanTransform.0.0.18,ptfmtvx,scalar,IDENTICAL,0.0000000000000000,0.0000000000000000,
ColemanTransform.0.0.18,ptfmtvy,scalar,IDENTICAL,0.0000000000000000,0.0000000000000000,
ColemanTransform.0.0.18,ptfmtvz,scalar,IDENTICAL,0.0000000000000000,0.0000000000000000,
ColemanTransform.0.0.18,ptfmrvx,scalar,IDENTICAL,0.0000000000000000,0.0000000000000000,
ColemanTransform.0.0.18,ptfmrvy,scalar,IDENTICAL,0.0000000000000000,0.0000000000000000,
ColemanTransform.0.0.18,ptfmrvz,scalar,IDENTICAL,0.0000000000000000,0.0000000000000000,
ColemanTransform.0.0.18,ptfmtax,scalar,IDENTICAL,0.0000000000000000,0.0000000000000000,
ColemanTransform.0.0.18,ptfmtay,scalar,IDENTICAL,0.0000000000000000,0.0000000000000000,
ColemanTransform.0.0.18,ptfmtaz,scalar,IDENTICAL,0.0000000000000000,0.0000000000000000,
ColemanTransform.0.0.18,ptfmrax,scalar,IDENTICAL,0.0000000000000000,0.0000000000000000,
ColemanTransform.0.0.18,ptfmray,scalar,IDENTICAL,0.0000000000000000,0.0000000000000000,
ColemanTransform.0.0.18,ptfmraz,scalar,IDENTICAL,0.0000000000000000,0.0000000000000000,
ColemanTransform.0.0.18,cc_desiredl,array,IDENTICAL,,,size=          12
ColemanTransform.0.0.18,cc_actuatedl,array,IDENTICAL,,,size=          12
ColemanTransform.0.0.18,cc_actuateddl,array,IDENTICAL,,,size=          12
ColemanTransform.0.0.18,stc_input,array,IDENTICAL,,,size=          12
ColemanTransform.0.0.18,flp_angle,array,IDENTICAL,,,size=           3
ColemanTransform.0.0.18,rootmyb_last,array,IDENTICAL,,,size=           3
ColemanTransform.0.0.18,acc_infile_size,scalar,IDENTICAL,42,42,
ColemanTransform.0.0.18,acc_infile,array,IDENTICAL,,,size=          42
ColemanTransform.0.0.18,restart,scalar,IDENTICAL,F,F,
ColemanTransform.0.0.18,awc_complexangle,array,IDENTICAL,,,size=           3
ColemanTransform.0.0.18,tiltmean,scalar,IDENTICAL,0.0000000000000000,0.0000000000000000,
ColemanTransform.0.0.18,yawmean,scalar,IDENTICAL,0.0000000000000000,0.0000000000000000,
ColemanTransform.0.0.18,zmq_id,scalar,IDENTICAL,0,0,
ColemanTransform.0.0.18,zmq_yawoffset,scalar,IDENTICAL,0.0000000000000000,0.0000000000000000,
ColemanTransform.0.0.18,zmq_torqueoffset,scalar,IDENTICAL,0.0000000000000000,0.0000000000000000,
ColemanTransform.0.0.18,zmq_pitoffset,array,IDENTICAL,,,size=           3
ColemanTransform.0.0.18,zmq_r_speed,scalar,IDENTICAL,0.0000000000000000,0.0000000000000000,
ColemanTransform.0.0.18,zmq_r_torque,scalar,IDENTICAL,0.0000000000000000,0.0000000000000000,
ColemanTransform.0.0.18,zmq_r_pitch,scalar,IDENTICAL,0.0000000000000000,0.0000000000000000,
ColemanTransform.0.0.18,om_r,scalar,IDENTICAL,0.0000000000000000,0.0000000000000000,
ColemanTransform.0.0.18,v_t,scalar,IDENTICAL,0.0000000000000000,0.0000000000000000,
ColemanTransform.0.0.18,v_m,scalar,IDENTICAL,0.0000000000000000,0.0000000000000000,
ColemanTransform.0.0.18,v_h,scalar,IDENTICAL,0.0000000000000000,0.0000000000000000,
ColemanTransform.0.0.18,p,array,IDENTICAL,,,size=           9
ColemanTransform.0.0.18,xh,array,IDENTICAL,,,size=           3
ColemanTransform.0.0.18,k,array,IDENTICAL,,,size=           3
ColemanTransform.0.0.18,lpf1_a1,array,IDENTICAL,,,size=        1024
ColemanTransform.0.0.18,lpf1_a0,array,IDENTICAL,,,size=        1024
ColemanTransform.0.0.18,lpf1_b1,array,IDENTICAL,,,size=        1024
ColemanTransform.0.0.18,lpf1_b0,array,IDENTICAL,,,size=        1024
ColemanTransform.0.0.18,lpf1_inputsignallast,array,IDENTICAL,,,size=        1024
ColemanTransform.0.0.18,lpf1_outputsignallast,array,IDENTICAL,,,size=        1024
ColemanTransform.0.0.18,lpf2_a2,array,IDENTICAL,,,size=        1024
ColemanTransform.0.0.18,lpf2_a1,array,IDENTICAL,,,size=        1024
ColemanTransform.0.0.18,lpf2_a0,array,IDENTICAL,,,size=        1024
ColemanTransform.0.0.18,lpf2_b2,array,IDENTICAL,,,size=        1024
ColemanTransform.0.0.18,lpf2_b1,array,IDENTICAL,,,size=        1024
ColemanTransform.0.0.18,lpf2_b0,array,IDENTICAL,,,size=        1024
ColemanTransform.0.0.18,lpf2_inputsignallast2,array,IDENTICAL,,,size=        1024
ColemanTransform.0.0.18,lpf2_outputsignallast2,array,IDENTICAL,,,size=        1024
ColemanTransform.0.0.18,lpf2_inputsignallast1,array,IDENTICAL,,,size=        1024
ColemanTransform.0.0.18,lpf2_outputsignallast1,array,IDENTICAL,,,size=        1024
ColemanTransform.0.0.18,lpfv_a2,array,IDENTICAL,,,size=        1024
ColemanTransform.0.0.18,lpfv_a1,array,IDENTICAL,,,size=        1024
ColemanTransform.0.0.18,lpfv_a0,array,IDENTICAL,,,size=        1024
ColemanTransform.0.0.18,lpfv_b2,array,IDENTICAL,,,size=        1024
ColemanTransform.0.0.18,lpfv_b1,array,IDENTICAL,,,size=        1024
ColemanTransform.0.0.18,lpfv_b0,array,IDENTICAL,,,size=        1024
ColemanTransform.0.0.18,lpfv_inputsignallast2,array,IDENTICAL,,,size=        1024
ColemanTransform.0.0.18,lpfv_outputsignallast2,array,IDENTICAL,,,size=        1024
ColemanTransform.0.0.18,lpfv_inputsignallast1,array,IDENTICAL,,,size=        1024
ColemanTransform.0.0.18,lpfv_outputsignallast1,array,IDENTICAL,,,size=        1024
ColemanTransform.0.0.18,hpf_inputsignallast,array,IDENTICAL,,,size=        1024
ColemanTransform.0.0.18,hpf_outputsignallast,array,IDENTICAL,,,size=        1024
ColemanTransform.0.0.18,nfs_outputsignallast1,array,IDENTICAL,,,size=        1024
ColemanTransform.0.0.18,nfs_outputsignallast2,array,IDENTICAL,,,size=        1024
ColemanTransform.0.0.18,nfs_inputsignallast1,array,IDENTICAL,,,size=        1024
ColemanTransform.0.0.18,nfs_inputsignallast2,array,IDENTICAL,,,size=        1024
ColemanTransform.0.0.18,nfs_b2,array,IDENTICAL,,,size=        1024
ColemanTransform.0.0.18,nfs_b0,array,IDENTICAL,,,size=        1024
ColemanTransform.0.0.18,nfs_a2,array,IDENTICAL,,,size=        1024
ColemanTransform.0.0.18,nfs_a1,array,IDENTICAL,,,size=        1024
ColemanTransform.0.0.18,nfs_a0,array,IDENTICAL,,,size=        1024
ColemanTransform.0.0.18,nf_outputsignallast1,array,IDENTICAL,,,size=        1024
ColemanTransform.0.0.18,nf_outputsignallast2,array,IDENTICAL,,,size=        1024
ColemanTransform.0.0.18,nf_inputsignallast1,array,IDENTICAL,,,size=        1024
ColemanTransform.0.0.18,nf_inputsignallast2,array,IDENTICAL,,,size=        1024
ColemanTransform.0.0.18,nf_b2,array,IDENTICAL,,,size=        1024
ColemanTransform.0.0.18,nf_b1,array,IDENTICAL,,,size=        1024
ColemanTransform.0.0.18,nf_b0,array,IDENTICAL,,,size=        1024
ColemanTransform.0.0.18,nf_a1,array,IDENTICAL,,,size=        1024
ColemanTransform.0.0.18,nf_a0,array,IDENTICAL,,,size=        1024
ColemanTransform.0.0.18,iterm,array,IDENTICAL,,,size=        1024
ColemanTransform.0.0.18,itermlast,array,IDENTICAL,,,size=        1024
ColemanTransform.0.0.18,iterm2,array,IDENTICAL,,,size=        1024
ColemanTransform.0.0.18,itermlast2,array,IDENTICAL,,,size=        1024
ColemanTransform.0.0.18,elast,array,IDENTICAL,,,size=        1024
ColemanTransform.0.0.18,res_outputsignallast1,array,IDENTICAL,,,size=        1024
ColemanTransform.0.0.18,res_outputsignallast2,array,IDENTICAL,,,size=        1024
ColemanTransform.0.0.18,res_inputsignallast1,array,IDENTICAL,,,size=        1024
ColemanTransform.0.0.18,res_inputsignallast2,array,IDENTICAL,,,size=        1024
ColemanTransform.0.0.18,lastsignal,array,IDENTICAL,,,size=        1024
ColemanTransform.0.0.19,istatus,scalar,IDENTICAL,1,1,
ColemanTransform.0.0.19,alreadyinitialized,scalar,IDENTICAL,0,0,
ColemanTransform.0.0.19,restartwse,scalar,IDENTICAL,1,1,
ColemanTransform.0.0.19,time,scalar,IDENTICAL,0.44999998807907104,0.44999998807907104,
ColemanTransform.0.0.19,dt,scalar,IDENTICAL,2.5000000372529030E-002,2.5000000372529030E-002,
ColemanTransform.0.0.19,writethisstep,scalar,IDENTICAL,F,F,
ColemanTransform.0.0.19,n_dt,scalar,IDENTICAL,18,18,
ColemanTransform.0.0.19,time_last,scalar,IDENTICAL,0.0000000000000000,0.0000000000000000,
ColemanTransform.0.0.19,vs_genpwr,scalar,IDENTICAL,0.0000000000000000,0.0000000000000000,
ColemanTransform.0.0.19,genspeed,scalar,IDENTICAL,41.940204620361328,41.940204620361328,
ColemanTransform.0.0.19,rotspeed,scalar,IDENTICAL,0.43237322568893433,0.43237322568893433,
ColemanTransform.0.0.19,nacheading,scalar,IDENTICAL,0.0000000000000000,0.0000000000000000,
ColemanTransform.0.0.19,nacvane,scalar,IDENTICAL,0.0000000000000000,0.0000000000000000,
ColemanTransform.0.0.19,nacvanef,scalar,IDENTICAL,0.0000000000000000,0.0000000000000000,
ColemanTransform.0.0.19,winddir,scalar,IDENTICAL,0.0000000000000000,0.0000000000000000,
ColemanTransform.0.0.19,horwindv,scalar,IDENTICAL,9.0000000000000000,9.0000000000000000,
ColemanTransform.0.0.19,horwindv_f,scalar,IDENTICAL,9.9640120681425994,9.9640120681425994,
ColemanTransform.0.0.19,rootmoop,array,IDENTICAL,,,size=           3
ColemanTransform.0.0.19,rootmoopf,array,IDENTICAL,,,size=           3
ColemanTransform.0.0.19,blpitch,array,IDENTICAL,,,size=           3
ColemanTransform.0.0.19,blpitchcmeas,scalar,IDENTICAL,2.2103911022793446E-003,2.2103911022793446E-003,
ColemanTransform.0.0.19,azimuth,scalar,IDENTICAL,0.0000000000000000,0.0000000000000000,
ColemanTransform.0.0.19,ol_azimuth,scalar,IDENTICAL,0.0000000000000000,0.0000000000000000,
ColemanTransform.0.0.19,azunwrapped,scalar,IDENTICAL,0.0000000000000000,0.0000000000000000,
ColemanTransform.0.0.19,azerror,scalar,IDENTICAL,0.0000000000000000,0.0000000000000000,
ColemanTransform.0.0.19,gentqaz,scalar,IDENTICAL,0.0000000000000000,0.0000000000000000,
ColemanTransform.0.0.19,azbuffer,array,IDENTICAL,,,size=           2
ColemanTransform.0.0.19,numbl,scalar,IDENTICAL,3,3,
ColemanTransform.0.0.19,fa_acc_tt,scalar,IDENTICAL,0.0000000000000000,0.0000000000000000,
ColemanTransform.0.0.19,ss_acc_tt,scalar,IDENTICAL,0.0000000000000000,0.0000000000000000,
ColemanTransform.0.0.19,fa_acc_nac,scalar,IDENTICAL,0.0000000000000000,0.0000000000000000,
ColemanTransform.0.0.19,nacimu_fa_racc,scalar,IDENTICAL,0.0000000000000000,0.0000000000000000,
ColemanTransform.0.0.19,fa_acchpf,scalar,IDENTICAL,0.0000000000000000,0.0000000000000000,
ColemanTransform.0.0.19,fa_acchpfi,scalar,IDENTICAL,0.0000000000000000,0.0000000000000000,
ColemanTransform.0.0.19,fa_pitcom,array,IDENTICAL,,,size=           3
ColemanTransform.0.0.19,vs_refspd,scalar,IDENTICAL,115.40812327990483,115.40812327990483,
ColemanTransform.0.0.19,vs_refspd_tsr,scalar,IDENTICAL,115.06061554878954,115.06061554878954,
ColemanTransform.0.0.19,vs_refspd_tra,scalar,IDENTICAL,0.0000000000000000,0.0000000000000000,
ColemanTransform.0.0.19,vs_refspd_rl,scalar,IDENTICAL,0.0000000000000000,0.0000000000000000,
ColemanTransform.0.0.19,pc_refspd,scalar,IDENTICAL,129.06604078480268,129.06604078480268,
ColemanTransform.0.0.19,pc_refspd_ss,scalar,IDENTICAL,129.06604078480268,129.06604078480268,
ColemanTransform.0.0.19,pc_refspd_prc,scalar,IDENTICAL,122.90967000000001,122.90967000000001,
ColemanTransform.0.0.19,rotspeedf,scalar,IDENTICAL,0.46491520243241841,0.46491520243241841,
ColemanTransform.0.0.19,genspeedf,scalar,IDENTICAL,38.968772538593221,38.968772538593221,
ColemanTransform.0.0.19,gentq,scalar,IDENTICAL,-1.7775470674224608E-300,-1.7775470674224608E-300,
ColemanTransform.0.0.19,gentqmeas,scalar,IDENTICAL,0.0000000000000000,0.0000000000000000,
ColemanTransform.0.0.19,genartq,scalar,IDENTICAL,0.0000000000000000,0.0000000000000000,
ColemanTransform.0.0.19,genbrtq,scalar,IDENTICAL,0.0000000000000000,0.0000000000000000,
ColemanTransform.0.0.19,vs_komega2_gentq,scalar,IDENTICAL,3508.7208994885063,3508.7208994885063,
ColemanTransform.0.0.19,vs_constpwr_gentq,scalar,IDENTICAL,135919.34835119479,135919.34835119479,
ColemanTransform.0.0.19,ipc_pitcomf,array,IDENTICAL,,,size=           3
ColemanTransform.0.0.19,pc_kp,scalar,IDENTICAL,-2.0750000000000001E-002,-2.0750000000000001E-002,
ColemanTransform.0.0.19,pc_ki,scalar,IDENTICAL,-8.4169999999999991E-003,-8.4169999999999991E-003,
ColemanTransform.0.0.19,pc_kd,scalar,IDENTICAL,0.0000000000000000,0.0000000000000000,
ColemanTransform.0.0.19,pc_tf,scalar,IDENTICAL,0.0000000000000000,0.0000000000000000,
ColemanTransform.0.0.19,pc_maxpit,scalar,IDENTICAL,1.5700000000000001,1.5700000000000001,
ColemanTransform.0.0.19,pc_minpit,scalar,IDENTICAL,2.1825999706481147E-003,2.1825999706481147E-003,
ColemanTransform.0.0.19,pc_pitcomt,scalar,IDENTICAL,2.1825999706481147E-003,2.1825999706481147E-003,
ColemanTransform.0.0.19,pc_pitcomt_last,scalar,IDENTICAL,2.2103911022793451E-003,2.2103911022793451E-003,
ColemanTransform.0.0.19,blpitchcmeasf,scalar,IDENTICAL,3.6593261521406163E-004,3.6593261521406163E-004,
ColemanTransform.0.0.19,pc_pitcomt_ipc,array,IDENTICAL,,,size=           3
ColemanTransform.0.0.19,pc_pwrerr,scalar,IDENTICAL,5000000.0000000000,5000000.0000000000,
ColemanTransform.0.0.19,pc_spderr,scalar,IDENTICAL,90.097268246209467,90.097268246209467,
ColemanTransform.0.0.19,ipc_axistilt_1p,scalar,IDENTICAL,0.0000000000000000,0.0000000000000000,
ColemanTransform.0.0.19,ipc_axisyaw_1p,scalar,IDENTICAL,0.0000000000000000,0.0000000000000000,
ColemanTransform.0.0.19,ipc_axistilt_2p,scalar,IDENTICAL,0.0000000000000000,0.0000000000000000,
ColemanTransform.0.0.19,ipc_axisyaw_2p,scalar,IDENTICAL,0.0000000000000000,0.0000000000000000,
ColemanTransform.0.0.19,axistilt_1p,scalar,IDENTICAL,0.0000000000000000,0.0000000000000000,
ColemanTransform.0.0.19,axisyaw_1p,scalar,IDENTICAL,0.0000000000000000,0.0000000000000000,
ColemanTransform.0.0.19,axisyawf_1p,scalar,IDENTICAL,0.0000000000000000,0.0000000000000000,
ColemanTransform.0.0.19,axistilt_2p,scalar,IDENTICAL,0.0000000000000000,0.0000000000000000,
ColemanTransform.0.0.19,axisyaw_2p,scalar,IDENTICAL,0.0000000000000000,0.0000000000000000,
ColemanTransform.0.0.19,axisyawf_2p,scalar,IDENTICAL,0.0000000000000000,0.0000000000000000,
ColemanTransform.0.0.19,ipc_ki,array,IDENTICAL,,,size=           2
ColemanTransform.0.0.19,ipc_kp,array,IDENTICAL,,,size=           2
ColemanTransform.0.0.19,ipc_intsat,scalar,IDENTICAL,2.2366180540932261E-003,2.2366180540932261E-003,
ColemanTransform.0.0.19,pc_state,scalar,IDENTICAL,1,1,
ColemanTransform.0.0.19,pitcom,array,IDENTICAL,,,size=           3
ColemanTransform.0.0.19,pitcom_sd,array,IDENTICAL,,,size=           3
ColemanTransform.0.0.19,pitcomact,array,IDENTICAL,,,size=           3
ColemanTransform.0.0.19,ss_delomegaf,scalar,IDENTICAL,-6.1553216512863331,-6.1553216512863331,
ColemanTransform.0.0.19,testtype,scalar,IDENTICAL,0.0000000000000000,0.0000000000000000,
ColemanTransform.0.0.19,kp_float,scalar,IDENTICAL,0.0000000000000000,0.0000000000000000,
ColemanTransform.0.0.19,vs_maxtq,scalar,IDENTICAL,47402.900000000001,47402.900000000001,
ColemanTransform.0.0.19,vs_lastgentrq,scalar,IDENTICAL,-1.7775470674224608E-300,-1.7775470674224608E-300,
ColemanTransform.0.0.19,vs_lastgenpwr,scalar,IDENTICAL,0.0000000000000000,0.0000000000000000,
ColemanTransform.0.0.19,vs_mechgenpwr,scalar,IDENTICAL,0.0000000000000000,0.0000000000000000,
ColemanTransform.0.0.19,vs_spderrar,scalar,IDENTICAL,76.439350741311614,76.439350741311614,
ColemanTransform.0.0.19,vs_spderrbr,scalar,IDENTICAL,-4.3259125385932222,-4.3259125385932222,
ColemanTransform.0.0.19,vs_spderr,scalar,IDENTICAL,76.439350741311614,76.439350741311614,
ColemanTransform.0.0.19,vs_state,scalar,IDENTICAL,1,1,
ColemanTransform.0.0.19,vs_rgn3pitch,scalar,IDENTICAL,1.9632599970648115E-002,1.9632599970648115E-002,
ColemanTransform.0.0.19,we_vw,scalar,IDENTICAL,9.9640120681425994,9.9640120681425994,
ColemanTransform.0.0.19,we_vw_f,scalar,IDENTICAL,9.9947210791444583,9.9947210791444583,
ColemanTransform.0.0.19,we_vwi,scalar,IDENTICAL,10.000000000000000,10.000000000000000,
ColemanTransform.0.0.19,we_vwidot,scalar,IDENTICAL,0.0000000000000000,0.0000000000000000,
ColemanTransform.0.0.19,we_op,scalar,IDENTICAL,0,0,
ColemanTransform.0.0.19,we_op_last,scalar,IDENTICAL,0,0,
ColemanTransform.0.0.19,vs_lastgentrqf,scalar,IDENTICAL,0.25127465466996629,0.25127465466996629,
ColemanTransform.0.0.19,prc_wse_f,scalar,IDENTICAL,0.0000000000000000,0.0000000000000000,
ColemanTransform.0.0.19,prc_r_speed,scalar,IDENTICAL,1.0000000000000000,1.0000000000000000,
ColemanTransform.0.0.19,prc_r_torque,scalar,IDENTICAL,1.0000000000000000,1.0000000000000000,
ColemanTransform.0.0.19,prc_r_pitch,scalar,IDENTICAL,1.0000000000000000,1.0000000000000000,
ColemanTransform.0.0.19,prc_r_total,scalar,IDENTICAL,0.0000000000000000,0.0000000000000000,
ColemanTransform.0.0.19,prc_min_pitch,scalar,IDENTICAL,0.0000000000000000,0.0000000000000000,
ColemanTransform.0.0.19,ps_min_pitch,scalar,IDENTICAL,2.1825999706481147E-003,2.1825999706481147E-003,
ColemanTransform.0.0.19,ol_index,scalar,IDENTICAL,0.44999998807907104,0.44999998807907104,
ColemanTransform.0.0.19,su_stage,scalar,IDENTICAL,0,0,
ColemanTransform.0.0.19,su_loadstagestarttime,scalar,IDENTICAL,0.0000000000000000,0.0000000000000000,
ColemanTransform.0.0.19,su_rotspeedf,scalar,IDENTICAL,0.0000000000000000,0.0000000000000000,
ColemanTransform.0.0.19,sd_trigger,scalar,IDENTICAL,0,0,
ColemanTransform.0.0.19,sd_blpitchf,scalar,IDENTICAL,0.0000000000000000,0.0000000000000000,
ColemanTransform.0.0.19,sd_nacvanef,scalar,IDENTICAL,0.0000000000000000,0.0000000000000000,
ColemanTransform.0.0.19,sd_genspeedf,scalar,IDENTICAL,0.0000000000000000,0.0000000000000000,
ColemanTransform.0.0.19,sd_stage,scalar,IDENTICAL,0,0,
ColemanTransform.0.0.19,sd_stagestarttime,scalar,IDENTICAL,0.0000000000000000,0.0000000000000000,
ColemanTransform.0.0.19,sd_maxpitchrate,scalar,IDENTICAL,0.0000000000000000,0.0000000000000000,
ColemanTransform.0.0.19,sd_maxtorquerate,scalar,IDENTICAL,0.0000000000000000,0.0000000000000000,
ColemanTransform.0.0.19,gentq_sd,scalar,IDENTICAL,0.0000000000000000,0.0000000000000000,
ColemanTransform.0.0.19,fl_pitcom,scalar,IDENTICAL,0.0000000000000000,0.0000000000000000,
ColemanTransform.0.0.19,nacimu_fa_accf,scalar,IDENTICAL,0.0000000000000000,0.0000000000000000,
ColemanTransform.0.0.19,fa_accf,scalar,IDENTICAL,0.0000000000000000,0.0000000000000000,
ColemanTransform.0.0.19,fa_hist,scalar,IDENTICAL,0,0,
ColemanTransform.0.0.19,tra_lastrefspd,scalar,IDENTICAL,0.0000000000000000,0.0000000000000000,
ColemanTransform.0.0.19,vs_refspeed,scalar,IDENTICAL,0.0000000000000000,0.0000000000000000,
ColemanTransform.0.0.19,ptfmtdx,scalar,IDENTICAL,0.0000000000000000,0.0000000000000000,
ColemanTransform.0.0.19,ptfmtdy,scalar,IDENTICAL,0.0000000000000000,0.0000000000000000,
ColemanTransform.0.0.19,ptfmtdz,scalar,IDENTICAL,0.0000000000000000,0.0000000000000000,
ColemanTransform.0.0.19,ptfmrdx,scalar,IDENTICAL,0.0000000000000000,0.0000000000000000,
ColemanTransform.0.0.19,ptfmrdy,scalar,IDENTICAL,0.0000000000000000,0.0000000000000000,
ColemanTransform.0.0.19,ptfmrdz,scalar,IDENTICAL,0.0000000000000000,0.0000000000000000,
ColemanTransform.0.0.19,ptfmtvx,scalar,IDENTICAL,0.0000000000000000,0.0000000000000000,
ColemanTransform.0.0.19,ptfmtvy,scalar,IDENTICAL,0.0000000000000000,0.0000000000000000,
ColemanTransform.0.0.19,ptfmtvz,scalar,IDENTICAL,0.0000000000000000,0.0000000000000000,
ColemanTransform.0.0.19,ptfmrvx,scalar,IDENTICAL,0.0000000000000000,0.0000000000000000,
ColemanTransform.0.0.19,ptfmrvy,scalar,IDENTICAL,0.0000000000000000,0.0000000000000000,
ColemanTransform.0.0.19,ptfmrvz,scalar,IDENTICAL,0.0000000000000000,0.0000000000000000,
ColemanTransform.0.0.19,ptfmtax,scalar,IDENTICAL,0.0000000000000000,0.0000000000000000,
ColemanTransform.0.0.19,ptfmtay,scalar,IDENTICAL,0.0000000000000000,0.0000000000000000,
ColemanTransform.0.0.19,ptfmtaz,scalar,IDENTICAL,0.0000000000000000,0.0000000000000000,
ColemanTransform.0.0.19,ptfmrax,scalar,IDENTICAL,0.0000000000000000,0.0000000000000000,
ColemanTransform.0.0.19,ptfmray,scalar,IDENTICAL,0.0000000000000000,0.0000000000000000,
ColemanTransform.0.0.19,ptfmraz,scalar,IDENTICAL,0.0000000000000000,0.0000000000000000,
ColemanTransform.0.0.19,cc_desiredl,array,IDENTICAL,,,size=          12
ColemanTransform.0.0.19,cc_actuatedl,array,IDENTICAL,,,size=          12
ColemanTransform.0.0.19,cc_actuateddl,array,IDENTICAL,,,size=          12
ColemanTransform.0.0.19,stc_input,array,IDENTICAL,,,size=          12
ColemanTransform.0.0.19,flp_angle,array,IDENTICAL,,,size=           3
ColemanTransform.0.0.19,rootmyb_last,array,IDENTICAL,,,size=           3
ColemanTransform.0.0.19,acc_infile_size,scalar,IDENTICAL,42,42,
ColemanTransform.0.0.19,acc_infile,array,IDENTICAL,,,size=          42
ColemanTransform.0.0.19,restart,scalar,IDENTICAL,F,F,
ColemanTransform.0.0.19,awc_complexangle,array,IDENTICAL,,,size=           3
ColemanTransform.0.0.19,tiltmean,scalar,IDENTICAL,0.0000000000000000,0.0000000000000000,
ColemanTransform.0.0.19,yawmean,scalar,IDENTICAL,0.0000000000000000,0.0000000000000000,
ColemanTransform.0.0.19,zmq_id,scalar,IDENTICAL,0,0,
ColemanTransform.0.0.19,zmq_yawoffset,scalar,IDENTICAL,0.0000000000000000,0.0000000000000000,
ColemanTransform.0.0.19,zmq_torqueoffset,scalar,IDENTICAL,0.0000000000000000,0.0000000000000000,
ColemanTransform.0.0.19,zmq_pitoffset,array,IDENTICAL,,,size=           3
ColemanTransform.0.0.19,zmq_r_speed,scalar,IDENTICAL,0.0000000000000000,0.0000000000000000,
ColemanTransform.0.0.19,zmq_r_torque,scalar,IDENTICAL,0.0000000000000000,0.0000000000000000,
ColemanTransform.0.0.19,zmq_r_pitch,scalar,IDENTICAL,0.0000000000000000,0.0000000000000000,
ColemanTransform.0.0.19,om_r,scalar,IDENTICAL,0.0000000000000000,0.0000000000000000,
ColemanTransform.0.0.19,v_t,scalar,IDENTICAL,0.0000000000000000,0.0000000000000000,
ColemanTransform.0.0.19,v_m,scalar,IDENTICAL,0.0000000000000000,0.0000000000000000,
ColemanTransform.0.0.19,v_h,scalar,IDENTICAL,0.0000000000000000,0.0000000000000000,
ColemanTransform.0.0.19,p,array,IDENTICAL,,,size=           9
ColemanTransform.0.0.19,xh,array,IDENTICAL,,,size=           3
ColemanTransform.0.0.19,k,array,IDENTICAL,,,size=           3
ColemanTransform.0.0.19,lpf1_a1,array,IDENTICAL,,,size=        1024
ColemanTransform.0.0.19,lpf1_a0,array,IDENTICAL,,,size=        1024
ColemanTransform.0.0.19,lpf1_b1,array,IDENTICAL,,,size=        1024
ColemanTransform.0.0.19,lpf1_b0,array,IDENTICAL,,,size=        1024
ColemanTransform.0.0.19,lpf1_inputsignallast,array,IDENTICAL,,,size=        1024
ColemanTransform.0.0.19,lpf1_outputsignallast,array,IDENTICAL,,,size=        1024
ColemanTransform.0.0.19,lpf2_a2,array,IDENTICAL,,,size=        1024
ColemanTransform.0.0.19,lpf2_a1,array,IDENTICAL,,,size=        1024
ColemanTransform.0.0.19,lpf2_a0,array,IDENTICAL,,,size=        1024
ColemanTransform.0.0.19,lpf2_b2,array,IDENTICAL,,,size=        1024
ColemanTransform.0.0.19,lpf2_b1,array,IDENTICAL,,,size=        1024
ColemanTransform.0.0.19,lpf2_b0,array,IDENTICAL,,,size=        1024
ColemanTransform.0.0.19,lpf2_inputsignallast2,array,IDENTICAL,,,size=        1024
ColemanTransform.0.0.19,lpf2_outputsignallast2,array,IDENTICAL,,,size=        1024
ColemanTransform.0.0.19,lpf2_inputsignallast1,array,IDENTICAL,,,size=        1024
ColemanTransform.0.0.19,lpf2_outputsignallast1,array,IDENTICAL,,,size=        1024
ColemanTransform.0.0.19,lpfv_a2,array,IDENTICAL,,,size=        1024
ColemanTransform.0.0.19,lpfv_a1,array,IDENTICAL,,,size=        1024
ColemanTransform.0.0.19,lpfv_a0,array,IDENTICAL,,,size=        1024
ColemanTransform.0.0.19,lpfv_b2,array,IDENTICAL,,,size=        1024
ColemanTransform.0.0.19,lpfv_b1,array,IDENTICAL,,,size=        1024
ColemanTransform.0.0.19,lpfv_b0,array,IDENTICAL,,,size=        1024
ColemanTransform.0.0.19,lpfv_inputsignallast2,array,IDENTICAL,,,size=        1024
ColemanTransform.0.0.19,lpfv_outputsignallast2,array,IDENTICAL,,,size=        1024
ColemanTransform.0.0.19,lpfv_inputsignallast1,array,IDENTICAL,,,size=        1024
ColemanTransform.0.0.19,lpfv_outputsignallast1,array,IDENTICAL,,,size=        1024
ColemanTransform.0.0.19,hpf_inputsignallast,array,IDENTICAL,,,size=        1024
ColemanTransform.0.0.19,hpf_outputsignallast,array,IDENTICAL,,,size=        1024
ColemanTransform.0.0.19,nfs_outputsignallast1,array,IDENTICAL,,,size=        1024
ColemanTransform.0.0.19,nfs_outputsignallast2,array,IDENTICAL,,,size=        1024
ColemanTransform.0.0.19,nfs_inputsignallast1,array,IDENTICAL,,,size=        1024
ColemanTransform.0.0.19,nfs_inputsignallast2,array,IDENTICAL,,,size=        1024
ColemanTransform.0.0.19,nfs_b2,array,IDENTICAL,,,size=        1024
ColemanTransform.0.0.19,nfs_b0,array,IDENTICAL,,,size=        1024
ColemanTransform.0.0.19,nfs_a2,array,IDENTICAL,,,size=        1024
ColemanTransform.0.0.19,nfs_a1,array,IDENTICAL,,,size=        1024
ColemanTransform.0.0.19,nfs_a0,array,IDENTICAL,,,size=        1024
ColemanTransform.0.0.19,nf_outputsignallast1,array,IDENTICAL,,,size=        1024
ColemanTransform.0.0.19,nf_outputsignallast2,array,IDENTICAL,,,size=        1024
ColemanTransform.0.0.19,nf_inputsignallast1,array,IDENTICAL,,,size=        1024
ColemanTransform.0.0.19,nf_inputsignallast2,array,IDENTICAL,,,size=        1024
ColemanTransform.0.0.19,nf_b2,array,IDENTICAL,,,size=        1024
ColemanTransform.0.0.19,nf_b1,array,IDENTICAL,,,size=        1024
ColemanTransform.0.0.19,nf_b0,array,IDENTICAL,,,size=        1024
ColemanTransform.0.0.19,nf_a1,array,IDENTICAL,,,size=        1024
ColemanTransform.0.0.19,nf_a0,array,IDENTICAL,,,size=        1024
ColemanTransform.0.0.19,iterm,array,IDENTICAL,,,size=        1024
ColemanTransform.0.0.19,itermlast,array,IDENTICAL,,,size=        1024
ColemanTransform.0.0.19,iterm2,array,IDENTICAL,,,size=        1024
ColemanTransform.0.0.19,itermlast2,array,IDENTICAL,,,size=        1024
ColemanTransform.0.0.19,elast,array,IDENTICAL,,,size=        1024
ColemanTransform.0.0.19,res_outputsignallast1,array,IDENTICAL,,,size=        1024
ColemanTransform.0.0.19,res_outputsignallast2,array,IDENTICAL,,,size=        1024
ColemanTransform.0.0.19,res_inputsignallast1,array,IDENTICAL,,,size=        1024
ColemanTransform.0.0.19,res_inputsignallast2,array,IDENTICAL,,,size=        1024
ColemanTransform.0.0.19,lastsignal,array,IDENTICAL,,,size=        1024
ColemanTransform.0.0.20,istatus,scalar,IDENTICAL,1,1,
ColemanTransform.0.0.20,alreadyinitialized,scalar,IDENTICAL,0,0,
ColemanTransform.0.0.20,restartwse,scalar,IDENTICAL,1,1,
ColemanTransform.0.0.20,time,scalar,IDENTICAL,0.47499999403953552,0.47499999403953552,
ColemanTransform.0.0.20,dt,scalar,IDENTICAL,2.5000000372529030E-002,2.5000000372529030E-002,
ColemanTransform.0.0.20,writethisstep,scalar,IDENTICAL,F,F,
ColemanTransform.0.0.20,n_dt,scalar,IDENTICAL,19,19,
ColemanTransform.0.0.20,time_last,scalar,IDENTICAL,0.0000000000000000,0.0000000000000000,
ColemanTransform.0.0.20,vs_genpwr,scalar,IDENTICAL,0.0000000000000000,0.0000000000000000,
ColemanTransform.0.0.20,genspeed,scalar,IDENTICAL,42.015365600585938,42.015365600585938,
ColemanTransform.0.0.20,rotspeed,scalar,IDENTICAL,0.43314808607101440,0.43314808607101440,
ColemanTransform.0.0.20,nacheading,scalar,IDENTICAL,0.0000000000000000,0.0000000000000000,
ColemanTransform.0.0.20,nacvane,scalar,IDENTICAL,0.0000000000000000,0.0000000000000000,
ColemanTransform.0.0.20,nacvanef,scalar,IDENTICAL,0.0000000000000000,0.0000000000000000,
ColemanTransform.0.0.20,winddir,scalar,IDENTICAL,0.0000000000000000,0.0000000000000000,
ColemanTransform.0.0.20,horwindv,scalar,IDENTICAL,9.0000000000000000,9.0000000000000000,
ColemanTransform.0.0.20,horwindv_f,scalar,IDENTICAL,9.9619951533501965,9.9619951533501965,
ColemanTransform.0.0.20,rootmoop,array,IDENTICAL,,,size=           3
ColemanTransform.0.0.20,rootmoopf,array,IDENTICAL,,,size=           3
ColemanTransform.0.0.20,blpitch,array,IDENTICAL,,,size=           3
ColemanTransform.0.0.20,blpitchcmeas,scalar,IDENTICAL,2.1825999706481147E-003,2.1825999706481147E-003,
ColemanTransform.0.0.20,azimuth,scalar,IDENTICAL,0.0000000000000000,0.0000000000000000,
ColemanTransform.0.0.20,ol_azimuth,scalar,IDENTICAL,0.0000000000000000,0.0000000000000000,
ColemanTransform.0.0.20,azunwrapped,scalar,IDENTICAL,0.0000000000000000,0.0000000000000000,
ColemanTransform.0.0.20,azerror,scalar,IDENTICAL,0.0000000000000000,0.0000000000000000,
ColemanTransform.0.0.20,gentqaz,scalar,IDENTICAL,0.0000000000000000,0.0000000000000000,
ColemanTransform.0.0.20,azbuffer,array,IDENTICAL,,,size=           2
ColemanTransform.0.0.20,numbl,scalar,IDENTICAL,3,3,
ColemanTransform.0.0.20,fa_acc_tt,scalar,IDENTICAL,0.0000000000000000,0.0000000000000000,
ColemanTransform.0.0.20,ss_acc_tt,scalar,IDENTICAL,0.0000000000000000,0.0000000000000000,
ColemanTransform.0.0.20,fa_acc_nac,scalar,IDENTICAL,0.0000000000000000,0.0000000000000000,
ColemanTransform.0.0.20,nacimu_fa_racc,scalar,IDENTICAL,0.0000000000000000,0.0000000000000000,
ColemanTransform.0.0.20,fa_acchpf,scalar,IDENTICAL,0.0000000000000000,0.0000000000000000,
ColemanTransform.0.0.20,fa_acchpfi,scalar,IDENTICAL,0.0000000000000000,0.0000000000000000,
ColemanTransform.0.0.20,fa_pitcom,array,IDENTICAL,,,size=           3
ColemanTransform.0.0.20,vs_refspd,scalar,IDENTICAL,115.40067913418461,115.40067913418461,
ColemanTransform.0.0.20,vs_refspd_tsr,scalar,IDENTICAL,115.03732498511536,115.03732498511536,
ColemanTransform.0.0.20,vs_refspd_tra,scalar,IDENTICAL,0.0000000000000000,0.0000000000000000,
ColemanTransform.0.0.20,vs_refspd_rl,scalar,IDENTICAL,0.0000000000000000,0.0000000000000000,
ColemanTransform.0.0.20,pc_refspd,scalar,IDENTICAL,129.06499165128633,129.06499165128633,
ColemanTransform.0.0.20,pc_refspd_ss,scalar,IDENTICAL,129.06499165128633,129.06499165128633,
ColemanTransform.0.0.20,pc_refspd_prc,scalar,IDENTICAL,122.90967000000001,122.90967000000001,
ColemanTransform.0.0.20,rotspeedf,scalar,IDENTICAL,0.46023217144400763,0.46023217144400763,
ColemanTransform.0.0.20,genspeedf,scalar,IDENTICAL,39.407009137440930,39.407009137440930,
ColemanTransform.0.0.20,gentq,scalar,IDENTICAL,-1.2944525849828410E-316,-1.2944525849828410E-316,
ColemanTransform.0.0.20,gentqmeas,scalar,IDENTICAL,0.0000000000000000,0.0000000000000000,
ColemanTransform.0.0.20,genartq,scalar,IDENTICAL,0.0000000000000000,0.0000000000000000,
ColemanTransform.0.0.20,genbrtq,scalar,IDENTICAL,0.0000000000000000,0.0000000000000000,
ColemanTransform.0.0.20,vs_komega2_gentq,scalar,IDENTICAL,3588.0816745588327,3588.0816745588327,
ColemanTransform.0.0.20,vs_constpwr_gentq,scalar,IDENTICAL,134407.81945715263,134407.81945715263,
ColemanTransform.0.0.20,ipc_pitcomf,array,IDENTICAL,,,size=           3
ColemanTransform.0.0.20,pc_kp,scalar,IDENTICAL,-2.0750000000000001E-002,-2.0750000000000001E-002,
ColemanTransform.0.0.20,pc_ki,scalar,IDENTICAL,-8.4169999999999991E-003,-8.4169999999999991E-003,
ColemanTransform.0.0.20,pc_kd,scalar,IDENTICAL,0.0000000000000000,0.0000000000000000,
ColemanTransform.0.0.20,pc_tf,scalar,IDENTICAL,0.0000000000000000,0.0000000000000000,
ColemanTransform.0.0.20,pc_maxpit,scalar,IDENTICAL,1.5700000000000001,1.5700000000000001,
ColemanTransform.0.0.20,pc_minpit,scalar,IDENTICAL,2.1532814897985363E-003,2.1532814897985363E-003,
ColemanTransform.0.0.20,pc_pitcomt,scalar,IDENTICAL,2.1532814897985363E-003,2.1532814897985363E-003,
ColemanTransform.0.0.20,pc_pitcomt_last,scalar,IDENTICAL,2.1825999706481147E-003,2.1825999706481147E-003,
ColemanTransform.0.0.20,blpitchcmeasf,scalar,IDENTICAL,4.0272055742812923E-004,4.0272055742812923E-004,
ColemanTransform.0.0.20,pc_pitcomt_ipc,array,IDENTICAL,,,size=           3
ColemanTransform.0.0.20,pc_pwrerr,scalar,IDENTICAL,5000000.0000000000,5000000.0000000000,
ColemanTransform.0.0.20,pc_spderr,scalar,IDENTICAL,89.657982513845411,89.657982513845411,
ColemanTransform.0.0.20,ipc_axistilt_1p,scalar,IDENTICAL,0.0000000000000000,0.0000000000000000,
ColemanTransform.0.0.20,ipc_axisyaw_1p,scalar,IDENTICAL,0.0000000000000000,0.0000000000000000,
ColemanTransform.0.0.20,ipc_axistilt_2p,scalar,IDENTICAL,0.0000000000000000,0.0000000000000000,
ColemanTransform.0.0.20,ipc_axisyaw_2p,scalar,IDENTICAL,0.0000000000000000,0.0000000000000000,
ColemanTransform.0.0.20,axistilt_1p,scalar,IDENTICAL,0.0000000000000000,0.0000000000000000,
ColemanTransform.0.0.20,axisyaw_1p,scalar,IDENTICAL,0.0000000000000000,0.0000000000000000,
ColemanTransform.0.0.20,axisyawf_1p,scalar,IDENTICAL,0.0000000000000000,0.0000000000000000,
ColemanTransform.0.0.20,axistilt_2p,scalar,IDENTICAL,0.0000000000000000,0.0000000000000000,
ColemanTransform.0.0.20,axisyaw_2p,scalar,IDENTICAL,0.0000000000000000,0.0000000000000000,
ColemanTransform.0.0.20,axisyawf_2p,scalar,IDENTICAL,0.0000000000000000,0.0000000000000000,
ColemanTransform.0.0.20,ipc_ki,array,IDENTICAL,,,size=           2
ColemanTransform.0.0.20,ipc_kp,array,IDENTICAL,,,size=           2
ColemanTransform.0.0.20,ipc_intsat,scalar,IDENTICAL,2.2103911022793446E-003,2.2103911022793446E-003,
ColemanTransform.0.0.20,pc_state,scalar,IDENTICAL,1,1,
ColemanTransform.0.0.20,pitcom,array,IDENTICAL,,,size=           3
ColemanTransform.0.0.20,pitcom_sd,array,IDENTICAL,,,size=           3
ColemanTransform.0.0.20,pitcomact,array,IDENTICAL,,,size=           3
ColemanTransform.0.0.20,ss_delomegaf,scalar,IDENTICAL,-6.1543143403723297,-6.1543143403723297,
ColemanTransform.0.0.20,testtype,scalar,IDENTICAL,0.0000000000000000,0.0000000000000000,
ColemanTransform.0.0.20,kp_float,scalar,IDENTICAL,0.0000000000000000,0.0000000000000000,
ColemanTransform.0.0.20,vs_maxtq,scalar,IDENTICAL,47402.900000000001,47402.900000000001,
ColemanTransform.0.0.20,vs_lastgentrq,scalar,IDENTICAL,-1.2944525849828410E-316,-1.2944525849828410E-316,
ColemanTransform.0.0.20,vs_lastgenpwr,scalar,IDENTICAL,0.0000000000000000,0.0000000000000000,
ColemanTransform.0.0.20,vs_mechgenpwr,scalar,IDENTICAL,0.0000000000000000,0.0000000000000000,
ColemanTransform.0.0.20,vs_spderrar,scalar,IDENTICAL,75.993669996743677,75.993669996743677,
ColemanTransform.0.0.20,vs_spderrbr,scalar,IDENTICAL,-4.7641491374409313,-4.7641491374409313,
ColemanTransform.0.0.20,vs_spderr,scalar,IDENTICAL,75.993669996743677,75.993669996743677,
ColemanTransform.0.0.20,vs_state,scalar,IDENTICAL,1,1,
ColemanTransform.0.0.20,vs_rgn3pitch,scalar,IDENTICAL,1.9603281489798535E-002,1.9603281489798535E-002,
ColemanTransform.0.0.20,we_vw,scalar,IDENTICAL,9.9619951533501965,9.9619951533501965,
ColemanTransform.0.0.20,we_vw_f,scalar,IDENTICAL,9.9941055211463947,9.9941055211463947,
ColemanTransform.0.0.20,we_vwi,scalar,IDENTICAL,10.000000000000000,10.000000000000000,
ColemanTransform.0.0.20,we_vwidot,scalar,IDENTICAL,0.0000000000000000,0.0000000000000000,
ColemanTransform.0.0.20,we_op,scalar,IDENTICAL,0,0,
ColemanTransform.0.0.20,we_op_last,scalar,IDENTICAL,0,0,
ColemanTransform.0.0.20,vs_lastgentrqf,scalar,IDENTICAL,0.17692714299671505,0.17692714299671505,
ColemanTransform.0.0.20,prc_wse_f,scalar,IDENTICAL,0.0000000000000000,0.0000000000000000,
ColemanTransform.0.0.20,prc_r_speed,scalar,IDENTICAL,1.0000000000000000,1.0000000000000000,
ColemanTransform.0.0.20,prc_r_torque,scalar,IDENTICAL,1.0000000000000000,1.0000000000000000,
ColemanTransform.0.0.20,prc_r_pitch,scalar,IDENTICAL,1.0000000000000000,1.0000000000000000,
ColemanTransform.0.0.20,prc_r_total,scalar,IDENTICAL,0.0000000000000000,0.0000000000000000,
ColemanTransform.0.0.20,prc_min_pitch,scalar,IDENTICAL,0.0000000000000000,0.0000000000000000,
ColemanTransform.0.0.20,ps_min_pitch,scalar,IDENTICAL,2.1532814897985363E-003,2.1532814897985363E-003,
ColemanTransform.0.0.20,ol_index,scalar,IDENTICAL,0.47499999403953552,0.47499999403953552,
ColemanTransform.0.0.20,su_stage,scalar,IDENTICAL,0,0,
ColemanTransform.0.0.20,su_loadstagestarttime,scalar,IDENTICAL,0.0000000000000000,0.0000000000000000,
ColemanTransform.0.0.20,su_rotspeedf,scalar,IDENTICAL,0.0000000000000000,0.0000000000000000,
ColemanTransform.0.0.20,sd_trigger,scalar,IDENTICAL,0,0,
ColemanTransform.0.0.20,sd_blpitchf,scalar,IDENTICAL,0.0000000000000000,0.0000000000000000,
ColemanTransform.0.0.20,sd_nacvanef,scalar,IDENTICAL,0.0000000000000000,0.0000000000000000,
ColemanTransform.0.0.20,sd_genspeedf,scalar,IDENTICAL,0.0000000000000000,0.0000000000000000,
ColemanTransform.0.0.20,sd_stage,scalar,IDENTICAL,0,0,
ColemanTransform.0.0.20,sd_stagestarttime,scalar,IDENTICAL,0.0000000000000000,0.0000000000000000,
ColemanTransform.0.0.20,sd_maxpitchrate,scalar,IDENTICAL,0.0000000000000000,0.0000000000000000,
ColemanTransform.0.0.20,sd_maxtorquerate,scalar,IDENTICAL,0.0000000000000000,0.0000000000000000,
ColemanTransform.0.0.20,gentq_sd,scalar,IDENTICAL,0.0000000000000000,0.0000000000000000,
ColemanTransform.0.0.20,fl_pitcom,scalar,IDENTICAL,0.0000000000000000,0.0000000000000000,
ColemanTransform.0.0.20,nacimu_fa_accf,scalar,IDENTICAL,0.0000000000000000,0.0000000000000000,
ColemanTransform.0.0.20,fa_accf,scalar,IDENTICAL,0.0000000000000000,0.0000000000000000,
ColemanTransform.0.0.20,fa_hist,scalar,IDENTICAL,0,0,
ColemanTransform.0.0.20,tra_lastrefspd,scalar,IDENTICAL,0.0000000000000000,0.0000000000000000,
ColemanTransform.0.0.20,vs_refspeed,scalar,IDENTICAL,0.0000000000000000,0.0000000000000000,
ColemanTransform.0.0.20,ptfmtdx,scalar,IDENTICAL,0.0000000000000000,0.0000000000000000,
ColemanTransform.0.0.20,ptfmtdy,scalar,IDENTICAL,0.0000000000000000,0.0000000000000000,
ColemanTransform.0.0.20,ptfmtdz,scalar,IDENTICAL,0.0000000000000000,0.0000000000000000,
ColemanTransform.0.0.20,ptfmrdx,scalar,IDENTICAL,0.0000000000000000,0.0000000000000000,
ColemanTransform.0.0.20,ptfmrdy,scalar,IDENTICAL,0.0000000000000000,0.0000000000000000,
ColemanTransform.0.0.20,ptfmrdz,scalar,IDENTICAL,0.0000000000000000,0.0000000000000000,
ColemanTransform.0.0.20,ptfmtvx,scalar,IDENTICAL,0.0000000000000000,0.0000000000000000,
ColemanTransform.0.0.20,ptfmtvy,scalar,IDENTICAL,0.0000000000000000,0.0000000000000000,
ColemanTransform.0.0.20,ptfmtvz,scalar,IDENTICAL,0.0000000000000000,0.0000000000000000,
ColemanTransform.0.0.20,ptfmrvx,scalar,IDENTICAL,0.0000000000000000,0.0000000000000000,
ColemanTransform.0.0.20,ptfmrvy,scalar,IDENTICAL,0.0000000000000000,0.0000000000000000,
ColemanTransform.0.0.20,ptfmrvz,scalar,IDENTICAL,0.0000000000000000,0.0000000000000000,
ColemanTransform.0.0.20,ptfmtax,scalar,IDENTICAL,0.0000000000000000,0.0000000000000000,
ColemanTransform.0.0.20,ptfmtay,scalar,IDENTICAL,0.0000000000000000,0.0000000000000000,
ColemanTransform.0.0.20,ptfmtaz,scalar,IDENTICAL,0.0000000000000000,0.0000000000000000,
ColemanTransform.0.0.20,ptfmrax,scalar,IDENTICAL,0.0000000000000000,0.0000000000000000,
ColemanTransform.0.0.20,ptfmray,scalar,IDENTICAL,0.0000000000000000,0.0000000000000000,
ColemanTransform.0.0.20,ptfmraz,scalar,IDENTICAL,0.0000000000000000,0.0000000000000000,
ColemanTransform.0.0.20,cc_desiredl,array,IDENTICAL,,,size=          12
ColemanTransform.0.0.20,cc_actuatedl,array,IDENTICAL,,,size=          12
ColemanTransform.0.0.20,cc_actuateddl,array,IDENTICAL,,,size=          12
ColemanTransform.0.0.20,stc_input,array,IDENTICAL,,,size=          12
ColemanTransform.0.0.20,flp_angle,array,IDENTICAL,,,size=           3
ColemanTransform.0.0.20,rootmyb_last,array,IDENTICAL,,,size=           3
ColemanTransform.0.0.20,acc_infile_size,scalar,IDENTICAL,42,42,
ColemanTransform.0.0.20,acc_infile,array,IDENTICAL,,,size=          42
ColemanTransform.0.0.20,restart,scalar,IDENTICAL,F,F,
ColemanTransform.0.0.20,awc_complexangle,array,IDENTICAL,,,size=           3
ColemanTransform.0.0.20,tiltmean,scalar,IDENTICAL,0.0000000000000000,0.0000000000000000,
ColemanTransform.0.0.20,yawmean,scalar,IDENTICAL,0.0000000000000000,0.0000000000000000,
ColemanTransform.0.0.20,zmq_id,scalar,IDENTICAL,0,0,
ColemanTransform.0.0.20,zmq_yawoffset,scalar,IDENTICAL,0.0000000000000000,0.0000000000000000,
ColemanTransform.0.0.20,zmq_torqueoffset,scalar,IDENTICAL,0.0000000000000000,0.0000000000000000,
ColemanTransform.0.0.20,zmq_pitoffset,array,IDENTICAL,,,size=           3
ColemanTransform.0.0.20,zmq_r_speed,scalar,IDENTICAL,0.0000000000000000,0.0000000000000000,
ColemanTransform.0.0.20,zmq_r_torque,scalar,IDENTICAL,0.0000000000000000,0.0000000000000000,
ColemanTransform.0.0.20,zmq_r_pitch,scalar,IDENTICAL,0.0000000000000000,0.0000000000000000,
ColemanTransform.0.0.20,om_r,scalar,IDENTICAL,0.0000000000000000,0.0000000000000000,
ColemanTransform.0.0.20,v_t,scalar,IDENTICAL,0.0000000000000000,0.0000000000000000,
ColemanTransform.0.0.20,v_m,scalar,IDENTICAL,0.0000000000000000,0.0000000000000000,
ColemanTransform.0.0.20,v_h,scalar,IDENTICAL,0.0000000000000000,0.0000000000000000,
ColemanTransform.0.0.20,p,array,IDENTICAL,,,size=           9
ColemanTransform.0.0.20,xh,array,IDENTICAL,,,size=           3
ColemanTransform.0.0.20,k,array,IDENTICAL,,,size=           3
ColemanTransform.0.0.20,lpf1_a1,array,IDENTICAL,,,size=        1024
ColemanTransform.0.0.20,lpf1_a0,array,IDENTICAL,,,size=        1024
ColemanTransform.0.0.20,lpf1_b1,array,IDENTICAL,,,size=        1024
ColemanTransform.0.0.20,lpf1_b0,array,IDENTICAL,,,size=        1024
ColemanTransform.0.0.20,lpf1_inputsignallast,array,IDENTICAL,,,size=        1024
ColemanTransform.0.0.20,lpf1_outputsignallast,array,IDENTICAL,,,size=        1024
ColemanTransform.0.0.20,lpf2_a2,array,IDENTICAL,,,size=        1024
ColemanTransform.0.0.20,lpf2_a1,array,IDENTICAL,,,size=        1024
ColemanTransform.0.0.20,lpf2_a0,array,IDENTICAL,,,size=        1024
ColemanTransform.0.0.20,lpf2_b2,array,IDENTICAL,,,size=        1024
ColemanTransform.0.0.20,lpf2_b1,array,IDENTICAL,,,size=        1024
ColemanTransform.0.0.20,lpf2_b0,array,IDENTICAL,,,size=        1024
ColemanTransform.0.0.20,lpf2_inputsignallast2,array,IDENTICAL,,,size=        1024
ColemanTransform.0.0.20,lpf2_outputsignallast2,array,IDENTICAL,,,size=        1024
ColemanTransform.0.0.20,lpf2_inputsignallast1,array,IDENTICAL,,,size=        1024
ColemanTransform.0.0.20,lpf2_outputsignallast1,array,IDENTICAL,,,size=        1024
ColemanTransform.0.0.20,lpfv_a2,array,IDENTICAL,,,size=        1024
ColemanTransform.0.0.20,lpfv_a1,array,IDENTICAL,,,size=        1024
ColemanTransform.0.0.20,lpfv_a0,array,IDENTICAL,,,size=        1024
ColemanTransform.0.0.20,lpfv_b2,array,IDENTICAL,,,size=        1024
ColemanTransform.0.0.20,lpfv_b1,array,IDENTICAL,,,size=        1024
ColemanTransform.0.0.20,lpfv_b0,array,IDENTICAL,,,size=        1024
ColemanTransform.0.0.20,lpfv_inputsignallast2,array,IDENTICAL,,,size=        1024
ColemanTransform.0.0.20,lpfv_outputsignallast2,array,IDENTICAL,,,size=        1024
ColemanTransform.0.0.20,lpfv_inputsignallast1,array,IDENTICAL,,,size=        1024
ColemanTransform.0.0.20,lpfv_outputsignallast1,array,IDENTICAL,,,size=        1024
ColemanTransform.0.0.20,hpf_inputsignallast,array,IDENTICAL,,,size=        1024
ColemanTransform.0.0.20,hpf_outputsignallast,array,IDENTICAL,,,size=        1024
ColemanTransform.0.0.20,nfs_outputsignallast1,array,IDENTICAL,,,size=        1024
ColemanTransform.0.0.20,nfs_outputsignallast2,array,IDENTICAL,,,size=        1024
ColemanTransform.0.0.20,nfs_inputsignallast1,array,IDENTICAL,,,size=        1024
ColemanTransform.0.0.20,nfs_inputsignallast2,array,IDENTICAL,,,size=        1024
ColemanTransform.0.0.20,nfs_b2,array,IDENTICAL,,,size=        1024
ColemanTransform.0.0.20,nfs_b0,array,IDENTICAL,,,size=        1024
ColemanTransform.0.0.20,nfs_a2,array,IDENTICAL,,,size=        1024
ColemanTransform.0.0.20,nfs_a1,array,IDENTICAL,,,size=        1024
ColemanTransform.0.0.20,nfs_a0,array,IDENTICAL,,,size=        1024
ColemanTransform.0.0.20,nf_outputsignallast1,array,IDENTICAL,,,size=        1024
ColemanTransform.0.0.20,nf_outputsignallast2,array,IDENTICAL,,,size=        1024
ColemanTransform.0.0.20,nf_inputsignallast1,array,IDENTICAL,,,size=        1024
ColemanTransform.0.0.20,nf_inputsignallast2,array,IDENTICAL,,,size=        1024
ColemanTransform.0.0.20,nf_b2,array,IDENTICAL,,,size=        1024
ColemanTransform.0.0.20,nf_b1,array,IDENTICAL,,,size=        1024
ColemanTransform.0.0.20,nf_b0,array,IDENTICAL,,,size=        1024
ColemanTransform.0.0.20,nf_a1,array,IDENTICAL,,,size=        1024
ColemanTransform.0.0.20,nf_a0,array,IDENTICAL,,,size=        1024
ColemanTransform.0.0.20,iterm,array,IDENTICAL,,,size=        1024
ColemanTransform.0.0.20,itermlast,array,IDENTICAL,,,size=        1024
ColemanTransform.0.0.20,iterm2,array,IDENTICAL,,,size=        1024
ColemanTransform.0.0.20,itermlast2,array,IDENTICAL,,,size=        1024
ColemanTransform.0.0.20,elast,array,IDENTICAL,,,size=        1024
ColemanTransform.0.0.20,res_outputsignallast1,array,IDENTICAL,,,size=        1024
ColemanTransform.0.0.20,res_outputsignallast2,array,IDENTICAL,,,size=        1024
ColemanTransform.0.0.20,res_inputsignallast1,array,IDENTICAL,,,size=        1024
ColemanTransform.0.0.20,res_inputsignallast2,array,IDENTICAL,,,size=        1024
ColemanTransform.0.0.20,lastsignal,array,IDENTICAL,,,size=        1024
ColemanTransform.0.0.21,istatus,scalar,IDENTICAL,1,1,
ColemanTransform.0.0.21,alreadyinitialized,scalar,IDENTICAL,0,0,
ColemanTransform.0.0.21,restartwse,scalar,IDENTICAL,1,1,
ColemanTransform.0.0.21,time,scalar,IDENTICAL,0.50000000000000000,0.50000000000000000,
ColemanTransform.0.0.21,dt,scalar,IDENTICAL,2.5000000372529030E-002,2.5000000372529030E-002,
ColemanTransform.0.0.21,writethisstep,scalar,IDENTICAL,F,F,
ColemanTransform.0.0.21,n_dt,scalar,IDENTICAL,20,20,
ColemanTransform.0.0.21,time_last,scalar,IDENTICAL,0.0000000000000000,0.0000000000000000,
ColemanTransform.0.0.21,vs_genpwr,scalar,IDENTICAL,0.0000000000000000,0.0000000000000000,
ColemanTransform.0.0.21,genspeed,scalar,IDENTICAL,42.090774536132812,42.090774536132812,
ColemanTransform.0.0.21,rotspeed,scalar,IDENTICAL,0.43392550945281982,0.43392550945281982,
ColemanTransform.0.0.21,nacheading,scalar,IDENTICAL,0.0000000000000000,0.0000000000000000,
ColemanTransform.0.0.21,nacvane,scalar,IDENTICAL,0.0000000000000000,0.0000000000000000,
ColemanTransform.0.0.21,nacvanef,scalar,IDENTICAL,0.0000000000000000,0.0000000000000000,
ColemanTransform.0.0.21,winddir,scalar,IDENTICAL,0.0000000000000000,0.0000000000000000,
ColemanTransform.0.0.21,horwindv,scalar,IDENTICAL,9.0000000000000000,9.0000000000000000,
ColemanTransform.0.0.21,horwindv_f,scalar,IDENTICAL,9.9599824583652143,9.9599824583652143,
ColemanTransform.0.0.21,rootmoop,array,IDENTICAL,,,size=           3
ColemanTransform.0.0.21,rootmoopf,array,IDENTICAL,,,size=           3
ColemanTransform.0.0.21,blpitch,array,IDENTICAL,,,size=           3
ColemanTransform.0.0.21,blpitchcmeas,scalar,IDENTICAL,2.1532814897985359E-003,2.1532814897985359E-003,
ColemanTransform.0.0.21,azimuth,scalar,IDENTICAL,0.0000000000000000,0.0000000000000000,
ColemanTransform.0.0.21,ol_azimuth,scalar,IDENTICAL,0.0000000000000000,0.0000000000000000,
ColemanTransform.0.0.21,azunwrapped,scalar,IDENTICAL,0.0000000000000000,0.0000000000000000,
ColemanTransform.0.0.21,azerror,scalar,IDENTICAL,0.0000000000000000,0.0000000000000000,
ColemanTransform.0.0.21,gentqaz,scalar,IDENTICAL,0.0000000000000000,0.0000000000000000,
ColemanTransform.0.0.21,azbuffer,array,IDENTICAL,,,size=           2
ColemanTransform.0.0.21,numbl,scalar,IDENTICAL,3,3,
ColemanTransform.0.0.21,fa_acc_tt,scalar,IDENTICAL,0.0000000000000000,0.0000000000000000,
ColemanTransform.0.0.21,ss_acc_tt,scalar,IDENTICAL,0.0000000000000000,0.0000000000000000,
ColemanTransform.0.0.21,fa_acc_nac,scalar,IDENTICAL,0.0000000000000000,0.0000000000000000,
ColemanTransform.0.0.21,nacimu_fa_racc,scalar,IDENTICAL,0.0000000000000000,0.0000000000000000,
ColemanTransform.0.0.21,fa_acchpf,scalar,IDENTICAL,0.0000000000000000,0.0000000000000000,
ColemanTransform.0.0.21,fa_acchpfi,scalar,IDENTICAL,0.0000000000000000,0.0000000000000000,
ColemanTransform.0.0.21,fa_pitcom,array,IDENTICAL,,,size=           3
ColemanTransform.0.0.21,vs_refspd,scalar,IDENTICAL,115.39290704558692,115.39290704558692,
ColemanTransform.0.0.21,vs_refspd_tsr,scalar,IDENTICAL,115.01408315016975,115.01408315016975,
ColemanTransform.0.0.21,vs_refspd_tra,scalar,IDENTICAL,0.0000000000000000,0.0000000000000000,
ColemanTransform.0.0.21,vs_refspd_rl,scalar,IDENTICAL,0.0000000000000000,0.0000000000000000,
ColemanTransform.0.0.21,pc_refspd,scalar,IDENTICAL,129.06398434037234,129.06398434037234,
ColemanTransform.0.0.21,pc_refspd_ss,scalar,IDENTICAL,129.06398434037234,129.06398434037234,
ColemanTransform.0.0.21,pc_refspd_prc,scalar,IDENTICAL,122.90967000000001,122.90967000000001,
ColemanTransform.0.0.21,rotspeedf,scalar,IDENTICAL,0.45634422166382532,0.45634422166382532,
ColemanTransform.0.0.21,genspeedf,scalar,IDENTICAL,39.792384975862518,39.792384975862518,
ColemanTransform.0.0.21,gentq,scalar,IDENTICAL,-0.0000000000000000,-0.0000000000000000,
ColemanTransform.0.0.21,gentqmeas,scalar,IDENTICAL,0.0000000000000000,0.0000000000000000,
ColemanTransform.0.0.21,genartq,scalar,IDENTICAL,0.0000000000000000,0.0000000000000000,
ColemanTransform.0.0.21,genbrtq,scalar,IDENTICAL,0.0000000000000000,0.0000000000000000,
ColemanTransform.0.0.21,vs_komega2_gentq,scalar,IDENTICAL,3658.6032024214824,3658.6032024214824,
ColemanTransform.0.0.21,vs_constpwr_gentq,scalar,IDENTICAL,133106.12502126655,133106.12502126655,
ColemanTransform.0.0.21,ipc_pitcomf,array,IDENTICAL,,,size=           3
ColemanTransform.0.0.21,pc_kp,scalar,IDENTICAL,-2.0750000000000001E-002,-2.0750000000000001E-002,
ColemanTransform.0.0.21,pc_ki,scalar,IDENTICAL,-8.4169999999999991E-003,-8.4169999999999991E-003,
ColemanTransform.0.0.21,pc_kd,scalar,IDENTICAL,0.0000000000000000,0.0000000000000000,
ColemanTransform.0.0.21,pc_tf,scalar,IDENTICAL,0.0000000000000000,0.0000000000000000,
ColemanTransform.0.0.21,pc_maxpit,scalar,IDENTICAL,1.5700000000000001,1.5700000000000001,
ColemanTransform.0.0.21,pc_minpit,scalar,IDENTICAL,2.1224717177173434E-003,2.1224717177173434E-003,
ColemanTransform.0.0.21,pc_pitcomt,scalar,IDENTICAL,2.1224717177173434E-003,2.1224717177173434E-003,
ColemanTransform.0.0.21,pc_pitcomt_last,scalar,IDENTICAL,2.1532814897985363E-003,2.1532814897985363E-003,
ColemanTransform.0.0.21,blpitchcmeasf,scalar,IDENTICAL,4.4021062261369472E-004,4.4021062261369472E-004,
ColemanTransform.0.0.21,pc_pitcomt_ipc,array,IDENTICAL,,,size=           3
ColemanTransform.0.0.21,pc_pwrerr,scalar,IDENTICAL,5000000.0000000000,5000000.0000000000,
ColemanTransform.0.0.21,pc_spderr,scalar,IDENTICAL,89.271599364509825,89.271599364509825,
ColemanTransform.0.0.21,ipc_axistilt_1p,scalar,IDENTICAL,0.0000000000000000,0.0000000000000000,
ColemanTransform.0.0.21,ipc_axisyaw_1p,scalar,IDENTICAL,0.0000000000000000,0.0000000000000000,
ColemanTransform.0.0.21,ipc_axistilt_2p,scalar,IDENTICAL,0.0000000000000000,0.0000000000000000,
ColemanTransform.0.0.21,ipc_axisyaw_2p,scalar,IDENTICAL,0.0000000000000000,0.0000000000000000,
ColemanTransform.0.0.21,axistilt_1p,scalar,IDENTICAL,0.0000000000000000,0.0000000000000000,
ColemanTransform.0.0.21,axisyaw_1p,scalar,IDENTICAL,0.0000000000000000,0.0000000000000000,
ColemanTransform.0.0.21,axisyawf_1p,scalar,IDENTICAL,0.0000000000000000,0.0000000000000000,
ColemanTransform.0.0.21,axistilt_2p,scalar,IDENTICAL,0.0000000000000000,0.0000000000000000,
ColemanTransform.0.0.21,axisyaw_2p,scalar,IDENTICAL,0.0000000000000000,0.0000000000000000,
ColemanTransform.0.0.21,axisyawf_2p,scalar,IDENTICAL,0.0000000000000000,0.0000000000000000,
ColemanTransform.0.0.21,ipc_ki,array,IDENTICAL,,,size=           2
ColemanTransform.0.0.21,ipc_kp,array,IDENTICAL,,,size=           2
ColemanTransform.0.0.21,ipc_intsat,scalar,IDENTICAL,2.1825999706481147E-003,2.1825999706481147E-003,
ColemanTransform.0.0.21,pc_state,scalar,IDENTICAL,1,1,
ColemanTransform.0.0.21,pitcom,array,IDENTICAL,,,size=           3
ColemanTransform.0.0.21,pitcom_sd,array,IDENTICAL,,,size=           3
ColemanTransform.0.0.21,pitcomact,array,IDENTICAL,,,size=           3
ColemanTransform.0.0.21,ss_delomegaf,scalar,IDENTICAL,-6.1533468251182377,-6.1533468251182377,
ColemanTransform.0.0.21,testtype,scalar,IDENTICAL,0.0000000000000000,0.0000000000000000,
ColemanTransform.0.0.21,kp_float,scalar,IDENTICAL,0.0000000000000000,0.0000000000000000,
ColemanTransform.0.0.21,vs_maxtq,scalar,IDENTICAL,47402.900000000001,47402.900000000001,
ColemanTransform.0.0.21,vs_lastgentrq,scalar,IDENTICAL,-0.0000000000000000,-0.0000000000000000,
ColemanTransform.0.0.21,vs_lastgenpwr,scalar,IDENTICAL,0.0000000000000000,0.0000000000000000,
ColemanTransform.0.0.21,vs_mechgenpwr,scalar,IDENTICAL,0.0000000000000000,0.0000000000000000,
ColemanTransform.0.0.21,vs_spderrar,scalar,IDENTICAL,75.600522069724406,75.600522069724406,
ColemanTransform.0.0.21,vs_spderrbr,scalar,IDENTICAL,-5.1495249758625192,-5.1495249758625192,
ColemanTransform.0.0.21,vs_spderr,scalar,IDENTICAL,75.600522069724406,75.600522069724406,
ColemanTransform.0.0.21,vs_state,scalar,IDENTICAL,1,1,
ColemanTransform.0.0.21,vs_rgn3pitch,scalar,IDENTICAL,1.9572471717717345E-002,1.9572471717717345E-002,
ColemanTransform.0.0.21,we_vw,scalar,IDENTICAL,9.9599824583652143,9.9599824583652143,
ColemanTransform.0.0.21,we_vw_f,scalar,IDENTICAL,9.9934608734757777,9.9934608734757777,
ColemanTransform.0.0.21,we_vwi,scalar,IDENTICAL,10.000000000000000,10.000000000000000,
ColemanTransform.0.0.21,we_vwidot,scalar,IDENTICAL,0.0000000000000000,0.0000000000000000,
ColemanTransform.0.0.21,we_op,scalar,IDENTICAL,0,0,
ColemanTransform.0.0.21,we_op_last,scalar,IDENTICAL,0,0,
ColemanTransform.0.0.21,vs_lastgentrqf,scalar,IDENTICAL,0.11331713153231518,0.11331713153231518,
ColemanTransform.0.0.21,prc_wse_f,scalar,IDENTICAL,0.0000000000000000,0.0000000000000000,
ColemanTransform.0.0.21,prc_r_speed,scalar,IDENTICAL,1.0000000000000000,1.0000000000000000,
ColemanTransform.0.0.21,prc_r_torque,scalar,IDENTICAL,1.0000000000000000,1.0000000000000000,
ColemanTransform.0.0.21,prc_r_pitch,scalar,IDENTICAL,1.0000000000000000,1.0000000000000000,
ColemanTransform.0.0.21,prc_r_total,scalar,IDENTICAL,0.0000000000000000,0.0000000000000000,
ColemanTransform.0.0.21,prc_min_pitch,scalar,IDENTICAL,0.0000000000000000,0.0000000000000000,
ColemanTransform.0.0.21,ps_min_pitch,scalar,IDENTICAL,2.1224717177173434E-003,2.1224717177173434E-003,
ColemanTransform.0.0.21,ol_index,scalar,IDENTICAL,0.50000000000000000,0.50000000000000000,
ColemanTransform.0.0.21,su_stage,scalar,IDENTICAL,0,0,
ColemanTransform.0.0.21,su_loadstagestarttime,scalar,IDENTICAL,0.0000000000000000,0.0000000000000000,
ColemanTransform.0.0.21,su_rotspeedf,scalar,IDENTICAL,0.0000000000000000,0.0000000000000000,
ColemanTransform.0.0.21,sd_trigger,scalar,IDENTICAL,0,0,
ColemanTransform.0.0.21,sd_blpitchf,scalar,IDENTICAL,0.0000000000000000,0.0000000000000000,
ColemanTransform.0.0.21,sd_nacvanef,scalar,IDENTICAL,0.0000000000000000,0.0000000000000000,
ColemanTransform.0.0.21,sd_genspeedf,scalar,IDENTICAL,0.0000000000000000,0.0000000000000000,
ColemanTransform.0.0.21,sd_stage,scalar,IDENTICAL,0,0,
ColemanTransform.0.0.21,sd_stagestarttime,scalar,IDENTICAL,0.0000000000000000,0.0000000000000000,
ColemanTransform.0.0.21,sd_maxpitchrate,scalar,IDENTICAL,0.0000000000000000,0.0000000000000000,
ColemanTransform.0.0.21,sd_maxtorquerate,scalar,IDENTICAL,0.0000000000000000,0.0000000000000000,
ColemanTransform.0.0.21,gentq_sd,scalar,IDENTICAL,0.0000000000000000,0.0000000000000000,
ColemanTransform.0.0.21,fl_pitcom,scalar,IDENTICAL,0.0000000000000000,0.0000000000000000,
ColemanTransform.0.0.21,nacimu_fa_accf,scalar,IDENTICAL,0.0000000000000000,0.0000000000000000,
ColemanTransform.0.0.21,fa_accf,scalar,IDENTICAL,0.0000000000000000,0.0000000000000000,
ColemanTransform.0.0.21,fa_hist,scalar,IDENTICAL,0,0,
ColemanTransform.0.0.21,tra_lastrefspd,scalar,IDENTICAL,0.0000000000000000,0.0000000000000000,
ColemanTransform.0.0.21,vs_refspeed,scalar,IDENTICAL,0.0000000000000000,0.0000000000000000,
ColemanTransform.0.0.21,ptfmtdx,scalar,IDENTICAL,0.0000000000000000,0.0000000000000000,
ColemanTransform.0.0.21,ptfmtdy,scalar,IDENTICAL,0.0000000000000000,0.0000000000000000,
ColemanTransform.0.0.21,ptfmtdz,scalar,IDENTICAL,0.0000000000000000,0.0000000000000000,
ColemanTransform.0.0.21,ptfmrdx,scalar,IDENTICAL,0.0000000000000000,0.0000000000000000,
ColemanTransform.0.0.21,ptfmrdy,scalar,IDENTICAL,0.0000000000000000,0.0000000000000000,
ColemanTransform.0.0.21,ptfmrdz,scalar,IDENTICAL,0.0000000000000000,0.0000000000000000,
ColemanTransform.0.0.21,ptfmtvx,scalar,IDENTICAL,0.0000000000000000,0.0000000000000000,
ColemanTransform.0.0.21,ptfmtvy,scalar,IDENTICAL,0.0000000000000000,0.0000000000000000,
ColemanTransform.0.0.21,ptfmtvz,scalar,IDENTICAL,0.0000000000000000,0.0000000000000000,
ColemanTransform.0.0.21,ptfmrvx,scalar,IDENTICAL,0.0000000000000000,0.0000000000000000,
ColemanTransform.0.0.21,ptfmrvy,scalar,IDENTICAL,0.0000000000000000,0.0000000000000000,
ColemanTransform.0.0.21,ptfmrvz,scalar,IDENTICAL,0.0000000000000000,0.0000000000000000,
ColemanTransform.0.0.21,ptfmtax,scalar,IDENTICAL,0.0000000000000000,0.0000000000000000,
ColemanTransform.0.0.21,ptfmtay,scalar,IDENTICAL,0.0000000000000000,0.0000000000000000,
ColemanTransform.0.0.21,ptfmtaz,scalar,IDENTICAL,0.0000000000000000,0.0000000000000000,
ColemanTransform.0.0.21,ptfmrax,scalar,IDENTICAL,0.0000000000000000,0.0000000000000000,
ColemanTransform.0.0.21,ptfmray,scalar,IDENTICAL,0.0000000000000000,0.0000000000000000,
ColemanTransform.0.0.21,ptfmraz,scalar,IDENTICAL,0.0000000000000000,0.0000000000000000,
ColemanTransform.0.0.21,cc_desiredl,array,IDENTICAL,,,size=          12
ColemanTransform.0.0.21,cc_actuatedl,array,IDENTICAL,,,size=          12
ColemanTransform.0.0.21,cc_actuateddl,array,IDENTICAL,,,size=          12
ColemanTransform.0.0.21,stc_input,array,IDENTICAL,,,size=          12
ColemanTransform.0.0.21,flp_angle,array,IDENTICAL,,,size=           3
ColemanTransform.0.0.21,rootmyb_last,array,IDENTICAL,,,size=           3
ColemanTransform.0.0.21,acc_infile_size,scalar,IDENTICAL,42,42,
ColemanTransform.0.0.21,acc_infile,array,IDENTICAL,,,size=          42
ColemanTransform.0.0.21,restart,scalar,IDENTICAL,F,F,
ColemanTransform.0.0.21,awc_complexangle,array,IDENTICAL,,,size=           3
ColemanTransform.0.0.21,tiltmean,scalar,IDENTICAL,0.0000000000000000,0.0000000000000000,
ColemanTransform.0.0.21,yawmean,scalar,IDENTICAL,0.0000000000000000,0.0000000000000000,
ColemanTransform.0.0.21,zmq_id,scalar,IDENTICAL,0,0,
ColemanTransform.0.0.21,zmq_yawoffset,scalar,IDENTICAL,0.0000000000000000,0.0000000000000000,
ColemanTransform.0.0.21,zmq_torqueoffset,scalar,IDENTICAL,0.0000000000000000,0.0000000000000000,
ColemanTransform.0.0.21,zmq_pitoffset,array,IDENTICAL,,,size=           3
ColemanTransform.0.0.21,zmq_r_speed,scalar,IDENTICAL,0.0000000000000000,0.0000000000000000,
ColemanTransform.0.0.21,zmq_r_torque,scalar,IDENTICAL,0.0000000000000000,0.0000000000000000,
ColemanTransform.0.0.21,zmq_r_pitch,scalar,IDENTICAL,0.0000000000000000,0.0000000000000000,
ColemanTransform.0.0.21,om_r,scalar,IDENTICAL,0.0000000000000000,0.0000000000000000,
ColemanTransform.0.0.21,v_t,scalar,IDENTICAL,0.0000000000000000,0.0000000000000000,
ColemanTransform.0.0.21,v_m,scalar,IDENTICAL,0.0000000000000000,0.0000000000000000,
ColemanTransform.0.0.21,v_h,scalar,IDENTICAL,0.0000000000000000,0.0000000000000000,
ColemanTransform.0.0.21,p,array,IDENTICAL,,,size=           9
ColemanTransform.0.0.21,xh,array,IDENTICAL,,,size=           3
ColemanTransform.0.0.21,k,array,IDENTICAL,,,size=           3
ColemanTransform.0.0.21,lpf1_a1,array,IDENTICAL,,,size=        1024
ColemanTransform.0.0.21,lpf1_a0,array,IDENTICAL,,,size=        1024
ColemanTransform.0.0.21,lpf1_b1,array,IDENTICAL,,,size=        1024
ColemanTransform.0.0.21,lpf1_b0,array,IDENTICAL,,,size=        1024
ColemanTransform.0.0.21,lpf1_inputsignallast,array,IDENTICAL,,,size=        1024
ColemanTransform.0.0.21,lpf1_outputsignallast,array,IDENTICAL,,,size=        1024
ColemanTransform.0.0.21,lpf2_a2,array,IDENTICAL,,,size=        1024
ColemanTransform.0.0.21,lpf2_a1,array,IDENTICAL,,,size=        1024
ColemanTransform.0.0.21,lpf2_a0,array,IDENTICAL,,,size=        1024
ColemanTransform.0.0.21,lpf2_b2,array,IDENTICAL,,,size=        1024
ColemanTransform.0.0.21,lpf2_b1,array,IDENTICAL,,,size=        1024
ColemanTransform.0.0.21,lpf2_b0,array,IDENTICAL,,,size=        1024
ColemanTransform.0.0.21,lpf2_inputsignallast2,array,IDENTICAL,,,size=        1024
ColemanTransform.0.0.21,lpf2_outputsignallast2,array,IDENTICAL,,,size=        1024
ColemanTransform.0.0.21,lpf2_inputsignallast1,array,IDENTICAL,,,size=        1024
ColemanTransform.0.0.21,lpf2_outputsignallast1,array,IDENTICAL,,,size=        1024
ColemanTransform.0.0.21,lpfv_a2,array,IDENTICAL,,,size=        1024
ColemanTransform.0.0.21,lpfv_a1,array,IDENTICAL,,,size=        1024
ColemanTransform.0.0.21,lpfv_a0,array,IDENTICAL,,,size=        1024
ColemanTransform.0.0.21,lpfv_b2,array,IDENTICAL,,,size=        1024
ColemanTransform.0.0.21,lpfv_b1,array,IDENTICAL,,,size=        1024
ColemanTransform.0.0.21,lpfv_b0,array,IDENTICAL,,,size=        1024
ColemanTransform.0.0.21,lpfv_inputsignallast2,array,IDENTICAL,,,size=        1024
ColemanTransform.0.0.21,lpfv_outputsignallast2,array,IDENTICAL,,,size=        1024
ColemanTransform.0.0.21,lpfv_inputsignallast1,array,IDENTICAL,,,size=        1024
ColemanTransform.0.0.21,lpfv_outputsignallast1,array,IDENTICAL,,,size=        1024
ColemanTransform.0.0.21,hpf_inputsignallast,array,IDENTICAL,,,size=        1024
ColemanTransform.0.0.21,hpf_outputsignallast,array,IDENTICAL,,,size=        1024
ColemanTransform.0.0.21,nfs_outputsignallast1,array,IDENTICAL,,,size=        1024
ColemanTransform.0.0.21,nfs_outputsignallast2,array,IDENTICAL,,,size=        1024
ColemanTransform.0.0.21,nfs_inputsignallast1,array,IDENTICAL,,,size=        1024
ColemanTransform.0.0.21,nfs_inputsignallast2,array,IDENTICAL,,,size=        1024
ColemanTransform.0.0.21,nfs_b2,array,IDENTICAL,,,size=        1024
ColemanTransform.0.0.21,nfs_b0,array,IDENTICAL,,,size=        1024
ColemanTransform.0.0.21,nfs_a2,array,IDENTICAL,,,size=        1024
ColemanTransform.0.0.21,nfs_a1,array,IDENTICAL,,,size=        1024
ColemanTransform.0.0.21,nfs_a0,array,IDENTICAL,,,size=        1024
ColemanTransform.0.0.21,nf_outputsignallast1,array,IDENTICAL,,,size=        1024
ColemanTransform.0.0.21,nf_outputsignallast2,array,IDENTICAL,,,size=        1024
ColemanTransform.0.0.21,nf_inputsignallast1,array,IDENTICAL,,,size=        1024
ColemanTransform.0.0.21,nf_inputsignallast2,array,IDENTICAL,,,size=        1024
ColemanTransform.0.0.21,nf_b2,array,IDENTICAL,,,size=        1024
ColemanTransform.0.0.21,nf_b1,array,IDENTICAL,,,size=        1024
ColemanTransform.0.0.21,nf_b0,array,IDENTICAL,,,size=        1024
ColemanTransform.0.0.21,nf_a1,array,IDENTICAL,,,size=        1024
ColemanTransform.0.0.21,nf_a0,array,IDENTICAL,,,size=        1024
ColemanTransform.0.0.21,iterm,array,IDENTICAL,,,size=        1024
ColemanTransform.0.0.21,itermlast,array,IDENTICAL,,,size=        1024
ColemanTransform.0.0.21,iterm2,array,IDENTICAL,,,size=        1024
ColemanTransform.0.0.21,itermlast2,array,IDENTICAL,,,size=        1024
ColemanTransform.0.0.21,elast,array,IDENTICAL,,,size=        1024
ColemanTransform.0.0.21,res_outputsignallast1,array,IDENTICAL,,,size=        1024
ColemanTransform.0.0.21,res_outputsignallast2,array,IDENTICAL,,,size=        1024
ColemanTransform.0.0.21,res_inputsignallast1,array,IDENTICAL,,,size=        1024
ColemanTransform.0.0.21,res_inputsignallast2,array,IDENTICAL,,,size=        1024
ColemanTransform.0.0.21,lastsignal,array,IDENTICAL,,,size=        1024
