case,field,type,status,computed,reference,diff
PIIController.0.0.1,istatus,scalar,IDENTICAL,1,1,
PIIController.0.0.1,alreadyinitialized,scalar,IDENTICAL,0,0,
PIIController.0.0.1,restartwse,scalar,IDENTICAL,1,1,
PIIController.0.0.1,time,scalar,IDENTICAL,2.5000000372529030E-002,2.5000000372529030E-002,
PIIController.0.0.1,dt,scalar,IDENTICAL,2.5000000372529030E-002,2.5000000372529030E-002,
PIIController.0.0.1,writethisstep,scalar,IDENTICAL,F,F,
PIIController.0.0.1,n_dt,scalar,IDENTICAL,1,1,
PIIController.0.0.1,time_last,scalar,IDENTICAL,0.0000000000000000,0.0000000000000000,
PIIController.0.0.1,vs_genpwr,scalar,IDENTICAL,38.421710968017578,38.421710968017578,
PIIController.0.0.1,genspeed,scalar,IDENTICAL,40.700965881347656,40.700965881347656,
PIIController.0.0.1,rotspeed,scalar,IDENTICAL,0.41959756612777710,0.41959756612777710,
PIIController.0.0.1,nacheading,scalar,IDENTICAL,0.0000000000000000,0.0000000000000000,
PIIController.0.0.1,nacvane,scalar,IDENTICAL,0.0000000000000000,0.0000000000000000,
PIIController.0.0.1,nacvanef,scalar,IDENTICAL,0.0000000000000000,0.0000000000000000,
PIIController.0.0.1,winddir,scalar,IDENTICAL,0.0000000000000000,0.0000000000000000,
PIIController.0.0.1,horwindv,scalar,IDENTICAL,9.0000000000000000,9.0000000000000000,
PIIController.0.0.1,horwindv_f,scalar,IDENTICAL,9.9989538954650747,9.9989538954650747,
PIIController.0.0.1,rootmoop,array,IDENTICAL,,,size=           3
PIIController.0.0.1,rootmoopf,array,IDENTICAL,,,size=           3
PIIController.0.0.1,blpitch,array,IDENTICAL,,,size=           3
PIIController.0.0.1,blpitchcmeas,scalar,IDENTICAL,0.0000000000000000,0.0000000000000000,
PIIController.0.0.1,azimuth,scalar,IDENTICAL,0.0000000000000000,0.0000000000000000,
PIIController.0.0.1,ol_azimuth,scalar,IDENTICAL,0.0000000000000000,0.0000000000000000,
PIIController.0.0.1,azunwrapped,scalar,IDENTICAL,0.0000000000000000,0.0000000000000000,
PIIController.0.0.1,azerror,scalar,IDENTICAL,0.0000000000000000,0.0000000000000000,
PIIController.0.0.1,gentqaz,scalar,IDENTICAL,0.0000000000000000,0.0000000000000000,
PIIController.0.0.1,azbuffer,array,IDENTICAL,,,size=           2
PIIController.0.0.1,numbl,scalar,IDENTICAL,3,3,
PIIController.0.0.1,fa_acc_tt,scalar,IDENTICAL,0.0000000000000000,0.0000000000000000,
PIIController.0.0.1,ss_acc_tt,scalar,IDENTICAL,0.0000000000000000,0.0000000000000000,
PIIController.0.0.1,fa_acc_nac,scalar,IDENTICAL,0.0000000000000000,0.0000000000000000,
PIIController.0.0.1,nacimu_fa_racc,scalar,IDENTICAL,0.0000000000000000,0.0000000000000000,
PIIController.0.0.1,fa_acchpf,scalar,IDENTICAL,0.0000000000000000,0.0000000000000000,
PIIController.0.0.1,fa_acchpfi,scalar,IDENTICAL,0.0000000000000000,0.0000000000000000,
PIIController.0.0.1,fa_pitcom,array,IDENTICAL,,,size=           3
PIIController.0.0.1,vs_refspd,scalar,IDENTICAL,115.47606528525367,115.47606528525367,
PIIController.0.0.1,vs_refspd_tsr,scalar,IDENTICAL,115.46411045953717,115.46411045953717,
PIIController.0.0.1,vs_refspd_tra,scalar,IDENTICAL,0.0000000000000000,0.0000000000000000,
PIIController.0.0.1,vs_refspd_rl,scalar,IDENTICAL,0.0000000000000000,0.0000000000000000,
PIIController.0.0.1,pc_refspd,scalar,IDENTICAL,129.05515350000002,129.05515350000002,
PIIController.0.0.1,pc_refspd_ss,scalar,IDENTICAL,129.05515350000002,129.05515350000002,
PIIController.0.0.1,pc_refspd_prc,scalar,IDENTICAL,122.90967000000001,122.90967000000001,
PIIController.0.0.1,rotspeedf,scalar,IDENTICAL,0.95773470822952667,0.95773470822952667,
PIIController.0.0.1,genspeedf,scalar,IDENTICAL,3.8910507754937766,3.8910507754937766,
PIIController.0.0.1,gentq,scalar,IDENTICAL,0.0000000000000000,0.0000000000000000,
PIIController.0.0.1,gentqmeas,scalar,IDENTICAL,1.0000000000000000,1.0000000000000000,
PIIController.0.0.1,genartq,scalar,IDENTICAL,0.0000000000000000,0.0000000000000000,
PIIController.0.0.1,genbrtq,scalar,IDENTICAL,0.0000000000000000,0.0000000000000000,
PIIController.0.0.1,vs_komega2_gentq,scalar,IDENTICAL,34.982365029432977,34.982365029432977,
PIIController.0.0.1,vs_constpwr_gentq,scalar,IDENTICAL,1361228.7464481576,1361228.7464481576,
PIIController.0.0.1,ipc_pitcomf,array,IDENTICAL,,,size=           3
PIIController.0.0.1,pc_kp,scalar,IDENTICAL,-2.0750000000000001E-002,-2.0750000000000001E-002,
PIIController.0.0.1,pc_ki,scalar,IDENTICAL,-8.4169999999999991E-003,-8.4169999999999991E-003,
PIIController.0.0.1,pc_kd,scalar,IDENTICAL,0.0000000000000000,0.0000000000000000,
PIIController.0.0.1,pc_tf,scalar,IDENTICAL,0.0000000000000000,0.0000000000000000,
PIIController.0.0.1,pc_maxpit,scalar,IDENTICAL,1.5700000000000001,1.5700000000000001,
PIIController.0.0.1,pc_minpit,scalar,IDENTICAL,2.4175008629616530E-003,2.4175008629616530E-003,
PIIController.0.0.1,pc_pitcomt,scalar,IDENTICAL,2.4175008629616530E-003,2.4175008629616530E-003,
PIIController.0.0.1,pc_pitcomt_last,scalar,IDENTICAL,2.4175008629616530E-003,2.4175008629616530E-003,
PIIController.0.0.1,blpitchcmeasf,scalar,IDENTICAL,0.0000000000000000,0.0000000000000000,
PIIController.0.0.1,pc_pitcomt_ipc,array,IDENTICAL,,,size=           3
PIIController.0.0.1,pc_pwrerr,scalar,IDENTICAL,4999961.5782890320,4999961.5782890320,
PIIController.0.0.1,pc_spderr,scalar,IDENTICAL,125.16410272450624,125.16410272450624,
PIIController.0.0.1,ipc_axistilt_1p,scalar,IDENTICAL,0.0000000000000000,0.0000000000000000,
PIIController.0.0.1,ipc_axisyaw_1p,scalar,IDENTICAL,0.0000000000000000,0.0000000000000000,
PIIController.0.0.1,ipc_axistilt_2p,scalar,IDENTICAL,0.0000000000000000,0.0000000000000000,
PIIController.0.0.1,ipc_axisyaw_2p,scalar,IDENTICAL,0.0000000000000000,0.0000000000000000,
PIIController.0.0.1,axistilt_1p,scalar,IDENTICAL,0.0000000000000000,0.0000000000000000,
PIIController.0.0.1,axisyaw_1p,scalar,IDENTICAL,0.0000000000000000,0.0000000000000000,
PIIController.0.0.1,axisyawf_1p,scalar,IDENTICAL,0.0000000000000000,0.0000000000000000,
PIIController.0.0.1,axistilt_2p,scalar,IDENTICAL,0.0000000000000000,0.0000000000000000,
PIIController.0.0.1,axisyaw_2p,scalar,IDENTICAL,0.0000000000000000,0.0000000000000000,
PIIController.0.0.1,axisyawf_2p,scalar,IDENTICAL,0.0000000000000000,0.0000000000000000,
PIIController.0.0.1,ipc_ki,array,IDENTICAL,,,size=           2
PIIController.0.0.1,ipc_kp,array,IDENTICAL,,,size=           2
PIIController.0.0.1,ipc_intsat,scalar,IDENTICAL,0.0000000000000000,0.0000000000000000,
PIIController.0.0.1,pc_state,scalar,IDENTICAL,1,1,
PIIController.0.0.1,pitcom,array,IDENTICAL,,,size=           3
PIIController.0.0.1,pitcom_sd,array,IDENTICAL,,,size=           3
PIIController.0.0.1,pitcomact,array,IDENTICAL,,,size=           3
PIIController.0.0.1,ss_delomegaf,scalar,IDENTICAL,-6.1627547184563687,-6.1627547184563687,
PIIController.0.0.1,testtype,scalar,IDENTICAL,0.0000000000000000,0.0000000000000000,
PIIController.0.0.1,kp_float,scalar,IDENTICAL,0.0000000000000000,0.0000000000000000,
PIIController.0.0.1,vs_maxtq,scalar,IDENTICAL,47402.900000000001,47402.900000000001,
PIIController.0.0.1,vs_lastgentrq,scalar,IDENTICAL,0.0000000000000000,0.0000000000000000,
PIIController.0.0.1,vs_lastgenpwr,scalar,IDENTICAL,38.421710968017578,38.421710968017578,
PIIController.0.0.1,vs_mechgenpwr,scalar,IDENTICAL,0.0000000000000000,0.0000000000000000,
PIIController.0.0.1,vs_spderrar,scalar,IDENTICAL,111.58501450975989,111.58501450975989,
PIIController.0.0.1,vs_spderrbr,scalar,IDENTICAL,30.751809224506221,30.751809224506221,
PIIController.0.0.1,vs_spderr,scalar,IDENTICAL,111.58501450975989,111.58501450975989,
PIIController.0.0.1,vs_state,scalar,IDENTICAL,1,1,
PIIController.0.0.1,vs_rgn3pitch,scalar,IDENTICAL,1.9867500862961653E-002,1.9867500862961653E-002,
PIIController.0.0.1,we_vw,scalar,IDENTICAL,9.9989538954650747,9.9989538954650747,
PIIController.0.0.1,we_vw_f,scalar,IDENTICAL,10.000000000000000,10.000000000000000,
PIIController.0.0.1,we_vwi,scalar,IDENTICAL,10.000000000000000,10.000000000000000,
PIIController.0.0.1,we_vwidot,scalar,IDENTICAL,0.0000000000000000,0.0000000000000000,
PIIController.0.0.1,we_op,scalar,IDENTICAL,0,0,
PIIController.0.0.1,we_op_last,scalar,IDENTICAL,0,0,
PIIController.0.0.1,vs_lastgentrqf,scalar,IDENTICAL,2.3105500000000037,2.3105500000000037,
PIIController.0.0.1,prc_wse_f,scalar,IDENTICAL,0.0000000000000000,0.0000000000000000,
PIIController.0.0.1,prc_r_speed,scalar,IDENTICAL,1.0000000000000000,1.0000000000000000,
PIIController.0.0.1,prc_r_torque,scalar,IDENTICAL,1.0000000000000000,1.0000000000000000,
PIIController.0.0.1,prc_r_pitch,scalar,IDENTICAL,1.0000000000000000,1.0000000000000000,
PIIController.0.0.1,prc_r_total,scalar,IDENTICAL,0.0000000000000000,0.0000000000000000,
PIIController.0.0.1,prc_min_pitch,scalar,IDENTICAL,0.0000000000000000,0.0000000000000000,
PIIController.0.0.1,ps_min_pitch,scalar,IDENTICAL,2.4175008629616530E-003,2.4175008629616530E-003,
PIIController.0.0.1,ol_index,scalar,IDENTICAL,2.5000000372529030E-002,2.5000000372529030E-002,
PIIController.0.0.1,su_stage,scalar,IDENTICAL,0,0,
PIIController.0.0.1,su_loadstagestarttime,scalar,IDENTICAL,0.0000000000000000,0.0000000000000000,
PIIController.0.0.1,su_rotspeedf,scalar,IDENTICAL,0.0000000000000000,0.0000000000000000,
PIIController.0.0.1,sd_trigger,scalar,IDENTICAL,0,0,
PIIController.0.0.1,sd_blpitchf,scalar,IDENTICAL,0.0000000000000000,0.0000000000000000,
PIIController.0.0.1,sd_nacvanef,scalar,IDENTICAL,0.0000000000000000,0.0000000000000000,
PIIController.0.0.1,sd_genspeedf,scalar,IDENTICAL,0.0000000000000000,0.0000000000000000,
PIIController.0.0.1,sd_stage,scalar,IDENTICAL,0,0,
PIIController.0.0.1,sd_stagestarttime,scalar,IDENTICAL,0.0000000000000000,0.0000000000000000,
PIIController.0.0.1,sd_maxpitchrate,scalar,IDENTICAL,0.0000000000000000,0.0000000000000000,
PIIController.0.0.1,sd_maxtorquerate,scalar,IDENTICAL,0.0000000000000000,0.0000000000000000,
PIIController.0.0.1,gentq_sd,scalar,IDENTICAL,0.0000000000000000,0.0000000000000000,
PIIController.0.0.1,fl_pitcom,scalar,IDENTICAL,0.0000000000000000,0.0000000000000000,
PIIController.0.0.1,nacimu_fa_accf,scalar,IDENTICAL,0.0000000000000000,0.0000000000000000,
PIIController.0.0.1,fa_accf,scalar,IDENTICAL,0.0000000000000000,0.0000000000000000,
PIIController.0.0.1,fa_hist,scalar,IDENTICAL,0,0,
PIIController.0.0.1,tra_lastrefspd,scalar,IDENTICAL,0.0000000000000000,0.0000000000000000,
PIIController.0.0.1,vs_refspeed,scalar,IDENTICAL,0.0000000000000000,0.0000000000000000,
PIIController.0.0.1,ptfmtdx,scalar,IDENTICAL,0.0000000000000000,0.0000000000000000,
PIIController.0.0.1,ptfmtdy,scalar,IDENTICAL,0.0000000000000000,0.0000000000000000,
PIIController.0.0.1,ptfmtdz,scalar,IDENTICAL,0.0000000000000000,0.0000000000000000,
PIIController.0.0.1,ptfmrdx,scalar,IDENTICAL,0.0000000000000000,0.0000000000000000,
PIIController.0.0.1,ptfmrdy,scalar,IDENTICAL,0.0000000000000000,0.0000000000000000,
PIIController.0.0.1,ptfmrdz,scalar,IDENTICAL,0.0000000000000000,0.0000000000000000,
PIIController.0.0.1,ptfmtvx,scalar,IDENTICAL,0.0000000000000000,0.0000000000000000,
PIIController.0.0.1,ptfmtvy,scalar,IDENTICAL,0.0000000000000000,0.0000000000000000,
PIIController.0.0.1,ptfmtvz,scalar,IDENTICAL,0.0000000000000000,0.0000000000000000,
PIIController.0.0.1,ptfmrvx,scalar,IDENTICAL,0.0000000000000000,0.0000000000000000,
PIIController.0.0.1,ptfmrvy,scalar,IDENTICAL,0.0000000000000000,0.0000000000000000,
PIIController.0.0.1,ptfmrvz,scalar,IDENTICAL,0.0000000000000000,0.0000000000000000,
PIIController.0.0.1,ptfmtax,scalar,IDENTICAL,0.0000000000000000,0.0000000000000000,
PIIController.0.0.1,ptfmtay,scalar,IDENTICAL,0.0000000000000000,0.0000000000000000,
PIIController.0.0.1,ptfmtaz,scalar,IDENTICAL,0.0000000000000000,0.0000000000000000,
PIIController.0.0.1,ptfmrax,scalar,IDENTICAL,0.0000000000000000,0.0000000000000000,
PIIController.0.0.1,ptfmray,scalar,IDENTICAL,0.0000000000000000,0.0000000000000000,
PIIController.0.0.1,ptfmraz,scalar,IDENTICAL,0.0000000000000000,0.0000000000000000,
PIIController.0.0.1,cc_desiredl,array,IDENTICAL,,,size=          12
PIIController.0.0.1,cc_actuatedl,array,IDENTICAL,,,size=          12
PIIController.0.0.1,cc_actuateddl,array,IDENTICAL,,,size=          12
PIIController.0.0.1,stc_input,array,IDENTICAL,,,size=          12
PIIController.0.0.1,flp_angle,array,IDENTICAL,,,size=           3
PIIController.0.0.1,rootmyb_last,array,IDENTICAL,,,size=           3
PIIController.0.0.1,acc_infile_size,scalar,IDENTICAL,42,42,
PIIController.0.0.1,acc_infile,array,IDENTICAL,,,size=          42
PIIController.0.0.1,restart,scalar,IDENTICAL,F,F,
PIIController.0.0.1,awc_complexangle,array,IDENTICAL,,,size=           3
PIIController.0.0.1,tiltmean,scalar,IDENTICAL,0.0000000000000000,0.0000000000000000,
PIIController.0.0.1,yawmean,scalar,IDENTICAL,0.0000000000000000,0.0000000000000000,
PIIController.0.0.1,zmq_id,scalar,IDENTICAL,0,0,
PIIController.0.0.1,zmq_yawoffset,scalar,IDENTICAL,0.0000000000000000,0.0000000000000000,
PIIController.0.0.1,zmq_torqueoffset,scalar,IDENTICAL,0.0000000000000000,0.0000000000000000,
PIIController.0.0.1,zmq_pitoffset,array,IDENTICAL,,,size=           3
PIIController.0.0.1,zmq_r_speed,scalar,IDENTICAL,0.0000000000000000,0.0000000000000000,
PIIController.0.0.1,zmq_r_torque,scalar,IDENTICAL,0.0000000000000000,0.0000000000000000,
PIIController.0.0.1,zmq_r_pitch,scalar,IDENTICAL,0.0000000000000000,0.0000000000000000,
PIIController.0.0.1,om_r,scalar,IDENTICAL,0.0000000000000000,0.0000000000000000,
PIIController.0.0.1,v_t,scalar,IDENTICAL,0.0000000000000000,0.0000000000000000,
PIIController.0.0.1,v_m,scalar,IDENTICAL,0.0000000000000000,0.0000000000000000,
PIIController.0.0.1,v_h,scalar,IDENTICAL,0.0000000000000000,0.0000000000000000,
PIIController.0.0.1,p,array,IDENTICAL,,,size=           9
PIIController.0.0.1,xh,array,IDENTICAL,,,size=           3
PIIController.0.0.1,k,array,IDENTICAL,,,size=           3
PIIController.0.0.1,lpf1_a1,array,IDENTICAL,,,size=        1024
PIIController.0.0.1,lpf1_a0,array,IDENTICAL,,,size=        1024
PIIController.0.0.1,lpf1_b1,array,IDENTICAL,,,size=        1024
PIIController.0.0.1,lpf1_b0,array,IDENTICAL,,,size=        1024
PIIController.0.0.1,lpf1_inputsignallast,array,IDENTICAL,,,size=        1024
PIIController.0.0.1,lpf1_outputsignallast,array,IDENTICAL,,,size=        1024
PIIController.0.0.1,lpf2_a2,array,IDENTICAL,,,size=        1024
PIIController.0.0.1,lpf2_a1,array,IDENTICAL,,,size=        1024
PIIController.0.0.1,lpf2_a0,array,IDENTICAL,,,size=        1024
PIIController.0.0.1,lpf2_b2,array,IDENTICAL,,,size=        1024
PIIController.0.0.1,lpf2_b1,array,IDENTICAL,,,size=        1024
PIIController.0.0.1,lpf2_b0,array,IDENTICAL,,,size=        1024
PIIController.0.0.1,lpf2_inputsignallast2,array,IDENTICAL,,,size=        1024
PIIController.0.0.1,lpf2_outputsignallast2,array,IDENTICAL,,,size=        1024
PIIController.0.0.1,lpf2_inputsignallast1,array,IDENTICAL,,,size=        1024
PIIController.0.0.1,lpf2_outputsignallast1,array,IDENTICAL,,,size=        1024
PIIController.0.0.1,lpfv_a2,array,IDENTICAL,,,size=        1024
PIIController.0.0.1,lpfv_a1,array,IDENTICAL,,,size=        1024
PIIController.0.0.1,lpfv_a0,array,IDENTICAL,,,size=        1024
PIIController.0.0.1,lpfv_b2,array,IDENTICAL,,,size=        1024
PIIController.0.0.1,lpfv_b1,array,IDENTICAL,,,size=        1024
PIIController.0.0.1,lpfv_b0,array,IDENTICAL,,,size=        1024
PIIController.0.0.1,lpfv_inputsignallast2,array,IDENTICAL,,,size=        1024
PIIController.0.0.1,lpfv_outputsignallast2,array,IDENTICAL,,,size=        1024
PIIController.0.0.1,lpfv_inputsignallast1,array,IDENTICAL,,,size=        1024
PIIController.0.0.1,lpfv_outputsignallast1,array,IDENTICAL,,,size=        1024
PIIController.0.0.1,hpf_inputsignallast,array,IDENTICAL,,,size=        1024
PIIController.0.0.1,hpf_outputsignallast,array,IDENTICAL,,,size=        1024
PIIController.0.0.1,nfs_outputsignallast1,array,IDENTICAL,,,size=        1024
PIIController.0.0.1,nfs_outputsignallast2,array,IDENTICAL,,,size=        1024
PIIController.0.0.1,nfs_inputsignallast1,array,IDENTICAL,,,size=        1024
PIIController.0.0.1,nfs_inputsignallast2,array,IDENTICAL,,,size=        1024
PIIController.0.0.1,nfs_b2,array,IDENTICAL,,,size=        1024
PIIController.0.0.1,nfs_b0,array,IDENTICAL,,,size=        1024
PIIController.0.0.1,nfs_a2,array,IDENTICAL,,,size=        1024
PIIController.0.0.1,nfs_a1,array,IDENTICAL,,,size=        1024
PIIController.0.0.1,nfs_a0,array,IDENTICAL,,,size=        1024
PIIController.0.0.1,nf_outputsignallast1,array,IDENTICAL,,,size=        1024
PIIController.0.0.1,nf_outputsignallast2,array,IDENTICAL,,,size=        1024
PIIController.0.0.1,nf_inputsignallast1,array,IDENTICAL,,,size=        1024
PIIController.0.0.1,nf_inputsignallast2,array,IDENTICAL,,,size=        1024
PIIController.0.0.1,nf_b2,array,IDENTICAL,,,size=        1024
PIIController.0.0.1,nf_b1,array,IDENTICAL,,,size=        1024
PIIController.0.0.1,nf_b0,array,IDENTICAL,,,size=        1024
PIIController.0.0.1,nf_a1,array,IDENTICAL,,,size=        1024
PIIController.0.0.1,nf_a0,array,IDENTICAL,,,size=        1024
PIIController.0.0.1,iterm,array,IDENTICAL,,,size=        1024
PIIController.0.0.1,itermlast,array,IDENTICAL,,,size=        1024
PIIController.0.0.1,iterm2,array,IDENTICAL,,,size=        1024
PIIController.0.0.1,itermlast2,array,IDENTICAL,,,size=        1024
PIIController.0.0.1,elast,array,IDENTICAL,,,size=        1024
PIIController.0.0.1,res_outputsignallast1,array,IDENTICAL,,,size=        1024
PIIController.0.0.1,res_outputsignallast2,array,IDENTICAL,,,size=        1024
PIIController.0.0.1,res_inputsignallast1,array,IDENTICAL,,,size=        1024
PIIController.0.0.1,res_inputsignallast2,array,IDENTICAL,,,size=        1024
PIIController.0.0.1,lastsignal,array,IDENTICAL,,,size=        1024
PIIController.0.0.1,instlpf,scalar,IDENTICAL,9,9,
PIIController.0.0.1,instseclpf,scalar,IDENTICAL,8,8,
PIIController.0.0.1,instseclpfv,scalar,IDENTICAL,1,1,
PIIController.0.0.1,insthpf,scalar,IDENTICAL,6,6,
PIIController.0.0.1,instnotchslopes,scalar,IDENTICAL,1,1,
PIIController.0.0.1,instnotch,scalar,IDENTICAL,1,1,
PIIController.0.0.1,instpi,scalar,IDENTICAL,4,4,
PIIController.0.0.1,instres,scalar,IDENTICAL,1,1,
PIIController.0.0.1,instrl,scalar,IDENTICAL,9,9,
PIIController.0.0.10,istatus,scalar,IDENTICAL,1,1,
PIIController.0.0.10,alreadyinitialized,scalar,IDENTICAL,0,0,
PIIController.0.0.10,restartwse,scalar,IDENTICAL,1,1,
PIIController.0.0.10,time,scalar,IDENTICAL,0.10000000149011612,0.10000000149011612,
PIIController.0.0.10,dt,scalar,IDENTICAL,2.5000000372529030E-002,2.5000000372529030E-002,
PIIController.0.0.10,writethisstep,scalar,IDENTICAL,F,F,
PIIController.0.0.10,n_dt,scalar,IDENTICAL,4,4,
PIIController.0.0.10,time_last,scalar,IDENTICAL,0.0000000000000000,0.0000000000000000,
PIIController.0.0.10,vs_genpwr,scalar,IDENTICAL,0.0000000000000000,0.0000000000000000,
PIIController.0.0.10,genspeed,scalar,IDENTICAL,40.914356231689453,40.914356231689453,
PIIController.0.0.10,rotspeed,scalar,IDENTICAL,0.42179748415946960,0.42179748415946960,
PIIController.0.0.10,nacheading,scalar,IDENTICAL,0.0000000000000000,0.0000000000000000,
PIIController.0.0.10,nacvane,scalar,IDENTICAL,0.0000000000000000,0.0000000000000000,
PIIController.0.0.10,nacvanef,scalar,IDENTICAL,0.0000000000000000,0.0000000000000000,
PIIController.0.0.10,winddir,scalar,IDENTICAL,0.0000000000000000,0.0000000000000000,
PIIController.0.0.10,horwindv,scalar,IDENTICAL,9.0000000000000000,9.0000000000000000,
PIIController.0.0.10,horwindv_f,scalar,IDENTICAL,9.9926969433939288,9.9926969433939288,
PIIController.0.0.10,rootmoop,array,IDENTICAL,,,size=           3
PIIController.0.0.10,rootmoopf,array,IDENTICAL,,,size=           3
PIIController.0.0.10,blpitch,array,IDENTICAL,,,size=           3
PIIController.0.0.10,blpitchcmeas,scalar,IDENTICAL,2.4169582377752694E-003,2.4169582377752694E-003,
PIIController.0.0.10,azimuth,scalar,IDENTICAL,0.0000000000000000,0.0000000000000000,
PIIController.0.0.10,ol_azimuth,scalar,IDENTICAL,0.0000000000000000,0.0000000000000000,
PIIController.0.0.10,azunwrapped,scalar,IDENTICAL,0.0000000000000000,0.0000000000000000,
PIIController.0.0.10,azerror,scalar,IDENTICAL,0.0000000000000000,0.0000000000000000,
PIIController.0.0.10,gentqaz,scalar,IDENTICAL,0.0000000000000000,0.0000000000000000,
PIIController.0.0.10,azbuffer,array,IDENTICAL,,,size=           2
PIIController.0.0.10,numbl,scalar,IDENTICAL,3,3,
PIIController.0.0.10,fa_acc_tt,scalar,IDENTICAL,0.0000000000000000,0.0000000000000000,
PIIController.0.0.10,ss_acc_tt,scalar,IDENTICAL,0.0000000000000000,0.0000000000000000,
PIIController.0.0.10,fa_acc_nac,scalar,IDENTICAL,0.0000000000000000,0.0000000000000000,
PIIController.0.0.10,nacimu_fa_racc,scalar,IDENTICAL,0.0000000000000000,0.0000000000000000,
PIIController.0.0.10,fa_acchpf,scalar,IDENTICAL,0.0000000000000000,0.0000000000000000,
PIIController.0.0.10,fa_acchpfi,scalar,IDENTICAL,0.0000000000000000,0.0000000000000000,
PIIController.0.0.10,fa_pitcom,array,IDENTICAL,,,size=           3
PIIController.0.0.10,vs_refspd,scalar,IDENTICAL,115.47311456397345,115.47311456397345,
PIIController.0.0.10,vs_refspd_tsr,scalar,IDENTICAL,115.39185756062038,115.39185756062038,
PIIController.0.0.10,vs_refspd_tra,scalar,IDENTICAL,0.0000000000000000,0.0000000000000000,
PIIController.0.0.10,vs_refspd_rl,scalar,IDENTICAL,0.0000000000000000,0.0000000000000000,
PIIController.0.0.10,pc_refspd,scalar,IDENTICAL,129.08659706420207,129.08659706420207,
PIIController.0.0.10,pc_refspd_ss,scalar,IDENTICAL,129.08659706420207,129.08659706420207,
PIIController.0.0.10,pc_refspd_prc,scalar,IDENTICAL,122.90967000000001,122.90967000000001,
PIIController.0.0.10,rotspeedf,scalar,IDENTICAL,0.75563335250146280,0.75563335250146280,
PIIController.0.0.10,genspeedf,scalar,IDENTICAL,17.788424092086423,17.788424092086423,
PIIController.0.0.10,gentq,scalar,IDENTICAL,0.0000000000000000,0.0000000000000000,
PIIController.0.0.10,gentqmeas,scalar,IDENTICAL,0.0000000000000000,0.0000000000000000,
PIIController.0.0.10,genartq,scalar,IDENTICAL,0.0000000000000000,0.0000000000000000,
PIIController.0.0.10,genbrtq,scalar,IDENTICAL,0.0000000000000000,0.0000000000000000,
PIIController.0.0.10,vs_komega2_gentq,scalar,IDENTICAL,731.12278859804076,731.12278859804076,
PIIController.0.0.10,vs_constpwr_gentq,scalar,IDENTICAL,297756.00930539094,297756.00930539094,
PIIController.0.0.10,ipc_pitcomf,array,IDENTICAL,,,size=           3
PIIController.0.0.10,pc_kp,scalar,IDENTICAL,-2.0750000000000001E-002,-2.0750000000000001E-002,
PIIController.0.0.10,pc_ki,scalar,IDENTICAL,-8.4169999999999991E-003,-8.4169999999999991E-003,
PIIController.0.0.10,pc_kd,scalar,IDENTICAL,0.0000000000000000,0.0000000000000000,
PIIController.0.0.10,pc_tf,scalar,IDENTICAL,0.0000000000000000,0.0000000000000000,
PIIController.0.0.10,pc_maxpit,scalar,IDENTICAL,1.5700000000000001,1.5700000000000001,
PIIController.0.0.10,pc_minpit,scalar,IDENTICAL,2.4105207700129750E-003,2.4105207700129750E-003,
PIIController.0.0.10,pc_pitcomt,scalar,IDENTICAL,2.4148001192790956E-003,2.4148001192790956E-003,
PIIController.0.0.10,pc_pitcomt_last,scalar,IDENTICAL,2.4148001192790956E-003,2.4148001192790956E-003,
PIIController.0.0.10,blpitchcmeasf,scalar,IDENTICAL,1.1489789791378959E-005,1.1489789791378959E-005,
PIIController.0.0.10,pc_pitcomt_ipc,array,IDENTICAL,,,size=           3
PIIController.0.0.10,pc_pwrerr,scalar,IDENTICAL,5000000.0000000000,5000000.0000000000,
PIIController.0.0.10,pc_spderr,scalar,IDENTICAL,111.29817297211565,111.29817297211565,
PIIController.0.0.10,ipc_axistilt_1p,scalar,IDENTICAL,0.0000000000000000,0.0000000000000000,
PIIController.0.0.10,ipc_axisyaw_1p,scalar,IDENTICAL,0.0000000000000000,0.0000000000000000,
PIIController.0.0.10,ipc_axistilt_2p,scalar,IDENTICAL,0.0000000000000000,0.0000000000000000,
PIIController.0.0.10,ipc_axisyaw_2p,scalar,IDENTICAL,0.0000000000000000,0.0000000000000000,
PIIController.0.0.10,axistilt_1p,scalar,IDENTICAL,0.0000000000000000,0.0000000000000000,
PIIController.0.0.10,axisyaw_1p,scalar,IDENTICAL,0.0000000000000000,0.0000000000000000,
PIIController.0.0.10,axisyawf_1p,scalar,IDENTICAL,0.0000000000000000,0.0000000000000000,
PIIController.0.0.10,axistilt_2p,scalar,IDENTICAL,0.0000000000000000,0.0000000000000000,
PIIController.0.0.10,axisyaw_2p,scalar,IDENTICAL,0.0000000000000000,0.0000000000000000,
PIIController.0.0.10,axisyawf_2p,scalar,IDENTICAL,0.0000000000000000,0.0000000000000000,
PIIController.0.0.10,ipc_ki,array,IDENTICAL,,,size=           2
PIIController.0.0.10,ipc_kp,array,IDENTICAL,,,size=           2
PIIController.0.0.10,ipc_intsat,scalar,IDENTICAL,0.0000000000000000,0.0000000000000000,
PIIController.0.0.10,pc_state,scalar,IDENTICAL,1,1,
PIIController.0.0.10,pitcom,array,IDENTICAL,,,size=           3
PIIController.0.0.10,pitcom_sd,array,IDENTICAL,,,size=           3
PIIController.0.0.10,pitcomact,array,IDENTICAL,,,size=           3
PIIController.0.0.10,ss_delomegaf,scalar,IDENTICAL,-6.1749923432785279,-6.1749923432785279,
PIIController.0.0.10,testtype,scalar,IDENTICAL,0.0000000000000000,0.0000000000000000,
PIIController.0.0.10,kp_float,scalar,IDENTICAL,0.0000000000000000,0.0000000000000000,
PIIController.0.0.10,vs_maxtq,scalar,IDENTICAL,47402.900000000001,47402.900000000001,
PIIController.0.0.10,vs_lastgentrq,scalar,IDENTICAL,0.0000000000000000,0.0000000000000000,
PIIController.0.0.10,vs_lastgenpwr,scalar,IDENTICAL,0.0000000000000000,0.0000000000000000,
PIIController.0.0.10,vs_mechgenpwr,scalar,IDENTICAL,0.0000000000000000,0.0000000000000000,
PIIController.0.0.10,vs_spderrar,scalar,IDENTICAL,97.684690471887023,97.684690471887023,
PIIController.0.0.10,vs_spderrbr,scalar,IDENTICAL,16.854435907913576,16.854435907913576,
PIIController.0.0.10,vs_spderr,scalar,IDENTICAL,97.684690471887023,97.684690471887023,
PIIController.0.0.10,vs_state,scalar,IDENTICAL,1,1,
PIIController.0.0.10,vs_rgn3pitch,scalar,IDENTICAL,1.9864800119279095E-002,1.9864800119279095E-002,
PIIController.0.0.10,we_vw,scalar,IDENTICAL,9.9926969433939288,9.9926969433939288,
PIIController.0.0.10,we_vw_f,scalar,IDENTICAL,9.9998605425567426,9.9998605425567426,
PIIController.0.0.10,we_vwi,scalar,IDENTICAL,10.000000000000000,10.000000000000000,
PIIController.0.0.10,we_vwidot,scalar,IDENTICAL,0.0000000000000000,0.0000000000000000,
PIIController.0.0.10,we_op,scalar,IDENTICAL,0,0,
PIIController.0.0.10,we_op_last,scalar,IDENTICAL,0,0,
PIIController.0.0.10,vs_lastgentrqf,scalar,IDENTICAL,2.1610016732366124,2.1610016732366124,
PIIController.0.0.10,prc_wse_f,scalar,IDENTICAL,0.0000000000000000,0.0000000000000000,
PIIController.0.0.10,prc_r_speed,scalar,IDENTICAL,1.0000000000000000,1.0000000000000000,
PIIController.0.0.10,prc_r_torque,scalar,IDENTICAL,1.0000000000000000,1.0000000000000000,
PIIController.0.0.10,prc_r_pitch,scalar,IDENTICAL,1.0000000000000000,1.0000000000000000,
PIIController.0.0.10,prc_r_total,scalar,IDENTICAL,0.0000000000000000,0.0000000000000000,
PIIController.0.0.10,prc_min_pitch,scalar,IDENTICAL,0.0000000000000000,0.0000000000000000,
PIIController.0.0.10,ps_min_pitch,scalar,IDENTICAL,2.4105207700129750E-003,2.4105207700129750E-003,
PIIController.0.0.10,ol_index,scalar,IDENTICAL,0.10000000149011612,0.10000000149011612,
PIIController.0.0.10,su_stage,scalar,IDENTICAL,0,0,
PIIController.0.0.10,su_loadstagestarttime,scalar,IDENTICAL,0.0000000000000000,0.0000000000000000,
PIIController.0.0.10,su_rotspeedf,scalar,IDENTICAL,0.0000000000000000,0.0000000000000000,
PIIController.0.0.10,sd_trigger,scalar,IDENTICAL,0,0,
PIIController.0.0.10,sd_blpitchf,scalar,IDENTICAL,0.0000000000000000,0.0000000000000000,
PIIController.0.0.10,sd_nacvanef,scalar,IDENTICAL,0.0000000000000000,0.0000000000000000,
PIIController.0.0.10,sd_genspeedf,scalar,IDENTICAL,0.0000000000000000,0.0000000000000000,
PIIController.0.0.10,sd_stage,scalar,IDENTICAL,0,0,
PIIController.0.0.10,sd_stagestarttime,scalar,IDENTICAL,0.0000000000000000,0.0000000000000000,
PIIController.0.0.10,sd_maxpitchrate,scalar,IDENTICAL,0.0000000000000000,0.0000000000000000,
PIIController.0.0.10,sd_maxtorquerate,scalar,IDENTICAL,0.0000000000000000,0.0000000000000000,
PIIController.0.0.10,gentq_sd,scalar,IDENTICAL,0.0000000000000000,0.0000000000000000,
PIIController.0.0.10,fl_pitcom,scalar,IDENTICAL,0.0000000000000000,0.0000000000000000,
PIIController.0.0.10,nacimu_fa_accf,scalar,IDENTICAL,0.0000000000000000,0.0000000000000000,
PIIController.0.0.10,fa_accf,scalar,IDENTICAL,0.0000000000000000,0.0000000000000000,
PIIController.0.0.10,fa_hist,scalar,IDENTICAL,0,0,
PIIController.0.0.10,tra_lastrefspd,scalar,IDENTICAL,0.0000000000000000,0.0000000000000000,
PIIController.0.0.10,vs_refspeed,scalar,IDENTICAL,0.0000000000000000,0.0000000000000000,
PIIController.0.0.10,ptfmtdx,scalar,IDENTICAL,0.0000000000000000,0.0000000000000000,
PIIController.0.0.10,ptfmtdy,scalar,IDENTICAL,0.0000000000000000,0.0000000000000000,
PIIController.0.0.10,ptfmtdz,scalar,IDENTICAL,0.0000000000000000,0.0000000000000000,
PIIController.0.0.10,ptfmrdx,scalar,IDENTICAL,0.0000000000000000,0.0000000000000000,
PIIController.0.0.10,ptfmrdy,scalar,IDENTICAL,0.0000000000000000,0.0000000000000000,
PIIController.0.0.10,ptfmrdz,scalar,IDENTICAL,0.0000000000000000,0.0000000000000000,
PIIController.0.0.10,ptfmtvx,scalar,IDENTICAL,0.0000000000000000,0.0000000000000000,
PIIController.0.0.10,ptfmtvy,scalar,IDENTICAL,0.0000000000000000,0.0000000000000000,
PIIController.0.0.10,ptfmtvz,scalar,IDENTICAL,0.0000000000000000,0.0000000000000000,
PIIController.0.0.10,ptfmrvx,scalar,IDENTICAL,0.0000000000000000,0.0000000000000000,
PIIController.0.0.10,ptfmrvy,scalar,IDENTICAL,0.0000000000000000,0.0000000000000000,
PIIController.0.0.10,ptfmrvz,scalar,IDENTICAL,0.0000000000000000,0.0000000000000000,
PIIController.0.0.10,ptfmtax,scalar,IDENTICAL,0.0000000000000000,0.0000000000000000,
PIIController.0.0.10,ptfmtay,scalar,IDENTICAL,0.0000000000000000,0.0000000000000000,
PIIController.0.0.10,ptfmtaz,scalar,IDENTICAL,0.0000000000000000,0.0000000000000000,
PIIController.0.0.10,ptfmrax,scalar,IDENTICAL,0.0000000000000000,0.0000000000000000,
PIIController.0.0.10,ptfmray,scalar,IDENTICAL,0.0000000000000000,0.0000000000000000,
PIIController.0.0.10,ptfmraz,scalar,IDENTICAL,0.0000000000000000,0.0000000000000000,
PIIController.0.0.10,cc_desiredl,array,IDENTICAL,,,size=          12
PIIController.0.0.10,cc_actuatedl,array,IDENTICAL,,,size=          12
PIIController.0.0.10,cc_actuateddl,array,IDENTICAL,,,size=          12
PIIController.0.0.10,stc_input,array,IDENTICAL,,,size=          12
PIIController.0.0.10,flp_angle,array,IDENTICAL,,,size=           3
PIIController.0.0.10,rootmyb_last,array,IDENTICAL,,,size=           3
PIIController.0.0.10,acc_infile_size,scalar,IDENTICAL,42,42,
PIIController.0.0.10,acc_infile,array,IDENTICAL,,,size=          42
PIIController.0.0.10,restart,scalar,IDENTICAL,F,F,
PIIController.0.0.10,awc_complexangle,array,IDENTICAL,,,size=           3
PIIController.0.0.10,tiltmean,scalar,IDENTICAL,0.0000000000000000,0.0000000000000000,
PIIController.0.0.10,yawmean,scalar,IDENTICAL,0.0000000000000000,0.0000000000000000,
PIIController.0.0.10,zmq_id,scalar,IDENTICAL,0,0,
PIIController.0.0.10,zmq_yawoffset,scalar,IDENTICAL,0.0000000000000000,0.0000000000000000,
PIIController.0.0.10,zmq_torqueoffset,scalar,IDENTICAL,0.0000000000000000,0.0000000000000000,
PIIController.0.0.10,zmq_pitoffset,array,IDENTICAL,,,size=           3
PIIController.0.0.10,zmq_r_speed,scalar,IDENTICAL,0.0000000000000000,0.0000000000000000,
PIIController.0.0.10,zmq_r_torque,scalar,IDENTICAL,0.0000000000000000,0.0000000000000000,
PIIController.0.0.10,zmq_r_pitch,scalar,IDENTICAL,0.0000000000000000,0.0000000000000000,
PIIController.0.0.10,om_r,scalar,IDENTICAL,0.0000000000000000,0.0000000000000000,
PIIController.0.0.10,v_t,scalar,IDENTICAL,0.0000000000000000,0.0000000000000000,
PIIController.0.0.10,v_m,scalar,IDENTICAL,0.0000000000000000,0.0000000000000000,
PIIController.0.0.10,v_h,scalar,IDENTICAL,0.0000000000000000,0.0000000000000000,
PIIController.0.0.10,p,array,IDENTICAL,,,size=           9
PIIController.0.0.10,xh,array,IDENTICAL,,,size=           3
PIIController.0.0.10,k,array,IDENTICAL,,,size=           3
PIIController.0.0.10,lpf1_a1,array,IDENTICAL,,,size=        1024
PIIController.0.0.10,lpf1_a0,array,IDENTICAL,,,size=        1024
PIIController.0.0.10,lpf1_b1,array,IDENTICAL,,,size=        1024
PIIController.0.0.10,lpf1_b0,array,IDENTICAL,,,size=        1024
PIIController.0.0.10,lpf1_inputsignallast,array,IDENTICAL,,,size=        1024
PIIController.0.0.10,lpf1_outputsignallast,array,IDENTICAL,,,size=        1024
PIIController.0.0.10,lpf2_a2,array,IDENTICAL,,,size=        1024
PIIController.0.0.10,lpf2_a1,array,IDENTICAL,,,size=        1024
PIIController.0.0.10,lpf2_a0,array,IDENTICAL,,,size=        1024
PIIController.0.0.10,lpf2_b2,array,IDENTICAL,,,size=        1024
PIIController.0.0.10,lpf2_b1,array,IDENTICAL,,,size=        1024
PIIController.0.0.10,lpf2_b0,array,IDENTICAL,,,size=        1024
PIIController.0.0.10,lpf2_inputsignallast2,array,IDENTICAL,,,size=        1024
PIIController.0.0.10,lpf2_outputsignallast2,array,IDENTICAL,,,size=        1024
PIIController.0.0.10,lpf2_inputsignallast1,array,IDENTICAL,,,size=        1024
PIIController.0.0.10,lpf2_outputsignallast1,array,IDENTICAL,,,size=        1024
PIIController.0.0.10,lpfv_a2,array,IDENTICAL,,,size=        1024
PIIController.0.0.10,lpfv_a1,array,IDENTICAL,,,size=        1024
PIIController.0.0.10,lpfv_a0,array,IDENTICAL,,,size=        1024
PIIController.0.0.10,lpfv_b2,array,IDENTICAL,,,size=        1024
PIIController.0.0.10,lpfv_b1,array,IDENTICAL,,,size=        1024
PIIController.0.0.10,lpfv_b0,array,IDENTICAL,,,size=        1024
PIIController.0.0.10,lpfv_inputsignallast2,array,IDENTICAL,,,size=        1024
PIIController.0.0.10,lpfv_outputsignallast2,array,IDENTICAL,,,size=        1024
PIIController.0.0.10,lpfv_inputsignallast1,array,IDENTICAL,,,size=        1024
PIIController.0.0.10,lpfv_outputsignallast1,array,IDENTICAL,,,size=        1024
PIIController.0.0.10,hpf_inputsignallast,array,IDENTICAL,,,size=        1024
PIIController.0.0.10,hpf_outputsignallast,array,IDENTICAL,,,size=        1024
PIIController.0.0.10,nfs_outputsignallast1,array,IDENTICAL,,,size=        1024
PIIController.0.0.10,nfs_outputsignallast2,array,IDENTICAL,,,size=        1024
PIIController.0.0.10,nfs_inputsignallast1,array,IDENTICAL,,,size=        1024
PIIController.0.0.10,nfs_inputsignallast2,array,IDENTICAL,,,size=        1024
PIIController.0.0.10,nfs_b2,array,IDENTICAL,,,size=        1024
PIIController.0.0.10,nfs_b0,array,IDENTICAL,,,size=        1024
PIIController.0.0.10,nfs_a2,array,IDENTICAL,,,size=        1024
PIIController.0.0.10,nfs_a1,array,IDENTICAL,,,size=        1024
PIIController.0.0.10,nfs_a0,array,IDENTICAL,,,size=        1024
PIIController.0.0.10,nf_outputsignallast1,array,IDENTICAL,,,size=        1024
PIIController.0.0.10,nf_outputsignallast2,array,IDENTICAL,,,size=        1024
PIIController.0.0.10,nf_inputsignallast1,array,IDENTICAL,,,size=        1024
PIIController.0.0.10,nf_inputsignallast2,array,IDENTICAL,,,size=        1024
PIIController.0.0.10,nf_b2,array,IDENTICAL,,,size=        1024
PIIController.0.0.10,nf_b1,array,IDENTICAL,,,size=        1024
PIIController.0.0.10,nf_b0,array,IDENTICAL,,,size=        1024
PIIController.0.0.10,nf_a1,array,IDENTICAL,,,size=        1024
PIIController.0.0.10,nf_a0,array,IDENTICAL,,,size=        1024
PIIController.0.0.10,iterm,array,IDENTICAL,,,size=        1024
PIIController.0.0.10,itermlast,array,IDENTICAL,,,size=        1024
PIIController.0.0.10,iterm2,array,IDENTICAL,,,size=        1024
PIIController.0.0.10,itermlast2,array,IDENTICAL,,,size=        1024
PIIController.0.0.10,elast,array,IDENTICAL,,,size=        1024
PIIController.0.0.10,res_outputsignallast1,array,IDENTICAL,,,size=        1024
PIIController.0.0.10,res_outputsignallast2,array,IDENTICAL,,,size=        1024
PIIController.0.0.10,res_inputsignallast1,array,IDENTICAL,,,size=        1024
PIIController.0.0.10,res_inputsignallast2,array,IDENTICAL,,,size=        1024
PIIController.0.0.10,lastsignal,array,IDENTICAL,,,size=        1024
PIIController.0.0.10,instlpf,scalar,IDENTICAL,9,9,
PIIController.0.0.10,instseclpf,scalar,IDENTICAL,8,8,
PIIController.0.0.10,instseclpfv,scalar,IDENTICAL,1,1,
PIIController.0.0.10,insthpf,scalar,IDENTICAL,6,6,
PIIController.0.0.10,instnotchslopes,scalar,IDENTICAL,1,1,
PIIController.0.0.10,instnotch,scalar,IDENTICAL,1,1,
PIIController.0.0.10,instpi,scalar,IDENTICAL,4,4,
PIIController.0.0.10,instres,scalar,IDENTICAL,1,1,
PIIController.0.0.10,instrl,scalar,IDENTICAL,9,9,
PIIController.0.0.11,istatus,scalar,IDENTICAL,1,1,
PIIController.0.0.11,alreadyinitialized,scalar,IDENTICAL,0,0,
PIIController.0.0.11,restartwse,scalar,IDENTICAL,1,1,
PIIController.0.0.11,time,scalar,IDENTICAL,0.10000000149011612,0.10000000149011612,
PIIController.0.0.11,dt,scalar,IDENTICAL,2.5000000372529030E-002,2.5000000372529030E-002,
PIIController.0.0.11,writethisstep,scalar,IDENTICAL,F,F,
PIIController.0.0.11,n_dt,scalar,IDENTICAL,4,4,
PIIController.0.0.11,time_last,scalar,IDENTICAL,0.0000000000000000,0.0000000000000000,
PIIController.0.0.11,vs_genpwr,scalar,IDENTICAL,0.0000000000000000,0.0000000000000000,
PIIController.0.0.11,genspeed,scalar,IDENTICAL,40.914356231689453,40.914356231689453,
PIIController.0.0.11,rotspeed,scalar,IDENTICAL,0.42179748415946960,0.42179748415946960,
PIIController.0.0.11,nacheading,scalar,IDENTICAL,0.0000000000000000,0.0000000000000000,
PIIController.0.0.11,nacvane,scalar,IDENTICAL,0.0000000000000000,0.0000000000000000,
PIIController.0.0.11,nacvanef,scalar,IDENTICAL,0.0000000000000000,0.0000000000000000,
PIIController.0.0.11,winddir,scalar,IDENTICAL,0.0000000000000000,0.0000000000000000,
PIIController.0.0.11,horwindv,scalar,IDENTICAL,9.0000000000000000,9.0000000000000000,
PIIController.0.0.11,horwindv_f,scalar,IDENTICAL,9.9926969433939288,9.9926969433939288,
PIIController.0.0.11,rootmoop,array,IDENTICAL,,,size=           3
PIIController.0.0.11,rootmoopf,array,IDENTICAL,,,size=           3
PIIController.0.0.11,blpitch,array,IDENTICAL,,,size=           3
PIIController.0.0.11,blpitchcmeas,scalar,IDENTICAL,2.4169582377752694E-003,2.4169582377752694E-003,
PIIController.0.0.11,azimuth,scalar,IDENTICAL,0.0000000000000000,0.0000000000000000,
PIIController.0.0.11,ol_azimuth,scalar,IDENTICAL,0.0000000000000000,0.0000000000000000,
PIIController.0.0.11,azunwrapped,scalar,IDENTICAL,0.0000000000000000,0.0000000000000000,
PIIController.0.0.11,azerror,scalar,IDENTICAL,0.0000000000000000,0.0000000000000000,
PIIController.0.0.11,gentqaz,scalar,IDENTICAL,0.0000000000000000,0.0000000000000000,
PIIController.0.0.11,azbuffer,array,IDENTICAL,,,size=           2
PIIController.0.0.11,numbl,scalar,IDENTICAL,3,3,
PIIController.0.0.11,fa_acc_tt,scalar,IDENTICAL,0.0000000000000000,0.0000000000000000,
PIIController.0.0.11,ss_acc_tt,scalar,IDENTICAL,0.0000000000000000,0.0000000000000000,
PIIController.0.0.11,fa_acc_nac,scalar,IDENTICAL,0.0000000000000000,0.0000000000000000,
PIIController.0.0.11,nacimu_fa_racc,scalar,IDENTICAL,0.0000000000000000,0.0000000000000000,
PIIController.0.0.11,fa_acchpf,scalar,IDENTICAL,0.0000000000000000,0.0000000000000000,
PIIController.0.0.11,fa_acchpfi,scalar,IDENTICAL,0.0000000000000000,0.0000000000000000,
PIIController.0.0.11,fa_pitcom,array,IDENTICAL,,,size=           3
PIIController.0.0.11,vs_refspd,scalar,IDENTICAL,115.47311456397345,115.47311456397345,
PIIController.0.0.11,vs_refspd_tsr,scalar,IDENTICAL,115.39185756062038,115.39185756062038,
PIIController.0.0.11,vs_refspd_tra,scalar,IDENTICAL,0.0000000000000000,0.0000000000000000,
PIIController.0.0.11,vs_refspd_rl,scalar,IDENTICAL,0.0000000000000000,0.0000000000000000,
PIIController.0.0.11,pc_refspd,scalar,IDENTICAL,129.08659706420207,129.08659706420207,
PIIController.0.0.11,pc_refspd_ss,scalar,IDENTICAL,129.08659706420207,129.08659706420207,
PIIController.0.0.11,pc_refspd_prc,scalar,IDENTICAL,122.90967000000001,122.90967000000001,
PIIController.0.0.11,rotspeedf,scalar,IDENTICAL,0.75563335250146280,0.75563335250146280,
PIIController.0.0.11,genspeedf,scalar,IDENTICAL,17.788424092086423,17.788424092086423,
PIIController.0.0.11,gentq,scalar,IDENTICAL,0.0000000000000000,0.0000000000000000,
PIIController.0.0.11,gentqmeas,scalar,IDENTICAL,0.0000000000000000,0.0000000000000000,
PIIController.0.0.11,genartq,scalar,IDENTICAL,0.0000000000000000,0.0000000000000000,
PIIController.0.0.11,genbrtq,scalar,IDENTICAL,0.0000000000000000,0.0000000000000000,
PIIController.0.0.11,vs_komega2_gentq,scalar,IDENTICAL,731.12278859804076,731.12278859804076,
PIIController.0.0.11,vs_constpwr_gentq,scalar,IDENTICAL,297756.00930539094,297756.00930539094,
PIIController.0.0.11,ipc_pitcomf,array,IDENTICAL,,,size=           3
PIIController.0.0.11,pc_kp,scalar,IDENTICAL,-2.0750000000000001E-002,-2.0750000000000001E-002,
PIIController.0.0.11,pc_ki,scalar,IDENTICAL,-8.4169999999999991E-003,-8.4169999999999991E-003,
PIIController.0.0.11,pc_kd,scalar,IDENTICAL,0.0000000000000000,0.0000000000000000,
PIIController.0.0.11,pc_tf,scalar,IDENTICAL,0.0000000000000000,0.0000000000000000,
PIIController.0.0.11,pc_maxpit,scalar,IDENTICAL,1.5700000000000001,1.5700000000000001,
PIIController.0.0.11,pc_minpit,scalar,IDENTICAL,2.4105207700129750E-003,2.4105207700129750E-003,
PIIController.0.0.11,pc_pitcomt,scalar,IDENTICAL,2.4148001192790956E-003,2.4148001192790956E-003,
PIIController.0.0.11,pc_pitcomt_last,scalar,IDENTICAL,2.4148001192790956E-003,2.4148001192790956E-003,
PIIController.0.0.11,blpitchcmeasf,scalar,IDENTICAL,1.1489789791378959E-005,1.1489789791378959E-005,
PIIController.0.0.11,pc_pitcomt_ipc,array,IDENTICAL,,,size=           3
PIIController.0.0.11,pc_pwrerr,scalar,IDENTICAL,5000000.0000000000,5000000.0000000000,
PIIController.0.0.11,pc_spderr,scalar,IDENTICAL,111.29817297211565,111.29817297211565,
PIIController.0.0.11,ipc_axistilt_1p,scalar,IDENTICAL,0.0000000000000000,0.0000000000000000,
PIIController.0.0.11,ipc_axisyaw_1p,scalar,IDENTICAL,0.0000000000000000,0.0000000000000000,
PIIController.0.0.11,ipc_axistilt_2p,scalar,IDENTICAL,0.0000000000000000,0.0000000000000000,
PIIController.0.0.11,ipc_axisyaw_2p,scalar,IDENTICAL,0.0000000000000000,0.0000000000000000,
PIIController.0.0.11,axistilt_1p,scalar,IDENTICAL,0.0000000000000000,0.0000000000000000,
PIIController.0.0.11,axisyaw_1p,scalar,IDENTICAL,0.0000000000000000,0.0000000000000000,
PIIController.0.0.11,axisyawf_1p,scalar,IDENTICAL,0.0000000000000000,0.0000000000000000,
PIIController.0.0.11,axistilt_2p,scalar,IDENTICAL,0.0000000000000000,0.0000000000000000,
PIIController.0.0.11,axisyaw_2p,scalar,IDENTICAL,0.0000000000000000,0.0000000000000000,
PIIController.0.0.11,axisyawf_2p,scalar,IDENTICAL,0.0000000000000000,0.0000000000000000,
PIIController.0.0.11,ipc_ki,array,IDENTICAL,,,size=           2
PIIController.0.0.11,ipc_kp,array,IDENTICAL,,,size=           2
PIIController.0.0.11,ipc_intsat,scalar,IDENTICAL,0.0000000000000000,0.0000000000000000,
PIIController.0.0.11,pc_state,scalar,IDENTICAL,1,1,
PIIController.0.0.11,pitcom,array,IDENTICAL,,,size=           3
PIIController.0.0.11,pitcom_sd,array,IDENTICAL,,,size=           3
PIIController.0.0.11,pitcomact,array,IDENTICAL,,,size=           3
PIIController.0.0.11,ss_delomegaf,scalar,IDENTICAL,-6.1749923432785279,-6.1749923432785279,
PIIController.0.0.11,testtype,scalar,IDENTICAL,0.0000000000000000,0.0000000000000000,
PIIController.0.0.11,kp_float,scalar,IDENTICAL,0.0000000000000000,0.0000000000000000,
PIIController.0.0.11,vs_maxtq,scalar,IDENTICAL,47402.900000000001,47402.900000000001,
PIIController.0.0.11,vs_lastgentrq,scalar,IDENTICAL,0.0000000000000000,0.0000000000000000,
PIIController.0.0.11,vs_lastgenpwr,scalar,IDENTICAL,0.0000000000000000,0.0000000000000000,
PIIController.0.0.11,vs_mechgenpwr,scalar,IDENTICAL,0.0000000000000000,0.0000000000000000,
PIIController.0.0.11,vs_spderrar,scalar,IDENTICAL,97.684690471887023,97.684690471887023,
PIIController.0.0.11,vs_spderrbr,scalar,IDENTICAL,16.854435907913576,16.854435907913576,
PIIController.0.0.11,vs_spderr,scalar,IDENTICAL,97.684690471887023,97.684690471887023,
PIIController.0.0.11,vs_state,scalar,IDENTICAL,1,1,
PIIController.0.0.11,vs_rgn3pitch,scalar,IDENTICAL,1.9864800119279095E-002,1.9864800119279095E-002,
PIIController.0.0.11,we_vw,scalar,IDENTICAL,9.9926969433939288,9.9926969433939288,
PIIController.0.0.11,we_vw_f,scalar,IDENTICAL,9.9998605425567426,9.9998605425567426,
PIIController.0.0.11,we_vwi,scalar,IDENTICAL,10.000000000000000,10.000000000000000,
PIIController.0.0.11,we_vwidot,scalar,IDENTICAL,0.0000000000000000,0.0000000000000000,
PIIController.0.0.11,we_op,scalar,IDENTICAL,0,0,
PIIController.0.0.11,we_op_last,scalar,IDENTICAL,0,0,
PIIController.0.0.11,vs_lastgentrqf,scalar,IDENTICAL,2.1610016732366124,2.1610016732366124,
PIIController.0.0.11,prc_wse_f,scalar,IDENTICAL,0.0000000000000000,0.0000000000000000,
PIIController.0.0.11,prc_r_speed,scalar,IDENTICAL,1.0000000000000000,1.0000000000000000,
PIIController.0.0.11,prc_r_torque,scalar,IDENTICAL,1.0000000000000000,1.0000000000000000,
PIIController.0.0.11,prc_r_pitch,scalar,IDENTICAL,1.0000000000000000,1.0000000000000000,
PIIController.0.0.11,prc_r_total,scalar,IDENTICAL,0.0000000000000000,0.0000000000000000,
PIIController.0.0.11,prc_min_pitch,scalar,IDENTICAL,0.0000000000000000,0.0000000000000000,
PIIController.0.0.11,ps_min_pitch,scalar,IDENTICAL,2.4105207700129750E-003,2.4105207700129750E-003,
PIIController.0.0.11,ol_index,scalar,IDENTICAL,0.10000000149011612,0.10000000149011612,
PIIController.0.0.11,su_stage,scalar,IDENTICAL,0,0,
PIIController.0.0.11,su_loadstagestarttime,scalar,IDENTICAL,0.0000000000000000,0.0000000000000000,
PIIController.0.0.11,su_rotspeedf,scalar,IDENTICAL,0.0000000000000000,0.0000000000000000,
PIIController.0.0.11,sd_trigger,scalar,IDENTICAL,0,0,
PIIController.0.0.11,sd_blpitchf,scalar,IDENTICAL,0.0000000000000000,0.0000000000000000,
PIIController.0.0.11,sd_nacvanef,scalar,IDENTICAL,0.0000000000000000,0.0000000000000000,
PIIController.0.0.11,sd_genspeedf,scalar,IDENTICAL,0.0000000000000000,0.0000000000000000,
PIIController.0.0.11,sd_stage,scalar,IDENTICAL,0,0,
PIIController.0.0.11,sd_stagestarttime,scalar,IDENTICAL,0.0000000000000000,0.0000000000000000,
PIIController.0.0.11,sd_maxpitchrate,scalar,IDENTICAL,0.0000000000000000,0.0000000000000000,
PIIController.0.0.11,sd_maxtorquerate,scalar,IDENTICAL,0.0000000000000000,0.0000000000000000,
PIIController.0.0.11,gentq_sd,scalar,IDENTICAL,0.0000000000000000,0.0000000000000000,
PIIController.0.0.11,fl_pitcom,scalar,IDENTICAL,0.0000000000000000,0.0000000000000000,
PIIController.0.0.11,nacimu_fa_accf,scalar,IDENTICAL,0.0000000000000000,0.0000000000000000,
PIIController.0.0.11,fa_accf,scalar,IDENTICAL,0.0000000000000000,0.0000000000000000,
PIIController.0.0.11,fa_hist,scalar,IDENTICAL,0,0,
PIIController.0.0.11,tra_lastrefspd,scalar,IDENTICAL,0.0000000000000000,0.0000000000000000,
PIIController.0.0.11,vs_refspeed,scalar,IDENTICAL,0.0000000000000000,0.0000000000000000,
PIIController.0.0.11,ptfmtdx,scalar,IDENTICAL,0.0000000000000000,0.0000000000000000,
PIIController.0.0.11,ptfmtdy,scalar,IDENTICAL,0.0000000000000000,0.0000000000000000,
PIIController.0.0.11,ptfmtdz,scalar,IDENTICAL,0.0000000000000000,0.0000000000000000,
PIIController.0.0.11,ptfmrdx,scalar,IDENTICAL,0.0000000000000000,0.0000000000000000,
PIIController.0.0.11,ptfmrdy,scalar,IDENTICAL,0.0000000000000000,0.0000000000000000,
PIIController.0.0.11,ptfmrdz,scalar,IDENTICAL,0.0000000000000000,0.0000000000000000,
PIIController.0.0.11,ptfmtvx,scalar,IDENTICAL,0.0000000000000000,0.0000000000000000,
PIIController.0.0.11,ptfmtvy,scalar,IDENTICAL,0.0000000000000000,0.0000000000000000,
PIIController.0.0.11,ptfmtvz,scalar,IDENTICAL,0.0000000000000000,0.0000000000000000,
PIIController.0.0.11,ptfmrvx,scalar,IDENTICAL,0.0000000000000000,0.0000000000000000,
PIIController.0.0.11,ptfmrvy,scalar,IDENTICAL,0.0000000000000000,0.0000000000000000,
PIIController.0.0.11,ptfmrvz,scalar,IDENTICAL,0.0000000000000000,0.0000000000000000,
PIIController.0.0.11,ptfmtax,scalar,IDENTICAL,0.0000000000000000,0.0000000000000000,
PIIController.0.0.11,ptfmtay,scalar,IDENTICAL,0.0000000000000000,0.0000000000000000,
PIIController.0.0.11,ptfmtaz,scalar,IDENTICAL,0.0000000000000000,0.0000000000000000,
PIIController.0.0.11,ptfmrax,scalar,IDENTICAL,0.0000000000000000,0.0000000000000000,
PIIController.0.0.11,ptfmray,scalar,IDENTICAL,0.0000000000000000,0.0000000000000000,
PIIController.0.0.11,ptfmraz,scalar,IDENTICAL,0.0000000000000000,0.0000000000000000,
PIIController.0.0.11,cc_desiredl,array,IDENTICAL,,,size=          12
PIIController.0.0.11,cc_actuatedl,array,IDENTICAL,,,size=          12
PIIController.0.0.11,cc_actuateddl,array,IDENTICAL,,,size=          12
PIIController.0.0.11,stc_input,array,IDENTICAL,,,size=          12
PIIController.0.0.11,flp_angle,array,IDENTICAL,,,size=           3
PIIController.0.0.11,rootmyb_last,array,IDENTICAL,,,size=           3
PIIController.0.0.11,acc_infile_size,scalar,IDENTICAL,42,42,
PIIController.0.0.11,acc_infile,array,IDENTICAL,,,size=          42
PIIController.0.0.11,restart,scalar,IDENTICAL,F,F,
PIIController.0.0.11,awc_complexangle,array,IDENTICAL,,,size=           3
PIIController.0.0.11,tiltmean,scalar,IDENTICAL,0.0000000000000000,0.0000000000000000,
PIIController.0.0.11,yawmean,scalar,IDENTICAL,0.0000000000000000,0.0000000000000000,
PIIController.0.0.11,zmq_id,scalar,IDENTICAL,0,0,
PIIController.0.0.11,zmq_yawoffset,scalar,IDENTICAL,0.0000000000000000,0.0000000000000000,
PIIController.0.0.11,zmq_torqueoffset,scalar,IDENTICAL,0.0000000000000000,0.0000000000000000,
PIIController.0.0.11,zmq_pitoffset,array,IDENTICAL,,,size=           3
PIIController.0.0.11,zmq_r_speed,scalar,IDENTICAL,0.0000000000000000,0.0000000000000000,
PIIController.0.0.11,zmq_r_torque,scalar,IDENTICAL,0.0000000000000000,0.0000000000000000,
PIIController.0.0.11,zmq_r_pitch,scalar,IDENTICAL,0.0000000000000000,0.0000000000000000,
PIIController.0.0.11,om_r,scalar,IDENTICAL,0.0000000000000000,0.0000000000000000,
PIIController.0.0.11,v_t,scalar,IDENTICAL,0.0000000000000000,0.0000000000000000,
PIIController.0.0.11,v_m,scalar,IDENTICAL,0.0000000000000000,0.0000000000000000,
PIIController.0.0.11,v_h,scalar,IDENTICAL,0.0000000000000000,0.0000000000000000,
PIIController.0.0.11,p,array,IDENTICAL,,,size=           9
PIIController.0.0.11,xh,array,IDENTICAL,,,size=           3
PIIController.0.0.11,k,array,IDENTICAL,,,size=           3
PIIController.0.0.11,lpf1_a1,array,IDENTICAL,,,size=        1024
PIIController.0.0.11,lpf1_a0,array,IDENTICAL,,,size=        1024
PIIController.0.0.11,lpf1_b1,array,IDENTICAL,,,size=        1024
PIIController.0.0.11,lpf1_b0,array,IDENTICAL,,,size=        1024
PIIController.0.0.11,lpf1_inputsignallast,array,IDENTICAL,,,size=        1024
PIIController.0.0.11,lpf1_outputsignallast,array,IDENTICAL,,,size=        1024
PIIController.0.0.11,lpf2_a2,array,IDENTICAL,,,size=        1024
PIIController.0.0.11,lpf2_a1,array,IDENTICAL,,,size=        1024
PIIController.0.0.11,lpf2_a0,array,IDENTICAL,,,size=        1024
PIIController.0.0.11,lpf2_b2,array,IDENTICAL,,,size=        1024
PIIController.0.0.11,lpf2_b1,array,IDENTICAL,,,size=        1024
PIIController.0.0.11,lpf2_b0,array,IDENTICAL,,,size=        1024
PIIController.0.0.11,lpf2_inputsignallast2,array,IDENTICAL,,,size=        1024
PIIController.0.0.11,lpf2_outputsignallast2,array,IDENTICAL,,,size=        1024
PIIController.0.0.11,lpf2_inputsignallast1,array,IDENTICAL,,,size=        1024
PIIController.0.0.11,lpf2_outputsignallast1,array,IDENTICAL,,,size=        1024
PIIController.0.0.11,lpfv_a2,array,IDENTICAL,,,size=        1024
PIIController.0.0.11,lpfv_a1,array,IDENTICAL,,,size=        1024
PIIController.0.0.11,lpfv_a0,array,IDENTICAL,,,size=        1024
PIIController.0.0.11,lpfv_b2,array,IDENTICAL,,,size=        1024
PIIController.0.0.11,lpfv_b1,array,IDENTICAL,,,size=        1024
PIIController.0.0.11,lpfv_b0,array,IDENTICAL,,,size=        1024
PIIController.0.0.11,lpfv_inputsignallast2,array,IDENTICAL,,,size=        1024
PIIController.0.0.11,lpfv_outputsignallast2,array,IDENTICAL,,,size=        1024
PIIController.0.0.11,lpfv_inputsignallast1,array,IDENTICAL,,,size=        1024
PIIController.0.0.11,lpfv_outputsignallast1,array,IDENTICAL,,,size=        1024
PIIController.0.0.11,hpf_inputsignallast,array,IDENTICAL,,,size=        1024
PIIController.0.0.11,hpf_outputsignallast,array,IDENTICAL,,,size=        1024
PIIController.0.0.11,nfs_outputsignallast1,array,IDENTICAL,,,size=        1024
PIIController.0.0.11,nfs_outputsignallast2,array,IDENTICAL,,,size=        1024
PIIController.0.0.11,nfs_inputsignallast1,array,IDENTICAL,,,size=        1024
PIIController.0.0.11,nfs_inputsignallast2,array,IDENTICAL,,,size=        1024
PIIController.0.0.11,nfs_b2,array,IDENTICAL,,,size=        1024
PIIController.0.0.11,nfs_b0,array,IDENTICAL,,,size=        1024
PIIController.0.0.11,nfs_a2,array,IDENTICAL,,,size=        1024
PIIController.0.0.11,nfs_a1,array,IDENTICAL,,,size=        1024
PIIController.0.0.11,nfs_a0,array,IDENTICAL,,,size=        1024
PIIController.0.0.11,nf_outputsignallast1,array,IDENTICAL,,,size=        1024
PIIController.0.0.11,nf_outputsignallast2,array,IDENTICAL,,,size=        1024
PIIController.0.0.11,nf_inputsignallast1,array,IDENTICAL,,,size=        1024
PIIController.0.0.11,nf_inputsignallast2,array,IDENTICAL,,,size=        1024
PIIController.0.0.11,nf_b2,array,IDENTICAL,,,size=        1024
PIIController.0.0.11,nf_b1,array,IDENTICAL,,,size=        1024
PIIController.0.0.11,nf_b0,array,IDENTICAL,,,size=        1024
PIIController.0.0.11,nf_a1,array,IDENTICAL,,,size=        1024
PIIController.0.0.11,nf_a0,array,IDENTICAL,,,size=        1024
PIIController.0.0.11,iterm,array,IDENTICAL,,,size=        1024
PIIController.0.0.11,itermlast,array,IDENTICAL,,,size=        1024
PIIController.0.0.11,iterm2,array,IDENTICAL,,,size=        1024
PIIController.0.0.11,itermlast2,array,IDENTICAL,,,size=        1024
PIIController.0.0.11,elast,array,IDENTICAL,,,size=        1024
PIIController.0.0.11,res_outputsignallast1,array,IDENTICAL,,,size=        1024
PIIController.0.0.11,res_outputsignallast2,array,IDENTICAL,,,size=        1024
PIIController.0.0.11,res_inputsignallast1,array,IDENTICAL,,,size=        1024
PIIController.0.0.11,res_inputsignallast2,array,IDENTICAL,,,size=        1024
PIIController.0.0.11,lastsignal,array,IDENTICAL,,,size=        1024
PIIController.0.0.11,instlpf,scalar,IDENTICAL,9,9,
PIIController.0.0.11,instseclpf,scalar,IDENTICAL,8,8,
PIIController.0.0.11,instseclpfv,scalar,IDENTICAL,1,1,
PIIController.0.0.11,insthpf,scalar,IDENTICAL,6,6,
PIIController.0.0.11,instnotchslopes,scalar,IDENTICAL,1,1,
PIIController.0.0.11,instnotch,scalar,IDENTICAL,1,1,
PIIController.0.0.11,instpi,scalar,IDENTICAL,5,5,
PIIController.0.0.11,instres,scalar,IDENTICAL,1,1,
PIIController.0.0.11,instrl,scalar,IDENTICAL,9,9,
PIIController.0.0.12,istatus,scalar,IDENTICAL,1,1,
PIIController.0.0.12,alreadyinitialized,scalar,IDENTICAL,0,0,
PIIController.0.0.12,restartwse,scalar,IDENTICAL,1,1,
PIIController.0.0.12,time,scalar,IDENTICAL,0.10000000149011612,0.10000000149011612,
PIIController.0.0.12,dt,scalar,IDENTICAL,2.5000000372529030E-002,2.5000000372529030E-002,
PIIController.0.0.12,writethisstep,scalar,IDENTICAL,F,F,
PIIController.0.0.12,n_dt,scalar,IDENTICAL,4,4,
PIIController.0.0.12,time_last,scalar,IDENTICAL,0.0000000000000000,0.0000000000000000,
PIIController.0.0.12,vs_genpwr,scalar,IDENTICAL,0.0000000000000000,0.0000000000000000,
PIIController.0.0.12,genspeed,scalar,IDENTICAL,40.914356231689453,40.914356231689453,
PIIController.0.0.12,rotspeed,scalar,IDENTICAL,0.42179748415946960,0.42179748415946960,
PIIController.0.0.12,nacheading,scalar,IDENTICAL,0.0000000000000000,0.0000000000000000,
PIIController.0.0.12,nacvane,scalar,IDENTICAL,0.0000000000000000,0.0000000000000000,
PIIController.0.0.12,nacvanef,scalar,IDENTICAL,0.0000000000000000,0.0000000000000000,
PIIController.0.0.12,winddir,scalar,IDENTICAL,0.0000000000000000,0.0000000000000000,
PIIController.0.0.12,horwindv,scalar,IDENTICAL,9.0000000000000000,9.0000000000000000,
PIIController.0.0.12,horwindv_f,scalar,IDENTICAL,9.9926969433939288,9.9926969433939288,
PIIController.0.0.12,rootmoop,array,IDENTICAL,,,size=           3
PIIController.0.0.12,rootmoopf,array,IDENTICAL,,,size=           3
PIIController.0.0.12,blpitch,array,IDENTICAL,,,size=           3
PIIController.0.0.12,blpitchcmeas,scalar,IDENTICAL,2.4169582377752694E-003,2.4169582377752694E-003,
PIIController.0.0.12,azimuth,scalar,IDENTICAL,0.0000000000000000,0.0000000000000000,
PIIController.0.0.12,ol_azimuth,scalar,IDENTICAL,0.0000000000000000,0.0000000000000000,
PIIController.0.0.12,azunwrapped,scalar,IDENTICAL,0.0000000000000000,0.0000000000000000,
PIIController.0.0.12,azerror,scalar,IDENTICAL,0.0000000000000000,0.0000000000000000,
PIIController.0.0.12,gentqaz,scalar,IDENTICAL,0.0000000000000000,0.0000000000000000,
PIIController.0.0.12,azbuffer,array,IDENTICAL,,,size=           2
PIIController.0.0.12,numbl,scalar,IDENTICAL,3,3,
PIIController.0.0.12,fa_acc_tt,scalar,IDENTICAL,0.0000000000000000,0.0000000000000000,
PIIController.0.0.12,ss_acc_tt,scalar,IDENTICAL,0.0000000000000000,0.0000000000000000,
PIIController.0.0.12,fa_acc_nac,scalar,IDENTICAL,0.0000000000000000,0.0000000000000000,
PIIController.0.0.12,nacimu_fa_racc,scalar,IDENTICAL,0.0000000000000000,0.0000000000000000,
PIIController.0.0.12,fa_acchpf,scalar,IDENTICAL,0.0000000000000000,0.0000000000000000,
PIIController.0.0.12,fa_acchpfi,scalar,IDENTICAL,0.0000000000000000,0.0000000000000000,
PIIController.0.0.12,fa_pitcom,array,IDENTICAL,,,size=           3
PIIController.0.0.12,vs_refspd,scalar,IDENTICAL,115.47311456397345,115.47311456397345,
PIIController.0.0.12,vs_refspd_tsr,scalar,IDENTICAL,115.39185756062038,115.39185756062038,
PIIController.0.0.12,vs_refspd_tra,scalar,IDENTICAL,0.0000000000000000,0.0000000000000000,
PIIController.0.0.12,vs_refspd_rl,scalar,IDENTICAL,0.0000000000000000,0.0000000000000000,
PIIController.0.0.12,pc_refspd,scalar,IDENTICAL,129.08659706420207,129.08659706420207,
PIIController.0.0.12,pc_refspd_ss,scalar,IDENTICAL,129.08659706420207,129.08659706420207,
PIIController.0.0.12,pc_refspd_prc,scalar,IDENTICAL,122.90967000000001,122.90967000000001,
PIIController.0.0.12,rotspeedf,scalar,IDENTICAL,0.75563335250146280,0.75563335250146280,
PIIController.0.0.12,genspeedf,scalar,IDENTICAL,17.788424092086423,17.788424092086423,
PIIController.0.0.12,gentq,scalar,IDENTICAL,0.0000000000000000,0.0000000000000000,
PIIController.0.0.12,gentqmeas,scalar,IDENTICAL,0.0000000000000000,0.0000000000000000,
PIIController.0.0.12,genartq,scalar,IDENTICAL,0.0000000000000000,0.0000000000000000,
PIIController.0.0.12,genbrtq,scalar,IDENTICAL,0.0000000000000000,0.0000000000000000,
PIIController.0.0.12,vs_komega2_gentq,scalar,IDENTICAL,731.12278859804076,731.12278859804076,
PIIController.0.0.12,vs_constpwr_gentq,scalar,IDENTICAL,297756.00930539094,297756.00930539094,
PIIController.0.0.12,ipc_pitcomf,array,IDENTICAL,,,size=           3
PIIController.0.0.12,pc_kp,scalar,IDENTICAL,-2.0750000000000001E-002,-2.0750000000000001E-002,
PIIController.0.0.12,pc_ki,scalar,IDENTICAL,-8.4169999999999991E-003,-8.4169999999999991E-003,
PIIController.0.0.12,pc_kd,scalar,IDENTICAL,0.0000000000000000,0.0000000000000000,
PIIController.0.0.12,pc_tf,scalar,IDENTICAL,0.0000000000000000,0.0000000000000000,
PIIController.0.0.12,pc_maxpit,scalar,IDENTICAL,1.5700000000000001,1.5700000000000001,
PIIController.0.0.12,pc_minpit,scalar,IDENTICAL,2.4105207700129750E-003,2.4105207700129750E-003,
PIIController.0.0.12,pc_pitcomt,scalar,IDENTICAL,2.4148001192790956E-003,2.4148001192790956E-003,
PIIController.0.0.12,pc_pitcomt_last,scalar,IDENTICAL,2.4148001192790956E-003,2.4148001192790956E-003,
PIIController.0.0.12,blpitchcmeasf,scalar,IDENTICAL,1.1489789791378959E-005,1.1489789791378959E-005,
PIIController.0.0.12,pc_pitcomt_ipc,array,IDENTICAL,,,size=           3
PIIController.0.0.12,pc_pwrerr,scalar,IDENTICAL,5000000.0000000000,5000000.0000000000,
PIIController.0.0.12,pc_spderr,scalar,IDENTICAL,111.29817297211565,111.29817297211565,
PIIController.0.0.12,ipc_axistilt_1p,scalar,IDENTICAL,0.0000000000000000,0.0000000000000000,
PIIController.0.0.12,ipc_axisyaw_1p,scalar,IDENTICAL,0.0000000000000000,0.0000000000000000,
PIIController.0.0.12,ipc_axistilt_2p,scalar,IDENTICAL,0.0000000000000000,0.0000000000000000,
PIIController.0.0.12,ipc_axisyaw_2p,scalar,IDENTICAL,0.0000000000000000,0.0000000000000000,
PIIController.0.0.12,axistilt_1p,scalar,IDENTICAL,0.0000000000000000,0.0000000000000000,
PIIController.0.0.12,axisyaw_1p,scalar,IDENTICAL,0.0000000000000000,0.0000000000000000,
PIIController.0.0.12,axisyawf_1p,scalar,IDENTICAL,0.0000000000000000,0.0000000000000000,
PIIController.0.0.12,axistilt_2p,scalar,IDENTICAL,0.0000000000000000,0.0000000000000000,
PIIController.0.0.12,axisyaw_2p,scalar,IDENTICAL,0.0000000000000000,0.0000000000000000,
PIIController.0.0.12,axisyawf_2p,scalar,IDENTICAL,0.0000000000000000,0.0000000000000000,
PIIController.0.0.12,ipc_ki,array,IDENTICAL,,,size=           2
PIIController.0.0.12,ipc_kp,array,IDENTICAL,,,size=           2
PIIController.0.0.12,ipc_intsat,scalar,IDENTICAL,0.0000000000000000,0.0000000000000000,
PIIController.0.0.12,pc_state,scalar,IDENTICAL,1,1,
PIIController.0.0.12,pitcom,array,IDENTICAL,,,size=           3
PIIController.0.0.12,pitcom_sd,array,IDENTICAL,,,size=           3
PIIController.0.0.12,pitcomact,array,IDENTICAL,,,size=           3
PIIController.0.0.12,ss_delomegaf,scalar,IDENTICAL,-6.1749923432785279,-6.1749923432785279,
PIIController.0.0.12,testtype,scalar,IDENTICAL,0.0000000000000000,0.0000000000000000,
PIIController.0.0.12,kp_float,scalar,IDENTICAL,0.0000000000000000,0.0000000000000000,
PIIController.0.0.12,vs_maxtq,scalar,IDENTICAL,47402.900000000001,47402.900000000001,
PIIController.0.0.12,vs_lastgentrq,scalar,IDENTICAL,0.0000000000000000,0.0000000000000000,
PIIController.0.0.12,vs_lastgenpwr,scalar,IDENTICAL,0.0000000000000000,0.0000000000000000,
PIIController.0.0.12,vs_mechgenpwr,scalar,IDENTICAL,0.0000000000000000,0.0000000000000000,
PIIController.0.0.12,vs_spderrar,scalar,IDENTICAL,97.684690471887023,97.684690471887023,
PIIController.0.0.12,vs_spderrbr,scalar,IDENTICAL,16.854435907913576,16.854435907913576,
PIIController.0.0.12,vs_spderr,scalar,IDENTICAL,97.684690471887023,97.684690471887023,
PIIController.0.0.12,vs_state,scalar,IDENTICAL,1,1,
PIIController.0.0.12,vs_rgn3pitch,scalar,IDENTICAL,1.9864800119279095E-002,1.9864800119279095E-002,
PIIController.0.0.12,we_vw,scalar,IDENTICAL,9.9926969433939288,9.9926969433939288,
PIIController.0.0.12,we_vw_f,scalar,IDENTICAL,9.9998605425567426,9.9998605425567426,
PIIController.0.0.12,we_vwi,scalar,IDENTICAL,10.000000000000000,10.000000000000000,
PIIController.0.0.12,we_vwidot,scalar,IDENTICAL,0.0000000000000000,0.0000000000000000,
PIIController.0.0.12,we_op,scalar,IDENTICAL,0,0,
PIIController.0.0.12,we_op_last,scalar,IDENTICAL,0,0,
PIIController.0.0.12,vs_lastgentrqf,scalar,IDENTICAL,2.1610016732366124,2.1610016732366124,
PIIController.0.0.12,prc_wse_f,scalar,IDENTICAL,0.0000000000000000,0.0000000000000000,
PIIController.0.0.12,prc_r_speed,scalar,IDENTICAL,1.0000000000000000,1.0000000000000000,
PIIController.0.0.12,prc_r_torque,scalar,IDENTICAL,1.0000000000000000,1.0000000000000000,
PIIController.0.0.12,prc_r_pitch,scalar,IDENTICAL,1.0000000000000000,1.0000000000000000,
PIIController.0.0.12,prc_r_total,scalar,IDENTICAL,0.0000000000000000,0.0000000000000000,
PIIController.0.0.12,prc_min_pitch,scalar,IDENTICAL,0.0000000000000000,0.0000000000000000,
PIIController.0.0.12,ps_min_pitch,scalar,IDENTICAL,2.4105207700129750E-003,2.4105207700129750E-003,
PIIController.0.0.12,ol_index,scalar,IDENTICAL,0.10000000149011612,0.10000000149011612,
PIIController.0.0.12,su_stage,scalar,IDENTICAL,0,0,
PIIController.0.0.12,su_loadstagestarttime,scalar,IDENTICAL,0.0000000000000000,0.0000000000000000,
PIIController.0.0.12,su_rotspeedf,scalar,IDENTICAL,0.0000000000000000,0.0000000000000000,
PIIController.0.0.12,sd_trigger,scalar,IDENTICAL,0,0,
PIIController.0.0.12,sd_blpitchf,scalar,IDENTICAL,0.0000000000000000,0.0000000000000000,
PIIController.0.0.12,sd_nacvanef,scalar,IDENTICAL,0.0000000000000000,0.0000000000000000,
PIIController.0.0.12,sd_genspeedf,scalar,IDENTICAL,0.0000000000000000,0.0000000000000000,
PIIController.0.0.12,sd_stage,scalar,IDENTICAL,0,0,
PIIController.0.0.12,sd_stagestarttime,scalar,IDENTICAL,0.0000000000000000,0.0000000000000000,
PIIController.0.0.12,sd_maxpitchrate,scalar,IDENTICAL,0.0000000000000000,0.0000000000000000,
PIIController.0.0.12,sd_maxtorquerate,scalar,IDENTICAL,0.0000000000000000,0.0000000000000000,
PIIController.0.0.12,gentq_sd,scalar,IDENTICAL,0.0000000000000000,0.0000000000000000,
PIIController.0.0.12,fl_pitcom,scalar,IDENTICAL,0.0000000000000000,0.0000000000000000,
PIIController.0.0.12,nacimu_fa_accf,scalar,IDENTICAL,0.0000000000000000,0.0000000000000000,
PIIController.0.0.12,fa_accf,scalar,IDENTICAL,0.0000000000000000,0.0000000000000000,
PIIController.0.0.12,fa_hist,scalar,IDENTICAL,0,0,
PIIController.0.0.12,tra_lastrefspd,scalar,IDENTICAL,0.0000000000000000,0.0000000000000000,
PIIController.0.0.12,vs_refspeed,scalar,IDENTICAL,0.0000000000000000,0.0000000000000000,
PIIController.0.0.12,ptfmtdx,scalar,IDENTICAL,0.0000000000000000,0.0000000000000000,
PIIController.0.0.12,ptfmtdy,scalar,IDENTICAL,0.0000000000000000,0.0000000000000000,
PIIController.0.0.12,ptfmtdz,scalar,IDENTICAL,0.0000000000000000,0.0000000000000000,
PIIController.0.0.12,ptfmrdx,scalar,IDENTICAL,0.0000000000000000,0.0000000000000000,
PIIController.0.0.12,ptfmrdy,scalar,IDENTICAL,0.0000000000000000,0.0000000000000000,
PIIController.0.0.12,ptfmrdz,scalar,IDENTICAL,0.0000000000000000,0.0000000000000000,
PIIController.0.0.12,ptfmtvx,scalar,IDENTICAL,0.0000000000000000,0.0000000000000000,
PIIController.0.0.12,ptfmtvy,scalar,IDENTICAL,0.0000000000000000,0.0000000000000000,
PIIController.0.0.12,ptfmtvz,scalar,IDENTICAL,0.0000000000000000,0.0000000000000000,
PIIController.0.0.12,ptfmrvx,scalar,IDENTICAL,0.0000000000000000,0.0000000000000000,
PIIController.0.0.12,ptfmrvy,scalar,IDENTICAL,0.0000000000000000,0.0000000000000000,
PIIController.0.0.12,ptfmrvz,scalar,IDENTICAL,0.0000000000000000,0.0000000000000000,
PIIController.0.0.12,ptfmtax,scalar,IDENTICAL,0.0000000000000000,0.0000000000000000,
PIIController.0.0.12,ptfmtay,scalar,IDENTICAL,0.0000000000000000,0.0000000000000000,
PIIController.0.0.12,ptfmtaz,scalar,IDENTICAL,0.0000000000000000,0.0000000000000000,
PIIController.0.0.12,ptfmrax,scalar,IDENTICAL,0.0000000000000000,0.0000000000000000,
PIIController.0.0.12,ptfmray,scalar,IDENTICAL,0.0000000000000000,0.0000000000000000,
PIIController.0.0.12,ptfmraz,scalar,IDENTICAL,0.0000000000000000,0.0000000000000000,
PIIController.0.0.12,cc_desiredl,array,IDENTICAL,,,size=          12
PIIController.0.0.12,cc_actuatedl,array,IDENTICAL,,,size=          12
PIIController.0.0.12,cc_actuateddl,array,IDENTICAL,,,size=          12
PIIController.0.0.12,stc_input,array,IDENTICAL,,,size=          12
PIIController.0.0.12,flp_angle,array,IDENTICAL,,,size=           3
PIIController.0.0.12,rootmyb_last,array,IDENTICAL,,,size=           3
PIIController.0.0.12,acc_infile_size,scalar,IDENTICAL,42,42,
PIIController.0.0.12,acc_infile,array,IDENTICAL,,,size=          42
PIIController.0.0.12,restart,scalar,IDENTICAL,F,F,
PIIController.0.0.12,awc_complexangle,array,IDENTICAL,,,size=           3
PIIController.0.0.12,tiltmean,scalar,IDENTICAL,0.0000000000000000,0.0000000000000000,
PIIController.0.0.12,yawmean,scalar,IDENTICAL,0.0000000000000000,0.0000000000000000,
PIIController.0.0.12,zmq_id,scalar,IDENTICAL,0,0,
PIIController.0.0.12,zmq_yawoffset,scalar,IDENTICAL,0.0000000000000000,0.0000000000000000,
PIIController.0.0.12,zmq_torqueoffset,scalar,IDENTICAL,0.0000000000000000,0.0000000000000000,
PIIController.0.0.12,zmq_pitoffset,array,IDENTICAL,,,size=           3
PIIController.0.0.12,zmq_r_speed,scalar,IDENTICAL,0.0000000000000000,0.0000000000000000,
PIIController.0.0.12,zmq_r_torque,scalar,IDENTICAL,0.0000000000000000,0.0000000000000000,
PIIController.0.0.12,zmq_r_pitch,scalar,IDENTICAL,0.0000000000000000,0.0000000000000000,
PIIController.0.0.12,om_r,scalar,IDENTICAL,0.0000000000000000,0.0000000000000000,
PIIController.0.0.12,v_t,scalar,IDENTICAL,0.0000000000000000,0.0000000000000000,
PIIController.0.0.12,v_m,scalar,IDENTICAL,0.0000000000000000,0.0000000000000000,
PIIController.0.0.12,v_h,scalar,IDENTICAL,0.0000000000000000,0.0000000000000000,
PIIController.0.0.12,p,array,IDENTICAL,,,size=           9
PIIController.0.0.12,xh,array,IDENTICAL,,,size=           3
PIIController.0.0.12,k,array,IDENTICAL,,,size=           3
PIIController.0.0.12,lpf1_a1,array,IDENTICAL,,,size=        1024
PIIController.0.0.12,lpf1_a0,array,IDENTICAL,,,size=        1024
PIIController.0.0.12,lpf1_b1,array,IDENTICAL,,,size=        1024
PIIController.0.0.12,lpf1_b0,array,IDENTICAL,,,size=        1024
PIIController.0.0.12,lpf1_inputsignallast,array,IDENTICAL,,,size=        1024
PIIController.0.0.12,lpf1_outputsignallast,array,IDENTICAL,,,size=        1024
PIIController.0.0.12,lpf2_a2,array,IDENTICAL,,,size=        1024
PIIController.0.0.12,lpf2_a1,array,IDENTICAL,,,size=        1024
PIIController.0.0.12,lpf2_a0,array,IDENTICAL,,,size=        1024
PIIController.0.0.12,lpf2_b2,array,IDENTICAL,,,size=        1024
PIIController.0.0.12,lpf2_b1,array,IDENTICAL,,,size=        1024
PIIController.0.0.12,lpf2_b0,array,IDENTICAL,,,size=        1024
PIIController.0.0.12,lpf2_inputsignallast2,array,IDENTICAL,,,size=        1024
PIIController.0.0.12,lpf2_outputsignallast2,array,IDENTICAL,,,size=        1024
PIIController.0.0.12,lpf2_inputsignallast1,array,IDENTICAL,,,size=        1024
PIIController.0.0.12,lpf2_outputsignallast1,array,IDENTICAL,,,size=        1024
PIIController.0.0.12,lpfv_a2,array,IDENTICAL,,,size=        1024
PIIController.0.0.12,lpfv_a1,array,IDENTICAL,,,size=        1024
PIIController.0.0.12,lpfv_a0,array,IDENTICAL,,,size=        1024
PIIController.0.0.12,lpfv_b2,array,IDENTICAL,,,size=        1024
PIIController.0.0.12,lpfv_b1,array,IDENTICAL,,,size=        1024
PIIController.0.0.12,lpfv_b0,array,IDENTICAL,,,size=        1024
PIIController.0.0.12,lpfv_inputsignallast2,array,IDENTICAL,,,size=        1024
PIIController.0.0.12,lpfv_outputsignallast2,array,IDENTICAL,,,size=        1024
PIIController.0.0.12,lpfv_inputsignallast1,array,IDENTICAL,,,size=        1024
PIIController.0.0.12,lpfv_outputsignallast1,array,IDENTICAL,,,size=        1024
PIIController.0.0.12,hpf_inputsignallast,array,IDENTICAL,,,size=        1024
PIIController.0.0.12,hpf_outputsignallast,array,IDENTICAL,,,size=        1024
PIIController.0.0.12,nfs_outputsignallast1,array,IDENTICAL,,,size=        1024
PIIController.0.0.12,nfs_outputsignallast2,array,IDENTICAL,,,size=        1024
PIIController.0.0.12,nfs_inputsignallast1,array,IDENTICAL,,,size=        1024
PIIController.0.0.12,nfs_inputsignallast2,array,IDENTICAL,,,size=        1024
PIIController.0.0.12,nfs_b2,array,IDENTICAL,,,size=        1024
PIIController.0.0.12,nfs_b0,array,IDENTICAL,,,size=        1024
PIIController.0.0.12,nfs_a2,array,IDENTICAL,,,size=        1024
PIIController.0.0.12,nfs_a1,array,IDENTICAL,,,size=        1024
PIIController.0.0.12,nfs_a0,array,IDENTICAL,,,size=        1024
PIIController.0.0.12,nf_outputsignallast1,array,IDENTICAL,,,size=        1024
PIIController.0.0.12,nf_outputsignallast2,array,IDENTICAL,,,size=        1024
PIIController.0.0.12,nf_inputsignallast1,array,IDENTICAL,,,size=        1024
PIIController.0.0.12,nf_inputsignallast2,array,IDENTICAL,,,size=        1024
PIIController.0.0.12,nf_b2,array,IDENTICAL,,,size=        1024
PIIController.0.0.12,nf_b1,array,IDENTICAL,,,size=        1024
PIIController.0.0.12,nf_b0,array,IDENTICAL,,,size=        1024
PIIController.0.0.12,nf_a1,array,IDENTICAL,,,size=        1024
PIIController.0.0.12,nf_a0,array,IDENTICAL,,,size=        1024
PIIController.0.0.12,iterm,array,IDENTICAL,,,size=        1024
PIIController.0.0.12,itermlast,array,IDENTICAL,,,size=        1024
PIIController.0.0.12,iterm2,array,IDENTICAL,,,size=        1024
PIIController.0.0.12,itermlast2,array,IDENTICAL,,,size=        1024
PIIController.0.0.12,elast,array,IDENTICAL,,,size=        1024
PIIController.0.0.12,res_outputsignallast1,array,IDENTICAL,,,size=        1024
PIIController.0.0.12,res_outputsignallast2,array,IDENTICAL,,,size=        1024
PIIController.0.0.12,res_inputsignallast1,array,IDENTICAL,,,size=        1024
PIIController.0.0.12,res_inputsignallast2,array,IDENTICAL,,,size=        1024
PIIController.0.0.12,lastsignal,array,IDENTICAL,,,size=        1024
PIIController.0.0.12,instlpf,scalar,IDENTICAL,9,9,
PIIController.0.0.12,instseclpf,scalar,IDENTICAL,8,8,
PIIController.0.0.12,instseclpfv,scalar,IDENTICAL,1,1,
PIIController.0.0.12,insthpf,scalar,IDENTICAL,6,6,
PIIController.0.0.12,instnotchslopes,scalar,IDENTICAL,1,1,
PIIController.0.0.12,instnotch,scalar,IDENTICAL,1,1,
PIIController.0.0.12,instpi,scalar,IDENTICAL,6,6,
PIIController.0.0.12,instres,scalar,IDENTICAL,1,1,
PIIController.0.0.12,instrl,scalar,IDENTICAL,9,9,
PIIController.0.0.13,istatus,scalar,IDENTICAL,1,1,
PIIController.0.0.13,alreadyinitialized,scalar,IDENTICAL,0,0,
PIIController.0.0.13,restartwse,scalar,IDENTICAL,1,1,
PIIController.0.0.13,time,scalar,IDENTICAL,0.12500000000000000,0.12500000000000000,
PIIController.0.0.13,dt,scalar,IDENTICAL,2.5000000372529030E-002,2.5000000372529030E-002,
PIIController.0.0.13,writethisstep,scalar,IDENTICAL,F,F,
PIIController.0.0.13,n_dt,scalar,IDENTICAL,5,5,
PIIController.0.0.13,time_last,scalar,IDENTICAL,0.0000000000000000,0.0000000000000000,
PIIController.0.0.13,vs_genpwr,scalar,IDENTICAL,0.0000000000000000,0.0000000000000000,
PIIController.0.0.13,genspeed,scalar,IDENTICAL,40.985992431640625,40.985992431640625,
PIIController.0.0.13,rotspeed,scalar,IDENTICAL,0.42253601551055908,0.42253601551055908,
PIIController.0.0.13,nacheading,scalar,IDENTICAL,0.0000000000000000,0.0000000000000000,
PIIController.0.0.13,nacvane,scalar,IDENTICAL,0.0000000000000000,0.0000000000000000,
PIIController.0.0.13,nacvanef,scalar,IDENTICAL,0.0000000000000000,0.0000000000000000,
PIIController.0.0.13,winddir,scalar,IDENTICAL,0.0000000000000000,0.0000000000000000,
PIIController.0.0.13,horwindv,scalar,IDENTICAL,9.0000000000000000,9.0000000000000000,
PIIController.0.0.13,horwindv_f,scalar,IDENTICAL,9.9906200138453567,9.9906200138453567,
PIIController.0.0.13,rootmoop,array,IDENTICAL,,,size=           3
PIIController.0.0.13,rootmoopf,array,IDENTICAL,,,size=           3
PIIController.0.0.13,blpitch,array,IDENTICAL,,,size=           3
PIIController.0.0.13,blpitchcmeas,scalar,IDENTICAL,2.4148001192790956E-003,2.4148001192790956E-003,
PIIController.0.0.13,azimuth,scalar,IDENTICAL,0.0000000000000000,0.0000000000000000,
PIIController.0.0.13,ol_azimuth,scalar,IDENTICAL,0.0000000000000000,0.0000000000000000,
PIIController.0.0.13,azunwrapped,scalar,IDENTICAL,0.0000000000000000,0.0000000000000000,
PIIController.0.0.13,azerror,scalar,IDENTICAL,0.0000000000000000,0.0000000000000000,
PIIController.0.0.13,gentqaz,scalar,IDENTICAL,0.0000000000000000,0.0000000000000000,
PIIController.0.0.13,azbuffer,array,IDENTICAL,,,size=           2
PIIController.0.0.13,numbl,scalar,IDENTICAL,3,3,
PIIController.0.0.13,fa_acc_tt,scalar,IDENTICAL,0.0000000000000000,0.0000000000000000,
PIIController.0.0.13,ss_acc_tt,scalar,IDENTICAL,0.0000000000000000,0.0000000000000000,
PIIController.0.0.13,fa_acc_nac,scalar,IDENTICAL,0.0000000000000000,0.0000000000000000,
PIIController.0.0.13,nacimu_fa_racc,scalar,IDENTICAL,0.0000000000000000,0.0000000000000000,
PIIController.0.0.13,fa_acchpf,scalar,IDENTICAL,0.0000000000000000,0.0000000000000000,
PIIController.0.0.13,fa_acchpfi,scalar,IDENTICAL,0.0000000000000000,0.0000000000000000,
PIIController.0.0.13,fa_pitcom,array,IDENTICAL,,,size=           3
PIIController.0.0.13,vs_refspd,scalar,IDENTICAL,115.47118180099314,115.47118180099314,
PIIController.0.0.13,vs_refspd_tsr,scalar,IDENTICAL,115.36787396940470,115.36787396940470,
PIIController.0.0.13,vs_refspd_tra,scalar,IDENTICAL,0.0000000000000000,0.0000000000000000,
PIIController.0.0.13,vs_refspd_rl,scalar,IDENTICAL,0.0000000000000000,0.0000000000000000,
PIIController.0.0.13,pc_refspd,scalar,IDENTICAL,129.08466234327852,129.08466234327852,
PIIController.0.0.13,pc_refspd_ss,scalar,IDENTICAL,129.08466234327852,129.08466234327852,
PIIController.0.0.13,pc_refspd_prc,scalar,IDENTICAL,122.90967000000001,122.90967000000001,
PIIController.0.0.13,rotspeedf,scalar,IDENTICAL,0.70706683232553669,0.70706683232553669,
PIIController.0.0.13,genspeedf,scalar,IDENTICAL,21.161732247462410,21.161732247462410,
PIIController.0.0.13,gentq,scalar,IDENTICAL,0.0000000000000000,0.0000000000000000,
PIIController.0.0.13,gentqmeas,scalar,IDENTICAL,0.0000000000000000,0.0000000000000000,
PIIController.0.0.13,genartq,scalar,IDENTICAL,0.0000000000000000,0.0000000000000000,
PIIController.0.0.13,genbrtq,scalar,IDENTICAL,0.0000000000000000,0.0000000000000000,
PIIController.0.0.13,vs_komega2_gentq,scalar,IDENTICAL,1034.7079864591433,1034.7079864591433,
PIIController.0.0.13,vs_constpwr_gentq,scalar,IDENTICAL,250291.89990468114,250291.89990468114,
PIIController.0.0.13,ipc_pitcomf,array,IDENTICAL,,,size=           3
PIIController.0.0.13,pc_kp,scalar,IDENTICAL,-2.0750000000000001E-002,-2.0750000000000001E-002,
PIIController.0.0.13,pc_ki,scalar,IDENTICAL,-8.4169999999999991E-003,-8.4169999999999991E-003,
PIIController.0.0.13,pc_kd,scalar,IDENTICAL,0.0000000000000000,0.0000000000000000,
PIIController.0.0.13,pc_tf,scalar,IDENTICAL,0.0000000000000000,0.0000000000000000,
PIIController.0.0.13,pc_maxpit,scalar,IDENTICAL,1.5700000000000001,1.5700000000000001,
PIIController.0.0.13,pc_minpit,scalar,IDENTICAL,2.4041686882614222E-003,2.4041686882614222E-003,
PIIController.0.0.13,pc_pitcomt,scalar,IDENTICAL,2.4105207700129750E-003,2.4105207700129750E-003,
PIIController.0.0.13,pc_pitcomt_last,scalar,IDENTICAL,2.4105207700129750E-003,2.4105207700129750E-003,
PIIController.0.0.13,blpitchcmeasf,scalar,IDENTICAL,2.1729304884848059E-005,2.1729304884848059E-005,
PIIController.0.0.13,pc_pitcomt_ipc,array,IDENTICAL,,,size=           3
PIIController.0.0.13,pc_pwrerr,scalar,IDENTICAL,5000000.0000000000,5000000.0000000000,
PIIController.0.0.13,pc_spderr,scalar,IDENTICAL,107.92293009581611,107.92293009581611,
PIIController.0.0.13,ipc_axistilt_1p,scalar,IDENTICAL,0.0000000000000000,0.0000000000000000,
PIIController.0.0.13,ipc_axisyaw_1p,scalar,IDENTICAL,0.0000000000000000,0.0000000000000000,
PIIController.0.0.13,ipc_axistilt_2p,scalar,IDENTICAL,0.0000000000000000,0.0000000000000000,
PIIController.0.0.13,ipc_axisyaw_2p,scalar,IDENTICAL,0.0000000000000000,0.0000000000000000,
PIIController.0.0.13,axistilt_1p,scalar,IDENTICAL,0.0000000000000000,0.0000000000000000,
PIIController.0.0.13,axisyaw_1p,scalar,IDENTICAL,0.0000000000000000,0.0000000000000000,
PIIController.0.0.13,axisyawf_1p,scalar,IDENTICAL,0.0000000000000000,0.0000000000000000,
PIIController.0.0.13,axistilt_2p,scalar,IDENTICAL,0.0000000000000000,0.0000000000000000,
PIIController.0.0.13,axisyaw_2p,scalar,IDENTICAL,0.0000000000000000,0.0000000000000000,
PIIController.0.0.13,axisyawf_2p,scalar,IDENTICAL,0.0000000000000000,0.0000000000000000,
PIIController.0.0.13,ipc_ki,array,IDENTICAL,,,size=           2
PIIController.0.0.13,ipc_kp,array,IDENTICAL,,,size=           2
PIIController.0.0.13,ipc_intsat,scalar,IDENTICAL,0.0000000000000000,0.0000000000000000,
PIIController.0.0.13,pc_state,scalar,IDENTICAL,1,1,
PIIController.0.0.13,pitcom,array,IDENTICAL,,,size=           3
PIIController.0.0.13,pitcom_sd,array,IDENTICAL,,,size=           3
PIIController.0.0.13,pitcomact,array,IDENTICAL,,,size=           3
PIIController.0.0.13,ss_delomegaf,scalar,IDENTICAL,-6.1731487822254332,-6.1731487822254332,
PIIController.0.0.13,testtype,scalar,IDENTICAL,0.0000000000000000,0.0000000000000000,
PIIController.0.0.13,kp_float,scalar,IDENTICAL,0.0000000000000000,0.0000000000000000,
PIIController.0.0.13,vs_maxtq,scalar,IDENTICAL,47402.900000000001,47402.900000000001,
PIIController.0.0.13,vs_lastgentrq,scalar,IDENTICAL,0.0000000000000000,0.0000000000000000,
PIIController.0.0.13,vs_lastgenpwr,scalar,IDENTICAL,0.0000000000000000,0.0000000000000000,
PIIController.0.0.13,vs_mechgenpwr,scalar,IDENTICAL,0.0000000000000000,0.0000000000000000,
PIIController.0.0.13,vs_spderrar,scalar,IDENTICAL,94.309449553530726,94.309449553530726,
PIIController.0.0.13,vs_spderrbr,scalar,IDENTICAL,13.481127752537589,13.481127752537589,
PIIController.0.0.13,vs_spderr,scalar,IDENTICAL,94.309449553530726,94.309449553530726,
PIIController.0.0.13,vs_state,scalar,IDENTICAL,1,1,
PIIController.0.0.13,vs_rgn3pitch,scalar,IDENTICAL,1.9860520770012977E-002,1.9860520770012977E-002,
PIIController.0.0.13,we_vw,scalar,IDENTICAL,9.9906200138453567,9.9906200138453567,
PIIController.0.0.13,we_vw_f,scalar,IDENTICAL,9.9997336323440926,9.9997336323440926,
PIIController.0.0.13,we_vwi,scalar,IDENTICAL,10.000000000000000,10.000000000000000,
PIIController.0.0.13,we_vwidot,scalar,IDENTICAL,0.0000000000000000,0.0000000000000000,
PIIController.0.0.13,we_op,scalar,IDENTICAL,0,0,
PIIController.0.0.13,we_op_last,scalar,IDENTICAL,0,0,
PIIController.0.0.13,vs_lastgentrqf,scalar,IDENTICAL,2.0421677025943827,2.0421677025943827,
PIIController.0.0.13,prc_wse_f,scalar,IDENTICAL,0.0000000000000000,0.0000000000000000,
PIIController.0.0.13,prc_r_speed,scalar,IDENTICAL,1.0000000000000000,1.0000000000000000,
PIIController.0.0.13,prc_r_torque,scalar,IDENTICAL,1.0000000000000000,1.0000000000000000,
PIIController.0.0.13,prc_r_pitch,scalar,IDENTICAL,1.0000000000000000,1.0000000000000000,
PIIController.0.0.13,prc_r_total,scalar,IDENTICAL,0.0000000000000000,0.0000000000000000,
PIIController.0.0.13,prc_min_pitch,scalar,IDENTICAL,0.0000000000000000,0.0000000000000000,
PIIController.0.0.13,ps_min_pitch,scalar,IDENTICAL,2.4041686882614222E-003,2.4041686882614222E-003,
PIIController.0.0.13,ol_index,scalar,IDENTICAL,0.12500000000000000,0.12500000000000000,
PIIController.0.0.13,su_stage,scalar,IDENTICAL,0,0,
PIIController.0.0.13,su_loadstagestarttime,scalar,IDENTICAL,0.0000000000000000,0.0000000000000000,
PIIController.0.0.13,su_rotspeedf,scalar,IDENTICAL,0.0000000000000000,0.0000000000000000,
PIIController.0.0.13,sd_trigger,scalar,IDENTICAL,0,0,
PIIController.0.0.13,sd_blpitchf,scalar,IDENTICAL,0.0000000000000000,0.0000000000000000,
PIIController.0.0.13,sd_nacvanef,scalar,IDENTICAL,0.0000000000000000,0.0000000000000000,
PIIController.0.0.13,sd_genspeedf,scalar,IDENTICAL,0.0000000000000000,0.0000000000000000,
PIIController.0.0.13,sd_stage,scalar,IDENTICAL,0,0,
PIIController.0.0.13,sd_stagestarttime,scalar,IDENTICAL,0.0000000000000000,0.0000000000000000,
PIIController.0.0.13,sd_maxpitchrate,scalar,IDENTICAL,0.0000000000000000,0.0000000000000000,
PIIController.0.0.13,sd_maxtorquerate,scalar,IDENTICAL,0.0000000000000000,0.0000000000000000,
PIIController.0.0.13,gentq_sd,scalar,IDENTICAL,0.0000000000000000,0.0000000000000000,
PIIController.0.0.13,fl_pitcom,scalar,IDENTICAL,0.0000000000000000,0.0000000000000000,
PIIController.0.0.13,nacimu_fa_accf,scalar,IDENTICAL,0.0000000000000000,0.0000000000000000,
PIIController.0.0.13,fa_accf,scalar,IDENTICAL,0.0000000000000000,0.0000000000000000,
PIIController.0.0.13,fa_hist,scalar,IDENTICAL,0,0,
PIIController.0.0.13,tra_lastrefspd,scalar,IDENTICAL,0.0000000000000000,0.0000000000000000,
PIIController.0.0.13,vs_refspeed,scalar,IDENTICAL,0.0000000000000000,0.0000000000000000,
PIIController.0.0.13,ptfmtdx,scalar,IDENTICAL,0.0000000000000000,0.0000000000000000,
PIIController.0.0.13,ptfmtdy,scalar,IDENTICAL,0.0000000000000000,0.0000000000000000,
PIIController.0.0.13,ptfmtdz,scalar,IDENTICAL,0.0000000000000000,0.0000000000000000,
PIIController.0.0.13,ptfmrdx,scalar,IDENTICAL,0.0000000000000000,0.0000000000000000,
PIIController.0.0.13,ptfmrdy,scalar,IDENTICAL,0.0000000000000000,0.0000000000000000,
PIIController.0.0.13,ptfmrdz,scalar,IDENTICAL,0.0000000000000000,0.0000000000000000,
PIIController.0.0.13,ptfmtvx,scalar,IDENTICAL,0.0000000000000000,0.0000000000000000,
PIIController.0.0.13,ptfmtvy,scalar,IDENTICAL,0.0000000000000000,0.0000000000000000,
PIIController.0.0.13,ptfmtvz,scalar,IDENTICAL,0.0000000000000000,0.0000000000000000,
PIIController.0.0.13,ptfmrvx,scalar,IDENTICAL,0.0000000000000000,0.0000000000000000,
PIIController.0.0.13,ptfmrvy,scalar,IDENTICAL,0.0000000000000000,0.0000000000000000,
PIIController.0.0.13,ptfmrvz,scalar,IDENTICAL,0.0000000000000000,0.0000000000000000,
PIIController.0.0.13,ptfmtax,scalar,IDENTICAL,0.0000000000000000,0.0000000000000000,
PIIController.0.0.13,ptfmtay,scalar,IDENTICAL,0.0000000000000000,0.0000000000000000,
PIIController.0.0.13,ptfmtaz,scalar,IDENTICAL,0.0000000000000000,0.0000000000000000,
PIIController.0.0.13,ptfmrax,scalar,IDENTICAL,0.0000000000000000,0.0000000000000000,
PIIController.0.0.13,ptfmray,scalar,IDENTICAL,0.0000000000000000,0.0000000000000000,
PIIController.0.0.13,ptfmraz,scalar,IDENTICAL,0.0000000000000000,0.0000000000000000,
PIIController.0.0.13,cc_desiredl,array,IDENTICAL,,,size=          12
PIIController.0.0.13,cc_actuatedl,array,IDENTICAL,,,size=          12
PIIController.0.0.13,cc_actuateddl,array,IDENTICAL,,,size=          12
PIIController.0.0.13,stc_input,array,IDENTICAL,,,size=          12
PIIController.0.0.13,flp_angle,array,IDENTICAL,,,size=           3
PIIController.0.0.13,rootmyb_last,array,IDENTICAL,,,size=           3
PIIController.0.0.13,acc_infile_size,scalar,IDENTICAL,42,42,
PIIController.0.0.13,acc_infile,array,IDENTICAL,,,size=          42
PIIController.0.0.13,restart,scalar,IDENTICAL,F,F,
PIIController.0.0.13,awc_complexangle,array,IDENTICAL,,,size=           3
PIIController.0.0.13,tiltmean,scalar,IDENTICAL,0.0000000000000000,0.0000000000000000,
PIIController.0.0.13,yawmean,scalar,IDENTICAL,0.0000000000000000,0.0000000000000000,
PIIController.0.0.13,zmq_id,scalar,IDENTICAL,0,0,
PIIController.0.0.13,zmq_yawoffset,scalar,IDENTICAL,0.0000000000000000,0.0000000000000000,
PIIController.0.0.13,zmq_torqueoffset,scalar,IDENTICAL,0.0000000000000000,0.0000000000000000,
PIIController.0.0.13,zmq_pitoffset,array,IDENTICAL,,,size=           3
PIIController.0.0.13,zmq_r_speed,scalar,IDENTICAL,0.0000000000000000,0.0000000000000000,
PIIController.0.0.13,zmq_r_torque,scalar,IDENTICAL,0.0000000000000000,0.0000000000000000,
PIIController.0.0.13,zmq_r_pitch,scalar,IDENTICAL,0.0000000000000000,0.0000000000000000,
PIIController.0.0.13,om_r,scalar,IDENTICAL,0.0000000000000000,0.0000000000000000,
PIIController.0.0.13,v_t,scalar,IDENTICAL,0.0000000000000000,0.0000000000000000,
PIIController.0.0.13,v_m,scalar,IDENTICAL,0.0000000000000000,0.0000000000000000,
PIIController.0.0.13,v_h,scalar,IDENTICAL,0.0000000000000000,0.0000000000000000,
PIIController.0.0.13,p,array,IDENTICAL,,,size=           9
PIIController.0.0.13,xh,array,IDENTICAL,,,size=           3
PIIController.0.0.13,k,array,IDENTICAL,,,size=           3
PIIController.0.0.13,lpf1_a1,array,IDENTICAL,,,size=        1024
PIIController.0.0.13,lpf1_a0,array,IDENTICAL,,,size=        1024
PIIController.0.0.13,lpf1_b1,array,IDENTICAL,,,size=        1024
PIIController.0.0.13,lpf1_b0,array,IDENTICAL,,,size=        1024
PIIController.0.0.13,lpf1_inputsignallast,array,IDENTICAL,,,size=        1024
PIIController.0.0.13,lpf1_outputsignallast,array,IDENTICAL,,,size=        1024
PIIController.0.0.13,lpf2_a2,array,IDENTICAL,,,size=        1024
PIIController.0.0.13,lpf2_a1,array,IDENTICAL,,,size=        1024
PIIController.0.0.13,lpf2_a0,array,IDENTICAL,,,size=        1024
PIIController.0.0.13,lpf2_b2,array,IDENTICAL,,,size=        1024
PIIController.0.0.13,lpf2_b1,array,IDENTICAL,,,size=        1024
PIIController.0.0.13,lpf2_b0,array,IDENTICAL,,,size=        1024
PIIController.0.0.13,lpf2_inputsignallast2,array,IDENTICAL,,,size=        1024
PIIController.0.0.13,lpf2_outputsignallast2,array,IDENTICAL,,,size=        1024
PIIController.0.0.13,lpf2_inputsignallast1,array,IDENTICAL,,,size=        1024
PIIController.0.0.13,lpf2_outputsignallast1,array,IDENTICAL,,,size=        1024
PIIController.0.0.13,lpfv_a2,array,IDENTICAL,,,size=        1024
PIIController.0.0.13,lpfv_a1,array,IDENTICAL,,,size=        1024
PIIController.0.0.13,lpfv_a0,array,IDENTICAL,,,size=        1024
PIIController.0.0.13,lpfv_b2,array,IDENTICAL,,,size=        1024
PIIController.0.0.13,lpfv_b1,array,IDENTICAL,,,size=        1024
PIIController.0.0.13,lpfv_b0,array,IDENTICAL,,,size=        1024
PIIController.0.0.13,lpfv_inputsignallast2,array,IDENTICAL,,,size=        1024
PIIController.0.0.13,lpfv_outputsignallast2,array,IDENTICAL,,,size=        1024
PIIController.0.0.13,lpfv_inputsignallast1,array,IDENTICAL,,,size=        1024
PIIController.0.0.13,lpfv_outputsignallast1,array,IDENTICAL,,,size=        1024
PIIController.0.0.13,hpf_inputsignallast,array,IDENTICAL,,,size=        1024
PIIController.0.0.13,hpf_outputsignallast,array,IDENTICAL,,,size=        1024
PIIController.0.0.13,nfs_outputsignallast1,array,IDENTICAL,,,size=        1024
PIIController.0.0.13,nfs_outputsignallast2,array,IDENTICAL,,,size=        1024
PIIController.0.0.13,nfs_inputsignallast1,array,IDENTICAL,,,size=        1024
PIIController.0.0.13,nfs_inputsignallast2,array,IDENTICAL,,,size=        1024
PIIController.0.0.13,nfs_b2,array,IDENTICAL,,,size=        1024
PIIController.0.0.13,nfs_b0,array,IDENTICAL,,,size=        1024
PIIController.0.0.13,nfs_a2,array,IDENTICAL,,,size=        1024
PIIController.0.0.13,nfs_a1,array,IDENTICAL,,,size=        1024
PIIController.0.0.13,nfs_a0,array,IDENTICAL,,,size=        1024
PIIController.0.0.13,nf_outputsignallast1,array,IDENTICAL,,,size=        1024
PIIController.0.0.13,nf_outputsignallast2,array,IDENTICAL,,,size=        1024
PIIController.0.0.13,nf_inputsignallast1,array,IDENTICAL,,,size=        1024
PIIController.0.0.13,nf_inputsignallast2,array,IDENTICAL,,,size=        1024
PIIController.0.0.13,nf_b2,array,IDENTICAL,,,size=        1024
PIIController.0.0.13,nf_b1,array,IDENTICAL,,,size=        1024
PIIController.0.0.13,nf_b0,array,IDENTICAL,,,size=        1024
PIIController.0.0.13,nf_a1,array,IDENTICAL,,,size=        1024
PIIController.0.0.13,nf_a0,array,IDENTICAL,,,size=        1024
PIIController.0.0.13,iterm,array,IDENTICAL,,,size=        1024
PIIController.0.0.13,itermlast,array,IDENTICAL,,,size=        1024
PIIController.0.0.13,iterm2,array,IDENTICAL,,,size=        1024
PIIController.0.0.13,itermlast2,array,IDENTICAL,,,size=        1024
PIIController.0.0.13,elast,array,IDENTICAL,,,size=        1024
PIIController.0.0.13,res_outputsignallast1,array,IDENTICAL,,,size=        1024
PIIController.0.0.13,res_outputsignallast2,array,IDENTICAL,,,size=        1024
PIIController.0.0.13,res_inputsignallast1,array,IDENTICAL,,,size=        1024
PIIController.0.0.13,res_inputsignallast2,array,IDENTICAL,,,size=        1024
PIIController.0.0.13,lastsignal,array,IDENTICAL,,,size=        1024
PIIController.0.0.13,instlpf,scalar,IDENTICAL,9,9,
PIIController.0.0.13,instseclpf,scalar,IDENTICAL,8,8,
PIIController.0.0.13,instseclpfv,scalar,IDENTICAL,1,1,
PIIController.0.0.13,insthpf,scalar,IDENTICAL,6,6,
PIIController.0.0.13,instnotchslopes,scalar,IDENTICAL,1,1,
PIIController.0.0.13,instnotch,scalar,IDENTICAL,1,1,
PIIController.0.0.13,instpi,scalar,IDENTICAL,4,4,
PIIController.0.0.13,instres,scalar,IDENTICAL,1,1,
PIIController.0.0.13,instrl,scalar,IDENTICAL,9,9,
PIIController.0.0.14,istatus,scalar,IDENTICAL,1,1,
PIIController.0.0.14,alreadyinitialized,scalar,IDENTICAL,0,0,
PIIController.0.0.14,restartwse,scalar,IDENTICAL,1,1,
PIIController.0.0.14,time,scalar,IDENTICAL,0.12500000000000000,0.12500000000000000,
PIIController.0.0.14,dt,scalar,IDENTICAL,2.5000000372529030E-002,2.5000000372529030E-002,
PIIController.0.0.14,writethisstep,scalar,IDENTICAL,F,F,
PIIController.0.0.14,n_dt,scalar,IDENTICAL,5,5,
PIIController.0.0.14,time_last,scalar,IDENTICAL,0.0000000000000000,0.0000000000000000,
PIIController.0.0.14,vs_genpwr,scalar,IDENTICAL,0.0000000000000000,0.0000000000000000,
PIIController.0.0.14,genspeed,scalar,IDENTICAL,40.985992431640625,40.985992431640625,
PIIController.0.0.14,rotspeed,scalar,IDENTICAL,0.42253601551055908,0.42253601551055908,
PIIController.0.0.14,nacheading,scalar,IDENTICAL,0.0000000000000000,0.0000000000000000,
PIIController.0.0.14,nacvane,scalar,IDENTICAL,0.0000000000000000,0.0000000000000000,
PIIController.0.0.14,nacvanef,scalar,IDENTICAL,0.0000000000000000,0.0000000000000000,
PIIController.0.0.14,winddir,scalar,IDENTICAL,0.0000000000000000,0.0000000000000000,
PIIController.0.0.14,horwindv,scalar,IDENTICAL,9.0000000000000000,9.0000000000000000,
PIIController.0.0.14,horwindv_f,scalar,IDENTICAL,9.9906200138453567,9.9906200138453567,
PIIController.0.0.14,rootmoop,array,IDENTICAL,,,size=           3
PIIController.0.0.14,rootmoopf,array,IDENTICAL,,,size=           3
PIIController.0.0.14,blpitch,array,IDENTICAL,,,size=           3
PIIController.0.0.14,blpitchcmeas,scalar,IDENTICAL,2.4148001192790956E-003,2.4148001192790956E-003,
PIIController.0.0.14,azimuth,scalar,IDENTICAL,0.0000000000000000,0.0000000000000000,
PIIController.0.0.14,ol_azimuth,scalar,IDENTICAL,0.0000000000000000,0.0000000000000000,
PIIController.0.0.14,azunwrapped,scalar,IDENTICAL,0.0000000000000000,0.0000000000000000,
PIIController.0.0.14,azerror,scalar,IDENTICAL,0.0000000000000000,0.0000000000000000,
PIIController.0.0.14,gentqaz,scalar,IDENTICAL,0.0000000000000000,0.0000000000000000,
PIIController.0.0.14,azbuffer,array,IDENTICAL,,,size=           2
PIIController.0.0.14,numbl,scalar,IDENTICAL,3,3,
PIIController.0.0.14,fa_acc_tt,scalar,IDENTICAL,0.0000000000000000,0.0000000000000000,
PIIController.0.0.14,ss_acc_tt,scalar,IDENTICAL,0.0000000000000000,0.0000000000000000,
PIIController.0.0.14,fa_acc_nac,scalar,IDENTICAL,0.0000000000000000,0.0000000000000000,
PIIController.0.0.14,nacimu_fa_racc,scalar,IDENTICAL,0.0000000000000000,0.0000000000000000,
PIIController.0.0.14,fa_acchpf,scalar,IDENTICAL,0.0000000000000000,0.0000000000000000,
PIIController.0.0.14,fa_acchpfi,scalar,IDENTICAL,0.0000000000000000,0.0000000000000000,
PIIController.0.0.14,fa_pitcom,array,IDENTICAL,,,size=           3
PIIController.0.0.14,vs_refspd,scalar,IDENTICAL,115.47118180099314,115.47118180099314,
PIIController.0.0.14,vs_refspd_tsr,scalar,IDENTICAL,115.36787396940470,115.36787396940470,
PIIController.0.0.14,vs_refspd_tra,scalar,IDENTICAL,0.0000000000000000,0.0000000000000000,
PIIController.0.0.14,vs_refspd_rl,scalar,IDENTICAL,0.0000000000000000,0.0000000000000000,
PIIController.0.0.14,pc_refspd,scalar,IDENTICAL,129.08466234327852,129.08466234327852,
PIIController.0.0.14,pc_refspd_ss,scalar,IDENTICAL,129.08466234327852,129.08466234327852,
PIIController.0.0.14,pc_refspd_prc,scalar,IDENTICAL,122.90967000000001,122.90967000000001,
PIIController.0.0.14,rotspeedf,scalar,IDENTICAL,0.70706683232553669,0.70706683232553669,
PIIController.0.0.14,genspeedf,scalar,IDENTICAL,21.161732247462410,21.161732247462410,
PIIController.0.0.14,gentq,scalar,IDENTICAL,0.0000000000000000,0.0000000000000000,
PIIController.0.0.14,gentqmeas,scalar,IDENTICAL,0.0000000000000000,0.0000000000000000,
PIIController.0.0.14,genartq,scalar,IDENTICAL,0.0000000000000000,0.0000000000000000,
PIIController.0.0.14,genbrtq,scalar,IDENTICAL,0.0000000000000000,0.0000000000000000,
PIIController.0.0.14,vs_komega2_gentq,scalar,IDENTICAL,1034.7079864591433,1034.7079864591433,
PIIController.0.0.14,vs_constpwr_gentq,scalar,IDENTICAL,250291.89990468114,250291.89990468114,
PIIController.0.0.14,ipc_pitcomf,array,IDENTICAL,,,size=           3
PIIController.0.0.14,pc_kp,scalar,IDENTICAL,-2.0750000000000001E-002,-2.0750000000000001E-002,
PIIController.0.0.14,pc_ki,scalar,IDENTICAL,-8.4169999999999991E-003,-8.4169999999999991E-003,
PIIController.0.0.14,pc_kd,scalar,IDENTICAL,0.0000000000000000,0.0000000000000000,
PIIController.0.0.14,pc_tf,scalar,IDENTICAL,0.0000000000000000,0.0000000000000000,
PIIController.0.0.14,pc_maxpit,scalar,IDENTICAL,1.5700000000000001,1.5700000000000001,
PIIController.0.0.14,pc_minpit,scalar,IDENTICAL,2.4041686882614222E-003,2.4041686882614222E-003,
PIIController.0.0.14,pc_pitcomt,scalar,IDENTICAL,2.4105207700129750E-003,2.4105207700129750E-003,
PIIController.0.0.14,pc_pitcomt_last,scalar,IDENTICAL,2.4105207700129750E-003,2.4105207700129750E-003,
PIIController.0.0.14,blpitchcmeasf,scalar,IDENTICAL,2.1729304884848059E-005,2.1729304884848059E-005,
PIIController.0.0.14,pc_pitcomt_ipc,array,IDENTICAL,,,size=           3
PIIController.0.0.14,pc_pwrerr,scalar,IDENTICAL,5000000.0000000000,5000000.0000000000,
PIIController.0.0.14,pc_spderr,scalar,IDENTICAL,107.92293009581611,107.92293009581611,
PIIController.0.0.14,ipc_axistilt_1p,scalar,IDENTICAL,0.0000000000000000,0.0000000000000000,
PIIController.0.0.14,ipc_axisyaw_1p,scalar,IDENTICAL,0.0000000000000000,0.0000000000000000,
PIIController.0.0.14,ipc_axistilt_2p,scalar,IDENTICAL,0.0000000000000000,0.0000000000000000,
PIIController.0.0.14,ipc_axisyaw_2p,scalar,IDENTICAL,0.0000000000000000,0.0000000000000000,
PIIController.0.0.14,axistilt_1p,scalar,IDENTICAL,0.0000000000000000,0.0000000000000000,
PIIController.0.0.14,axisyaw_1p,scalar,IDENTICAL,0.0000000000000000,0.0000000000000000,
PIIController.0.0.14,axisyawf_1p,scalar,IDENTICAL,0.0000000000000000,0.0000000000000000,
PIIController.0.0.14,axistilt_2p,scalar,IDENTICAL,0.0000000000000000,0.0000000000000000,
PIIController.0.0.14,axisyaw_2p,scalar,IDENTICAL,0.0000000000000000,0.0000000000000000,
PIIController.0.0.14,axisyawf_2p,scalar,IDENTICAL,0.0000000000000000,0.0000000000000000,
PIIController.0.0.14,ipc_ki,array,IDENTICAL,,,size=           2
PIIController.0.0.14,ipc_kp,array,IDENTICAL,,,size=           2
PIIController.0.0.14,ipc_intsat,scalar,IDENTICAL,0.0000000000000000,0.0000000000000000,
PIIController.0.0.14,pc_state,scalar,IDENTICAL,1,1,
PIIController.0.0.14,pitcom,array,IDENTICAL,,,size=           3
PIIController.0.0.14,pitcom_sd,array,IDENTICAL,,,size=           3
PIIController.0.0.14,pitcomact,array,IDENTICAL,,,size=           3
PIIController.0.0.14,ss_delomegaf,scalar,IDENTICAL,-6.1731487822254332,-6.1731487822254332,
PIIController.0.0.14,testtype,scalar,IDENTICAL,0.0000000000000000,0.0000000000000000,
PIIController.0.0.14,kp_float,scalar,IDENTICAL,0.0000000000000000,0.0000000000000000,
PIIController.0.0.14,vs_maxtq,scalar,IDENTICAL,47402.900000000001,47402.900000000001,
PIIController.0.0.14,vs_lastgentrq,scalar,IDENTICAL,0.0000000000000000,0.0000000000000000,
PIIController.0.0.14,vs_lastgenpwr,scalar,IDENTICAL,0.0000000000000000,0.0000000000000000,
PIIController.0.0.14,vs_mechgenpwr,scalar,IDENTICAL,0.0000000000000000,0.0000000000000000,
PIIController.0.0.14,vs_spderrar,scalar,IDENTICAL,94.309449553530726,94.309449553530726,
PIIController.0.0.14,vs_spderrbr,scalar,IDENTICAL,13.481127752537589,13.481127752537589,
PIIController.0.0.14,vs_spderr,scalar,IDENTICAL,94.309449553530726,94.309449553530726,
PIIController.0.0.14,vs_state,scalar,IDENTICAL,1,1,
PIIController.0.0.14,vs_rgn3pitch,scalar,IDENTICAL,1.9860520770012977E-002,1.9860520770012977E-002,
PIIController.0.0.14,we_vw,scalar,IDENTICAL,9.9906200138453567,9.9906200138453567,
PIIController.0.0.14,we_vw_f,scalar,IDENTICAL,9.9997336323440926,9.9997336323440926,
PIIController.0.0.14,we_vwi,scalar,IDENTICAL,10.000000000000000,10.000000000000000,
PIIController.0.0.14,we_vwidot,scalar,IDENTICAL,0.0000000000000000,0.0000000000000000,
PIIController.0.0.14,we_op,scalar,IDENTICAL,0,0,
PIIController.0.0.14,we_op_last,scalar,IDENTICAL,0,0,
PIIController.0.0.14,vs_lastgentrqf,scalar,IDENTICAL,2.0421677025943827,2.0421677025943827,
PIIController.0.0.14,prc_wse_f,scalar,IDENTICAL,0.0000000000000000,0.0000000000000000,
PIIController.0.0.14,prc_r_speed,scalar,IDENTICAL,1.0000000000000000,1.0000000000000000,
PIIController.0.0.14,prc_r_torque,scalar,IDENTICAL,1.0000000000000000,1.0000000000000000,
PIIController.0.0.14,prc_r_pitch,scalar,IDENTICAL,1.0000000000000000,1.0000000000000000,
PIIController.0.0.14,prc_r_total,scalar,IDENTICAL,0.0000000000000000,0.0000000000000000,
PIIController.0.0.14,prc_min_pitch,scalar,IDENTICAL,0.0000000000000000,0.0000000000000000,
PIIController.0.0.14,ps_min_pitch,scalar,IDENTICAL,2.4041686882614222E-003,2.4041686882614222E-003,
PIIController.0.0.14,ol_index,scalar,IDENTICAL,0.12500000000000000,0.12500000000000000,
PIIController.0.0.14,su_stage,scalar,IDENTICAL,0,0,
PIIController.0.0.14,su_loadstagestarttime,scalar,IDENTICAL,0.0000000000000000,0.0000000000000000,
PIIController.0.0.14,su_rotspeedf,scalar,IDENTICAL,0.0000000000000000,0.0000000000000000,
PIIController.0.0.14,sd_trigger,scalar,IDENTICAL,0,0,
PIIController.0.0.14,sd_blpitchf,scalar,IDENTICAL,0.0000000000000000,0.0000000000000000,
PIIController.0.0.14,sd_nacvanef,scalar,IDENTICAL,0.0000000000000000,0.0000000000000000,
PIIController.0.0.14,sd_genspeedf,scalar,IDENTICAL,0.0000000000000000,0.0000000000000000,
PIIController.0.0.14,sd_stage,scalar,IDENTICAL,0,0,
PIIController.0.0.14,sd_stagestarttime,scalar,IDENTICAL,0.0000000000000000,0.0000000000000000,
PIIController.0.0.14,sd_maxpitchrate,scalar,IDENTICAL,0.0000000000000000,0.0000000000000000,
PIIController.0.0.14,sd_maxtorquerate,scalar,IDENTICAL,0.0000000000000000,0.0000000000000000,
PIIController.0.0.14,gentq_sd,scalar,IDENTICAL,0.0000000000000000,0.0000000000000000,
PIIController.0.0.14,fl_pitcom,scalar,IDENTICAL,0.0000000000000000,0.0000000000000000,
PIIController.0.0.14,nacimu_fa_accf,scalar,IDENTICAL,0.0000000000000000,0.0000000000000000,
PIIController.0.0.14,fa_accf,scalar,IDENTICAL,0.0000000000000000,0.0000000000000000,
PIIController.0.0.14,fa_hist,scalar,IDENTICAL,0,0,
PIIController.0.0.14,tra_lastrefspd,scalar,IDENTICAL,0.0000000000000000,0.0000000000000000,
PIIController.0.0.14,vs_refspeed,scalar,IDENTICAL,0.0000000000000000,0.0000000000000000,
PIIController.0.0.14,ptfmtdx,scalar,IDENTICAL,0.0000000000000000,0.0000000000000000,
PIIController.0.0.14,ptfmtdy,scalar,IDENTICAL,0.0000000000000000,0.0000000000000000,
PIIController.0.0.14,ptfmtdz,scalar,IDENTICAL,0.0000000000000000,0.0000000000000000,
PIIController.0.0.14,ptfmrdx,scalar,IDENTICAL,0.0000000000000000,0.0000000000000000,
PIIController.0.0.14,ptfmrdy,scalar,IDENTICAL,0.0000000000000000,0.0000000000000000,
PIIController.0.0.14,ptfmrdz,scalar,IDENTICAL,0.0000000000000000,0.0000000000000000,
PIIController.0.0.14,ptfmtvx,scalar,IDENTICAL,0.0000000000000000,0.0000000000000000,
PIIController.0.0.14,ptfmtvy,scalar,IDENTICAL,0.0000000000000000,0.0000000000000000,
PIIController.0.0.14,ptfmtvz,scalar,IDENTICAL,0.0000000000000000,0.0000000000000000,
PIIController.0.0.14,ptfmrvx,scalar,IDENTICAL,0.0000000000000000,0.0000000000000000,
PIIController.0.0.14,ptfmrvy,scalar,IDENTICAL,0.0000000000000000,0.0000000000000000,
PIIController.0.0.14,ptfmrvz,scalar,IDENTICAL,0.0000000000000000,0.0000000000000000,
PIIController.0.0.14,ptfmtax,scalar,IDENTICAL,0.0000000000000000,0.0000000000000000,
PIIController.0.0.14,ptfmtay,scalar,IDENTICAL,0.0000000000000000,0.0000000000000000,
PIIController.0.0.14,ptfmtaz,scalar,IDENTICAL,0.0000000000000000,0.0000000000000000,
PIIController.0.0.14,ptfmrax,scalar,IDENTICAL,0.0000000000000000,0.0000000000000000,
PIIController.0.0.14,ptfmray,scalar,IDENTICAL,0.0000000000000000,0.0000000000000000,
PIIController.0.0.14,ptfmraz,scalar,IDENTICAL,0.0000000000000000,0.0000000000000000,
PIIController.0.0.14,cc_desiredl,array,IDENTICAL,,,size=          12
PIIController.0.0.14,cc_actuatedl,array,IDENTICAL,,,size=          12
PIIController.0.0.14,cc_actuateddl,array,IDENTICAL,,,size=          12
PIIController.0.0.14,stc_input,array,IDENTICAL,,,size=          12
PIIController.0.0.14,flp_angle,array,IDENTICAL,,,size=           3
PIIController.0.0.14,rootmyb_last,array,IDENTICAL,,,size=           3
PIIController.0.0.14,acc_infile_size,scalar,IDENTICAL,42,42,
PIIController.0.0.14,acc_infile,array,IDENTICAL,,,size=          42
PIIController.0.0.14,restart,scalar,IDENTICAL,F,F,
PIIController.0.0.14,awc_complexangle,array,IDENTICAL,,,size=           3
PIIController.0.0.14,tiltmean,scalar,IDENTICAL,0.0000000000000000,0.0000000000000000,
PIIController.0.0.14,yawmean,scalar,IDENTICAL,0.0000000000000000,0.0000000000000000,
PIIController.0.0.14,zmq_id,scalar,IDENTICAL,0,0,
PIIController.0.0.14,zmq_yawoffset,scalar,IDENTICAL,0.0000000000000000,0.0000000000000000,
PIIController.0.0.14,zmq_torqueoffset,scalar,IDENTICAL,0.0000000000000000,0.0000000000000000,
PIIController.0.0.14,zmq_pitoffset,array,IDENTICAL,,,size=           3
PIIController.0.0.14,zmq_r_speed,scalar,IDENTICAL,0.0000000000000000,0.0000000000000000,
PIIController.0.0.14,zmq_r_torque,scalar,IDENTICAL,0.0000000000000000,0.0000000000000000,
PIIController.0.0.14,zmq_r_pitch,scalar,IDENTICAL,0.0000000000000000,0.0000000000000000,
PIIController.0.0.14,om_r,scalar,IDENTICAL,0.0000000000000000,0.0000000000000000,
PIIController.0.0.14,v_t,scalar,IDENTICAL,0.0000000000000000,0.0000000000000000,
PIIController.0.0.14,v_m,scalar,IDENTICAL,0.0000000000000000,0.0000000000000000,
PIIController.0.0.14,v_h,scalar,IDENTICAL,0.0000000000000000,0.0000000000000000,
PIIController.0.0.14,p,array,IDENTICAL,,,size=           9
PIIController.0.0.14,xh,array,IDENTICAL,,,size=           3
PIIController.0.0.14,k,array,IDENTICAL,,,size=           3
PIIController.0.0.14,lpf1_a1,array,IDENTICAL,,,size=        1024
PIIController.0.0.14,lpf1_a0,array,IDENTICAL,,,size=        1024
PIIController.0.0.14,lpf1_b1,array,IDENTICAL,,,size=        1024
PIIController.0.0.14,lpf1_b0,array,IDENTICAL,,,size=        1024
PIIController.0.0.14,lpf1_inputsignallast,array,IDENTICAL,,,size=        1024
PIIController.0.0.14,lpf1_outputsignallast,array,IDENTICAL,,,size=        1024
PIIController.0.0.14,lpf2_a2,array,IDENTICAL,,,size=        1024
PIIController.0.0.14,lpf2_a1,array,IDENTICAL,,,size=        1024
PIIController.0.0.14,lpf2_a0,array,IDENTICAL,,,size=        1024
PIIController.0.0.14,lpf2_b2,array,IDENTICAL,,,size=        1024
PIIController.0.0.14,lpf2_b1,array,IDENTICAL,,,size=        1024
PIIController.0.0.14,lpf2_b0,array,IDENTICAL,,,size=        1024
PIIController.0.0.14,lpf2_inputsignallast2,array,IDENTICAL,,,size=        1024
PIIController.0.0.14,lpf2_outputsignallast2,array,IDENTICAL,,,size=        1024
PIIController.0.0.14,lpf2_inputsignallast1,array,IDENTICAL,,,size=        1024
PIIController.0.0.14,lpf2_outputsignallast1,array,IDENTICAL,,,size=        1024
PIIController.0.0.14,lpfv_a2,array,IDENTICAL,,,size=        1024
PIIController.0.0.14,lpfv_a1,array,IDENTICAL,,,size=        1024
PIIController.0.0.14,lpfv_a0,array,IDENTICAL,,,size=        1024
PIIController.0.0.14,lpfv_b2,array,IDENTICAL,,,size=        1024
PIIController.0.0.14,lpfv_b1,array,IDENTICAL,,,size=        1024
PIIController.0.0.14,lpfv_b0,array,IDENTICAL,,,size=        1024
PIIController.0.0.14,lpfv_inputsignallast2,array,IDENTICAL,,,size=        1024
PIIController.0.0.14,lpfv_outputsignallast2,array,IDENTICAL,,,size=        1024
PIIController.0.0.14,lpfv_inputsignallast1,array,IDENTICAL,,,size=        1024
PIIController.0.0.14,lpfv_outputsignallast1,array,IDENTICAL,,,size=        1024
PIIController.0.0.14,hpf_inputsignallast,array,IDENTICAL,,,size=        1024
PIIController.0.0.14,hpf_outputsignallast,array,IDENTICAL,,,size=        1024
PIIController.0.0.14,nfs_outputsignallast1,array,IDENTICAL,,,size=        1024
PIIController.0.0.14,nfs_outputsignallast2,array,IDENTICAL,,,size=        1024
PIIController.0.0.14,nfs_inputsignallast1,array,IDENTICAL,,,size=        1024
PIIController.0.0.14,nfs_inputsignallast2,array,IDENTICAL,,,size=        1024
PIIController.0.0.14,nfs_b2,array,IDENTICAL,,,size=        1024
PIIController.0.0.14,nfs_b0,array,IDENTICAL,,,size=        1024
PIIController.0.0.14,nfs_a2,array,IDENTICAL,,,size=        1024
PIIController.0.0.14,nfs_a1,array,IDENTICAL,,,size=        1024
PIIController.0.0.14,nfs_a0,array,IDENTICAL,,,size=        1024
PIIController.0.0.14,nf_outputsignallast1,array,IDENTICAL,,,size=        1024
PIIController.0.0.14,nf_outputsignallast2,array,IDENTICAL,,,size=        1024
PIIController.0.0.14,nf_inputsignallast1,array,IDENTICAL,,,size=        1024
PIIController.0.0.14,nf_inputsignallast2,array,IDENTICAL,,,size=        1024
PIIController.0.0.14,nf_b2,array,IDENTICAL,,,size=        1024
PIIController.0.0.14,nf_b1,array,IDENTICAL,,,size=        1024
PIIController.0.0.14,nf_b0,array,IDENTICAL,,,size=        1024
PIIController.0.0.14,nf_a1,array,IDENTICAL,,,size=        1024
PIIController.0.0.14,nf_a0,array,IDENTICAL,,,size=        1024
PIIController.0.0.14,iterm,array,IDENTICAL,,,size=        1024
PIIController.0.0.14,itermlast,array,IDENTICAL,,,size=        1024
PIIController.0.0.14,iterm2,array,IDENTICAL,,,size=        1024
PIIController.0.0.14,itermlast2,array,IDENTICAL,,,size=        1024
PIIController.0.0.14,elast,array,IDENTICAL,,,size=        1024
PIIController.0.0.14,res_outputsignallast1,array,IDENTICAL,,,size=        1024
PIIController.0.0.14,res_outputsignallast2,array,IDENTICAL,,,size=        1024
PIIController.0.0.14,res_inputsignallast1,array,IDENTICAL,,,size=        1024
PIIController.0.0.14,res_inputsignallast2,array,IDENTICAL,,,size=        1024
PIIController.0.0.14,lastsignal,array,IDENTICAL,,,size=        1024
PIIController.0.0.14,instlpf,scalar,IDENTICAL,9,9,
PIIController.0.0.14,instseclpf,scalar,IDENTICAL,8,8,
PIIController.0.0.14,instseclpfv,scalar,IDENTICAL,1,1,
PIIController.0.0.14,insthpf,scalar,IDENTICAL,6,6,
PIIController.0.0.14,instnotchslopes,scalar,IDENTICAL,1,1,
PIIController.0.0.14,instnotch,scalar,IDENTICAL,1,1,
PIIController.0.0.14,instpi,scalar,IDENTICAL,5,5,
PIIController.0.0.14,instres,scalar,IDENTICAL,1,1,
PIIController.0.0.14,instrl,scalar,IDENTICAL,9,9,
PIIController.0.0.15,istatus,scalar,IDENTICAL,1,1,
PIIController.0.0.15,alreadyinitialized,scalar,IDENTICAL,0,0,
PIIController.0.0.15,restartwse,scalar,IDENTICAL,1,1,
PIIController.0.0.15,time,scalar,IDENTICAL,0.12500000000000000,0.12500000000000000,
PIIController.0.0.15,dt,scalar,IDENTICAL,2.5000000372529030E-002,2.5000000372529030E-002,
PIIController.0.0.15,writethisstep,scalar,IDENTICAL,F,F,
PIIController.0.0.15,n_dt,scalar,IDENTICAL,5,5,
PIIController.0.0.15,time_last,scalar,IDENTICAL,0.0000000000000000,0.0000000000000000,
PIIController.0.0.15,vs_genpwr,scalar,IDENTICAL,0.0000000000000000,0.0000000000000000,
PIIController.0.0.15,genspeed,scalar,IDENTICAL,40.985992431640625,40.985992431640625,
PIIController.0.0.15,rotspeed,scalar,IDENTICAL,0.42253601551055908,0.42253601551055908,
PIIController.0.0.15,nacheading,scalar,IDENTICAL,0.0000000000000000,0.0000000000000000,
PIIController.0.0.15,nacvane,scalar,IDENTICAL,0.0000000000000000,0.0000000000000000,
PIIController.0.0.15,nacvanef,scalar,IDENTICAL,0.0000000000000000,0.0000000000000000,
PIIController.0.0.15,winddir,scalar,IDENTICAL,0.0000000000000000,0.0000000000000000,
PIIController.0.0.15,horwindv,scalar,IDENTICAL,9.0000000000000000,9.0000000000000000,
PIIController.0.0.15,horwindv_f,scalar,IDENTICAL,9.9906200138453567,9.9906200138453567,
PIIController.0.0.15,rootmoop,array,IDENTICAL,,,size=           3
PIIController.0.0.15,rootmoopf,array,IDENTICAL,,,size=           3
PIIController.0.0.15,blpitch,array,IDENTICAL,,,size=           3
PIIController.0.0.15,blpitchcmeas,scalar,IDENTICAL,2.4148001192790956E-003,2.4148001192790956E-003,
PIIController.0.0.15,azimuth,scalar,IDENTICAL,0.0000000000000000,0.0000000000000000,
PIIController.0.0.15,ol_azimuth,scalar,IDENTICAL,0.0000000000000000,0.0000000000000000,
PIIController.0.0.15,azunwrapped,scalar,IDENTICAL,0.0000000000000000,0.0000000000000000,
PIIController.0.0.15,azerror,scalar,IDENTICAL,0.0000000000000000,0.0000000000000000,
PIIController.0.0.15,gentqaz,scalar,IDENTICAL,0.0000000000000000,0.0000000000000000,
PIIController.0.0.15,azbuffer,array,IDENTICAL,,,size=           2
PIIController.0.0.15,numbl,scalar,IDENTICAL,3,3,
PIIController.0.0.15,fa_acc_tt,scalar,IDENTICAL,0.0000000000000000,0.0000000000000000,
PIIController.0.0.15,ss_acc_tt,scalar,IDENTICAL,0.0000000000000000,0.0000000000000000,
PIIController.0.0.15,fa_acc_nac,scalar,IDENTICAL,0.0000000000000000,0.0000000000000000,
PIIController.0.0.15,nacimu_fa_racc,scalar,IDENTICAL,0.0000000000000000,0.0000000000000000,
PIIController.0.0.15,fa_acchpf,scalar,IDENTICAL,0.0000000000000000,0.0000000000000000,
PIIController.0.0.15,fa_acchpfi,scalar,IDENTICAL,0.0000000000000000,0.0000000000000000,
PIIController.0.0.15,fa_pitcom,array,IDENTICAL,,,size=           3
PIIController.0.0.15,vs_refspd,scalar,IDENTICAL,115.47118180099314,115.47118180099314,
PIIController.0.0.15,vs_refspd_tsr,scalar,IDENTICAL,115.36787396940470,115.36787396940470,
PIIController.0.0.15,vs_refspd_tra,scalar,IDENTICAL,0.0000000000000000,0.0000000000000000,
PIIController.0.0.15,vs_refspd_rl,scalar,IDENTICAL,0.0000000000000000,0.0000000000000000,
PIIController.0.0.15,pc_refspd,scalar,IDENTICAL,129.08466234327852,129.08466234327852,
PIIController.0.0.15,pc_refspd_ss,scalar,IDENTICAL,129.08466234327852,129.08466234327852,
PIIController.0.0.15,pc_refspd_prc,scalar,IDENTICAL,122.90967000000001,122.90967000000001,
PIIController.0.0.15,rotspeedf,scalar,IDENTICAL,0.70706683232553669,0.70706683232553669,
PIIController.0.0.15,genspeedf,scalar,IDENTICAL,21.161732247462410,21.161732247462410,
PIIController.0.0.15,gentq,scalar,IDENTICAL,0.0000000000000000,0.0000000000000000,
PIIController.0.0.15,gentqmeas,scalar,IDENTICAL,0.0000000000000000,0.0000000000000000,
PIIController.0.0.15,genartq,scalar,IDENTICAL,0.0000000000000000,0.0000000000000000,
PIIController.0.0.15,genbrtq,scalar,IDENTICAL,0.0000000000000000,0.0000000000000000,
PIIController.0.0.15,vs_komega2_gentq,scalar,IDENTICAL,1034.7079864591433,1034.7079864591433,
PIIController.0.0.15,vs_constpwr_gentq,scalar,IDENTICAL,250291.89990468114,250291.89990468114,
PIIController.0.0.15,ipc_pitcomf,array,IDENTICAL,,,size=           3
PIIController.0.0.15,pc_kp,scalar,IDENTICAL,-2.0750000000000001E-002,-2.0750000000000001E-002,
PIIController.0.0.15,pc_ki,scalar,IDENTICAL,-8.4169999999999991E-003,-8.4169999999999991E-003,
PIIController.0.0.15,pc_kd,scalar,IDENTICAL,0.0000000000000000,0.0000000000000000,
PIIController.0.0.15,pc_tf,scalar,IDENTICAL,0.0000000000000000,0.0000000000000000,
PIIController.0.0.15,pc_maxpit,scalar,IDENTICAL,1.5700000000000001,1.5700000000000001,
PIIController.0.0.15,pc_minpit,scalar,IDENTICAL,2.4041686882614222E-003,2.4041686882614222E-003,
PIIController.0.0.15,pc_pitcomt,scalar,IDENTICAL,2.4105207700129750E-003,2.4105207700129750E-003,
PIIController.0.0.15,pc_pitcomt_last,scalar,IDENTICAL,2.4105207700129750E-003,2.4105207700129750E-003,
PIIController.0.0.15,blpitchcmeasf,scalar,IDENTICAL,2.1729304884848059E-005,2.1729304884848059E-005,
PIIController.0.0.15,pc_pitcomt_ipc,array,IDENTICAL,,,size=           3
PIIController.0.0.15,pc_pwrerr,scalar,IDENTICAL,5000000.0000000000,5000000.0000000000,
PIIController.0.0.15,pc_spderr,scalar,IDENTICAL,107.92293009581611,107.92293009581611,
PIIController.0.0.15,ipc_axistilt_1p,scalar,IDENTICAL,0.0000000000000000,0.0000000000000000,
PIIController.0.0.15,ipc_axisyaw_1p,scalar,IDENTICAL,0.0000000000000000,0.0000000000000000,
PIIController.0.0.15,ipc_axistilt_2p,scalar,IDENTICAL,0.0000000000000000,0.0000000000000000,
PIIController.0.0.15,ipc_axisyaw_2p,scalar,IDENTICAL,0.0000000000000000,0.0000000000000000,
PIIController.0.0.15,axistilt_1p,scalar,IDENTICAL,0.0000000000000000,0.0000000000000000,
PIIController.0.0.15,axisyaw_1p,scalar,IDENTICAL,0.0000000000000000,0.0000000000000000,
PIIController.0.0.15,axisyawf_1p,scalar,IDENTICAL,0.0000000000000000,0.0000000000000000,
PIIController.0.0.15,axistilt_2p,scalar,IDENTICAL,0.0000000000000000,0.0000000000000000,
PIIController.0.0.15,axisyaw_2p,scalar,IDENTICAL,0.0000000000000000,0.0000000000000000,
PIIController.0.0.15,axisyawf_2p,scalar,IDENTICAL,0.0000000000000000,0.0000000000000000,
PIIController.0.0.15,ipc_ki,array,IDENTICAL,,,size=           2
PIIController.0.0.15,ipc_kp,array,IDENTICAL,,,size=           2
PIIController.0.0.15,ipc_intsat,scalar,IDENTICAL,0.0000000000000000,0.0000000000000000,
PIIController.0.0.15,pc_state,scalar,IDENTICAL,1,1,
PIIController.0.0.15,pitcom,array,IDENTICAL,,,size=           3
PIIController.0.0.15,pitcom_sd,array,IDENTICAL,,,size=           3
PIIController.0.0.15,pitcomact,array,IDENTICAL,,,size=           3
PIIController.0.0.15,ss_delomegaf,scalar,IDENTICAL,-6.1731487822254332,-6.1731487822254332,
PIIController.0.0.15,testtype,scalar,IDENTICAL,0.0000000000000000,0.0000000000000000,
PIIController.0.0.15,kp_float,scalar,IDENTICAL,0.0000000000000000,0.0000000000000000,
PIIController.0.0.15,vs_maxtq,scalar,IDENTICAL,47402.900000000001,47402.900000000001,
PIIController.0.0.15,vs_lastgentrq,scalar,IDENTICAL,0.0000000000000000,0.0000000000000000,
PIIController.0.0.15,vs_lastgenpwr,scalar,IDENTICAL,0.0000000000000000,0.0000000000000000,
PIIController.0.0.15,vs_mechgenpwr,scalar,IDENTICAL,0.0000000000000000,0.0000000000000000,
PIIController.0.0.15,vs_spderrar,scalar,IDENTICAL,94.309449553530726,94.309449553530726,
PIIController.0.0.15,vs_spderrbr,scalar,IDENTICAL,13.481127752537589,13.481127752537589,
PIIController.0.0.15,vs_spderr,scalar,IDENTICAL,94.309449553530726,94.309449553530726,
PIIController.0.0.15,vs_state,scalar,IDENTICAL,1,1,
PIIController.0.0.15,vs_rgn3pitch,scalar,IDENTICAL,1.9860520770012977E-002,1.9860520770012977E-002,
PIIController.0.0.15,we_vw,scalar,IDENTICAL,9.9906200138453567,9.9906200138453567,
PIIController.0.0.15,we_vw_f,scalar,IDENTICAL,9.9997336323440926,9.9997336323440926,
PIIController.0.0.15,we_vwi,scalar,IDENTICAL,10.000000000000000,10.000000000000000,
PIIController.0.0.15,we_vwidot,scalar,IDENTICAL,0.0000000000000000,0.0000000000000000,
PIIController.0.0.15,we_op,scalar,IDENTICAL,0,0,
PIIController.0.0.15,we_op_last,scalar,IDENTICAL,0,0,
PIIController.0.0.15,vs_lastgentrqf,scalar,IDENTICAL,2.0421677025943827,2.0421677025943827,
PIIController.0.0.15,prc_wse_f,scalar,IDENTICAL,0.0000000000000000,0.0000000000000000,
PIIController.0.0.15,prc_r_speed,scalar,IDENTICAL,1.0000000000000000,1.0000000000000000,
PIIController.0.0.15,prc_r_torque,scalar,IDENTICAL,1.0000000000000000,1.0000000000000000,
PIIController.0.0.15,prc_r_pitch,scalar,IDENTICAL,1.0000000000000000,1.0000000000000000,
PIIController.0.0.15,prc_r_total,scalar,IDENTICAL,0.0000000000000000,0.0000000000000000,
PIIController.0.0.15,prc_min_pitch,scalar,IDENTICAL,0.0000000000000000,0.0000000000000000,
PIIController.0.0.15,ps_min_pitch,scalar,IDENTICAL,2.4041686882614222E-003,2.4041686882614222E-003,
PIIController.0.0.15,ol_index,scalar,IDENTICAL,0.12500000000000000,0.12500000000000000,
PIIController.0.0.15,su_stage,scalar,IDENTICAL,0,0,
PIIController.0.0.15,su_loadstagestarttime,scalar,IDENTICAL,0.0000000000000000,0.0000000000000000,
PIIController.0.0.15,su_rotspeedf,scalar,IDENTICAL,0.0000000000000000,0.0000000000000000,
PIIController.0.0.15,sd_trigger,scalar,IDENTICAL,0,0,
PIIController.0.0.15,sd_blpitchf,scalar,IDENTICAL,0.0000000000000000,0.0000000000000000,
PIIController.0.0.15,sd_nacvanef,scalar,IDENTICAL,0.0000000000000000,0.0000000000000000,
PIIController.0.0.15,sd_genspeedf,scalar,IDENTICAL,0.0000000000000000,0.0000000000000000,
PIIController.0.0.15,sd_stage,scalar,IDENTICAL,0,0,
PIIController.0.0.15,sd_stagestarttime,scalar,IDENTICAL,0.0000000000000000,0.0000000000000000,
PIIController.0.0.15,sd_maxpitchrate,scalar,IDENTICAL,0.0000000000000000,0.0000000000000000,
PIIController.0.0.15,sd_maxtorquerate,scalar,IDENTICAL,0.0000000000000000,0.0000000000000000,
PIIController.0.0.15,gentq_sd,scalar,IDENTICAL,0.0000000000000000,0.0000000000000000,
PIIController.0.0.15,fl_pitcom,scalar,IDENTICAL,0.0000000000000000,0.0000000000000000,
PIIController.0.0.15,nacimu_fa_accf,scalar,IDENTICAL,0.0000000000000000,0.0000000000000000,
PIIController.0.0.15,fa_accf,scalar,IDENTICAL,0.0000000000000000,0.0000000000000000,
PIIController.0.0.15,fa_hist,scalar,IDENTICAL,0,0,
PIIController.0.0.15,tra_lastrefspd,scalar,IDENTICAL,0.0000000000000000,0.0000000000000000,
PIIController.0.0.15,vs_refspeed,scalar,IDENTICAL,0.0000000000000000,0.0000000000000000,
PIIController.0.0.15,ptfmtdx,scalar,IDENTICAL,0.0000000000000000,0.0000000000000000,
PIIController.0.0.15,ptfmtdy,scalar,IDENTICAL,0.0000000000000000,0.0000000000000000,
PIIController.0.0.15,ptfmtdz,scalar,IDENTICAL,0.0000000000000000,0.0000000000000000,
PIIController.0.0.15,ptfmrdx,scalar,IDENTICAL,0.0000000000000000,0.0000000000000000,
PIIController.0.0.15,ptfmrdy,scalar,IDENTICAL,0.0000000000000000,0.0000000000000000,
PIIController.0.0.15,ptfmrdz,scalar,IDENTICAL,0.0000000000000000,0.0000000000000000,
PIIController.0.0.15,ptfmtvx,scalar,IDENTICAL,0.0000000000000000,0.0000000000000000,
PIIController.0.0.15,ptfmtvy,scalar,IDENTICAL,0.0000000000000000,0.0000000000000000,
PIIController.0.0.15,ptfmtvz,scalar,IDENTICAL,0.0000000000000000,0.0000000000000000,
PIIController.0.0.15,ptfmrvx,scalar,IDENTICAL,0.0000000000000000,0.0000000000000000,
PIIController.0.0.15,ptfmrvy,scalar,IDENTICAL,0.0000000000000000,0.0000000000000000,
PIIController.0.0.15,ptfmrvz,scalar,IDENTICAL,0.0000000000000000,0.0000000000000000,
PIIController.0.0.15,ptfmtax,scalar,IDENTICAL,0.0000000000000000,0.0000000000000000,
PIIController.0.0.15,ptfmtay,scalar,IDENTICAL,0.0000000000000000,0.0000000000000000,
PIIController.0.0.15,ptfmtaz,scalar,IDENTICAL,0.0000000000000000,0.0000000000000000,
PIIController.0.0.15,ptfmrax,scalar,IDENTICAL,0.0000000000000000,0.0000000000000000,
PIIController.0.0.15,ptfmray,scalar,IDENTICAL,0.0000000000000000,0.0000000000000000,
PIIController.0.0.15,ptfmraz,scalar,IDENTICAL,0.0000000000000000,0.0000000000000000,
PIIController.0.0.15,cc_desiredl,array,IDENTICAL,,,size=          12
PIIController.0.0.15,cc_actuatedl,array,IDENTICAL,,,size=          12
PIIController.0.0.15,cc_actuateddl,array,IDENTICAL,,,size=          12
PIIController.0.0.15,stc_input,array,IDENTICAL,,,size=          12
PIIController.0.0.15,flp_angle,array,IDENTICAL,,,size=           3
PIIController.0.0.15,rootmyb_last,array,IDENTICAL,,,size=           3
PIIController.0.0.15,acc_infile_size,scalar,IDENTICAL,42,42,
PIIController.0.0.15,acc_infile,array,IDENTICAL,,,size=          42
PIIController.0.0.15,restart,scalar,IDENTICAL,F,F,
PIIController.0.0.15,awc_complexangle,array,IDENTICAL,,,size=           3
PIIController.0.0.15,tiltmean,scalar,IDENTICAL,0.0000000000000000,0.0000000000000000,
PIIController.0.0.15,yawmean,scalar,IDENTICAL,0.0000000000000000,0.0000000000000000,
PIIController.0.0.15,zmq_id,scalar,IDENTICAL,0,0,
PIIController.0.0.15,zmq_yawoffset,scalar,IDENTICAL,0.0000000000000000,0.0000000000000000,
PIIController.0.0.15,zmq_torqueoffset,scalar,IDENTICAL,0.0000000000000000,0.0000000000000000,
PIIController.0.0.15,zmq_pitoffset,array,IDENTICAL,,,size=           3
PIIController.0.0.15,zmq_r_speed,scalar,IDENTICAL,0.0000000000000000,0.0000000000000000,
PIIController.0.0.15,zmq_r_torque,scalar,IDENTICAL,0.0000000000000000,0.0000000000000000,
PIIController.0.0.15,zmq_r_pitch,scalar,IDENTICAL,0.0000000000000000,0.0000000000000000,
PIIController.0.0.15,om_r,scalar,IDENTICAL,0.0000000000000000,0.0000000000000000,
PIIController.0.0.15,v_t,scalar,IDENTICAL,0.0000000000000000,0.0000000000000000,
PIIController.0.0.15,v_m,scalar,IDENTICAL,0.0000000000000000,0.0000000000000000,
PIIController.0.0.15,v_h,scalar,IDENTICAL,0.0000000000000000,0.0000000000000000,
PIIController.0.0.15,p,array,IDENTICAL,,,size=           9
PIIController.0.0.15,xh,array,IDENTICAL,,,size=           3
PIIController.0.0.15,k,array,IDENTICAL,,,size=           3
PIIController.0.0.15,lpf1_a1,array,IDENTICAL,,,size=        1024
PIIController.0.0.15,lpf1_a0,array,IDENTICAL,,,size=        1024
PIIController.0.0.15,lpf1_b1,array,IDENTICAL,,,size=        1024
PIIController.0.0.15,lpf1_b0,array,IDENTICAL,,,size=        1024
PIIController.0.0.15,lpf1_inputsignallast,array,IDENTICAL,,,size=        1024
PIIController.0.0.15,lpf1_outputsignallast,array,IDENTICAL,,,size=        1024
PIIController.0.0.15,lpf2_a2,array,IDENTICAL,,,size=        1024
PIIController.0.0.15,lpf2_a1,array,IDENTICAL,,,size=        1024
PIIController.0.0.15,lpf2_a0,array,IDENTICAL,,,size=        1024
PIIController.0.0.15,lpf2_b2,array,IDENTICAL,,,size=        1024
PIIController.0.0.15,lpf2_b1,array,IDENTICAL,,,size=        1024
PIIController.0.0.15,lpf2_b0,array,IDENTICAL,,,size=        1024
PIIController.0.0.15,lpf2_inputsignallast2,array,IDENTICAL,,,size=        1024
PIIController.0.0.15,lpf2_outputsignallast2,array,IDENTICAL,,,size=        1024
PIIController.0.0.15,lpf2_inputsignallast1,array,IDENTICAL,,,size=        1024
PIIController.0.0.15,lpf2_outputsignallast1,array,IDENTICAL,,,size=        1024
PIIController.0.0.15,lpfv_a2,array,IDENTICAL,,,size=        1024
PIIController.0.0.15,lpfv_a1,array,IDENTICAL,,,size=        1024
PIIController.0.0.15,lpfv_a0,array,IDENTICAL,,,size=        1024
PIIController.0.0.15,lpfv_b2,array,IDENTICAL,,,size=        1024
PIIController.0.0.15,lpfv_b1,array,IDENTICAL,,,size=        1024
PIIController.0.0.15,lpfv_b0,array,IDENTICAL,,,size=        1024
PIIController.0.0.15,lpfv_inputsignallast2,array,IDENTICAL,,,size=        1024
PIIController.0.0.15,lpfv_outputsignallast2,array,IDENTICAL,,,size=        1024
PIIController.0.0.15,lpfv_inputsignallast1,array,IDENTICAL,,,size=        1024
PIIController.0.0.15,lpfv_outputsignallast1,array,IDENTICAL,,,size=        1024
PIIController.0.0.15,hpf_inputsignallast,array,IDENTICAL,,,size=        1024
PIIController.0.0.15,hpf_outputsignallast,array,IDENTICAL,,,size=        1024
PIIController.0.0.15,nfs_outputsignallast1,array,IDENTICAL,,,size=        1024
PIIController.0.0.15,nfs_outputsignallast2,array,IDENTICAL,,,size=        1024
PIIController.0.0.15,nfs_inputsignallast1,array,IDENTICAL,,,size=        1024
PIIController.0.0.15,nfs_inputsignallast2,array,IDENTICAL,,,size=        1024
PIIController.0.0.15,nfs_b2,array,IDENTICAL,,,size=        1024
PIIController.0.0.15,nfs_b0,array,IDENTICAL,,,size=        1024
PIIController.0.0.15,nfs_a2,array,IDENTICAL,,,size=        1024
PIIController.0.0.15,nfs_a1,array,IDENTICAL,,,size=        1024
PIIController.0.0.15,nfs_a0,array,IDENTICAL,,,size=        1024
PIIController.0.0.15,nf_outputsignallast1,array,IDENTICAL,,,size=        1024
PIIController.0.0.15,nf_outputsignallast2,array,IDENTICAL,,,size=        1024
PIIController.0.0.15,nf_inputsignallast1,array,IDENTICAL,,,size=        1024
PIIController.0.0.15,nf_inputsignallast2,array,IDENTICAL,,,size=        1024
PIIController.0.0.15,nf_b2,array,IDENTICAL,,,size=        1024
PIIController.0.0.15,nf_b1,array,IDENTICAL,,,size=        1024
PIIController.0.0.15,nf_b0,array,IDENTICAL,,,size=        1024
PIIController.0.0.15,nf_a1,array,IDENTICAL,,,size=        1024
PIIController.0.0.15,nf_a0,array,IDENTICAL,,,size=        1024
PIIController.0.0.15,iterm,array,IDENTICAL,,,size=        1024
PIIController.0.0.15,itermlast,array,IDENTICAL,,,size=        1024
PIIController.0.0.15,iterm2,array,IDENTICAL,,,size=        1024
PIIController.0.0.15,itermlast2,array,IDENTICAL,,,size=        1024
PIIController.0.0.15,elast,array,IDENTICAL,,,size=        1024
PIIController.0.0.15,res_outputsignallast1,array,IDENTICAL,,,size=        1024
PIIController.0.0.15,res_outputsignallast2,array,IDENTICAL,,,size=        1024
PIIController.0.0.15,res_inputsignallast1,array,IDENTICAL,,,size=        1024
PIIController.0.0.15,res_inputsignallast2,array,IDENTICAL,,,size=        1024
PIIController.0.0.15,lastsignal,array,IDENTICAL,,,size=        1024
PIIController.0.0.15,instlpf,scalar,IDENTICAL,9,9,
PIIController.0.0.15,instseclpf,scalar,IDENTICAL,8,8,
PIIController.0.0.15,instseclpfv,scalar,IDENTICAL,1,1,
PIIController.0.0.15,insthpf,scalar,IDENTICAL,6,6,
PIIController.0.0.15,instnotchslopes,scalar,IDENTICAL,1,1,
PIIController.0.0.15,instnotch,scalar,IDENTICAL,1,1,
PIIController.0.0.15,instpi,scalar,IDENTICAL,6,6,
PIIController.0.0.15,instres,scalar,IDENTICAL,1,1,
PIIController.0.0.15,instrl,scalar,IDENTICAL,9,9,
PIIController.0.0.16,istatus,scalar,IDENTICAL,1,1,
PIIController.0.0.16,alreadyinitialized,scalar,IDENTICAL,0,0,
PIIController.0.0.16,restartwse,scalar,IDENTICAL,1,1,
PIIController.0.0.16,time,scalar,IDENTICAL,0.15000000596046448,0.15000000596046448,
PIIController.0.0.16,dt,scalar,IDENTICAL,2.5000000372529030E-002,2.5000000372529030E-002,
PIIController.0.0.16,writethisstep,scalar,IDENTICAL,F,F,
PIIController.0.0.16,n_dt,scalar,IDENTICAL,6,6,
PIIController.0.0.16,time_last,scalar,IDENTICAL,0.0000000000000000,0.0000000000000000,
PIIController.0.0.16,vs_genpwr,scalar,IDENTICAL,0.0000000000000000,0.0000000000000000,
PIIController.0.0.16,genspeed,scalar,IDENTICAL,41.057884216308594,41.057884216308594,
PIIController.0.0.16,rotspeed,scalar,IDENTICAL,0.42327713966369629,0.42327713966369629,
PIIController.0.0.16,nacheading,scalar,IDENTICAL,0.0000000000000000,0.0000000000000000,
PIIController.0.0.16,nacvane,scalar,IDENTICAL,0.0000000000000000,0.0000000000000000,
PIIController.0.0.16,nacvanef,scalar,IDENTICAL,0.0000000000000000,0.0000000000000000,
PIIController.0.0.16,winddir,scalar,IDENTICAL,0.0000000000000000,0.0000000000000000,
PIIController.0.0.16,horwindv,scalar,IDENTICAL,9.0000000000000000,9.0000000000000000,
PIIController.0.0.16,horwindv_f,scalar,IDENTICAL,9.9885474296676247,9.9885474296676247,
PIIController.0.0.16,rootmoop,array,IDENTICAL,,,size=           3
PIIController.0.0.16,rootmoopf,array,IDENTICAL,,,size=           3
PIIController.0.0.16,blpitch,array,IDENTICAL,,,size=           3
PIIController.0.0.16,blpitchcmeas,scalar,IDENTICAL,2.4105207700129750E-003,2.4105207700129750E-003,
PIIController.0.0.16,azimuth,scalar,IDENTICAL,0.0000000000000000,0.0000000000000000,
PIIController.0.0.16,ol_azimuth,scalar,IDENTICAL,0.0000000000000000,0.0000000000000000,
PIIController.0.0.16,azunwrapped,scalar,IDENTICAL,0.0000000000000000,0.0000000000000000,
PIIController.0.0.16,azerror,scalar,IDENTICAL,0.0000000000000000,0.0000000000000000,
PIIController.0.0.16,gentqaz,scalar,IDENTICAL,0.0000000000000000,0.0000000000000000,
PIIController.0.0.16,azbuffer,array,IDENTICAL,,,size=           2
PIIController.0.0.16,numbl,scalar,IDENTICAL,3,3,
PIIController.0.0.16,fa_acc_tt,scalar,IDENTICAL,0.0000000000000000,0.0000000000000000,
PIIController.0.0.16,ss_acc_tt,scalar,IDENTICAL,0.0000000000000000,0.0000000000000000,
PIIController.0.0.16,fa_acc_nac,scalar,IDENTICAL,0.0000000000000000,0.0000000000000000,
PIIController.0.0.16,nacimu_fa_racc,scalar,IDENTICAL,0.0000000000000000,0.0000000000000000,
PIIController.0.0.16,fa_acchpf,scalar,IDENTICAL,0.0000000000000000,0.0000000000000000,
PIIController.0.0.16,fa_acchpfi,scalar,IDENTICAL,0.0000000000000000,0.0000000000000000,
PIIController.0.0.16,fa_pitcom,array,IDENTICAL,,,size=           3
PIIController.0.0.16,vs_refspd,scalar,IDENTICAL,115.46879251167449,115.46879251167449,
PIIController.0.0.16,vs_refspd_tsr,scalar,IDENTICAL,115.34394055687616,115.34394055687616,
PIIController.0.0.16,vs_refspd_tra,scalar,IDENTICAL,0.0000000000000000,0.0000000000000000,
PIIController.0.0.16,vs_refspd_rl,scalar,IDENTICAL,0.0000000000000000,0.0000000000000000,
PIIController.0.0.16,pc_refspd,scalar,IDENTICAL,129.08281878222544,129.08281878222544,
PIIController.0.0.16,pc_refspd_ss,scalar,IDENTICAL,129.08281878222544,129.08281878222544,
PIIController.0.0.16,pc_refspd_prc,scalar,IDENTICAL,122.90967000000001,122.90967000000001,
PIIController.0.0.16,rotspeedf,scalar,IDENTICAL,0.66568135433584597,0.66568135433584597,
PIIController.0.0.16,genspeedf,scalar,IDENTICAL,24.054199113410498,24.054199113410498,
PIIController.0.0.16,gentq,scalar,IDENTICAL,0.0000000000000000,0.0000000000000000,
PIIController.0.0.16,gentqmeas,scalar,IDENTICAL,0.0000000000000000,0.0000000000000000,
PIIController.0.0.16,genartq,scalar,IDENTICAL,0.0000000000000000,0.0000000000000000,
PIIController.0.0.16,genbrtq,scalar,IDENTICAL,0.0000000000000000,0.0000000000000000,
PIIController.0.0.16,vs_komega2_gentq,scalar,IDENTICAL,1336.8946158935953,1336.8946158935953,
PIIController.0.0.16,vs_constpwr_gentq,scalar,IDENTICAL,220194.82521613463,220194.82521613463,
PIIController.0.0.16,ipc_pitcomf,array,IDENTICAL,,,size=           3
PIIController.0.0.16,pc_kp,scalar,IDENTICAL,-2.0750000000000001E-002,-2.0750000000000001E-002,
PIIController.0.0.16,pc_ki,scalar,IDENTICAL,-8.4169999999999991E-003,-8.4169999999999991E-003,
PIIController.0.0.16,pc_kd,scalar,IDENTICAL,0.0000000000000000,0.0000000000000000,
PIIController.0.0.16,pc_tf,scalar,IDENTICAL,0.0000000000000000,0.0000000000000000,
PIIController.0.0.16,pc_maxpit,scalar,IDENTICAL,1.5700000000000001,1.5700000000000001,
PIIController.0.0.16,pc_minpit,scalar,IDENTICAL,2.3957913576064544E-003,2.3957913576064544E-003,
PIIController.0.0.16,pc_pitcomt,scalar,IDENTICAL,2.4041686882614222E-003,2.4041686882614222E-003,
PIIController.0.0.16,pc_pitcomt_last,scalar,IDENTICAL,2.4041686882614222E-003,2.4041686882614222E-003,
PIIController.0.0.16,blpitchcmeasf,scalar,IDENTICAL,3.5010696557979304E-005,3.5010696557979304E-005,
PIIController.0.0.16,pc_pitcomt_ipc,array,IDENTICAL,,,size=           3
PIIController.0.0.16,pc_pwrerr,scalar,IDENTICAL,5000000.0000000000,5000000.0000000000,
PIIController.0.0.16,pc_spderr,scalar,IDENTICAL,105.02861966881494,105.02861966881494,
PIIController.0.0.16,ipc_axistilt_1p,scalar,IDENTICAL,0.0000000000000000,0.0000000000000000,
PIIController.0.0.16,ipc_axisyaw_1p,scalar,IDENTICAL,0.0000000000000000,0.0000000000000000,
PIIController.0.0.16,ipc_axistilt_2p,scalar,IDENTICAL,0.0000000000000000,0.0000000000000000,
PIIController.0.0.16,ipc_axisyaw_2p,scalar,IDENTICAL,0.0000000000000000,0.0000000000000000,
PIIController.0.0.16,axistilt_1p,scalar,IDENTICAL,0.0000000000000000,0.0000000000000000,
PIIController.0.0.16,axisyaw_1p,scalar,IDENTICAL,0.0000000000000000,0.0000000000000000,
PIIController.0.0.16,axisyawf_1p,scalar,IDENTICAL,0.0000000000000000,0.0000000000000000,
PIIController.0.0.16,axistilt_2p,scalar,IDENTICAL,0.0000000000000000,0.0000000000000000,
PIIController.0.0.16,axisyaw_2p,scalar,IDENTICAL,0.0000000000000000,0.0000000000000000,
PIIController.0.0.16,axisyawf_2p,scalar,IDENTICAL,0.0000000000000000,0.0000000000000000,
PIIController.0.0.16,ipc_ki,array,IDENTICAL,,,size=           2
PIIController.0.0.16,ipc_kp,array,IDENTICAL,,,size=           2
PIIController.0.0.16,ipc_intsat,scalar,IDENTICAL,0.0000000000000000,0.0000000000000000,
PIIController.0.0.16,pc_state,scalar,IDENTICAL,1,1,
PIIController.0.0.16,pitcom,array,IDENTICAL,,,size=           3
PIIController.0.0.16,pitcom_sd,array,IDENTICAL,,,size=           3
PIIController.0.0.16,pitcomact,array,IDENTICAL,,,size=           3
PIIController.0.0.16,ss_delomegaf,scalar,IDENTICAL,-6.1713875612752620,-6.1713875612752620,
PIIController.0.0.16,testtype,scalar,IDENTICAL,0.0000000000000000,0.0000000000000000,
PIIController.0.0.16,kp_float,scalar,IDENTICAL,0.0000000000000000,0.0000000000000000,
PIIController.0.0.16,vs_maxtq,scalar,IDENTICAL,47402.900000000001,47402.900000000001,
PIIController.0.0.16,vs_lastgentrq,scalar,IDENTICAL,0.0000000000000000,0.0000000000000000,
PIIController.0.0.16,vs_lastgenpwr,scalar,IDENTICAL,0.0000000000000000,0.0000000000000000,
PIIController.0.0.16,vs_mechgenpwr,scalar,IDENTICAL,0.0000000000000000,0.0000000000000000,
PIIController.0.0.16,vs_spderrar,scalar,IDENTICAL,91.414593398264003,91.414593398264003,
PIIController.0.0.16,vs_spderrbr,scalar,IDENTICAL,10.588660886589501,10.588660886589501,
PIIController.0.0.16,vs_spderr,scalar,IDENTICAL,91.414593398264003,91.414593398264003,
PIIController.0.0.16,vs_state,scalar,IDENTICAL,1,1,
PIIController.0.0.16,vs_rgn3pitch,scalar,IDENTICAL,1.9854168688261422E-002,1.9854168688261422E-002,
PIIController.0.0.16,we_vw,scalar,IDENTICAL,9.9885474296676247,9.9885474296676247,
PIIController.0.0.16,we_vw_f,scalar,IDENTICAL,9.9995662590550758,9.9995662590550758,
PIIController.0.0.16,we_vwi,scalar,IDENTICAL,10.000000000000000,10.000000000000000,
PIIController.0.0.16,we_vwidot,scalar,IDENTICAL,0.0000000000000000,0.0000000000000000,
PIIController.0.0.16,we_op,scalar,IDENTICAL,0,0,
PIIController.0.0.16,we_op_last,scalar,IDENTICAL,0,0,
PIIController.0.0.16,vs_lastgentrqf,scalar,IDENTICAL,1.9016016686761572,1.9016016686761572,
PIIController.0.0.16,prc_wse_f,scalar,IDENTICAL,0.0000000000000000,0.0000000000000000,
PIIController.0.0.16,prc_r_speed,scalar,IDENTICAL,1.0000000000000000,1.0000000000000000,
PIIController.0.0.16,prc_r_torque,scalar,IDENTICAL,1.0000000000000000,1.0000000000000000,
PIIController.0.0.16,prc_r_pitch,scalar,IDENTICAL,1.0000000000000000,1.0000000000000000,
PIIController.0.0.16,prc_r_total,scalar,IDENTICAL,0.0000000000000000,0.0000000000000000,
PIIController.0.0.16,prc_min_pitch,scalar,IDENTICAL,0.0000000000000000,0.0000000000000000,
PIIController.0.0.16,ps_min_pitch,scalar,IDENTICAL,2.3957913576064544E-003,2.3957913576064544E-003,
PIIController.0.0.16,ol_index,scalar,IDENTICAL,0.15000000596046448,0.15000000596046448,
PIIController.0.0.16,su_stage,scalar,IDENTICAL,0,0,
PIIController.0.0.16,su_loadstagestarttime,scalar,IDENTICAL,0.0000000000000000,0.0000000000000000,
PIIController.0.0.16,su_rotspeedf,scalar,IDENTICAL,0.0000000000000000,0.0000000000000000,
PIIController.0.0.16,sd_trigger,scalar,IDENTICAL,0,0,
PIIController.0.0.16,sd_blpitchf,scalar,IDENTICAL,0.0000000000000000,0.0000000000000000,
PIIController.0.0.16,sd_nacvanef,scalar,IDENTICAL,0.0000000000000000,0.0000000000000000,
PIIController.0.0.16,sd_genspeedf,scalar,IDENTICAL,0.0000000000000000,0.0000000000000000,
PIIController.0.0.16,sd_stage,scalar,IDENTICAL,0,0,
PIIController.0.0.16,sd_stagestarttime,scalar,IDENTICAL,0.0000000000000000,0.0000000000000000,
PIIController.0.0.16,sd_maxpitchrate,scalar,IDENTICAL,0.0000000000000000,0.0000000000000000,
PIIController.0.0.16,sd_maxtorquerate,scalar,IDENTICAL,0.0000000000000000,0.0000000000000000,
PIIController.0.0.16,gentq_sd,scalar,IDENTICAL,0.0000000000000000,0.0000000000000000,
PIIController.0.0.16,fl_pitcom,scalar,IDENTICAL,0.0000000000000000,0.0000000000000000,
PIIController.0.0.16,nacimu_fa_accf,scalar,IDENTICAL,0.0000000000000000,0.0000000000000000,
PIIController.0.0.16,fa_accf,scalar,IDENTICAL,0.0000000000000000,0.0000000000000000,
PIIController.0.0.16,fa_hist,scalar,IDENTICAL,0,0,
PIIController.0.0.16,tra_lastrefspd,scalar,IDENTICAL,0.0000000000000000,0.0000000000000000,
PIIController.0.0.16,vs_refspeed,scalar,IDENTICAL,0.0000000000000000,0.0000000000000000,
PIIController.0.0.16,ptfmtdx,scalar,IDENTICAL,0.0000000000000000,0.0000000000000000,
PIIController.0.0.16,ptfmtdy,scalar,IDENTICAL,0.0000000000000000,0.0000000000000000,
PIIController.0.0.16,ptfmtdz,scalar,IDENTICAL,0.0000000000000000,0.0000000000000000,
PIIController.0.0.16,ptfmrdx,scalar,IDENTICAL,0.0000000000000000,0.0000000000000000,
PIIController.0.0.16,ptfmrdy,scalar,IDENTICAL,0.0000000000000000,0.0000000000000000,
PIIController.0.0.16,ptfmrdz,scalar,IDENTICAL,0.0000000000000000,0.0000000000000000,
PIIController.0.0.16,ptfmtvx,scalar,IDENTICAL,0.0000000000000000,0.0000000000000000,
PIIController.0.0.16,ptfmtvy,scalar,IDENTICAL,0.0000000000000000,0.0000000000000000,
PIIController.0.0.16,ptfmtvz,scalar,IDENTICAL,0.0000000000000000,0.0000000000000000,
PIIController.0.0.16,ptfmrvx,scalar,IDENTICAL,0.0000000000000000,0.0000000000000000,
PIIController.0.0.16,ptfmrvy,scalar,IDENTICAL,0.0000000000000000,0.0000000000000000,
PIIController.0.0.16,ptfmrvz,scalar,IDENTICAL,0.0000000000000000,0.0000000000000000,
PIIController.0.0.16,ptfmtax,scalar,IDENTICAL,0.0000000000000000,0.0000000000000000,
PIIController.0.0.16,ptfmtay,scalar,IDENTICAL,0.0000000000000000,0.0000000000000000,
PIIController.0.0.16,ptfmtaz,scalar,IDENTICAL,0.0000000000000000,0.0000000000000000,
PIIController.0.0.16,ptfmrax,scalar,IDENTICAL,0.0000000000000000,0.0000000000000000,
PIIController.0.0.16,ptfmray,scalar,IDENTICAL,0.0000000000000000,0.0000000000000000,
PIIController.0.0.16,ptfmraz,scalar,IDENTICAL,0.0000000000000000,0.0000000000000000,
PIIController.0.0.16,cc_desiredl,array,IDENTICAL,,,size=          12
PIIController.0.0.16,cc_actuatedl,array,IDENTICAL,,,size=          12
PIIController.0.0.16,cc_actuateddl,array,IDENTICAL,,,size=          12
PIIController.0.0.16,stc_input,array,IDENTICAL,,,size=          12
PIIController.0.0.16,flp_angle,array,IDENTICAL,,,size=           3
PIIController.0.0.16,rootmyb_last,array,IDENTICAL,,,size=           3
PIIController.0.0.16,acc_infile_size,scalar,IDENTICAL,42,42,
PIIController.0.0.16,acc_infile,array,IDENTICAL,,,size=          42
PIIController.0.0.16,restart,scalar,IDENTICAL,F,F,
PIIController.0.0.16,awc_complexangle,array,IDENTICAL,,,size=           3
PIIController.0.0.16,tiltmean,scalar,IDENTICAL,0.0000000000000000,0.0000000000000000,
PIIController.0.0.16,yawmean,scalar,IDENTICAL,0.0000000000000000,0.0000000000000000,
PIIController.0.0.16,zmq_id,scalar,IDENTICAL,0,0,
PIIController.0.0.16,zmq_yawoffset,scalar,IDENTICAL,0.0000000000000000,0.0000000000000000,
PIIController.0.0.16,zmq_torqueoffset,scalar,IDENTICAL,0.0000000000000000,0.0000000000000000,
PIIController.0.0.16,zmq_pitoffset,array,IDENTICAL,,,size=           3
PIIController.0.0.16,zmq_r_speed,scalar,IDENTICAL,0.0000000000000000,0.0000000000000000,
PIIController.0.0.16,zmq_r_torque,scalar,IDENTICAL,0.0000000000000000,0.0000000000000000,
PIIController.0.0.16,zmq_r_pitch,scalar,IDENTICAL,0.0000000000000000,0.0000000000000000,
PIIController.0.0.16,om_r,scalar,IDENTICAL,0.0000000000000000,0.0000000000000000,
PIIController.0.0.16,v_t,scalar,IDENTICAL,0.0000000000000000,0.0000000000000000,
PIIController.0.0.16,v_m,scalar,IDENTICAL,0.0000000000000000,0.0000000000000000,
PIIController.0.0.16,v_h,scalar,IDENTICAL,0.0000000000000000,0.0000000000000000,
PIIController.0.0.16,p,array,IDENTICAL,,,size=           9
PIIController.0.0.16,xh,array,IDENTICAL,,,size=           3
PIIController.0.0.16,k,array,IDENTICAL,,,size=           3
PIIController.0.0.16,lpf1_a1,array,IDENTICAL,,,size=        1024
PIIController.0.0.16,lpf1_a0,array,IDENTICAL,,,size=        1024
PIIController.0.0.16,lpf1_b1,array,IDENTICAL,,,size=        1024
PIIController.0.0.16,lpf1_b0,array,IDENTICAL,,,size=        1024
PIIController.0.0.16,lpf1_inputsignallast,array,IDENTICAL,,,size=        1024
PIIController.0.0.16,lpf1_outputsignallast,array,IDENTICAL,,,size=        1024
PIIController.0.0.16,lpf2_a2,array,IDENTICAL,,,size=        1024
PIIController.0.0.16,lpf2_a1,array,IDENTICAL,,,size=        1024
PIIController.0.0.16,lpf2_a0,array,IDENTICAL,,,size=        1024
PIIController.0.0.16,lpf2_b2,array,IDENTICAL,,,size=        1024
PIIController.0.0.16,lpf2_b1,array,IDENTICAL,,,size=        1024
PIIController.0.0.16,lpf2_b0,array,IDENTICAL,,,size=        1024
PIIController.0.0.16,lpf2_inputsignallast2,array,IDENTICAL,,,size=        1024
PIIController.0.0.16,lpf2_outputsignallast2,array,IDENTICAL,,,size=        1024
PIIController.0.0.16,lpf2_inputsignallast1,array,IDENTICAL,,,size=        1024
PIIController.0.0.16,lpf2_outputsignallast1,array,IDENTICAL,,,size=        1024
PIIController.0.0.16,lpfv_a2,array,IDENTICAL,,,size=        1024
PIIController.0.0.16,lpfv_a1,array,IDENTICAL,,,size=        1024
PIIController.0.0.16,lpfv_a0,array,IDENTICAL,,,size=        1024
PIIController.0.0.16,lpfv_b2,array,IDENTICAL,,,size=        1024
PIIController.0.0.16,lpfv_b1,array,IDENTICAL,,,size=        1024
PIIController.0.0.16,lpfv_b0,array,IDENTICAL,,,size=        1024
PIIController.0.0.16,lpfv_inputsignallast2,array,IDENTICAL,,,size=        1024
PIIController.0.0.16,lpfv_outputsignallast2,array,IDENTICAL,,,size=        1024
PIIController.0.0.16,lpfv_inputsignallast1,array,IDENTICAL,,,size=        1024
PIIController.0.0.16,lpfv_outputsignallast1,array,IDENTICAL,,,size=        1024
PIIController.0.0.16,hpf_inputsignallast,array,IDENTICAL,,,size=        1024
PIIController.0.0.16,hpf_outputsignallast,array,IDENTICAL,,,size=        1024
PIIController.0.0.16,nfs_outputsignallast1,array,IDENTICAL,,,size=        1024
PIIController.0.0.16,nfs_outputsignallast2,array,IDENTICAL,,,size=        1024
PIIController.0.0.16,nfs_inputsignallast1,array,IDENTICAL,,,size=        1024
PIIController.0.0.16,nfs_inputsignallast2,array,IDENTICAL,,,size=        1024
PIIController.0.0.16,nfs_b2,array,IDENTICAL,,,size=        1024
PIIController.0.0.16,nfs_b0,array,IDENTICAL,,,size=        1024
PIIController.0.0.16,nfs_a2,array,IDENTICAL,,,size=        1024
PIIController.0.0.16,nfs_a1,array,IDENTICAL,,,size=        1024
PIIController.0.0.16,nfs_a0,array,IDENTICAL,,,size=        1024
PIIController.0.0.16,nf_outputsignallast1,array,IDENTICAL,,,size=        1024
PIIController.0.0.16,nf_outputsignallast2,array,IDENTICAL,,,size=        1024
PIIController.0.0.16,nf_inputsignallast1,array,IDENTICAL,,,size=        1024
PIIController.0.0.16,nf_inputsignallast2,array,IDENTICAL,,,size=        1024
PIIController.0.0.16,nf_b2,array,IDENTICAL,,,size=        1024
PIIController.0.0.16,nf_b1,array,IDENTICAL,,,size=        1024
PIIController.0.0.16,nf_b0,array,IDENTICAL,,,size=        1024
PIIController.0.0.16,nf_a1,array,IDENTICAL,,,size=        1024
PIIController.0.0.16,nf_a0,array,IDENTICAL,,,size=        1024
PIIController.0.0.16,iterm,array,IDENTICAL,,,size=        1024
PIIController.0.0.16,itermlast,array,IDENTICAL,,,size=        1024
PIIController.0.0.16,iterm2,array,IDENTICAL,,,size=        1024
PIIController.0.0.16,itermlast2,array,IDENTICAL,,,size=        1024
PIIController.0.0.16,elast,array,IDENTICAL,,,size=        1024
PIIController.0.0.16,res_outputsignallast1,array,IDENTICAL,,,size=        1024
PIIController.0.0.16,res_outputsignallast2,array,IDENTICAL,,,size=        1024
PIIController.0.0.16,res_inputsignallast1,array,IDENTICAL,,,size=        1024
PIIController.0.0.16,res_inputsignallast2,array,IDENTICAL,,,size=        1024
PIIController.0.0.16,lastsignal,array,IDENTICAL,,,size=        1024
PIIController.0.0.16,instlpf,scalar,IDENTICAL,9,9,
PIIController.0.0.16,instseclpf,scalar,IDENTICAL,8,8,
PIIController.0.0.16,instseclpfv,scalar,IDENTICAL,1,1,
PIIController.0.0.16,insthpf,scalar,IDENTICAL,6,6,
PIIController.0.0.16,instnotchslopes,scalar,IDENTICAL,1,1,
PIIController.0.0.16,instnotch,scalar,IDENTICAL,1,1,
PIIController.0.0.16,instpi,scalar,IDENTICAL,4,4,
PIIController.0.0.16,instres,scalar,IDENTICAL,1,1,
PIIController.0.0.16,instrl,scalar,IDENTICAL,9,9,
PIIController.0.0.17,istatus,scalar,IDENTICAL,1,1,
PIIController.0.0.17,alreadyinitialized,scalar,IDENTICAL,0,0,
PIIController.0.0.17,restartwse,scalar,IDENTICAL,1,1,
PIIController.0.0.17,time,scalar,IDENTICAL,0.15000000596046448,0.15000000596046448,
PIIController.0.0.17,dt,scalar,IDENTICAL,2.5000000372529030E-002,2.5000000372529030E-002,
PIIController.0.0.17,writethisstep,scalar,IDENTICAL,F,F,
PIIController.0.0.17,n_dt,scalar,IDENTICAL,6,6,
PIIController.0.0.17,time_last,scalar,IDENTICAL,0.0000000000000000,0.0000000000000000,
PIIController.0.0.17,vs_genpwr,scalar,IDENTICAL,0.0000000000000000,0.0000000000000000,
PIIController.0.0.17,genspeed,scalar,IDENTICAL,41.057884216308594,41.057884216308594,
PIIController.0.0.17,rotspeed,scalar,IDENTICAL,0.42327713966369629,0.42327713966369629,
PIIController.0.0.17,nacheading,scalar,IDENTICAL,0.0000000000000000,0.0000000000000000,
PIIController.0.0.17,nacvane,scalar,IDENTICAL,0.0000000000000000,0.0000000000000000,
PIIController.0.0.17,nacvanef,scalar,IDENTICAL,0.0000000000000000,0.0000000000000000,
PIIController.0.0.17,winddir,scalar,IDENTICAL,0.0000000000000000,0.0000000000000000,
PIIController.0.0.17,horwindv,scalar,IDENTICAL,9.0000000000000000,9.0000000000000000,
PIIController.0.0.17,horwindv_f,scalar,IDENTICAL,9.9885474296676247,9.9885474296676247,
PIIController.0.0.17,rootmoop,array,IDENTICAL,,,size=           3
PIIController.0.0.17,rootmoopf,array,IDENTICAL,,,size=           3
PIIController.0.0.17,blpitch,array,IDENTICAL,,,size=           3
PIIController.0.0.17,blpitchcmeas,scalar,IDENTICAL,2.4105207700129750E-003,2.4105207700129750E-003,
PIIController.0.0.17,azimuth,scalar,IDENTICAL,0.0000000000000000,0.0000000000000000,
PIIController.0.0.17,ol_azimuth,scalar,IDENTICAL,0.0000000000000000,0.0000000000000000,
PIIController.0.0.17,azunwrapped,scalar,IDENTICAL,0.0000000000000000,0.0000000000000000,
PIIController.0.0.17,azerror,scalar,IDENTICAL,0.0000000000000000,0.0000000000000000,
PIIController.0.0.17,gentqaz,scalar,IDENTICAL,0.0000000000000000,0.0000000000000000,
PIIController.0.0.17,azbuffer,array,IDENTICAL,,,size=           2
PIIController.0.0.17,numbl,scalar,IDENTICAL,3,3,
PIIController.0.0.17,fa_acc_tt,scalar,IDENTICAL,0.0000000000000000,0.0000000000000000,
PIIController.0.0.17,ss_acc_tt,scalar,IDENTICAL,0.0000000000000000,0.0000000000000000,
PIIController.0.0.17,fa_acc_nac,scalar,IDENTICAL,0.0000000000000000,0.0000000000000000,
PIIController.0.0.17,nacimu_fa_racc,scalar,IDENTICAL,0.0000000000000000,0.0000000000000000,
PIIController.0.0.17,fa_acchpf,scalar,IDENTICAL,0.0000000000000000,0.0000000000000000,
PIIController.0.0.17,fa_acchpfi,scalar,IDENTICAL,0.0000000000000000,0.0000000000000000,
PIIController.0.0.17,fa_pitcom,array,IDENTICAL,,,size=           3
PIIController.0.0.17,vs_refspd,scalar,IDENTICAL,115.46879251167449,115.46879251167449,
PIIController.0.0.17,vs_refspd_tsr,scalar,IDENTICAL,115.34394055687616,115.34394055687616,
PIIController.0.0.17,vs_refspd_tra,scalar,IDENTICAL,0.0000000000000000,0.0000000000000000,
PIIController.0.0.17,vs_refspd_rl,scalar,IDENTICAL,0.0000000000000000,0.0000000000000000,
PIIController.0.0.17,pc_refspd,scalar,IDENTICAL,129.08281878222544,129.08281878222544,
PIIController.0.0.17,pc_refspd_ss,scalar,IDENTICAL,129.08281878222544,129.08281878222544,
PIIController.0.0.17,pc_refspd_prc,scalar,IDENTICAL,122.90967000000001,122.90967000000001,
PIIController.0.0.17,rotspeedf,scalar,IDENTICAL,0.66568135433584597,0.66568135433584597,
PIIController.0.0.17,genspeedf,scalar,IDENTICAL,24.054199113410498,24.054199113410498,
PIIController.0.0.17,gentq,scalar,IDENTICAL,0.0000000000000000,0.0000000000000000,
PIIController.0.0.17,gentqmeas,scalar,IDENTICAL,0.0000000000000000,0.0000000000000000,
PIIController.0.0.17,genartq,scalar,IDENTICAL,0.0000000000000000,0.0000000000000000,
PIIController.0.0.17,genbrtq,scalar,IDENTICAL,0.0000000000000000,0.0000000000000000,
PIIController.0.0.17,vs_komega2_gentq,scalar,IDENTICAL,1336.8946158935953,1336.8946158935953,
PIIController.0.0.17,vs_constpwr_gentq,scalar,IDENTICAL,220194.82521613463,220194.82521613463,
PIIController.0.0.17,ipc_pitcomf,array,IDENTICAL,,,size=           3
PIIController.0.0.17,pc_kp,scalar,IDENTICAL,-2.0750000000000001E-002,-2.0750000000000001E-002,
PIIController.0.0.17,pc_ki,scalar,IDENTICAL,-8.4169999999999991E-003,-8.4169999999999991E-003,
PIIController.0.0.17,pc_kd,scalar,IDENTICAL,0.0000000000000000,0.0000000000000000,
PIIController.0.0.17,pc_tf,scalar,IDENTICAL,0.0000000000000000,0.0000000000000000,
PIIController.0.0.17,pc_maxpit,scalar,IDENTICAL,1.5700000000000001,1.5700000000000001,
PIIController.0.0.17,pc_minpit,scalar,IDENTICAL,2.3957913576064544E-003,2.3957913576064544E-003,
PIIController.0.0.17,pc_pitcomt,scalar,IDENTICAL,2.4041686882614222E-003,2.4041686882614222E-003,
PIIController.0.0.17,pc_pitcomt_last,scalar,IDENTICAL,2.4041686882614222E-003,2.4041686882614222E-003,
PIIController.0.0.17,blpitchcmeasf,scalar,IDENTICAL,3.5010696557979304E-005,3.5010696557979304E-005,
PIIController.0.0.17,pc_pitcomt_ipc,array,IDENTICAL,,,size=           3
PIIController.0.0.17,pc_pwrerr,scalar,IDENTICAL,5000000.0000000000,5000000.0000000000,
PIIController.0.0.17,pc_spderr,scalar,IDENTICAL,105.02861966881494,105.02861966881494,
PIIController.0.0.17,ipc_axistilt_1p,scalar,IDENTICAL,0.0000000000000000,0.0000000000000000,
PIIController.0.0.17,ipc_axisyaw_1p,scalar,IDENTICAL,0.0000000000000000,0.0000000000000000,
PIIController.0.0.17,ipc_axistilt_2p,scalar,IDENTICAL,0.0000000000000000,0.0000000000000000,
PIIController.0.0.17,ipc_axisyaw_2p,scalar,IDENTICAL,0.0000000000000000,0.0000000000000000,
PIIController.0.0.17,axistilt_1p,scalar,IDENTICAL,0.0000000000000000,0.0000000000000000,
PIIController.0.0.17,axisyaw_1p,scalar,IDENTICAL,0.0000000000000000,0.0000000000000000,
PIIController.0.0.17,axisyawf_1p,scalar,IDENTICAL,0.0000000000000000,0.0000000000000000,
PIIController.0.0.17,axistilt_2p,scalar,IDENTICAL,0.0000000000000000,0.0000000000000000,
PIIController.0.0.17,axisyaw_2p,scalar,IDENTICAL,0.0000000000000000,0.0000000000000000,
PIIController.0.0.17,axisyawf_2p,scalar,IDENTICAL,0.0000000000000000,0.0000000000000000,
PIIController.0.0.17,ipc_ki,array,IDENTICAL,,,size=           2
PIIController.0.0.17,ipc_kp,array,IDENTICAL,,,size=           2
PIIController.0.0.17,ipc_intsat,scalar,IDENTICAL,0.0000000000000000,0.0000000000000000,
PIIController.0.0.17,pc_state,scalar,IDENTICAL,1,1,
PIIController.0.0.17,pitcom,array,IDENTICAL,,,size=           3
PIIController.0.0.17,pitcom_sd,array,IDENTICAL,,,size=           3
PIIController.0.0.17,pitcomact,array,IDENTICAL,,,size=           3
PIIController.0.0.17,ss_delomegaf,scalar,IDENTICAL,-6.1713875612752620,-6.1713875612752620,
PIIController.0.0.17,testtype,scalar,IDENTICAL,0.0000000000000000,0.0000000000000000,
PIIController.0.0.17,kp_float,scalar,IDENTICAL,0.0000000000000000,0.0000000000000000,
PIIController.0.0.17,vs_maxtq,scalar,IDENTICAL,47402.900000000001,47402.900000000001,
PIIController.0.0.17,vs_lastgentrq,scalar,IDENTICAL,0.0000000000000000,0.0000000000000000,
PIIController.0.0.17,vs_lastgenpwr,scalar,IDENTICAL,0.0000000000000000,0.0000000000000000,
PIIController.0.0.17,vs_mechgenpwr,scalar,IDENTICAL,0.0000000000000000,0.0000000000000000,
PIIController.0.0.17,vs_spderrar,scalar,IDENTICAL,91.414593398264003,91.414593398264003,
PIIController.0.0.17,vs_spderrbr,scalar,IDENTICAL,10.588660886589501,10.588660886589501,
PIIController.0.0.17,vs_spderr,scalar,IDENTICAL,91.414593398264003,91.414593398264003,
PIIController.0.0.17,vs_state,scalar,IDENTICAL,1,1,
PIIController.0.0.17,vs_rgn3pitch,scalar,IDENTICAL,1.9854168688261422E-002,1.9854168688261422E-002,
PIIController.0.0.17,we_vw,scalar,IDENTICAL,9.9885474296676247,9.9885474296676247,
PIIController.0.0.17,we_vw_f,scalar,IDENTICAL,9.9995662590550758,9.9995662590550758,
PIIController.0.0.17,we_vwi,scalar,IDENTICAL,10.000000000000000,10.000000000000000,
PIIController.0.0.17,we_vwidot,scalar,IDENTICAL,0.0000000000000000,0.0000000000000000,
PIIController.0.0.17,we_op,scalar,IDENTICAL,0,0,
PIIController.0.0.17,we_op_last,scalar,IDENTICAL,0,0,
PIIController.0.0.17,vs_lastgentrqf,scalar,IDENTICAL,1.9016016686761572,1.9016016686761572,
PIIController.0.0.17,prc_wse_f,scalar,IDENTICAL,0.0000000000000000,0.0000000000000000,
PIIController.0.0.17,prc_r_speed,scalar,IDENTICAL,1.0000000000000000,1.0000000000000000,
PIIController.0.0.17,prc_r_torque,scalar,IDENTICAL,1.0000000000000000,1.0000000000000000,
PIIController.0.0.17,prc_r_pitch,scalar,IDENTICAL,1.0000000000000000,1.0000000000000000,
PIIController.0.0.17,prc_r_total,scalar,IDENTICAL,0.0000000000000000,0.0000000000000000,
PIIController.0.0.17,prc_min_pitch,scalar,IDENTICAL,0.0000000000000000,0.0000000000000000,
PIIController.0.0.17,ps_min_pitch,scalar,IDENTICAL,2.3957913576064544E-003,2.3957913576064544E-003,
PIIController.0.0.17,ol_index,scalar,IDENTICAL,0.15000000596046448,0.15000000596046448,
PIIController.0.0.17,su_stage,scalar,IDENTICAL,0,0,
PIIController.0.0.17,su_loadstagestarttime,scalar,IDENTICAL,0.0000000000000000,0.0000000000000000,
PIIController.0.0.17,su_rotspeedf,scalar,IDENTICAL,0.0000000000000000,0.0000000000000000,
PIIController.0.0.17,sd_trigger,scalar,IDENTICAL,0,0,
PIIController.0.0.17,sd_blpitchf,scalar,IDENTICAL,0.0000000000000000,0.0000000000000000,
PIIController.0.0.17,sd_nacvanef,scalar,IDENTICAL,0.0000000000000000,0.0000000000000000,
PIIController.0.0.17,sd_genspeedf,scalar,IDENTICAL,0.0000000000000000,0.0000000000000000,
PIIController.0.0.17,sd_stage,scalar,IDENTICAL,0,0,
PIIController.0.0.17,sd_stagestarttime,scalar,IDENTICAL,0.0000000000000000,0.0000000000000000,
PIIController.0.0.17,sd_maxpitchrate,scalar,IDENTICAL,0.0000000000000000,0.0000000000000000,
PIIController.0.0.17,sd_maxtorquerate,scalar,IDENTICAL,0.0000000000000000,0.0000000000000000,
PIIController.0.0.17,gentq_sd,scalar,IDENTICAL,0.0000000000000000,0.0000000000000000,
PIIController.0.0.17,fl_pitcom,scalar,IDENTICAL,0.0000000000000000,0.0000000000000000,
PIIController.0.0.17,nacimu_fa_accf,scalar,IDENTICAL,0.0000000000000000,0.0000000000000000,
PIIController.0.0.17,fa_accf,scalar,IDENTICAL,0.0000000000000000,0.0000000000000000,
PIIController.0.0.17,fa_hist,scalar,IDENTICAL,0,0,
PIIController.0.0.17,tra_lastrefspd,scalar,IDENTICAL,0.0000000000000000,0.0000000000000000,
PIIController.0.0.17,vs_refspeed,scalar,IDENTICAL,0.0000000000000000,0.0000000000000000,
PIIController.0.0.17,ptfmtdx,scalar,IDENTICAL,0.0000000000000000,0.0000000000000000,
PIIController.0.0.17,ptfmtdy,scalar,IDENTICAL,0.0000000000000000,0.0000000000000000,
PIIController.0.0.17,ptfmtdz,scalar,IDENTICAL,0.0000000000000000,0.0000000000000000,
PIIController.0.0.17,ptfmrdx,scalar,IDENTICAL,0.0000000000000000,0.0000000000000000,
PIIController.0.0.17,ptfmrdy,scalar,IDENTICAL,0.0000000000000000,0.0000000000000000,
PIIController.0.0.17,ptfmrdz,scalar,IDENTICAL,0.0000000000000000,0.0000000000000000,
PIIController.0.0.17,ptfmtvx,scalar,IDENTICAL,0.0000000000000000,0.0000000000000000,
PIIController.0.0.17,ptfmtvy,scalar,IDENTICAL,0.0000000000000000,0.0000000000000000,
PIIController.0.0.17,ptfmtvz,scalar,IDENTICAL,0.0000000000000000,0.0000000000000000,
PIIController.0.0.17,ptfmrvx,scalar,IDENTICAL,0.0000000000000000,0.0000000000000000,
PIIController.0.0.17,ptfmrvy,scalar,IDENTICAL,0.0000000000000000,0.0000000000000000,
PIIController.0.0.17,ptfmrvz,scalar,IDENTICAL,0.0000000000000000,0.0000000000000000,
PIIController.0.0.17,ptfmtax,scalar,IDENTICAL,0.0000000000000000,0.0000000000000000,
PIIController.0.0.17,ptfmtay,scalar,IDENTICAL,0.0000000000000000,0.0000000000000000,
PIIController.0.0.17,ptfmtaz,scalar,IDENTICAL,0.0000000000000000,0.0000000000000000,
PIIController.0.0.17,ptfmrax,scalar,IDENTICAL,0.0000000000000000,0.0000000000000000,
PIIController.0.0.17,ptfmray,scalar,IDENTICAL,0.0000000000000000,0.0000000000000000,
PIIController.0.0.17,ptfmraz,scalar,IDENTICAL,0.0000000000000000,0.0000000000000000,
PIIController.0.0.17,cc_desiredl,array,IDENTICAL,,,size=          12
PIIController.0.0.17,cc_actuatedl,array,IDENTICAL,,,size=          12
PIIController.0.0.17,cc_actuateddl,array,IDENTICAL,,,size=          12
PIIController.0.0.17,stc_input,array,IDENTICAL,,,size=          12
PIIController.0.0.17,flp_angle,array,IDENTICAL,,,size=           3
PIIController.0.0.17,rootmyb_last,array,IDENTICAL,,,size=           3
PIIController.0.0.17,acc_infile_size,scalar,IDENTICAL,42,42,
PIIController.0.0.17,acc_infile,array,IDENTICAL,,,size=          42
PIIController.0.0.17,restart,scalar,IDENTICAL,F,F,
PIIController.0.0.17,awc_complexangle,array,IDENTICAL,,,size=           3
PIIController.0.0.17,tiltmean,scalar,IDENTICAL,0.0000000000000000,0.0000000000000000,
PIIController.0.0.17,yawmean,scalar,IDENTICAL,0.0000000000000000,0.0000000000000000,
PIIController.0.0.17,zmq_id,scalar,IDENTICAL,0,0,
PIIController.0.0.17,zmq_yawoffset,scalar,IDENTICAL,0.0000000000000000,0.0000000000000000,
PIIController.0.0.17,zmq_torqueoffset,scalar,IDENTICAL,0.0000000000000000,0.0000000000000000,
PIIController.0.0.17,zmq_pitoffset,array,IDENTICAL,,,size=           3
PIIController.0.0.17,zmq_r_speed,scalar,IDENTICAL,0.0000000000000000,0.0000000000000000,
PIIController.0.0.17,zmq_r_torque,scalar,IDENTICAL,0.0000000000000000,0.0000000000000000,
PIIController.0.0.17,zmq_r_pitch,scalar,IDENTICAL,0.0000000000000000,0.0000000000000000,
PIIController.0.0.17,om_r,scalar,IDENTICAL,0.0000000000000000,0.0000000000000000,
PIIController.0.0.17,v_t,scalar,IDENTICAL,0.0000000000000000,0.0000000000000000,
PIIController.0.0.17,v_m,scalar,IDENTICAL,0.0000000000000000,0.0000000000000000,
PIIController.0.0.17,v_h,scalar,IDENTICAL,0.0000000000000000,0.0000000000000000,
PIIController.0.0.17,p,array,IDENTICAL,,,size=           9
PIIController.0.0.17,xh,array,IDENTICAL,,,size=           3
PIIController.0.0.17,k,array,IDENTICAL,,,size=           3
PIIController.0.0.17,lpf1_a1,array,IDENTICAL,,,size=        1024
PIIController.0.0.17,lpf1_a0,array,IDENTICAL,,,size=        1024
PIIController.0.0.17,lpf1_b1,array,IDENTICAL,,,size=        1024
PIIController.0.0.17,lpf1_b0,array,IDENTICAL,,,size=        1024
PIIController.0.0.17,lpf1_inputsignallast,array,IDENTICAL,,,size=        1024
PIIController.0.0.17,lpf1_outputsignallast,array,IDENTICAL,,,size=        1024
PIIController.0.0.17,lpf2_a2,array,IDENTICAL,,,size=        1024
PIIController.0.0.17,lpf2_a1,array,IDENTICAL,,,size=        1024
PIIController.0.0.17,lpf2_a0,array,IDENTICAL,,,size=        1024
PIIController.0.0.17,lpf2_b2,array,IDENTICAL,,,size=        1024
PIIController.0.0.17,lpf2_b1,array,IDENTICAL,,,size=        1024
PIIController.0.0.17,lpf2_b0,array,IDENTICAL,,,size=        1024
PIIController.0.0.17,lpf2_inputsignallast2,array,IDENTICAL,,,size=        1024
PIIController.0.0.17,lpf2_outputsignallast2,array,IDENTICAL,,,size=        1024
PIIController.0.0.17,lpf2_inputsignallast1,array,IDENTICAL,,,size=        1024
PIIController.0.0.17,lpf2_outputsignallast1,array,IDENTICAL,,,size=        1024
PIIController.0.0.17,lpfv_a2,array,IDENTICAL,,,size=        1024
PIIController.0.0.17,lpfv_a1,array,IDENTICAL,,,size=        1024
PIIController.0.0.17,lpfv_a0,array,IDENTICAL,,,size=        1024
PIIController.0.0.17,lpfv_b2,array,IDENTICAL,,,size=        1024
PIIController.0.0.17,lpfv_b1,array,IDENTICAL,,,size=        1024
PIIController.0.0.17,lpfv_b0,array,IDENTICAL,,,size=        1024
PIIController.0.0.17,lpfv_inputsignallast2,array,IDENTICAL,,,size=        1024
PIIController.0.0.17,lpfv_outputsignallast2,array,IDENTICAL,,,size=        1024
PIIController.0.0.17,lpfv_inputsignallast1,array,IDENTICAL,,,size=        1024
PIIController.0.0.17,lpfv_outputsignallast1,array,IDENTICAL,,,size=        1024
PIIController.0.0.17,hpf_inputsignallast,array,IDENTICAL,,,size=        1024
PIIController.0.0.17,hpf_outputsignallast,array,IDENTICAL,,,size=        1024
PIIController.0.0.17,nfs_outputsignallast1,array,IDENTICAL,,,size=        1024
PIIController.0.0.17,nfs_outputsignallast2,array,IDENTICAL,,,size=        1024
PIIController.0.0.17,nfs_inputsignallast1,array,IDENTICAL,,,size=        1024
PIIController.0.0.17,nfs_inputsignallast2,array,IDENTICAL,,,size=        1024
PIIController.0.0.17,nfs_b2,array,IDENTICAL,,,size=        1024
PIIController.0.0.17,nfs_b0,array,IDENTICAL,,,size=        1024
PIIController.0.0.17,nfs_a2,array,IDENTICAL,,,size=        1024
PIIController.0.0.17,nfs_a1,array,IDENTICAL,,,size=        1024
PIIController.0.0.17,nfs_a0,array,IDENTICAL,,,size=        1024
PIIController.0.0.17,nf_outputsignallast1,array,IDENTICAL,,,size=        1024
PIIController.0.0.17,nf_outputsignallast2,array,IDENTICAL,,,size=        1024
PIIController.0.0.17,nf_inputsignallast1,array,IDENTICAL,,,size=        1024
PIIController.0.0.17,nf_inputsignallast2,array,IDENTICAL,,,size=        1024
PIIController.0.0.17,nf_b2,array,IDENTICAL,,,size=        1024
PIIController.0.0.17,nf_b1,array,IDENTICAL,,,size=        1024
PIIController.0.0.17,nf_b0,array,IDENTICAL,,,size=        1024
PIIController.0.0.17,nf_a1,array,IDENTICAL,,,size=        1024
PIIController.0.0.17,nf_a0,array,IDENTICAL,,,size=        1024
PIIController.0.0.17,iterm,array,IDENTICAL,,,size=        1024
PIIController.0.0.17,itermlast,array,IDENTICAL,,,size=        1024
PIIController.0.0.17,iterm2,array,IDENTICAL,,,size=        1024
PIIController.0.0.17,itermlast2,array,IDENTICAL,,,size=        1024
PIIController.0.0.17,elast,array,IDENTICAL,,,size=        1024
PIIController.0.0.17,res_outputsignallast1,array,IDENTICAL,,,size=        1024
PIIController.0.0.17,res_outputsignallast2,array,IDENTICAL,,,size=        1024
PIIController.0.0.17,res_inputsignallast1,array,IDENTICAL,,,size=        1024
PIIController.0.0.17,res_inputsignallast2,array,IDENTICAL,,,size=        1024
PIIController.0.0.17,lastsignal,array,IDENTICAL,,,size=        1024
PIIController.0.0.17,instlpf,scalar,IDENTICAL,9,9,
PIIController.0.0.17,instseclpf,scalar,IDENTICAL,8,8,
PIIController.0.0.17,instseclpfv,scalar,IDENTICAL,1,1,
PIIController.0.0.17,insthpf,scalar,IDENTICAL,6,6,
PIIController.0.0.17,instnotchslopes,scalar,IDENTICAL,1,1,
PIIController.0.0.17,instnotch,scalar,IDENTICAL,1,1,
PIIController.0.0.17,instpi,scalar,IDENTICAL,5,5,
PIIController.0.0.17,instres,scalar,IDENTICAL,1,1,
PIIController.0.0.17,instrl,scalar,IDENTICAL,9,9,
PIIController.0.0.18,istatus,scalar,IDENTICAL,1,1,
PIIController.0.0.18,alreadyinitialized,scalar,IDENTICAL,0,0,
PIIController.0.0.18,restartwse,scalar,IDENTICAL,1,1,
PIIController.0.0.18,time,scalar,IDENTICAL,0.15000000596046448,0.15000000596046448,
PIIController.0.0.18,dt,scalar,IDENTICAL,2.5000000372529030E-002,2.5000000372529030E-002,
PIIController.0.0.18,writethisstep,scalar,IDENTICAL,F,F,
PIIController.0.0.18,n_dt,scalar,IDENTICAL,6,6,
PIIController.0.0.18,time_last,scalar,IDENTICAL,0.0000000000000000,0.0000000000000000,
PIIController.0.0.18,vs_genpwr,scalar,IDENTICAL,0.0000000000000000,0.0000000000000000,
PIIController.0.0.18,genspeed,scalar,IDENTICAL,41.057884216308594,41.057884216308594,
PIIController.0.0.18,rotspeed,scalar,IDENTICAL,0.42327713966369629,0.42327713966369629,
PIIController.0.0.18,nacheading,scalar,IDENTICAL,0.0000000000000000,0.0000000000000000,
PIIController.0.0.18,nacvane,scalar,IDENTICAL,0.0000000000000000,0.0000000000000000,
PIIController.0.0.18,nacvanef,scalar,IDENTICAL,0.0000000000000000,0.0000000000000000,
PIIController.0.0.18,winddir,scalar,IDENTICAL,0.0000000000000000,0.0000000000000000,
PIIController.0.0.18,horwindv,scalar,IDENTICAL,9.0000000000000000,9.0000000000000000,
PIIController.0.0.18,horwindv_f,scalar,IDENTICAL,9.9885474296676247,9.9885474296676247,
PIIController.0.0.18,rootmoop,array,IDENTICAL,,,size=           3
PIIController.0.0.18,rootmoopf,array,IDENTICAL,,,size=           3
PIIController.0.0.18,blpitch,array,IDENTICAL,,,size=           3
PIIController.0.0.18,blpitchcmeas,scalar,IDENTICAL,2.4105207700129750E-003,2.4105207700129750E-003,
PIIController.0.0.18,azimuth,scalar,IDENTICAL,0.0000000000000000,0.0000000000000000,
PIIController.0.0.18,ol_azimuth,scalar,IDENTICAL,0.0000000000000000,0.0000000000000000,
PIIController.0.0.18,azunwrapped,scalar,IDENTICAL,0.0000000000000000,0.0000000000000000,
PIIController.0.0.18,azerror,scalar,IDENTICAL,0.0000000000000000,0.0000000000000000,
PIIController.0.0.18,gentqaz,scalar,IDENTICAL,0.0000000000000000,0.0000000000000000,
PIIController.0.0.18,azbuffer,array,IDENTICAL,,,size=           2
PIIController.0.0.18,numbl,scalar,IDENTICAL,3,3,
PIIController.0.0.18,fa_acc_tt,scalar,IDENTICAL,0.0000000000000000,0.0000000000000000,
PIIController.0.0.18,ss_acc_tt,scalar,IDENTICAL,0.0000000000000000,0.0000000000000000,
PIIController.0.0.18,fa_acc_nac,scalar,IDENTICAL,0.0000000000000000,0.0000000000000000,
PIIController.0.0.18,nacimu_fa_racc,scalar,IDENTICAL,0.0000000000000000,0.0000000000000000,
PIIController.0.0.18,fa_acchpf,scalar,IDENTICAL,0.0000000000000000,0.0000000000000000,
PIIController.0.0.18,fa_acchpfi,scalar,IDENTICAL,0.0000000000000000,0.0000000000000000,
PIIController.0.0.18,fa_pitcom,array,IDENTICAL,,,size=           3
PIIController.0.0.18,vs_refspd,scalar,IDENTICAL,115.46879251167449,115.46879251167449,
PIIController.0.0.18,vs_refspd_tsr,scalar,IDENTICAL,115.34394055687616,115.34394055687616,
PIIController.0.0.18,vs_refspd_tra,scalar,IDENTICAL,0.0000000000000000,0.0000000000000000,
PIIController.0.0.18,vs_refspd_rl,scalar,IDENTICAL,0.0000000000000000,0.0000000000000000,
PIIController.0.0.18,pc_refspd,scalar,IDENTICAL,129.08281878222544,129.08281878222544,
PIIController.0.0.18,pc_refspd_ss,scalar,IDENTICAL,129.08281878222544,129.08281878222544,
PIIController.0.0.18,pc_refspd_prc,scalar,IDENTICAL,122.90967000000001,122.90967000000001,
PIIController.0.0.18,rotspeedf,scalar,IDENTICAL,0.66568135433584597,0.66568135433584597,
PIIController.0.0.18,genspeedf,scalar,IDENTICAL,24.054199113410498,24.054199113410498,
PIIController.0.0.18,gentq,scalar,IDENTICAL,0.0000000000000000,0.0000000000000000,
PIIController.0.0.18,gentqmeas,scalar,IDENTICAL,0.0000000000000000,0.0000000000000000,
PIIController.0.0.18,genartq,scalar,IDENTICAL,0.0000000000000000,0.0000000000000000,
PIIController.0.0.18,genbrtq,scalar,IDENTICAL,0.0000000000000000,0.0000000000000000,
PIIController.0.0.18,vs_komega2_gentq,scalar,IDENTICAL,1336.8946158935953,1336.8946158935953,
PIIController.0.0.18,vs_constpwr_gentq,scalar,IDENTICAL,220194.82521613463,220194.82521613463,
PIIController.0.0.18,ipc_pitcomf,array,IDENTICAL,,,size=           3
PIIController.0.0.18,pc_kp,scalar,IDENTICAL,-2.0750000000000001E-002,-2.0750000000000001E-002,
PIIController.0.0.18,pc_ki,scalar,IDENTICAL,-8.4169999999999991E-003,-8.4169999999999991E-003,
PIIController.0.0.18,pc_kd,scalar,IDENTICAL,0.0000000000000000,0.0000000000000000,
PIIController.0.0.18,pc_tf,scalar,IDENTICAL,0.0000000000000000,0.0000000000000000,
PIIController.0.0.18,pc_maxpit,scalar,IDENTICAL,1.5700000000000001,1.5700000000000001,
PIIController.0.0.18,pc_minpit,scalar,IDENTICAL,2.3957913576064544E-003,2.3957913576064544E-003,
PIIController.0.0.18,pc_pitcomt,scalar,IDENTICAL,2.4041686882614222E-003,2.4041686882614222E-003,
PIIController.0.0.18,pc_pitcomt_last,scalar,IDENTICAL,2.4041686882614222E-003,2.4041686882614222E-003,
PIIController.0.0.18,blpitchcmeasf,scalar,IDENTICAL,3.5010696557979304E-005,3.5010696557979304E-005,
PIIController.0.0.18,pc_pitcomt_ipc,array,IDENTICAL,,,size=           3
PIIController.0.0.18,pc_pwrerr,scalar,IDENTICAL,5000000.0000000000,5000000.0000000000,
PIIController.0.0.18,pc_spderr,scalar,IDENTICAL,105.02861966881494,105.02861966881494,
PIIController.0.0.18,ipc_axistilt_1p,scalar,IDENTICAL,0.0000000000000000,0.0000000000000000,
PIIController.0.0.18,ipc_axisyaw_1p,scalar,IDENTICAL,0.0000000000000000,0.0000000000000000,
PIIController.0.0.18,ipc_axistilt_2p,scalar,IDENTICAL,0.0000000000000000,0.0000000000000000,
PIIController.0.0.18,ipc_axisyaw_2p,scalar,IDENTICAL,0.0000000000000000,0.0000000000000000,
PIIController.0.0.18,axistilt_1p,scalar,IDENTICAL,0.0000000000000000,0.0000000000000000,
PIIController.0.0.18,axisyaw_1p,scalar,IDENTICAL,0.0000000000000000,0.0000000000000000,
PIIController.0.0.18,axisyawf_1p,scalar,IDENTICAL,0.0000000000000000,0.0000000000000000,
PIIController.0.0.18,axistilt_2p,scalar,IDENTICAL,0.0000000000000000,0.0000000000000000,
PIIController.0.0.18,axisyaw_2p,scalar,IDENTICAL,0.0000000000000000,0.0000000000000000,
PIIController.0.0.18,axisyawf_2p,scalar,IDENTICAL,0.0000000000000000,0.0000000000000000,
PIIController.0.0.18,ipc_ki,array,IDENTICAL,,,size=           2
PIIController.0.0.18,ipc_kp,array,IDENTICAL,,,size=           2
PIIController.0.0.18,ipc_intsat,scalar,IDENTICAL,0.0000000000000000,0.0000000000000000,
PIIController.0.0.18,pc_state,scalar,IDENTICAL,1,1,
PIIController.0.0.18,pitcom,array,IDENTICAL,,,size=           3
PIIController.0.0.18,pitcom_sd,array,IDENTICAL,,,size=           3
PIIController.0.0.18,pitcomact,array,IDENTICAL,,,size=           3
PIIController.0.0.18,ss_delomegaf,scalar,IDENTICAL,-6.1713875612752620,-6.1713875612752620,
PIIController.0.0.18,testtype,scalar,IDENTICAL,0.0000000000000000,0.0000000000000000,
PIIController.0.0.18,kp_float,scalar,IDENTICAL,0.0000000000000000,0.0000000000000000,
PIIController.0.0.18,vs_maxtq,scalar,IDENTICAL,47402.900000000001,47402.900000000001,
PIIController.0.0.18,vs_lastgentrq,scalar,IDENTICAL,0.0000000000000000,0.0000000000000000,
PIIController.0.0.18,vs_lastgenpwr,scalar,IDENTICAL,0.0000000000000000,0.0000000000000000,
PIIController.0.0.18,vs_mechgenpwr,scalar,IDENTICAL,0.0000000000000000,0.0000000000000000,
PIIController.0.0.18,vs_spderrar,scalar,IDENTICAL,91.414593398264003,91.414593398264003,
PIIController.0.0.18,vs_spderrbr,scalar,IDENTICAL,10.588660886589501,10.588660886589501,
PIIController.0.0.18,vs_spderr,scalar,IDENTICAL,91.414593398264003,91.414593398264003,
PIIController.0.0.18,vs_state,scalar,IDENTICAL,1,1,
PIIController.0.0.18,vs_rgn3pitch,scalar,IDENTICAL,1.9854168688261422E-002,1.9854168688261422E-002,
PIIController.0.0.18,we_vw,scalar,IDENTICAL,9.9885474296676247,9.9885474296676247,
PIIController.0.0.18,we_vw_f,scalar,IDENTICAL,9.9995662590550758,9.9995662590550758,
PIIController.0.0.18,we_vwi,scalar,IDENTICAL,10.000000000000000,10.000000000000000,
PIIController.0.0.18,we_vwidot,scalar,IDENTICAL,0.0000000000000000,0.0000000000000000,
PIIController.0.0.18,we_op,scalar,IDENTICAL,0,0,
PIIController.0.0.18,we_op_last,scalar,IDENTICAL,0,0,
PIIController.0.0.18,vs_lastgentrqf,scalar,IDENTICAL,1.9016016686761572,1.9016016686761572,
PIIController.0.0.18,prc_wse_f,scalar,IDENTICAL,0.0000000000000000,0.0000000000000000,
PIIController.0.0.18,prc_r_speed,scalar,IDENTICAL,1.0000000000000000,1.0000000000000000,
PIIController.0.0.18,prc_r_torque,scalar,IDENTICAL,1.0000000000000000,1.0000000000000000,
PIIController.0.0.18,prc_r_pitch,scalar,IDENTICAL,1.0000000000000000,1.0000000000000000,
PIIController.0.0.18,prc_r_total,scalar,IDENTICAL,0.0000000000000000,0.0000000000000000,
PIIController.0.0.18,prc_min_pitch,scalar,IDENTICAL,0.0000000000000000,0.0000000000000000,
PIIController.0.0.18,ps_min_pitch,scalar,IDENTICAL,2.3957913576064544E-003,2.3957913576064544E-003,
PIIController.0.0.18,ol_index,scalar,IDENTICAL,0.15000000596046448,0.15000000596046448,
PIIController.0.0.18,su_stage,scalar,IDENTICAL,0,0,
PIIController.0.0.18,su_loadstagestarttime,scalar,IDENTICAL,0.0000000000000000,0.0000000000000000,
PIIController.0.0.18,su_rotspeedf,scalar,IDENTICAL,0.0000000000000000,0.0000000000000000,
PIIController.0.0.18,sd_trigger,scalar,IDENTICAL,0,0,
PIIController.0.0.18,sd_blpitchf,scalar,IDENTICAL,0.0000000000000000,0.0000000000000000,
PIIController.0.0.18,sd_nacvanef,scalar,IDENTICAL,0.0000000000000000,0.0000000000000000,
PIIController.0.0.18,sd_genspeedf,scalar,IDENTICAL,0.0000000000000000,0.0000000000000000,
PIIController.0.0.18,sd_stage,scalar,IDENTICAL,0,0,
PIIController.0.0.18,sd_stagestarttime,scalar,IDENTICAL,0.0000000000000000,0.0000000000000000,
PIIController.0.0.18,sd_maxpitchrate,scalar,IDENTICAL,0.0000000000000000,0.0000000000000000,
PIIController.0.0.18,sd_maxtorquerate,scalar,IDENTICAL,0.0000000000000000,0.0000000000000000,
PIIController.0.0.18,gentq_sd,scalar,IDENTICAL,0.0000000000000000,0.0000000000000000,
PIIController.0.0.18,fl_pitcom,scalar,IDENTICAL,0.0000000000000000,0.0000000000000000,
PIIController.0.0.18,nacimu_fa_accf,scalar,IDENTICAL,0.0000000000000000,0.0000000000000000,
PIIController.0.0.18,fa_accf,scalar,IDENTICAL,0.0000000000000000,0.0000000000000000,
PIIController.0.0.18,fa_hist,scalar,IDENTICAL,0,0,
PIIController.0.0.18,tra_lastrefspd,scalar,IDENTICAL,0.0000000000000000,0.0000000000000000,
PIIController.0.0.18,vs_refspeed,scalar,IDENTICAL,0.0000000000000000,0.0000000000000000,
PIIController.0.0.18,ptfmtdx,scalar,IDENTICAL,0.0000000000000000,0.0000000000000000,
PIIController.0.0.18,ptfmtdy,scalar,IDENTICAL,0.0000000000000000,0.0000000000000000,
PIIController.0.0.18,ptfmtdz,scalar,IDENTICAL,0.0000000000000000,0.0000000000000000,
PIIController.0.0.18,ptfmrdx,scalar,IDENTICAL,0.0000000000000000,0.0000000000000000,
PIIController.0.0.18,ptfmrdy,scalar,IDENTICAL,0.0000000000000000,0.0000000000000000,
PIIController.0.0.18,ptfmrdz,scalar,IDENTICAL,0.0000000000000000,0.0000000000000000,
PIIController.0.0.18,ptfmtvx,scalar,IDENTICAL,0.0000000000000000,0.0000000000000000,
PIIController.0.0.18,ptfmtvy,scalar,IDENTICAL,0.0000000000000000,0.0000000000000000,
PIIController.0.0.18,ptfmtvz,scalar,IDENTICAL,0.0000000000000000,0.0000000000000000,
PIIController.0.0.18,ptfmrvx,scalar,IDENTICAL,0.0000000000000000,0.0000000000000000,
PIIController.0.0.18,ptfmrvy,scalar,IDENTICAL,0.0000000000000000,0.0000000000000000,
PIIController.0.0.18,ptfmrvz,scalar,IDENTICAL,0.0000000000000000,0.0000000000000000,
PIIController.0.0.18,ptfmtax,scalar,IDENTICAL,0.0000000000000000,0.0000000000000000,
PIIController.0.0.18,ptfmtay,scalar,IDENTICAL,0.0000000000000000,0.0000000000000000,
PIIController.0.0.18,ptfmtaz,scalar,IDENTICAL,0.0000000000000000,0.0000000000000000,
PIIController.0.0.18,ptfmrax,scalar,IDENTICAL,0.0000000000000000,0.0000000000000000,
PIIController.0.0.18,ptfmray,scalar,IDENTICAL,0.0000000000000000,0.0000000000000000,
PIIController.0.0.18,ptfmraz,scalar,IDENTICAL,0.0000000000000000,0.0000000000000000,
PIIController.0.0.18,cc_desiredl,array,IDENTICAL,,,size=          12
PIIController.0.0.18,cc_actuatedl,array,IDENTICAL,,,size=          12
PIIController.0.0.18,cc_actuateddl,array,IDENTICAL,,,size=          12
PIIController.0.0.18,stc_input,array,IDENTICAL,,,size=          12
PIIController.0.0.18,flp_angle,array,IDENTICAL,,,size=           3
PIIController.0.0.18,rootmyb_last,array,IDENTICAL,,,size=           3
PIIController.0.0.18,acc_infile_size,scalar,IDENTICAL,42,42,
PIIController.0.0.18,acc_infile,array,IDENTICAL,,,size=          42
PIIController.0.0.18,restart,scalar,IDENTICAL,F,F,
PIIController.0.0.18,awc_complexangle,array,IDENTICAL,,,size=           3
PIIController.0.0.18,tiltmean,scalar,IDENTICAL,0.0000000000000000,0.0000000000000000,
PIIController.0.0.18,yawmean,scalar,IDENTICAL,0.0000000000000000,0.0000000000000000,
PIIController.0.0.18,zmq_id,scalar,IDENTICAL,0,0,
PIIController.0.0.18,zmq_yawoffset,scalar,IDENTICAL,0.0000000000000000,0.0000000000000000,
PIIController.0.0.18,zmq_torqueoffset,scalar,IDENTICAL,0.0000000000000000,0.0000000000000000,
PIIController.0.0.18,zmq_pitoffset,array,IDENTICAL,,,size=           3
PIIController.0.0.18,zmq_r_speed,scalar,IDENTICAL,0.0000000000000000,0.0000000000000000,
PIIController.0.0.18,zmq_r_torque,scalar,IDENTICAL,0.0000000000000000,0.0000000000000000,
PIIController.0.0.18,zmq_r_pitch,scalar,IDENTICAL,0.0000000000000000,0.0000000000000000,
PIIController.0.0.18,om_r,scalar,IDENTICAL,0.0000000000000000,0.0000000000000000,
PIIController.0.0.18,v_t,scalar,IDENTICAL,0.0000000000000000,0.0000000000000000,
PIIController.0.0.18,v_m,scalar,IDENTICAL,0.0000000000000000,0.0000000000000000,
PIIController.0.0.18,v_h,scalar,IDENTICAL,0.0000000000000000,0.0000000000000000,
PIIController.0.0.18,p,array,IDENTICAL,,,size=           9
PIIController.0.0.18,xh,array,IDENTICAL,,,size=           3
PIIController.0.0.18,k,array,IDENTICAL,,,size=           3
PIIController.0.0.18,lpf1_a1,array,IDENTICAL,,,size=        1024
PIIController.0.0.18,lpf1_a0,array,IDENTICAL,,,size=        1024
PIIController.0.0.18,lpf1_b1,array,IDENTICAL,,,size=        1024
PIIController.0.0.18,lpf1_b0,array,IDENTICAL,,,size=        1024
PIIController.0.0.18,lpf1_inputsignallast,array,IDENTICAL,,,size=        1024
PIIController.0.0.18,lpf1_outputsignallast,array,IDENTICAL,,,size=        1024
PIIController.0.0.18,lpf2_a2,array,IDENTICAL,,,size=        1024
PIIController.0.0.18,lpf2_a1,array,IDENTICAL,,,size=        1024
PIIController.0.0.18,lpf2_a0,array,IDENTICAL,,,size=        1024
PIIController.0.0.18,lpf2_b2,array,IDENTICAL,,,size=        1024
PIIController.0.0.18,lpf2_b1,array,IDENTICAL,,,size=        1024
PIIController.0.0.18,lpf2_b0,array,IDENTICAL,,,size=        1024
PIIController.0.0.18,lpf2_inputsignallast2,array,IDENTICAL,,,size=        1024
PIIController.0.0.18,lpf2_outputsignallast2,array,IDENTICAL,,,size=        1024
PIIController.0.0.18,lpf2_inputsignallast1,array,IDENTICAL,,,size=        1024
PIIController.0.0.18,lpf2_outputsignallast1,array,IDENTICAL,,,size=        1024
PIIController.0.0.18,lpfv_a2,array,IDENTICAL,,,size=        1024
PIIController.0.0.18,lpfv_a1,array,IDENTICAL,,,size=        1024
PIIController.0.0.18,lpfv_a0,array,IDENTICAL,,,size=        1024
PIIController.0.0.18,lpfv_b2,array,IDENTICAL,,,size=        1024
PIIController.0.0.18,lpfv_b1,array,IDENTICAL,,,size=        1024
PIIController.0.0.18,lpfv_b0,array,IDENTICAL,,,size=        1024
PIIController.0.0.18,lpfv_inputsignallast2,array,IDENTICAL,,,size=        1024
PIIController.0.0.18,lpfv_outputsignallast2,array,IDENTICAL,,,size=        1024
PIIController.0.0.18,lpfv_inputsignallast1,array,IDENTICAL,,,size=        1024
PIIController.0.0.18,lpfv_outputsignallast1,array,IDENTICAL,,,size=        1024
PIIController.0.0.18,hpf_inputsignallast,array,IDENTICAL,,,size=        1024
PIIController.0.0.18,hpf_outputsignallast,array,IDENTICAL,,,size=        1024
PIIController.0.0.18,nfs_outputsignallast1,array,IDENTICAL,,,size=        1024
PIIController.0.0.18,nfs_outputsignallast2,array,IDENTICAL,,,size=        1024
PIIController.0.0.18,nfs_inputsignallast1,array,IDENTICAL,,,size=        1024
PIIController.0.0.18,nfs_inputsignallast2,array,IDENTICAL,,,size=        1024
PIIController.0.0.18,nfs_b2,array,IDENTICAL,,,size=        1024
PIIController.0.0.18,nfs_b0,array,IDENTICAL,,,size=        1024
PIIController.0.0.18,nfs_a2,array,IDENTICAL,,,size=        1024
PIIController.0.0.18,nfs_a1,array,IDENTICAL,,,size=        1024
PIIController.0.0.18,nfs_a0,array,IDENTICAL,,,size=        1024
PIIController.0.0.18,nf_outputsignallast1,array,IDENTICAL,,,size=        1024
PIIController.0.0.18,nf_outputsignallast2,array,IDENTICAL,,,size=        1024
PIIController.0.0.18,nf_inputsignallast1,array,IDENTICAL,,,size=        1024
PIIController.0.0.18,nf_inputsignallast2,array,IDENTICAL,,,size=        1024
PIIController.0.0.18,nf_b2,array,IDENTICAL,,,size=        1024
PIIController.0.0.18,nf_b1,array,IDENTICAL,,,size=        1024
PIIController.0.0.18,nf_b0,array,IDENTICAL,,,size=        1024
PIIController.0.0.18,nf_a1,array,IDENTICAL,,,size=        1024
PIIController.0.0.18,nf_a0,array,IDENTICAL,,,size=        1024
PIIController.0.0.18,iterm,array,IDENTICAL,,,size=        1024
PIIController.0.0.18,itermlast,array,IDENTICAL,,,size=        1024
PIIController.0.0.18,iterm2,array,IDENTICAL,,,size=        1024
PIIController.0.0.18,itermlast2,array,IDENTICAL,,,size=        1024
PIIController.0.0.18,elast,array,IDENTICAL,,,size=        1024
PIIController.0.0.18,res_outputsignallast1,array,IDENTICAL,,,size=        1024
PIIController.0.0.18,res_outputsignallast2,array,IDENTICAL,,,size=        1024
PIIController.0.0.18,res_inputsignallast1,array,IDENTICAL,,,size=        1024
PIIController.0.0.18,res_inputsignallast2,array,IDENTICAL,,,size=        1024
PIIController.0.0.18,lastsignal,array,IDENTICAL,,,size=        1024
PIIController.0.0.18,instlpf,scalar,IDENTICAL,9,9,
PIIController.0.0.18,instseclpf,scalar,IDENTICAL,8,8,
PIIController.0.0.18,instseclpfv,scalar,IDENTICAL,1,1,
PIIController.0.0.18,insthpf,scalar,IDENTICAL,6,6,
PIIController.0.0.18,instnotchslopes,scalar,IDENTICAL,1,1,
PIIController.0.0.18,instnotch,scalar,IDENTICAL,1,1,
PIIController.0.0.18,instpi,scalar,IDENTICAL,6,6,
PIIController.0.0.18,instres,scalar,IDENTICAL,1,1,
PIIController.0.0.18,instrl,scalar,IDENTICAL,9,9,
PIIController.0.0.19,istatus,scalar,IDENTICAL,1,1,
PIIController.0.0.19,alreadyinitialized,scalar,IDENTICAL,0,0,
PIIController.0.0.19,restartwse,scalar,IDENTICAL,1,1,
PIIController.0.0.19,time,scalar,IDENTICAL,0.17499999701976776,0.17499999701976776,
PIIController.0.0.19,dt,scalar,IDENTICAL,2.5000000372529030E-002,2.5000000372529030E-002,
PIIController.0.0.19,writethisstep,scalar,IDENTICAL,F,F,
PIIController.0.0.19,n_dt,scalar,IDENTICAL,7,7,
PIIController.0.0.19,time_last,scalar,IDENTICAL,0.0000000000000000,0.0000000000000000,
PIIController.0.0.19,vs_genpwr,scalar,IDENTICAL,0.0000000000000000,0.0000000000000000,
PIIController.0.0.19,genspeed,scalar,IDENTICAL,41.130023956298828,41.130023956298828,
PIIController.0.0.19,rotspeed,scalar,IDENTICAL,0.42402085661888123,0.42402085661888123,
PIIController.0.0.19,nacheading,scalar,IDENTICAL,0.0000000000000000,0.0000000000000000,
PIIController.0.0.19,nacvane,scalar,IDENTICAL,0.0000000000000000,0.0000000000000000,
PIIController.0.0.19,nacvanef,scalar,IDENTICAL,0.0000000000000000,0.0000000000000000,
PIIController.0.0.19,winddir,scalar,IDENTICAL,0.0000000000000000,0.0000000000000000,
PIIController.0.0.19,horwindv,scalar,IDENTICAL,9.0000000000000000,9.0000000000000000,
PIIController.0.0.19,horwindv_f,scalar,IDENTICAL,9.9864791817693082,9.9864791817693082,
PIIController.0.0.19,rootmoop,array,IDENTICAL,,,size=           3
PIIController.0.0.19,rootmoopf,array,IDENTICAL,,,size=           3
PIIController.0.0.19,blpitch,array,IDENTICAL,,,size=           3
PIIController.0.0.19,blpitchcmeas,scalar,IDENTICAL,2.4041686882614222E-003,2.4041686882614222E-003,
PIIController.0.0.19,azimuth,scalar,IDENTICAL,0.0000000000000000,0.0000000000000000,
PIIController.0.0.19,ol_azimuth,scalar,IDENTICAL,0.0000000000000000,0.0000000000000000,
PIIController.0.0.19,azunwrapped,scalar,IDENTICAL,0.0000000000000000,0.0000000000000000,
PIIController.0.0.19,azerror,scalar,IDENTICAL,0.0000000000000000,0.0000000000000000,
PIIController.0.0.19,gentqaz,scalar,IDENTICAL,0.0000000000000000,0.0000000000000000,
PIIController.0.0.19,azbuffer,array,IDENTICAL,,,size=           2
PIIController.0.0.19,numbl,scalar,IDENTICAL,3,3,
PIIController.0.0.19,fa_acc_tt,scalar,IDENTICAL,0.0000000000000000,0.0000000000000000,
PIIController.0.0.19,ss_acc_tt,scalar,IDENTICAL,0.0000000000000000,0.0000000000000000,
PIIController.0.0.19,fa_acc_nac,scalar,IDENTICAL,0.0000000000000000,0.0000000000000000,
PIIController.0.0.19,nacimu_fa_racc,scalar,IDENTICAL,0.0000000000000000,0.0000000000000000,
PIIController.0.0.19,fa_acchpf,scalar,IDENTICAL,0.0000000000000000,0.0000000000000000,
PIIController.0.0.19,fa_acchpfi,scalar,IDENTICAL,0.0000000000000000,0.0000000000000000,
PIIController.0.0.19,fa_pitcom,array,IDENTICAL,,,size=           3
PIIController.0.0.19,vs_refspd,scalar,IDENTICAL,115.46595719737806,115.46595719737806,
PIIController.0.0.19,vs_refspd_tsr,scalar,IDENTICAL,115.32005721805034,115.32005721805034,
PIIController.0.0.19,vs_refspd_tra,scalar,IDENTICAL,0.0000000000000000,0.0000000000000000,
PIIController.0.0.19,vs_refspd_rl,scalar,IDENTICAL,0.0000000000000000,0.0000000000000000,
PIIController.0.0.19,pc_refspd,scalar,IDENTICAL,129.08105756127526,129.08105756127526,
PIIController.0.0.19,pc_refspd_ss,scalar,IDENTICAL,129.08105756127526,129.08105756127526,
PIIController.0.0.19,pc_refspd_prc,scalar,IDENTICAL,122.90967000000001,122.90967000000001,
PIIController.0.0.19,rotspeedf,scalar,IDENTICAL,0.63043143960268277,0.63043143960268277,
PIIController.0.0.19,genspeedf,scalar,IDENTICAL,26.535891723904470,26.535891723904470,
PIIController.0.0.19,gentq,scalar,IDENTICAL,0.0000000000000000,0.0000000000000000,
PIIController.0.0.19,gentqmeas,scalar,IDENTICAL,0.0000000000000000,0.0000000000000000,
PIIController.0.0.19,genartq,scalar,IDENTICAL,0.0000000000000000,0.0000000000000000,
PIIController.0.0.19,genbrtq,scalar,IDENTICAL,0.0000000000000000,0.0000000000000000,
PIIController.0.0.19,vs_komega2_gentq,scalar,IDENTICAL,1626.9819839884965,1626.9819839884965,
PIIController.0.0.19,vs_constpwr_gentq,scalar,IDENTICAL,199601.74033722602,199601.74033722602,
PIIController.0.0.19,ipc_pitcomf,array,IDENTICAL,,,size=           3
PIIController.0.0.19,pc_kp,scalar,IDENTICAL,-2.0750000000000001E-002,-2.0750000000000001E-002,
PIIController.0.0.19,pc_ki,scalar,IDENTICAL,-8.4169999999999991E-003,-8.4169999999999991E-003,
PIIController.0.0.19,pc_kd,scalar,IDENTICAL,0.0000000000000000,0.0000000000000000,
PIIController.0.0.19,pc_tf,scalar,IDENTICAL,0.0000000000000000,0.0000000000000000,
PIIController.0.0.19,pc_maxpit,scalar,IDENTICAL,1.5700000000000001,1.5700000000000001,
PIIController.0.0.19,pc_minpit,scalar,IDENTICAL,2.3854352679789459E-003,2.3854352679789459E-003,
PIIController.0.0.19,pc_pitcomt,scalar,IDENTICAL,2.3957913576064544E-003,2.3957913576064544E-003,
PIIController.0.0.19,pc_pitcomt_last,scalar,IDENTICAL,2.3957913576064544E-003,2.3957913576064544E-003,
PIIController.0.0.19,blpitchcmeasf,scalar,IDENTICAL,5.1144935326934092E-005,5.1144935326934092E-005,
PIIController.0.0.19,pc_pitcomt_ipc,array,IDENTICAL,,,size=           3
PIIController.0.0.19,pc_pwrerr,scalar,IDENTICAL,5000000.0000000000,5000000.0000000000,
PIIController.0.0.19,pc_spderr,scalar,IDENTICAL,102.54516583737079,102.54516583737079,
PIIController.0.0.19,ipc_axistilt_1p,scalar,IDENTICAL,0.0000000000000000,0.0000000000000000,
PIIController.0.0.19,ipc_axisyaw_1p,scalar,IDENTICAL,0.0000000000000000,0.0000000000000000,
PIIController.0.0.19,ipc_axistilt_2p,scalar,IDENTICAL,0.0000000000000000,0.0000000000000000,
PIIController.0.0.19,ipc_axisyaw_2p,scalar,IDENTICAL,0.0000000000000000,0.0000000000000000,
PIIController.0.0.19,axistilt_1p,scalar,IDENTICAL,0.0000000000000000,0.0000000000000000,
PIIController.0.0.19,axisyaw_1p,scalar,IDENTICAL,0.0000000000000000,0.0000000000000000,
PIIController.0.0.19,axisyawf_1p,scalar,IDENTICAL,0.0000000000000000,0.0000000000000000,
PIIController.0.0.19,axistilt_2p,scalar,IDENTICAL,0.0000000000000000,0.0000000000000000,
PIIController.0.0.19,axisyaw_2p,scalar,IDENTICAL,0.0000000000000000,0.0000000000000000,
PIIController.0.0.19,axisyawf_2p,scalar,IDENTICAL,0.0000000000000000,0.0000000000000000,
PIIController.0.0.19,ipc_ki,array,IDENTICAL,,,size=           2
PIIController.0.0.19,ipc_kp,array,IDENTICAL,,,size=           2
PIIController.0.0.19,ipc_intsat,scalar,IDENTICAL,0.0000000000000000,0.0000000000000000,
PIIController.0.0.19,pc_state,scalar,IDENTICAL,1,1,
PIIController.0.0.19,pitcom,array,IDENTICAL,,,size=           3
PIIController.0.0.19,pitcom_sd,array,IDENTICAL,,,size=           3
PIIController.0.0.19,pitcomact,array,IDENTICAL,,,size=           3
PIIController.0.0.19,ss_delomegaf,scalar,IDENTICAL,-6.1697043502935900,-6.1697043502935900,
PIIController.0.0.19,testtype,scalar,IDENTICAL,0.0000000000000000,0.0000000000000000,
PIIController.0.0.19,kp_float,scalar,IDENTICAL,0.0000000000000000,0.0000000000000000,
PIIController.0.0.19,vs_maxtq,scalar,IDENTICAL,47402.900000000001,47402.900000000001,
PIIController.0.0.19,vs_lastgentrq,scalar,IDENTICAL,0.0000000000000000,0.0000000000000000,
PIIController.0.0.19,vs_lastgenpwr,scalar,IDENTICAL,0.0000000000000000,0.0000000000000000,
PIIController.0.0.19,vs_mechgenpwr,scalar,IDENTICAL,0.0000000000000000,0.0000000000000000,
PIIController.0.0.19,vs_spderrar,scalar,IDENTICAL,88.930065473473590,88.930065473473590,
PIIController.0.0.19,vs_spderrbr,scalar,IDENTICAL,8.1069682760955288,8.1069682760955288,
PIIController.0.0.19,vs_spderr,scalar,IDENTICAL,88.930065473473590,88.930065473473590,
PIIController.0.0.19,vs_state,scalar,IDENTICAL,1,1,
PIIController.0.0.19,vs_rgn3pitch,scalar,IDENTICAL,1.9845791357606453E-002,1.9845791357606453E-002,
PIIController.0.0.19,we_vw,scalar,IDENTICAL,9.9864791817693082,9.9864791817693082,
PIIController.0.0.19,we_vw_f,scalar,IDENTICAL,9.9993593515264489,9.9993593515264489,
PIIController.0.0.19,we_vwi,scalar,IDENTICAL,10.000000000000000,10.000000000000000,
PIIController.0.0.19,we_vwidot,scalar,IDENTICAL,0.0000000000000000,0.0000000000000000,
PIIController.0.0.19,we_op,scalar,IDENTICAL,0,0,
PIIController.0.0.19,we_op_last,scalar,IDENTICAL,0,0,
PIIController.0.0.19,vs_lastgentrqf,scalar,IDENTICAL,1.7466929671230174,1.7466929671230174,
PIIController.0.0.19,prc_wse_f,scalar,IDENTICAL,0.0000000000000000,0.0000000000000000,
PIIController.0.0.19,prc_r_speed,scalar,IDENTICAL,1.0000000000000000,1.0000000000000000,
PIIController.0.0.19,prc_r_torque,scalar,IDENTICAL,1.0000000000000000,1.0000000000000000,
PIIController.0.0.19,prc_r_pitch,scalar,IDENTICAL,1.0000000000000000,1.0000000000000000,
PIIController.0.0.19,prc_r_total,scalar,IDENTICAL,0.0000000000000000,0.0000000000000000,
PIIController.0.0.19,prc_min_pitch,scalar,IDENTICAL,0.0000000000000000,0.0000000000000000,
PIIController.0.0.19,ps_min_pitch,scalar,IDENTICAL,2.3854352679789459E-003,2.3854352679789459E-003,
PIIController.0.0.19,ol_index,scalar,IDENTICAL,0.17499999701976776,0.17499999701976776,
PIIController.0.0.19,su_stage,scalar,IDENTICAL,0,0,
PIIController.0.0.19,su_loadstagestarttime,scalar,IDENTICAL,0.0000000000000000,0.0000000000000000,
PIIController.0.0.19,su_rotspeedf,scalar,IDENTICAL,0.0000000000000000,0.0000000000000000,
PIIController.0.0.19,sd_trigger,scalar,IDENTICAL,0,0,
PIIController.0.0.19,sd_blpitchf,scalar,IDENTICAL,0.0000000000000000,0.0000000000000000,
PIIController.0.0.19,sd_nacvanef,scalar,IDENTICAL,0.0000000000000000,0.0000000000000000,
PIIController.0.0.19,sd_genspeedf,scalar,IDENTICAL,0.0000000000000000,0.0000000000000000,
PIIController.0.0.19,sd_stage,scalar,IDENTICAL,0,0,
PIIController.0.0.19,sd_stagestarttime,scalar,IDENTICAL,0.0000000000000000,0.0000000000000000,
PIIController.0.0.19,sd_maxpitchrate,scalar,IDENTICAL,0.0000000000000000,0.0000000000000000,
PIIController.0.0.19,sd_maxtorquerate,scalar,IDENTICAL,0.0000000000000000,0.0000000000000000,
PIIController.0.0.19,gentq_sd,scalar,IDENTICAL,0.0000000000000000,0.0000000000000000,
PIIController.0.0.19,fl_pitcom,scalar,IDENTICAL,0.0000000000000000,0.0000000000000000,
PIIController.0.0.19,nacimu_fa_accf,scalar,IDENTICAL,0.0000000000000000,0.0000000000000000,
PIIController.0.0.19,fa_accf,scalar,IDENTICAL,0.0000000000000000,0.0000000000000000,
PIIController.0.0.19,fa_hist,scalar,IDENTICAL,0,0,
PIIController.0.0.19,tra_lastrefspd,scalar,IDENTICAL,0.0000000000000000,0.0000000000000000,
PIIController.0.0.19,vs_refspeed,scalar,IDENTICAL,0.0000000000000000,0.0000000000000000,
PIIController.0.0.19,ptfmtdx,scalar,IDENTICAL,0.0000000000000000,0.0000000000000000,
PIIController.0.0.19,ptfmtdy,scalar,IDENTICAL,0.0000000000000000,0.0000000000000000,
PIIController.0.0.19,ptfmtdz,scalar,IDENTICAL,0.0000000000000000,0.0000000000000000,
PIIController.0.0.19,ptfmrdx,scalar,IDENTICAL,0.0000000000000000,0.0000000000000000,
PIIController.0.0.19,ptfmrdy,scalar,IDENTICAL,0.0000000000000000,0.0000000000000000,
PIIController.0.0.19,ptfmrdz,scalar,IDENTICAL,0.0000000000000000,0.0000000000000000,
PIIController.0.0.19,ptfmtvx,scalar,IDENTICAL,0.0000000000000000,0.0000000000000000,
PIIController.0.0.19,ptfmtvy,scalar,IDENTICAL,0.0000000000000000,0.0000000000000000,
PIIController.0.0.19,ptfmtvz,scalar,IDENTICAL,0.0000000000000000,0.0000000000000000,
PIIController.0.0.19,ptfmrvx,scalar,IDENTICAL,0.0000000000000000,0.0000000000000000,
PIIController.0.0.19,ptfmrvy,scalar,IDENTICAL,0.0000000000000000,0.0000000000000000,
PIIController.0.0.19,ptfmrvz,scalar,IDENTICAL,0.0000000000000000,0.0000000000000000,
PIIController.0.0.19,ptfmtax,scalar,IDENTICAL,0.0000000000000000,0.0000000000000000,
PIIController.0.0.19,ptfmtay,scalar,IDENTICAL,0.0000000000000000,0.0000000000000000,
PIIController.0.0.19,ptfmtaz,scalar,IDENTICAL,0.0000000000000000,0.0000000000000000,
PIIController.0.0.19,ptfmrax,scalar,IDENTICAL,0.0000000000000000,0.0000000000000000,
PIIController.0.0.19,ptfmray,scalar,IDENTICAL,0.0000000000000000,0.0000000000000000,
PIIController.0.0.19,ptfmraz,scalar,IDENTICAL,0.0000000000000000,0.0000000000000000,
PIIController.0.0.19,cc_desiredl,array,IDENTICAL,,,size=          12
PIIController.0.0.19,cc_actuatedl,array,IDENTICAL,,,size=          12
PIIController.0.0.19,cc_actuateddl,array,IDENTICAL,,,size=          12
PIIController.0.0.19,stc_input,array,IDENTICAL,,,size=          12
PIIController.0.0.19,flp_angle,array,IDENTICAL,,,size=           3
PIIController.0.0.19,rootmyb_last,array,IDENTICAL,,,size=           3
PIIController.0.0.19,acc_infile_size,scalar,IDENTICAL,42,42,
PIIController.0.0.19,acc_infile,array,IDENTICAL,,,size=          42
PIIController.0.0.19,restart,scalar,IDENTICAL,F,F,
PIIController.0.0.19,awc_complexangle,array,IDENTICAL,,,size=           3
PIIController.0.0.19,tiltmean,scalar,IDENTICAL,0.0000000000000000,0.0000000000000000,
PIIController.0.0.19,yawmean,scalar,IDENTICAL,0.0000000000000000,0.0000000000000000,
PIIController.0.0.19,zmq_id,scalar,IDENTICAL,0,0,
PIIController.0.0.19,zmq_yawoffset,scalar,IDENTICAL,0.0000000000000000,0.0000000000000000,
PIIController.0.0.19,zmq_torqueoffset,scalar,IDENTICAL,0.0000000000000000,0.0000000000000000,
PIIController.0.0.19,zmq_pitoffset,array,IDENTICAL,,,size=           3
PIIController.0.0.19,zmq_r_speed,scalar,IDENTICAL,0.0000000000000000,0.0000000000000000,
PIIController.0.0.19,zmq_r_torque,scalar,IDENTICAL,0.0000000000000000,0.0000000000000000,
PIIController.0.0.19,zmq_r_pitch,scalar,IDENTICAL,0.0000000000000000,0.0000000000000000,
PIIController.0.0.19,om_r,scalar,IDENTICAL,0.0000000000000000,0.0000000000000000,
PIIController.0.0.19,v_t,scalar,IDENTICAL,0.0000000000000000,0.0000000000000000,
PIIController.0.0.19,v_m,scalar,IDENTICAL,0.0000000000000000,0.0000000000000000,
PIIController.0.0.19,v_h,scalar,IDENTICAL,0.0000000000000000,0.0000000000000000,
PIIController.0.0.19,p,array,IDENTICAL,,,size=           9
PIIController.0.0.19,xh,array,IDENTICAL,,,size=           3
PIIController.0.0.19,k,array,IDENTICAL,,,size=           3
PIIController.0.0.19,lpf1_a1,array,IDENTICAL,,,size=        1024
PIIController.0.0.19,lpf1_a0,array,IDENTICAL,,,size=        1024
PIIController.0.0.19,lpf1_b1,array,IDENTICAL,,,size=        1024
PIIController.0.0.19,lpf1_b0,array,IDENTICAL,,,size=        1024
PIIController.0.0.19,lpf1_inputsignallast,array,IDENTICAL,,,size=        1024
PIIController.0.0.19,lpf1_outputsignallast,array,IDENTICAL,,,size=        1024
PIIController.0.0.19,lpf2_a2,array,IDENTICAL,,,size=        1024
PIIController.0.0.19,lpf2_a1,array,IDENTICAL,,,size=        1024
PIIController.0.0.19,lpf2_a0,array,IDENTICAL,,,size=        1024
PIIController.0.0.19,lpf2_b2,array,IDENTICAL,,,size=        1024
PIIController.0.0.19,lpf2_b1,array,IDENTICAL,,,size=        1024
PIIController.0.0.19,lpf2_b0,array,IDENTICAL,,,size=        1024
PIIController.0.0.19,lpf2_inputsignallast2,array,IDENTICAL,,,size=        1024
PIIController.0.0.19,lpf2_outputsignallast2,array,IDENTICAL,,,size=        1024
PIIController.0.0.19,lpf2_inputsignallast1,array,IDENTICAL,,,size=        1024
PIIController.0.0.19,lpf2_outputsignallast1,array,IDENTICAL,,,size=        1024
PIIController.0.0.19,lpfv_a2,array,IDENTICAL,,,size=        1024
PIIController.0.0.19,lpfv_a1,array,IDENTICAL,,,size=        1024
PIIController.0.0.19,lpfv_a0,array,IDENTICAL,,,size=        1024
PIIController.0.0.19,lpfv_b2,array,IDENTICAL,,,size=        1024
PIIController.0.0.19,lpfv_b1,array,IDENTICAL,,,size=        1024
PIIController.0.0.19,lpfv_b0,array,IDENTICAL,,,size=        1024
PIIController.0.0.19,lpfv_inputsignallast2,array,IDENTICAL,,,size=        1024
PIIController.0.0.19,lpfv_outputsignallast2,array,IDENTICAL,,,size=        1024
PIIController.0.0.19,lpfv_inputsignallast1,array,IDENTICAL,,,size=        1024
PIIController.0.0.19,lpfv_outputsignallast1,array,IDENTICAL,,,size=        1024
PIIController.0.0.19,hpf_inputsignallast,array,IDENTICAL,,,size=        1024
PIIController.0.0.19,hpf_outputsignallast,array,IDENTICAL,,,size=        1024
PIIController.0.0.19,nfs_outputsignallast1,array,IDENTICAL,,,size=        1024
PIIController.0.0.19,nfs_outputsignallast2,array,IDENTICAL,,,size=        1024
PIIController.0.0.19,nfs_inputsignallast1,array,IDENTICAL,,,size=        1024
PIIController.0.0.19,nfs_inputsignallast2,array,IDENTICAL,,,size=        1024
PIIController.0.0.19,nfs_b2,array,IDENTICAL,,,size=        1024
PIIController.0.0.19,nfs_b0,array,IDENTICAL,,,size=        1024
PIIController.0.0.19,nfs_a2,array,IDENTICAL,,,size=        1024
PIIController.0.0.19,nfs_a1,array,IDENTICAL,,,size=        1024
PIIController.0.0.19,nfs_a0,array,IDENTICAL,,,size=        1024
PIIController.0.0.19,nf_outputsignallast1,array,IDENTICAL,,,size=        1024
PIIController.0.0.19,nf_outputsignallast2,array,IDENTICAL,,,size=        1024
PIIController.0.0.19,nf_inputsignallast1,array,IDENTICAL,,,size=        1024
PIIController.0.0.19,nf_inputsignallast2,array,IDENTICAL,,,size=        1024
PIIController.0.0.19,nf_b2,array,IDENTICAL,,,size=        1024
PIIController.0.0.19,nf_b1,array,IDENTICAL,,,size=        1024
PIIController.0.0.19,nf_b0,array,IDENTICAL,,,size=        1024
PIIController.0.0.19,nf_a1,array,IDENTICAL,,,size=        1024
PIIController.0.0.19,nf_a0,array,IDENTICAL,,,size=        1024
PIIController.0.0.19,iterm,array,IDENTICAL,,,size=        1024
PIIController.0.0.19,itermlast,array,IDENTICAL,,,size=        1024
PIIController.0.0.19,iterm2,array,IDENTICAL,,,size=        1024
PIIController.0.0.19,itermlast2,array,IDENTICAL,,,size=        1024
PIIController.0.0.19,elast,array,IDENTICAL,,,size=        1024
PIIController.0.0.19,res_outputsignallast1,array,IDENTICAL,,,size=        1024
PIIController.0.0.19,res_outputsignallast2,array,IDENTICAL,,,size=        1024
PIIController.0.0.19,res_inputsignallast1,array,IDENTICAL,,,size=        1024
PIIController.0.0.19,res_inputsignallast2,array,IDENTICAL,,,size=        1024
PIIController.0.0.19,lastsignal,array,IDENTICAL,,,size=        1024
PIIController.0.0.19,instlpf,scalar,IDENTICAL,9,9,
PIIController.0.0.19,instseclpf,scalar,IDENTICAL,8,8,
PIIController.0.0.19,instseclpfv,scalar,IDENTICAL,1,1,
PIIController.0.0.19,insthpf,scalar,IDENTICAL,6,6,
PIIController.0.0.19,instnotchslopes,scalar,IDENTICAL,1,1,
PIIController.0.0.19,instnotch,scalar,IDENTICAL,1,1,
PIIController.0.0.19,instpi,scalar,IDENTICAL,4,4,
PIIController.0.0.19,instres,scalar,IDENTICAL,1,1,
PIIController.0.0.19,instrl,scalar,IDENTICAL,9,9,
PIIController.0.0.2,istatus,scalar,IDENTICAL,1,1,
PIIController.0.0.2,alreadyinitialized,scalar,IDENTICAL,0,0,
PIIController.0.0.2,restartwse,scalar,IDENTICAL,1,1,
PIIController.0.0.2,time,scalar,IDENTICAL,2.5000000372529030E-002,2.5000000372529030E-002,
PIIController.0.0.2,dt,scalar,IDENTICAL,2.5000000372529030E-002,2.5000000372529030E-002,
PIIController.0.0.2,writethisstep,scalar,IDENTICAL,F,F,
PIIController.0.0.2,n_dt,scalar,IDENTICAL,1,1,
PIIController.0.0.2,time_last,scalar,IDENTICAL,0.0000000000000000,0.0000000000000000,
PIIController.0.0.2,vs_genpwr,scalar,IDENTICAL,38.421710968017578,38.421710968017578,
PIIController.0.0.2,genspeed,scalar,IDENTICAL,40.700965881347656,40.700965881347656,
PIIController.0.0.2,rotspeed,scalar,IDENTICAL,0.41959756612777710,0.41959756612777710,
PIIController.0.0.2,nacheading,scalar,IDENTICAL,0.0000000000000000,0.0000000000000000,
PIIController.0.0.2,nacvane,scalar,IDENTICAL,0.0000000000000000,0.0000000000000000,
PIIController.0.0.2,nacvanef,scalar,IDENTICAL,0.0000000000000000,0.0000000000000000,
PIIController.0.0.2,winddir,scalar,IDENTICAL,0.0000000000000000,0.0000000000000000,
PIIController.0.0.2,horwindv,scalar,IDENTICAL,9.0000000000000000,9.0000000000000000,
PIIController.0.0.2,horwindv_f,scalar,IDENTICAL,9.9989538954650747,9.9989538954650747,
PIIController.0.0.2,rootmoop,array,IDENTICAL,,,size=           3
PIIController.0.0.2,rootmoopf,array,IDENTICAL,,,size=           3
PIIController.0.0.2,blpitch,array,IDENTICAL,,,size=           3
PIIController.0.0.2,blpitchcmeas,scalar,IDENTICAL,0.0000000000000000,0.0000000000000000,
PIIController.0.0.2,azimuth,scalar,IDENTICAL,0.0000000000000000,0.0000000000000000,
PIIController.0.0.2,ol_azimuth,scalar,IDENTICAL,0.0000000000000000,0.0000000000000000,
PIIController.0.0.2,azunwrapped,scalar,IDENTICAL,0.0000000000000000,0.0000000000000000,
PIIController.0.0.2,azerror,scalar,IDENTICAL,0.0000000000000000,0.0000000000000000,
PIIController.0.0.2,gentqaz,scalar,IDENTICAL,0.0000000000000000,0.0000000000000000,
PIIController.0.0.2,azbuffer,array,IDENTICAL,,,size=           2
PIIController.0.0.2,numbl,scalar,IDENTICAL,3,3,
PIIController.0.0.2,fa_acc_tt,scalar,IDENTICAL,0.0000000000000000,0.0000000000000000,
PIIController.0.0.2,ss_acc_tt,scalar,IDENTICAL,0.0000000000000000,0.0000000000000000,
PIIController.0.0.2,fa_acc_nac,scalar,IDENTICAL,0.0000000000000000,0.0000000000000000,
PIIController.0.0.2,nacimu_fa_racc,scalar,IDENTICAL,0.0000000000000000,0.0000000000000000,
PIIController.0.0.2,fa_acchpf,scalar,IDENTICAL,0.0000000000000000,0.0000000000000000,
PIIController.0.0.2,fa_acchpfi,scalar,IDENTICAL,0.0000000000000000,0.0000000000000000,
PIIController.0.0.2,fa_pitcom,array,IDENTICAL,,,size=           3
PIIController.0.0.2,vs_refspd,scalar,IDENTICAL,115.47606528525367,115.47606528525367,
PIIController.0.0.2,vs_refspd_tsr,scalar,IDENTICAL,115.46411045953717,115.46411045953717,
PIIController.0.0.2,vs_refspd_tra,scalar,IDENTICAL,0.0000000000000000,0.0000000000000000,
PIIController.0.0.2,vs_refspd_rl,scalar,IDENTICAL,0.0000000000000000,0.0000000000000000,
PIIController.0.0.2,pc_refspd,scalar,IDENTICAL,129.05515350000002,129.05515350000002,
PIIController.0.0.2,pc_refspd_ss,scalar,IDENTICAL,129.05515350000002,129.05515350000002,
PIIController.0.0.2,pc_refspd_prc,scalar,IDENTICAL,122.90967000000001,122.90967000000001,
PIIController.0.0.2,rotspeedf,scalar,IDENTICAL,0.95773470822952667,0.95773470822952667,
PIIController.0.0.2,genspeedf,scalar,IDENTICAL,3.8910507754937766,3.8910507754937766,
PIIController.0.0.2,gentq,scalar,IDENTICAL,0.0000000000000000,0.0000000000000000,
PIIController.0.0.2,gentqmeas,scalar,IDENTICAL,1.0000000000000000,1.0000000000000000,
PIIController.0.0.2,genartq,scalar,IDENTICAL,0.0000000000000000,0.0000000000000000,
PIIController.0.0.2,genbrtq,scalar,IDENTICAL,0.0000000000000000,0.0000000000000000,
PIIController.0.0.2,vs_komega2_gentq,scalar,IDENTICAL,34.982365029432977,34.982365029432977,
PIIController.0.0.2,vs_constpwr_gentq,scalar,IDENTICAL,1361228.7464481576,1361228.7464481576,
PIIController.0.0.2,ipc_pitcomf,array,IDENTICAL,,,size=           3
PIIController.0.0.2,pc_kp,scalar,IDENTICAL,-2.0750000000000001E-002,-2.0750000000000001E-002,
PIIController.0.0.2,pc_ki,scalar,IDENTICAL,-8.4169999999999991E-003,-8.4169999999999991E-003,
PIIController.0.0.2,pc_kd,scalar,IDENTICAL,0.0000000000000000,0.0000000000000000,
PIIController.0.0.2,pc_tf,scalar,IDENTICAL,0.0000000000000000,0.0000000000000000,
PIIController.0.0.2,pc_maxpit,scalar,IDENTICAL,1.5700000000000001,1.5700000000000001,
PIIController.0.0.2,pc_minpit,scalar,IDENTICAL,2.4175008629616530E-003,2.4175008629616530E-003,
PIIController.0.0.2,pc_pitcomt,scalar,IDENTICAL,2.4175008629616530E-003,2.4175008629616530E-003,
PIIController.0.0.2,pc_pitcomt_last,scalar,IDENTICAL,2.4175008629616530E-003,2.4175008629616530E-003,
PIIController.0.0.2,blpitchcmeasf,scalar,IDENTICAL,0.0000000000000000,0.0000000000000000,
PIIController.0.0.2,pc_pitcomt_ipc,array,IDENTICAL,,,size=           3
PIIController.0.0.2,pc_pwrerr,scalar,IDENTICAL,4999961.5782890320,4999961.5782890320,
PIIController.0.0.2,pc_spderr,scalar,IDENTICAL,125.16410272450624,125.16410272450624,
PIIController.0.0.2,ipc_axistilt_1p,scalar,IDENTICAL,0.0000000000000000,0.0000000000000000,
PIIController.0.0.2,ipc_axisyaw_1p,scalar,IDENTICAL,0.0000000000000000,0.0000000000000000,
PIIController.0.0.2,ipc_axistilt_2p,scalar,IDENTICAL,0.0000000000000000,0.0000000000000000,
PIIController.0.0.2,ipc_axisyaw_2p,scalar,IDENTICAL,0.0000000000000000,0.0000000000000000,
PIIController.0.0.2,axistilt_1p,scalar,IDENTICAL,0.0000000000000000,0.0000000000000000,
PIIController.0.0.2,axisyaw_1p,scalar,IDENTICAL,0.0000000000000000,0.0000000000000000,
PIIController.0.0.2,axisyawf_1p,scalar,IDENTICAL,0.0000000000000000,0.0000000000000000,
PIIController.0.0.2,axistilt_2p,scalar,IDENTICAL,0.0000000000000000,0.0000000000000000,
PIIController.0.0.2,axisyaw_2p,scalar,IDENTICAL,0.0000000000000000,0.0000000000000000,
PIIController.0.0.2,axisyawf_2p,scalar,IDENTICAL,0.0000000000000000,0.0000000000000000,
PIIController.0.0.2,ipc_ki,array,IDENTICAL,,,size=           2
PIIController.0.0.2,ipc_kp,array,IDENTICAL,,,size=           2
PIIController.0.0.2,ipc_intsat,scalar,IDENTICAL,0.0000000000000000,0.0000000000000000,
PIIController.0.0.2,pc_state,scalar,IDENTICAL,1,1,
PIIController.0.0.2,pitcom,array,IDENTICAL,,,size=           3
PIIController.0.0.2,pitcom_sd,array,IDENTICAL,,,size=           3
PIIController.0.0.2,pitcomact,array,IDENTICAL,,,size=           3
PIIController.0.0.2,ss_delomegaf,scalar,IDENTICAL,-6.1627547184563687,-6.1627547184563687,
PIIController.0.0.2,testtype,scalar,IDENTICAL,0.0000000000000000,0.0000000000000000,
PIIController.0.0.2,kp_float,scalar,IDENTICAL,0.0000000000000000,0.0000000000000000,
PIIController.0.0.2,vs_maxtq,scalar,IDENTICAL,47402.900000000001,47402.900000000001,
PIIController.0.0.2,vs_lastgentrq,scalar,IDENTICAL,0.0000000000000000,0.0000000000000000,
PIIController.0.0.2,vs_lastgenpwr,scalar,IDENTICAL,38.421710968017578,38.421710968017578,
PIIController.0.0.2,vs_mechgenpwr,scalar,IDENTICAL,0.0000000000000000,0.0000000000000000,
PIIController.0.0.2,vs_spderrar,scalar,IDENTICAL,111.58501450975989,111.58501450975989,
PIIController.0.0.2,vs_spderrbr,scalar,IDENTICAL,30.751809224506221,30.751809224506221,
PIIController.0.0.2,vs_spderr,scalar,IDENTICAL,111.58501450975989,111.58501450975989,
PIIController.0.0.2,vs_state,scalar,IDENTICAL,1,1,
PIIController.0.0.2,vs_rgn3pitch,scalar,IDENTICAL,1.9867500862961653E-002,1.9867500862961653E-002,
PIIController.0.0.2,we_vw,scalar,IDENTICAL,9.9989538954650747,9.9989538954650747,
PIIController.0.0.2,we_vw_f,scalar,IDENTICAL,10.000000000000000,10.000000000000000,
PIIController.0.0.2,we_vwi,scalar,IDENTICAL,10.000000000000000,10.000000000000000,
PIIController.0.0.2,we_vwidot,scalar,IDENTICAL,0.0000000000000000,0.0000000000000000,
PIIController.0.0.2,we_op,scalar,IDENTICAL,0,0,
PIIController.0.0.2,we_op_last,scalar,IDENTICAL,0,0,
PIIController.0.0.2,vs_lastgentrqf,scalar,IDENTICAL,2.3105500000000037,2.3105500000000037,
PIIController.0.0.2,prc_wse_f,scalar,IDENTICAL,0.0000000000000000,0.0000000000000000,
PIIController.0.0.2,prc_r_speed,scalar,IDENTICAL,1.0000000000000000,1.0000000000000000,
PIIController.0.0.2,prc_r_torque,scalar,IDENTICAL,1.0000000000000000,1.0000000000000000,
PIIController.0.0.2,prc_r_pitch,scalar,IDENTICAL,1.0000000000000000,1.0000000000000000,
PIIController.0.0.2,prc_r_total,scalar,IDENTICAL,0.0000000000000000,0.0000000000000000,
PIIController.0.0.2,prc_min_pitch,scalar,IDENTICAL,0.0000000000000000,0.0000000000000000,
PIIController.0.0.2,ps_min_pitch,scalar,IDENTICAL,2.4175008629616530E-003,2.4175008629616530E-003,
PIIController.0.0.2,ol_index,scalar,IDENTICAL,2.5000000372529030E-002,2.5000000372529030E-002,
PIIController.0.0.2,su_stage,scalar,IDENTICAL,0,0,
PIIController.0.0.2,su_loadstagestarttime,scalar,IDENTICAL,0.0000000000000000,0.0000000000000000,
PIIController.0.0.2,su_rotspeedf,scalar,IDENTICAL,0.0000000000000000,0.0000000000000000,
PIIController.0.0.2,sd_trigger,scalar,IDENTICAL,0,0,
PIIController.0.0.2,sd_blpitchf,scalar,IDENTICAL,0.0000000000000000,0.0000000000000000,
PIIController.0.0.2,sd_nacvanef,scalar,IDENTICAL,0.0000000000000000,0.0000000000000000,
PIIController.0.0.2,sd_genspeedf,scalar,IDENTICAL,0.0000000000000000,0.0000000000000000,
PIIController.0.0.2,sd_stage,scalar,IDENTICAL,0,0,
PIIController.0.0.2,sd_stagestarttime,scalar,IDENTICAL,0.0000000000000000,0.0000000000000000,
PIIController.0.0.2,sd_maxpitchrate,scalar,IDENTICAL,0.0000000000000000,0.0000000000000000,
PIIController.0.0.2,sd_maxtorquerate,scalar,IDENTICAL,0.0000000000000000,0.0000000000000000,
PIIController.0.0.2,gentq_sd,scalar,IDENTICAL,0.0000000000000000,0.0000000000000000,
PIIController.0.0.2,fl_pitcom,scalar,IDENTICAL,0.0000000000000000,0.0000000000000000,
PIIController.0.0.2,nacimu_fa_accf,scalar,IDENTICAL,0.0000000000000000,0.0000000000000000,
PIIController.0.0.2,fa_accf,scalar,IDENTICAL,0.0000000000000000,0.0000000000000000,
PIIController.0.0.2,fa_hist,scalar,IDENTICAL,0,0,
PIIController.0.0.2,tra_lastrefspd,scalar,IDENTICAL,0.0000000000000000,0.0000000000000000,
PIIController.0.0.2,vs_refspeed,scalar,IDENTICAL,0.0000000000000000,0.0000000000000000,
PIIController.0.0.2,ptfmtdx,scalar,IDENTICAL,0.0000000000000000,0.0000000000000000,
PIIController.0.0.2,ptfmtdy,scalar,IDENTICAL,0.0000000000000000,0.0000000000000000,
PIIController.0.0.2,ptfmtdz,scalar,IDENTICAL,0.0000000000000000,0.0000000000000000,
PIIController.0.0.2,ptfmrdx,scalar,IDENTICAL,0.0000000000000000,0.0000000000000000,
PIIController.0.0.2,ptfmrdy,scalar,IDENTICAL,0.0000000000000000,0.0000000000000000,
PIIController.0.0.2,ptfmrdz,scalar,IDENTICAL,0.0000000000000000,0.0000000000000000,
PIIController.0.0.2,ptfmtvx,scalar,IDENTICAL,0.0000000000000000,0.0000000000000000,
PIIController.0.0.2,ptfmtvy,scalar,IDENTICAL,0.0000000000000000,0.0000000000000000,
PIIController.0.0.2,ptfmtvz,scalar,IDENTICAL,0.0000000000000000,0.0000000000000000,
PIIController.0.0.2,ptfmrvx,scalar,IDENTICAL,0.0000000000000000,0.0000000000000000,
PIIController.0.0.2,ptfmrvy,scalar,IDENTICAL,0.0000000000000000,0.0000000000000000,
PIIController.0.0.2,ptfmrvz,scalar,IDENTICAL,0.0000000000000000,0.0000000000000000,
PIIController.0.0.2,ptfmtax,scalar,IDENTICAL,0.0000000000000000,0.0000000000000000,
PIIController.0.0.2,ptfmtay,scalar,IDENTICAL,0.0000000000000000,0.0000000000000000,
PIIController.0.0.2,ptfmtaz,scalar,IDENTICAL,0.0000000000000000,0.0000000000000000,
PIIController.0.0.2,ptfmrax,scalar,IDENTICAL,0.0000000000000000,0.0000000000000000,
PIIController.0.0.2,ptfmray,scalar,IDENTICAL,0.0000000000000000,0.0000000000000000,
PIIController.0.0.2,ptfmraz,scalar,IDENTICAL,0.0000000000000000,0.0000000000000000,
PIIController.0.0.2,cc_desiredl,array,IDENTICAL,,,size=          12
PIIController.0.0.2,cc_actuatedl,array,IDENTICAL,,,size=          12
PIIController.0.0.2,cc_actuateddl,array,IDENTICAL,,,size=          12
PIIController.0.0.2,stc_input,array,IDENTICAL,,,size=          12
PIIController.0.0.2,flp_angle,array,IDENTICAL,,,size=           3
PIIController.0.0.2,rootmyb_last,array,IDENTICAL,,,size=           3
PIIController.0.0.2,acc_infile_size,scalar,IDENTICAL,42,42,
PIIController.0.0.2,acc_infile,array,IDENTICAL,,,size=          42
PIIController.0.0.2,restart,scalar,IDENTICAL,F,F,
PIIController.0.0.2,awc_complexangle,array,IDENTICAL,,,size=           3
PIIController.0.0.2,tiltmean,scalar,IDENTICAL,0.0000000000000000,0.0000000000000000,
PIIController.0.0.2,yawmean,scalar,IDENTICAL,0.0000000000000000,0.0000000000000000,
PIIController.0.0.2,zmq_id,scalar,IDENTICAL,0,0,
PIIController.0.0.2,zmq_yawoffset,scalar,IDENTICAL,0.0000000000000000,0.0000000000000000,
PIIController.0.0.2,zmq_torqueoffset,scalar,IDENTICAL,0.0000000000000000,0.0000000000000000,
PIIController.0.0.2,zmq_pitoffset,array,IDENTICAL,,,size=           3
PIIController.0.0.2,zmq_r_speed,scalar,IDENTICAL,0.0000000000000000,0.0000000000000000,
PIIController.0.0.2,zmq_r_torque,scalar,IDENTICAL,0.0000000000000000,0.0000000000000000,
PIIController.0.0.2,zmq_r_pitch,scalar,IDENTICAL,0.0000000000000000,0.0000000000000000,
PIIController.0.0.2,om_r,scalar,IDENTICAL,0.0000000000000000,0.0000000000000000,
PIIController.0.0.2,v_t,scalar,IDENTICAL,0.0000000000000000,0.0000000000000000,
PIIController.0.0.2,v_m,scalar,IDENTICAL,0.0000000000000000,0.0000000000000000,
PIIController.0.0.2,v_h,scalar,IDENTICAL,0.0000000000000000,0.0000000000000000,
PIIController.0.0.2,p,array,IDENTICAL,,,size=           9
PIIController.0.0.2,xh,array,IDENTICAL,,,size=           3
PIIController.0.0.2,k,array,IDENTICAL,,,size=           3
PIIController.0.0.2,lpf1_a1,array,IDENTICAL,,,size=        1024
PIIController.0.0.2,lpf1_a0,array,IDENTICAL,,,size=        1024
PIIController.0.0.2,lpf1_b1,array,IDENTICAL,,,size=        1024
PIIController.0.0.2,lpf1_b0,array,IDENTICAL,,,size=        1024
PIIController.0.0.2,lpf1_inputsignallast,array,IDENTICAL,,,size=        1024
PIIController.0.0.2,lpf1_outputsignallast,array,IDENTICAL,,,size=        1024
PIIController.0.0.2,lpf2_a2,array,IDENTICAL,,,size=        1024
PIIController.0.0.2,lpf2_a1,array,IDENTICAL,,,size=        1024
PIIController.0.0.2,lpf2_a0,array,IDENTICAL,,,size=        1024
PIIController.0.0.2,lpf2_b2,array,IDENTICAL,,,size=        1024
PIIController.0.0.2,lpf2_b1,array,IDENTICAL,,,size=        1024
PIIController.0.0.2,lpf2_b0,array,IDENTICAL,,,size=        1024
PIIController.0.0.2,lpf2_inputsignallast2,array,IDENTICAL,,,size=        1024
PIIController.0.0.2,lpf2_outputsignallast2,array,IDENTICAL,,,size=        1024
PIIController.0.0.2,lpf2_inputsignallast1,array,IDENTICAL,,,size=        1024
PIIController.0.0.2,lpf2_outputsignallast1,array,IDENTICAL,,,size=        1024
PIIController.0.0.2,lpfv_a2,array,IDENTICAL,,,size=        1024
PIIController.0.0.2,lpfv_a1,array,IDENTICAL,,,size=        1024
PIIController.0.0.2,lpfv_a0,array,IDENTICAL,,,size=        1024
PIIController.0.0.2,lpfv_b2,array,IDENTICAL,,,size=        1024
PIIController.0.0.2,lpfv_b1,array,IDENTICAL,,,size=        1024
PIIController.0.0.2,lpfv_b0,array,IDENTICAL,,,size=        1024
PIIController.0.0.2,lpfv_inputsignallast2,array,IDENTICAL,,,size=        1024
PIIController.0.0.2,lpfv_outputsignallast2,array,IDENTICAL,,,size=        1024
PIIController.0.0.2,lpfv_inputsignallast1,array,IDENTICAL,,,size=        1024
PIIController.0.0.2,lpfv_outputsignallast1,array,IDENTICAL,,,size=        1024
PIIController.0.0.2,hpf_inputsignallast,array,IDENTICAL,,,size=        1024
PIIController.0.0.2,hpf_outputsignallast,array,IDENTICAL,,,size=        1024
PIIController.0.0.2,nfs_outputsignallast1,array,IDENTICAL,,,size=        1024
PIIController.0.0.2,nfs_outputsignallast2,array,IDENTICAL,,,size=        1024
PIIController.0.0.2,nfs_inputsignallast1,array,IDENTICAL,,,size=        1024
PIIController.0.0.2,nfs_inputsignallast2,array,IDENTICAL,,,size=        1024
PIIController.0.0.2,nfs_b2,array,IDENTICAL,,,size=        1024
PIIController.0.0.2,nfs_b0,array,IDENTICAL,,,size=        1024
PIIController.0.0.2,nfs_a2,array,IDENTICAL,,,size=        1024
PIIController.0.0.2,nfs_a1,array,IDENTICAL,,,size=        1024
PIIController.0.0.2,nfs_a0,array,IDENTICAL,,,size=        1024
PIIController.0.0.2,nf_outputsignallast1,array,IDENTICAL,,,size=        1024
PIIController.0.0.2,nf_outputsignallast2,array,IDENTICAL,,,size=        1024
PIIController.0.0.2,nf_inputsignallast1,array,IDENTICAL,,,size=        1024
PIIController.0.0.2,nf_inputsignallast2,array,IDENTICAL,,,size=        1024
PIIController.0.0.2,nf_b2,array,IDENTICAL,,,size=        1024
PIIController.0.0.2,nf_b1,array,IDENTICAL,,,size=        1024
PIIController.0.0.2,nf_b0,array,IDENTICAL,,,size=        1024
PIIController.0.0.2,nf_a1,array,IDENTICAL,,,size=        1024
PIIController.0.0.2,nf_a0,array,IDENTICAL,,,size=        1024
PIIController.0.0.2,iterm,array,IDENTICAL,,,size=        1024
PIIController.0.0.2,itermlast,array,IDENTICAL,,,size=        1024
PIIController.0.0.2,iterm2,array,IDENTICAL,,,size=        1024
PIIController.0.0.2,itermlast2,array,IDENTICAL,,,size=        1024
PIIController.0.0.2,elast,array,IDENTICAL,,,size=        1024
PIIController.0.0.2,res_outputsignallast1,array,IDENTICAL,,,size=        1024
PIIController.0.0.2,res_outputsignallast2,array,IDENTICAL,,,size=        1024
PIIController.0.0.2,res_inputsignallast1,array,IDENTICAL,,,size=        1024
PIIController.0.0.2,res_inputsignallast2,array,IDENTICAL,,,size=        1024
PIIController.0.0.2,lastsignal,array,IDENTICAL,,,size=        1024
PIIController.0.0.2,instlpf,scalar,IDENTICAL,9,9,
PIIController.0.0.2,instseclpf,scalar,IDENTICAL,8,8,
PIIController.0.0.2,instseclpfv,scalar,IDENTICAL,1,1,
PIIController.0.0.2,insthpf,scalar,IDENTICAL,6,6,
PIIController.0.0.2,instnotchslopes,scalar,IDENTICAL,1,1,
PIIController.0.0.2,instnotch,scalar,IDENTICAL,1,1,
PIIController.0.0.2,instpi,scalar,IDENTICAL,5,5,
PIIController.0.0.2,instres,scalar,IDENTICAL,1,1,
PIIController.0.0.2,instrl,scalar,IDENTICAL,9,9,
PIIController.0.0.20,istatus,scalar,IDENTICAL,1,1,
PIIController.0.0.20,alreadyinitialized,scalar,IDENTICAL,0,0,
PIIController.0.0.20,restartwse,scalar,IDENTICAL,1,1,
PIIController.0.0.20,time,scalar,IDENTICAL,0.17499999701976776,0.17499999701976776,
PIIController.0.0.20,dt,scalar,IDENTICAL,2.5000000372529030E-002,2.5000000372529030E-002,
PIIController.0.0.20,writethisstep,scalar,IDENTICAL,F,F,
PIIController.0.0.20,n_dt,scalar,IDENTICAL,7,7,
PIIController.0.0.20,time_last,scalar,IDENTICAL,0.0000000000000000,0.0000000000000000,
PIIController.0.0.20,vs_genpwr,scalar,IDENTICAL,0.0000000000000000,0.0000000000000000,
PIIController.0.0.20,genspeed,scalar,IDENTICAL,41.130023956298828,41.130023956298828,
PIIController.0.0.20,rotspeed,scalar,IDENTICAL,0.42402085661888123,0.42402085661888123,
PIIController.0.0.20,nacheading,scalar,IDENTICAL,0.0000000000000000,0.0000000000000000,
PIIController.0.0.20,nacvane,scalar,IDENTICAL,0.0000000000000000,0.0000000000000000,
PIIController.0.0.20,nacvanef,scalar,IDENTICAL,0.0000000000000000,0.0000000000000000,
PIIController.0.0.20,winddir,scalar,IDENTICAL,0.0000000000000000,0.0000000000000000,
PIIController.0.0.20,horwindv,scalar,IDENTICAL,9.0000000000000000,9.0000000000000000,
PIIController.0.0.20,horwindv_f,scalar,IDENTICAL,9.9864791817693082,9.9864791817693082,
PIIController.0.0.20,rootmoop,array,IDENTICAL,,,size=           3
PIIController.0.0.20,rootmoopf,array,IDENTICAL,,,size=           3
PIIController.0.0.20,blpitch,array,IDENTICAL,,,size=           3
PIIController.0.0.20,blpitchcmeas,scalar,IDENTICAL,2.4041686882614222E-003,2.4041686882614222E-003,
PIIController.0.0.20,azimuth,scalar,IDENTICAL,0.0000000000000000,0.0000000000000000,
PIIController.0.0.20,ol_azimuth,scalar,IDENTICAL,0.0000000000000000,0.0000000000000000,
PIIController.0.0.20,azunwrapped,scalar,IDENTICAL,0.0000000000000000,0.0000000000000000,
PIIController.0.0.20,azerror,scalar,IDENTICAL,0.0000000000000000,0.0000000000000000,
PIIController.0.0.20,gentqaz,scalar,IDENTICAL,0.0000000000000000,0.0000000000000000,
PIIController.0.0.20,azbuffer,array,IDENTICAL,,,size=           2
PIIController.0.0.20,numbl,scalar,IDENTICAL,3,3,
PIIController.0.0.20,fa_acc_tt,scalar,IDENTICAL,0.0000000000000000,0.0000000000000000,
PIIController.0.0.20,ss_acc_tt,scalar,IDENTICAL,0.0000000000000000,0.0000000000000000,
PIIController.0.0.20,fa_acc_nac,scalar,IDENTICAL,0.0000000000000000,0.0000000000000000,
PIIController.0.0.20,nacimu_fa_racc,scalar,IDENTICAL,0.0000000000000000,0.0000000000000000,
PIIController.0.0.20,fa_acchpf,scalar,IDENTICAL,0.0000000000000000,0.0000000000000000,
PIIController.0.0.20,fa_acchpfi,scalar,IDENTICAL,0.0000000000000000,0.0000000000000000,
PIIController.0.0.20,fa_pitcom,array,IDENTICAL,,,size=           3
PIIController.0.0.20,vs_refspd,scalar,IDENTICAL,115.46595719737806,115.46595719737806,
PIIController.0.0.20,vs_refspd_tsr,scalar,IDENTICAL,115.32005721805034,115.32005721805034,
PIIController.0.0.20,vs_refspd_tra,scalar,IDENTICAL,0.0000000000000000,0.0000000000000000,
PIIController.0.0.20,vs_refspd_rl,scalar,IDENTICAL,0.0000000000000000,0.0000000000000000,
PIIController.0.0.20,pc_refspd,scalar,IDENTICAL,129.08105756127526,129.08105756127526,
PIIController.0.0.20,pc_refspd_ss,scalar,IDENTICAL,129.08105756127526,129.08105756127526,
PIIController.0.0.20,pc_refspd_prc,scalar,IDENTICAL,122.90967000000001,122.90967000000001,
PIIController.0.0.20,rotspeedf,scalar,IDENTICAL,0.63043143960268277,0.63043143960268277,
PIIController.0.0.20,genspeedf,scalar,IDENTICAL,26.535891723904470,26.535891723904470,
PIIController.0.0.20,gentq,scalar,IDENTICAL,0.0000000000000000,0.0000000000000000,
PIIController.0.0.20,gentqmeas,scalar,IDENTICAL,0.0000000000000000,0.0000000000000000,
PIIController.0.0.20,genartq,scalar,IDENTICAL,0.0000000000000000,0.0000000000000000,
PIIController.0.0.20,genbrtq,scalar,IDENTICAL,0.0000000000000000,0.0000000000000000,
PIIController.0.0.20,vs_komega2_gentq,scalar,IDENTICAL,1626.9819839884965,1626.9819839884965,
PIIController.0.0.20,vs_constpwr_gentq,scalar,IDENTICAL,199601.74033722602,199601.74033722602,
PIIController.0.0.20,ipc_pitcomf,array,IDENTICAL,,,size=           3
PIIController.0.0.20,pc_kp,scalar,IDENTICAL,-2.0750000000000001E-002,-2.0750000000000001E-002,
PIIController.0.0.20,pc_ki,scalar,IDENTICAL,-8.4169999999999991E-003,-8.4169999999999991E-003,
PIIController.0.0.20,pc_kd,scalar,IDENTICAL,0.0000000000000000,0.0000000000000000,
PIIController.0.0.20,pc_tf,scalar,IDENTICAL,0.0000000000000000,0.0000000000000000,
PIIController.0.0.20,pc_maxpit,scalar,IDENTICAL,1.5700000000000001,1.5700000000000001,
PIIController.0.0.20,pc_minpit,scalar,IDENTICAL,2.3854352679789459E-003,2.3854352679789459E-003,
PIIController.0.0.20,pc_pitcomt,scalar,IDENTICAL,2.3957913576064544E-003,2.3957913576064544E-003,
PIIController.0.0.20,pc_pitcomt_last,scalar,IDENTICAL,2.3957913576064544E-003,2.3957913576064544E-003,
PIIController.0.0.20,blpitchcmeasf,scalar,IDENTICAL,5.1144935326934092E-005,5.1144935326934092E-005,
PIIController.0.0.20,pc_pitcomt_ipc,array,IDENTICAL,,,size=           3
PIIController.0.0.20,pc_pwrerr,scalar,IDENTICAL,5000000.0000000000,5000000.0000000000,
PIIController.0.0.20,pc_spderr,scalar,IDENTICAL,102.54516583737079,102.54516583737079,
PIIController.0.0.20,ipc_axistilt_1p,scalar,IDENTICAL,0.0000000000000000,0.0000000000000000,
PIIController.0.0.20,ipc_axisyaw_1p,scalar,IDENTICAL,0.0000000000000000,0.0000000000000000,
PIIController.0.0.20,ipc_axistilt_2p,scalar,IDENTICAL,0.0000000000000000,0.0000000000000000,
PIIController.0.0.20,ipc_axisyaw_2p,scalar,IDENTICAL,0.0000000000000000,0.0000000000000000,
PIIController.0.0.20,axistilt_1p,scalar,IDENTICAL,0.0000000000000000,0.0000000000000000,
PIIController.0.0.20,axisyaw_1p,scalar,IDENTICAL,0.0000000000000000,0.0000000000000000,
PIIController.0.0.20,axisyawf_1p,scalar,IDENTICAL,0.0000000000000000,0.0000000000000000,
PIIController.0.0.20,axistilt_2p,scalar,IDENTICAL,0.0000000000000000,0.0000000000000000,
PIIController.0.0.20,axisyaw_2p,scalar,IDENTICAL,0.0000000000000000,0.0000000000000000,
PIIController.0.0.20,axisyawf_2p,scalar,IDENTICAL,0.0000000000000000,0.0000000000000000,
PIIController.0.0.20,ipc_ki,array,IDENTICAL,,,size=           2
PIIController.0.0.20,ipc_kp,array,IDENTICAL,,,size=           2
PIIController.0.0.20,ipc_intsat,scalar,IDENTICAL,0.0000000000000000,0.0000000000000000,
PIIController.0.0.20,pc_state,scalar,IDENTICAL,1,1,
PIIController.0.0.20,pitcom,array,IDENTICAL,,,size=           3
PIIController.0.0.20,pitcom_sd,array,IDENTICAL,,,size=           3
PIIController.0.0.20,pitcomact,array,IDENTICAL,,,size=           3
PIIController.0.0.20,ss_delomegaf,scalar,IDENTICAL,-6.1697043502935900,-6.1697043502935900,
PIIController.0.0.20,testtype,scalar,IDENTICAL,0.0000000000000000,0.0000000000000000,
PIIController.0.0.20,kp_float,scalar,IDENTICAL,0.0000000000000000,0.0000000000000000,
PIIController.0.0.20,vs_maxtq,scalar,IDENTICAL,47402.900000000001,47402.900000000001,
PIIController.0.0.20,vs_lastgentrq,scalar,IDENTICAL,0.0000000000000000,0.0000000000000000,
PIIController.0.0.20,vs_lastgenpwr,scalar,IDENTICAL,0.0000000000000000,0.0000000000000000,
PIIController.0.0.20,vs_mechgenpwr,scalar,IDENTICAL,0.0000000000000000,0.0000000000000000,
PIIController.0.0.20,vs_spderrar,scalar,IDENTICAL,88.930065473473590,88.930065473473590,
PIIController.0.0.20,vs_spderrbr,scalar,IDENTICAL,8.1069682760955288,8.1069682760955288,
PIIController.0.0.20,vs_spderr,scalar,IDENTICAL,88.930065473473590,88.930065473473590,
PIIController.0.0.20,vs_state,scalar,IDENTICAL,1,1,
PIIController.0.0.20,vs_rgn3pitch,scalar,IDENTICAL,1.9845791357606453E-002,1.9845791357606453E-002,
PIIController.0.0.20,we_vw,scalar,IDENTICAL,9.9864791817693082,9.9864791817693082,
PIIController.0.0.20,we_vw_f,scalar,IDENTICAL,9.9993593515264489,9.9993593515264489,
PIIController.0.0.20,we_vwi,scalar,IDENTICAL,10.000000000000000,10.000000000000000,
PIIController.0.0.20,we_vwidot,scalar,IDENTICAL,0.0000000000000000,0.0000000000000000,
PIIController.0.0.20,we_op,scalar,IDENTICAL,0,0,
PIIController.0.0.20,we_op_last,scalar,IDENTICAL,0,0,
PIIController.0.0.20,vs_lastgentrqf,scalar,IDENTICAL,1.7466929671230174,1.7466929671230174,
PIIController.0.0.20,prc_wse_f,scalar,IDENTICAL,0.0000000000000000,0.0000000000000000,
PIIController.0.0.20,prc_r_speed,scalar,IDENTICAL,1.0000000000000000,1.0000000000000000,
PIIController.0.0.20,prc_r_torque,scalar,IDENTICAL,1.0000000000000000,1.0000000000000000,
PIIController.0.0.20,prc_r_pitch,scalar,IDENTICAL,1.0000000000000000,1.0000000000000000,
PIIController.0.0.20,prc_r_total,scalar,IDENTICAL,0.0000000000000000,0.0000000000000000,
PIIController.0.0.20,prc_min_pitch,scalar,IDENTICAL,0.0000000000000000,0.0000000000000000,
PIIController.0.0.20,ps_min_pitch,scalar,IDENTICAL,2.3854352679789459E-003,2.3854352679789459E-003,
PIIController.0.0.20,ol_index,scalar,IDENTICAL,0.17499999701976776,0.17499999701976776,
PIIController.0.0.20,su_stage,scalar,IDENTICAL,0,0,
PIIController.0.0.20,su_loadstagestarttime,scalar,IDENTICAL,0.0000000000000000,0.0000000000000000,
PIIController.0.0.20,su_rotspeedf,scalar,IDENTICAL,0.0000000000000000,0.0000000000000000,
PIIController.0.0.20,sd_trigger,scalar,IDENTICAL,0,0,
PIIController.0.0.20,sd_blpitchf,scalar,IDENTICAL,0.0000000000000000,0.0000000000000000,
PIIController.0.0.20,sd_nacvanef,scalar,IDENTICAL,0.0000000000000000,0.0000000000000000,
PIIController.0.0.20,sd_genspeedf,scalar,IDENTICAL,0.0000000000000000,0.0000000000000000,
PIIController.0.0.20,sd_stage,scalar,IDENTICAL,0,0,
PIIController.0.0.20,sd_stagestarttime,scalar,IDENTICAL,0.0000000000000000,0.0000000000000000,
PIIController.0.0.20,sd_maxpitchrate,scalar,IDENTICAL,0.0000000000000000,0.0000000000000000,
PIIController.0.0.20,sd_maxtorquerate,scalar,IDENTICAL,0.0000000000000000,0.0000000000000000,
PIIController.0.0.20,gentq_sd,scalar,IDENTICAL,0.0000000000000000,0.0000000000000000,
PIIController.0.0.20,fl_pitcom,scalar,IDENTICAL,0.0000000000000000,0.0000000000000000,
PIIController.0.0.20,nacimu_fa_accf,scalar,IDENTICAL,0.0000000000000000,0.0000000000000000,
PIIController.0.0.20,fa_accf,scalar,IDENTICAL,0.0000000000000000,0.0000000000000000,
PIIController.0.0.20,fa_hist,scalar,IDENTICAL,0,0,
PIIController.0.0.20,tra_lastrefspd,scalar,IDENTICAL,0.0000000000000000,0.0000000000000000,
PIIController.0.0.20,vs_refspeed,scalar,IDENTICAL,0.0000000000000000,0.0000000000000000,
PIIController.0.0.20,ptfmtdx,scalar,IDENTICAL,0.0000000000000000,0.0000000000000000,
PIIController.0.0.20,ptfmtdy,scalar,IDENTICAL,0.0000000000000000,0.0000000000000000,
PIIController.0.0.20,ptfmtdz,scalar,IDENTICAL,0.0000000000000000,0.0000000000000000,
PIIController.0.0.20,ptfmrdx,scalar,IDENTICAL,0.0000000000000000,0.0000000000000000,
PIIController.0.0.20,ptfmrdy,scalar,IDENTICAL,0.0000000000000000,0.0000000000000000,
PIIController.0.0.20,ptfmrdz,scalar,IDENTICAL,0.0000000000000000,0.0000000000000000,
PIIController.0.0.20,ptfmtvx,scalar,IDENTICAL,0.0000000000000000,0.0000000000000000,
PIIController.0.0.20,ptfmtvy,scalar,IDENTICAL,0.0000000000000000,0.0000000000000000,
PIIController.0.0.20,ptfmtvz,scalar,IDENTICAL,0.0000000000000000,0.0000000000000000,
PIIController.0.0.20,ptfmrvx,scalar,IDENTICAL,0.0000000000000000,0.0000000000000000,
PIIController.0.0.20,ptfmrvy,scalar,IDENTICAL,0.0000000000000000,0.0000000000000000,
PIIController.0.0.20,ptfmrvz,scalar,IDENTICAL,0.0000000000000000,0.0000000000000000,
PIIController.0.0.20,ptfmtax,scalar,IDENTICAL,0.0000000000000000,0.0000000000000000,
PIIController.0.0.20,ptfmtay,scalar,IDENTICAL,0.0000000000000000,0.0000000000000000,
PIIController.0.0.20,ptfmtaz,scalar,IDENTICAL,0.0000000000000000,0.0000000000000000,
PIIController.0.0.20,ptfmrax,scalar,IDENTICAL,0.0000000000000000,0.0000000000000000,
PIIController.0.0.20,ptfmray,scalar,IDENTICAL,0.0000000000000000,0.0000000000000000,
PIIController.0.0.20,ptfmraz,scalar,IDENTICAL,0.0000000000000000,0.0000000000000000,
PIIController.0.0.20,cc_desiredl,array,IDENTICAL,,,size=          12
PIIController.0.0.20,cc_actuatedl,array,IDENTICAL,,,size=          12
PIIController.0.0.20,cc_actuateddl,array,IDENTICAL,,,size=          12
PIIController.0.0.20,stc_input,array,IDENTICAL,,,size=          12
PIIController.0.0.20,flp_angle,array,IDENTICAL,,,size=           3
PIIController.0.0.20,rootmyb_last,array,IDENTICAL,,,size=           3
PIIController.0.0.20,acc_infile_size,scalar,IDENTICAL,42,42,
PIIController.0.0.20,acc_infile,array,IDENTICAL,,,size=          42
PIIController.0.0.20,restart,scalar,IDENTICAL,F,F,
PIIController.0.0.20,awc_complexangle,array,IDENTICAL,,,size=           3
PIIController.0.0.20,tiltmean,scalar,IDENTICAL,0.0000000000000000,0.0000000000000000,
PIIController.0.0.20,yawmean,scalar,IDENTICAL,0.0000000000000000,0.0000000000000000,
PIIController.0.0.20,zmq_id,scalar,IDENTICAL,0,0,
PIIController.0.0.20,zmq_yawoffset,scalar,IDENTICAL,0.0000000000000000,0.0000000000000000,
PIIController.0.0.20,zmq_torqueoffset,scalar,IDENTICAL,0.0000000000000000,0.0000000000000000,
PIIController.0.0.20,zmq_pitoffset,array,IDENTICAL,,,size=           3
PIIController.0.0.20,zmq_r_speed,scalar,IDENTICAL,0.0000000000000000,0.0000000000000000,
PIIController.0.0.20,zmq_r_torque,scalar,IDENTICAL,0.0000000000000000,0.0000000000000000,
PIIController.0.0.20,zmq_r_pitch,scalar,IDENTICAL,0.0000000000000000,0.0000000000000000,
PIIController.0.0.20,om_r,scalar,IDENTICAL,0.0000000000000000,0.0000000000000000,
PIIController.0.0.20,v_t,scalar,IDENTICAL,0.0000000000000000,0.0000000000000000,
PIIController.0.0.20,v_m,scalar,IDENTICAL,0.0000000000000000,0.0000000000000000,
PIIController.0.0.20,v_h,scalar,IDENTICAL,0.0000000000000000,0.0000000000000000,
PIIController.0.0.20,p,array,IDENTICAL,,,size=           9
PIIController.0.0.20,xh,array,IDENTICAL,,,size=           3
PIIController.0.0.20,k,array,IDENTICAL,,,size=           3
PIIController.0.0.20,lpf1_a1,array,IDENTICAL,,,size=        1024
PIIController.0.0.20,lpf1_a0,array,IDENTICAL,,,size=        1024
PIIController.0.0.20,lpf1_b1,array,IDENTICAL,,,size=        1024
PIIController.0.0.20,lpf1_b0,array,IDENTICAL,,,size=        1024
PIIController.0.0.20,lpf1_inputsignallast,array,IDENTICAL,,,size=        1024
PIIController.0.0.20,lpf1_outputsignallast,array,IDENTICAL,,,size=        1024
PIIController.0.0.20,lpf2_a2,array,IDENTICAL,,,size=        1024
PIIController.0.0.20,lpf2_a1,array,IDENTICAL,,,size=        1024
PIIController.0.0.20,lpf2_a0,array,IDENTICAL,,,size=        1024
PIIController.0.0.20,lpf2_b2,array,IDENTICAL,,,size=        1024
PIIController.0.0.20,lpf2_b1,array,IDENTICAL,,,size=        1024
PIIController.0.0.20,lpf2_b0,array,IDENTICAL,,,size=        1024
PIIController.0.0.20,lpf2_inputsignallast2,array,IDENTICAL,,,size=        1024
PIIController.0.0.20,lpf2_outputsignallast2,array,IDENTICAL,,,size=        1024
PIIController.0.0.20,lpf2_inputsignallast1,array,IDENTICAL,,,size=        1024
PIIController.0.0.20,lpf2_outputsignallast1,array,IDENTICAL,,,size=        1024
PIIController.0.0.20,lpfv_a2,array,IDENTICAL,,,size=        1024
PIIController.0.0.20,lpfv_a1,array,IDENTICAL,,,size=        1024
PIIController.0.0.20,lpfv_a0,array,IDENTICAL,,,size=        1024
PIIController.0.0.20,lpfv_b2,array,IDENTICAL,,,size=        1024
PIIController.0.0.20,lpfv_b1,array,IDENTICAL,,,size=        1024
PIIController.0.0.20,lpfv_b0,array,IDENTICAL,,,size=        1024
PIIController.0.0.20,lpfv_inputsignallast2,array,IDENTICAL,,,size=        1024
PIIController.0.0.20,lpfv_outputsignallast2,array,IDENTICAL,,,size=        1024
PIIController.0.0.20,lpfv_inputsignallast1,array,IDENTICAL,,,size=        1024
PIIController.0.0.20,lpfv_outputsignallast1,array,IDENTICAL,,,size=        1024
PIIController.0.0.20,hpf_inputsignallast,array,IDENTICAL,,,size=        1024
PIIController.0.0.20,hpf_outputsignallast,array,IDENTICAL,,,size=        1024
PIIController.0.0.20,nfs_outputsignallast1,array,IDENTICAL,,,size=        1024
PIIController.0.0.20,nfs_outputsignallast2,array,IDENTICAL,,,size=        1024
PIIController.0.0.20,nfs_inputsignallast1,array,IDENTICAL,,,size=        1024
PIIController.0.0.20,nfs_inputsignallast2,array,IDENTICAL,,,size=        1024
PIIController.0.0.20,nfs_b2,array,IDENTICAL,,,size=        1024
PIIController.0.0.20,nfs_b0,array,IDENTICAL,,,size=        1024
PIIController.0.0.20,nfs_a2,array,IDENTICAL,,,size=        1024
PIIController.0.0.20,nfs_a1,array,IDENTICAL,,,size=        1024
PIIController.0.0.20,nfs_a0,array,IDENTICAL,,,size=        1024
PIIController.0.0.20,nf_outputsignallast1,array,IDENTICAL,,,size=        1024
PIIController.0.0.20,nf_outputsignallast2,array,IDENTICAL,,,size=        1024
PIIController.0.0.20,nf_inputsignallast1,array,IDENTICAL,,,size=        1024
PIIController.0.0.20,nf_inputsignallast2,array,IDENTICAL,,,size=        1024
PIIController.0.0.20,nf_b2,array,IDENTICAL,,,size=        1024
PIIController.0.0.20,nf_b1,array,IDENTICAL,,,size=        1024
PIIController.0.0.20,nf_b0,array,IDENTICAL,,,size=        1024
PIIController.0.0.20,nf_a1,array,IDENTICAL,,,size=        1024
PIIController.0.0.20,nf_a0,array,IDENTICAL,,,size=        1024
PIIController.0.0.20,iterm,array,IDENTICAL,,,size=        1024
PIIController.0.0.20,itermlast,array,IDENTICAL,,,size=        1024
PIIController.0.0.20,iterm2,array,IDENTICAL,,,size=        1024
PIIController.0.0.20,itermlast2,array,IDENTICAL,,,size=        1024
PIIController.0.0.20,elast,array,IDENTICAL,,,size=        1024
PIIController.0.0.20,res_outputsignallast1,array,IDENTICAL,,,size=        1024
PIIController.0.0.20,res_outputsignallast2,array,IDENTICAL,,,size=        1024
PIIController.0.0.20,res_inputsignallast1,array,IDENTICAL,,,size=        1024
PIIController.0.0.20,res_inputsignallast2,array,IDENTICAL,,,size=        1024
PIIController.0.0.20,lastsignal,array,IDENTICAL,,,size=        1024
PIIController.0.0.20,instlpf,scalar,IDENTICAL,9,9,
PIIController.0.0.20,instseclpf,scalar,IDENTICAL,8,8,
PIIController.0.0.20,instseclpfv,scalar,IDENTICAL,1,1,
PIIController.0.0.20,insthpf,scalar,IDENTICAL,6,6,
PIIController.0.0.20,instnotchslopes,scalar,IDENTICAL,1,1,
PIIController.0.0.20,instnotch,scalar,IDENTICAL,1,1,
PIIController.0.0.20,instpi,scalar,IDENTICAL,5,5,
PIIController.0.0.20,instres,scalar,IDENTICAL,1,1,
PIIController.0.0.20,instrl,scalar,IDENTICAL,9,9,
PIIController.0.0.3,istatus,scalar,IDENTICAL,1,1,
PIIController.0.0.3,alreadyinitialized,scalar,IDENTICAL,0,0,
PIIController.0.0.3,restartwse,scalar,IDENTICAL,1,1,
PIIController.0.0.3,time,scalar,IDENTICAL,2.5000000372529030E-002,2.5000000372529030E-002,
PIIController.0.0.3,dt,scalar,IDENTICAL,2.5000000372529030E-002,2.5000000372529030E-002,
PIIController.0.0.3,writethisstep,scalar,IDENTICAL,F,F,
PIIController.0.0.3,n_dt,scalar,IDENTICAL,1,1,
PIIController.0.0.3,time_last,scalar,IDENTICAL,0.0000000000000000,0.0000000000000000,
PIIController.0.0.3,vs_genpwr,scalar,IDENTICAL,38.421710968017578,38.421710968017578,
PIIController.0.0.3,genspeed,scalar,IDENTICAL,40.700965881347656,40.700965881347656,
PIIController.0.0.3,rotspeed,scalar,IDENTICAL,0.41959756612777710,0.41959756612777710,
PIIController.0.0.3,nacheading,scalar,IDENTICAL,0.0000000000000000,0.0000000000000000,
PIIController.0.0.3,nacvane,scalar,IDENTICAL,0.0000000000000000,0.0000000000000000,
PIIController.0.0.3,nacvanef,scalar,IDENTICAL,0.0000000000000000,0.0000000000000000,
PIIController.0.0.3,winddir,scalar,IDENTICAL,0.0000000000000000,0.0000000000000000,
PIIController.0.0.3,horwindv,scalar,IDENTICAL,9.0000000000000000,9.0000000000000000,
PIIController.0.0.3,horwindv_f,scalar,IDENTICAL,9.9989538954650747,9.9989538954650747,
PIIController.0.0.3,rootmoop,array,IDENTICAL,,,size=           3
PIIController.0.0.3,rootmoopf,array,IDENTICAL,,,size=           3
PIIController.0.0.3,blpitch,array,IDENTICAL,,,size=           3
PIIController.0.0.3,blpitchcmeas,scalar,IDENTICAL,0.0000000000000000,0.0000000000000000,
PIIController.0.0.3,azimuth,scalar,IDENTICAL,0.0000000000000000,0.0000000000000000,
PIIController.0.0.3,ol_azimuth,scalar,IDENTICAL,0.0000000000000000,0.0000000000000000,
PIIController.0.0.3,azunwrapped,scalar,IDENTICAL,0.0000000000000000,0.0000000000000000,
PIIController.0.0.3,azerror,scalar,IDENTICAL,0.0000000000000000,0.0000000000000000,
PIIController.0.0.3,gentqaz,scalar,IDENTICAL,0.0000000000000000,0.0000000000000000,
PIIController.0.0.3,azbuffer,array,IDENTICAL,,,size=           2
PIIController.0.0.3,numbl,scalar,IDENTICAL,3,3,
PIIController.0.0.3,fa_acc_tt,scalar,IDENTICAL,0.0000000000000000,0.0000000000000000,
PIIController.0.0.3,ss_acc_tt,scalar,IDENTICAL,0.0000000000000000,0.0000000000000000,
PIIController.0.0.3,fa_acc_nac,scalar,IDENTICAL,0.0000000000000000,0.0000000000000000,
PIIController.0.0.3,nacimu_fa_racc,scalar,IDENTICAL,0.0000000000000000,0.0000000000000000,
PIIController.0.0.3,fa_acchpf,scalar,IDENTICAL,0.0000000000000000,0.0000000000000000,
PIIController.0.0.3,fa_acchpfi,scalar,IDENTICAL,0.0000000000000000,0.0000000000000000,
PIIController.0.0.3,fa_pitcom,array,IDENTICAL,,,size=           3
PIIController.0.0.3,vs_refspd,scalar,IDENTICAL,115.47606528525367,115.47606528525367,
PIIController.0.0.3,vs_refspd_tsr,scalar,IDENTICAL,115.46411045953717,115.46411045953717,
PIIController.0.0.3,vs_refspd_tra,scalar,IDENTICAL,0.0000000000000000,0.0000000000000000,
PIIController.0.0.3,vs_refspd_rl,scalar,IDENTICAL,0.0000000000000000,0.0000000000000000,
PIIController.0.0.3,pc_refspd,scalar,IDENTICAL,129.05515350000002,129.05515350000002,
PIIController.0.0.3,pc_refspd_ss,scalar,IDENTICAL,129.05515350000002,129.05515350000002,
PIIController.0.0.3,pc_refspd_prc,scalar,IDENTICAL,122.90967000000001,122.90967000000001,
PIIController.0.0.3,rotspeedf,scalar,IDENTICAL,0.95773470822952667,0.95773470822952667,
PIIController.0.0.3,genspeedf,scalar,IDENTICAL,3.8910507754937766,3.8910507754937766,
PIIController.0.0.3,gentq,scalar,IDENTICAL,0.0000000000000000,0.0000000000000000,
PIIController.0.0.3,gentqmeas,scalar,IDENTICAL,1.0000000000000000,1.0000000000000000,
PIIController.0.0.3,genartq,scalar,IDENTICAL,0.0000000000000000,0.0000000000000000,
PIIController.0.0.3,genbrtq,scalar,IDENTICAL,0.0000000000000000,0.0000000000000000,
PIIController.0.0.3,vs_komega2_gentq,scalar,IDENTICAL,34.982365029432977,34.982365029432977,
PIIController.0.0.3,vs_constpwr_gentq,scalar,IDENTICAL,1361228.7464481576,1361228.7464481576,
PIIController.0.0.3,ipc_pitcomf,array,IDENTICAL,,,size=           3
PIIController.0.0.3,pc_kp,scalar,IDENTICAL,-2.0750000000000001E-002,-2.0750000000000001E-002,
PIIController.0.0.3,pc_ki,scalar,IDENTICAL,-8.4169999999999991E-003,-8.4169999999999991E-003,
PIIController.0.0.3,pc_kd,scalar,IDENTICAL,0.0000000000000000,0.0000000000000000,
PIIController.0.0.3,pc_tf,scalar,IDENTICAL,0.0000000000000000,0.0000000000000000,
PIIController.0.0.3,pc_maxpit,scalar,IDENTICAL,1.5700000000000001,1.5700000000000001,
PIIController.0.0.3,pc_minpit,scalar,IDENTICAL,2.4175008629616530E-003,2.4175008629616530E-003,
PIIController.0.0.3,pc_pitcomt,scalar,IDENTICAL,2.4175008629616530E-003,2.4175008629616530E-003,
PIIController.0.0.3,pc_pitcomt_last,scalar,IDENTICAL,2.4175008629616530E-003,2.4175008629616530E-003,
PIIController.0.0.3,blpitchcmeasf,scalar,IDENTICAL,0.0000000000000000,0.0000000000000000,
PIIController.0.0.3,pc_pitcomt_ipc,array,IDENTICAL,,,size=           3
PIIController.0.0.3,pc_pwrerr,scalar,IDENTICAL,4999961.5782890320,4999961.5782890320,
PIIController.0.0.3,pc_spderr,scalar,IDENTICAL,125.16410272450624,125.16410272450624,
PIIController.0.0.3,ipc_axistilt_1p,scalar,IDENTICAL,0.0000000000000000,0.0000000000000000,
PIIController.0.0.3,ipc_axisyaw_1p,scalar,IDENTICAL,0.0000000000000000,0.0000000000000000,
PIIController.0.0.3,ipc_axistilt_2p,scalar,IDENTICAL,0.0000000000000000,0.0000000000000000,
PIIController.0.0.3,ipc_axisyaw_2p,scalar,IDENTICAL,0.0000000000000000,0.0000000000000000,
PIIController.0.0.3,axistilt_1p,scalar,IDENTICAL,0.0000000000000000,0.0000000000000000,
PIIController.0.0.3,axisyaw_1p,scalar,IDENTICAL,0.0000000000000000,0.0000000000000000,
PIIController.0.0.3,axisyawf_1p,scalar,IDENTICAL,0.0000000000000000,0.0000000000000000,
PIIController.0.0.3,axistilt_2p,scalar,IDENTICAL,0.0000000000000000,0.0000000000000000,
PIIController.0.0.3,axisyaw_2p,scalar,IDENTICAL,0.0000000000000000,0.0000000000000000,
PIIController.0.0.3,axisyawf_2p,scalar,IDENTICAL,0.0000000000000000,0.0000000000000000,
PIIController.0.0.3,ipc_ki,array,IDENTICAL,,,size=           2
PIIController.0.0.3,ipc_kp,array,IDENTICAL,,,size=           2
PIIController.0.0.3,ipc_intsat,scalar,IDENTICAL,0.0000000000000000,0.0000000000000000,
PIIController.0.0.3,pc_state,scalar,IDENTICAL,1,1,
PIIController.0.0.3,pitcom,array,IDENTICAL,,,size=           3
PIIController.0.0.3,pitcom_sd,array,IDENTICAL,,,size=           3
PIIController.0.0.3,pitcomact,array,IDENTICAL,,,size=           3
PIIController.0.0.3,ss_delomegaf,scalar,IDENTICAL,-6.1627547184563687,-6.1627547184563687,
PIIController.0.0.3,testtype,scalar,IDENTICAL,0.0000000000000000,0.0000000000000000,
PIIController.0.0.3,kp_float,scalar,IDENTICAL,0.0000000000000000,0.0000000000000000,
PIIController.0.0.3,vs_maxtq,scalar,IDENTICAL,47402.900000000001,47402.900000000001,
PIIController.0.0.3,vs_lastgentrq,scalar,IDENTICAL,0.0000000000000000,0.0000000000000000,
PIIController.0.0.3,vs_lastgenpwr,scalar,IDENTICAL,38.421710968017578,38.421710968017578,
PIIController.0.0.3,vs_mechgenpwr,scalar,IDENTICAL,0.0000000000000000,0.0000000000000000,
PIIController.0.0.3,vs_spderrar,scalar,IDENTICAL,111.58501450975989,111.58501450975989,
PIIController.0.0.3,vs_spderrbr,scalar,IDENTICAL,30.751809224506221,30.751809224506221,
PIIController.0.0.3,vs_spderr,scalar,IDENTICAL,111.58501450975989,111.58501450975989,
PIIController.0.0.3,vs_state,scalar,IDENTICAL,1,1,
PIIController.0.0.3,vs_rgn3pitch,scalar,IDENTICAL,1.9867500862961653E-002,1.9867500862961653E-002,
PIIController.0.0.3,we_vw,scalar,IDENTICAL,9.9989538954650747,9.9989538954650747,
PIIController.0.0.3,we_vw_f,scalar,IDENTICAL,10.000000000000000,10.000000000000000,
PIIController.0.0.3,we_vwi,scalar,IDENTICAL,10.000000000000000,10.000000000000000,
PIIController.0.0.3,we_vwidot,scalar,IDENTICAL,0.0000000000000000,0.0000000000000000,
PIIController.0.0.3,we_op,scalar,IDENTICAL,0,0,
PIIController.0.0.3,we_op_last,scalar,IDENTICAL,0,0,
PIIController.0.0.3,vs_lastgentrqf,scalar,IDENTICAL,2.3105500000000037,2.3105500000000037,
PIIController.0.0.3,prc_wse_f,scalar,IDENTICAL,0.0000000000000000,0.0000000000000000,
PIIController.0.0.3,prc_r_speed,scalar,IDENTICAL,1.0000000000000000,1.0000000000000000,
PIIController.0.0.3,prc_r_torque,scalar,IDENTICAL,1.0000000000000000,1.0000000000000000,
PIIController.0.0.3,prc_r_pitch,scalar,IDENTICAL,1.0000000000000000,1.0000000000000000,
PIIController.0.0.3,prc_r_total,scalar,IDENTICAL,0.0000000000000000,0.0000000000000000,
PIIController.0.0.3,prc_min_pitch,scalar,IDENTICAL,0.0000000000000000,0.0000000000000000,
PIIController.0.0.3,ps_min_pitch,scalar,IDENTICAL,2.4175008629616530E-003,2.4175008629616530E-003,
PIIController.0.0.3,ol_index,scalar,IDENTICAL,2.5000000372529030E-002,2.5000000372529030E-002,
PIIController.0.0.3,su_stage,scalar,IDENTICAL,0,0,
PIIController.0.0.3,su_loadstagestarttime,scalar,IDENTICAL,0.0000000000000000,0.0000000000000000,
PIIController.0.0.3,su_rotspeedf,scalar,IDENTICAL,0.0000000000000000,0.0000000000000000,
PIIController.0.0.3,sd_trigger,scalar,IDENTICAL,0,0,
PIIController.0.0.3,sd_blpitchf,scalar,IDENTICAL,0.0000000000000000,0.0000000000000000,
PIIController.0.0.3,sd_nacvanef,scalar,IDENTICAL,0.0000000000000000,0.0000000000000000,
PIIController.0.0.3,sd_genspeedf,scalar,IDENTICAL,0.0000000000000000,0.0000000000000000,
PIIController.0.0.3,sd_stage,scalar,IDENTICAL,0,0,
PIIController.0.0.3,sd_stagestarttime,scalar,IDENTICAL,0.0000000000000000,0.0000000000000000,
PIIController.0.0.3,sd_maxpitchrate,scalar,IDENTICAL,0.0000000000000000,0.0000000000000000,
PIIController.0.0.3,sd_maxtorquerate,scalar,IDENTICAL,0.0000000000000000,0.0000000000000000,
PIIController.0.0.3,gentq_sd,scalar,IDENTICAL,0.0000000000000000,0.0000000000000000,
PIIController.0.0.3,fl_pitcom,scalar,IDENTICAL,0.0000000000000000,0.0000000000000000,
PIIController.0.0.3,nacimu_fa_accf,scalar,IDENTICAL,0.0000000000000000,0.0000000000000000,
PIIController.0.0.3,fa_accf,scalar,IDENTICAL,0.0000000000000000,0.0000000000000000,
PIIController.0.0.3,fa_hist,scalar,IDENTICAL,0,0,
PIIController.0.0.3,tra_lastrefspd,scalar,IDENTICAL,0.0000000000000000,0.0000000000000000,
PIIController.0.0.3,vs_refspeed,scalar,IDENTICAL,0.0000000000000000,0.0000000000000000,
PIIController.0.0.3,ptfmtdx,scalar,IDENTICAL,0.0000000000000000,0.0000000000000000,
PIIController.0.0.3,ptfmtdy,scalar,IDENTICAL,0.0000000000000000,0.0000000000000000,
PIIController.0.0.3,ptfmtdz,scalar,IDENTICAL,0.0000000000000000,0.0000000000000000,
PIIController.0.0.3,ptfmrdx,scalar,IDENTICAL,0.0000000000000000,0.0000000000000000,
PIIController.0.0.3,ptfmrdy,scalar,IDENTICAL,0.0000000000000000,0.0000000000000000,
PIIController.0.0.3,ptfmrdz,scalar,IDENTICAL,0.0000000000000000,0.0000000000000000,
PIIController.0.0.3,ptfmtvx,scalar,IDENTICAL,0.0000000000000000,0.0000000000000000,
PIIController.0.0.3,ptfmtvy,scalar,IDENTICAL,0.0000000000000000,0.0000000000000000,
PIIController.0.0.3,ptfmtvz,scalar,IDENTICAL,0.0000000000000000,0.0000000000000000,
PIIController.0.0.3,ptfmrvx,scalar,IDENTICAL,0.0000000000000000,0.0000000000000000,
PIIController.0.0.3,ptfmrvy,scalar,IDENTICAL,0.0000000000000000,0.0000000000000000,
PIIController.0.0.3,ptfmrvz,scalar,IDENTICAL,0.0000000000000000,0.0000000000000000,
PIIController.0.0.3,ptfmtax,scalar,IDENTICAL,0.0000000000000000,0.0000000000000000,
PIIController.0.0.3,ptfmtay,scalar,IDENTICAL,0.0000000000000000,0.0000000000000000,
PIIController.0.0.3,ptfmtaz,scalar,IDENTICAL,0.0000000000000000,0.0000000000000000,
PIIController.0.0.3,ptfmrax,scalar,IDENTICAL,0.0000000000000000,0.0000000000000000,
PIIController.0.0.3,ptfmray,scalar,IDENTICAL,0.0000000000000000,0.0000000000000000,
PIIController.0.0.3,ptfmraz,scalar,IDENTICAL,0.0000000000000000,0.0000000000000000,
PIIController.0.0.3,cc_desiredl,array,IDENTICAL,,,size=          12
PIIController.0.0.3,cc_actuatedl,array,IDENTICAL,,,size=          12
PIIController.0.0.3,cc_actuateddl,array,IDENTICAL,,,size=          12
PIIController.0.0.3,stc_input,array,IDENTICAL,,,size=          12
PIIController.0.0.3,flp_angle,array,IDENTICAL,,,size=           3
PIIController.0.0.3,rootmyb_last,array,IDENTICAL,,,size=           3
PIIController.0.0.3,acc_infile_size,scalar,IDENTICAL,42,42,
PIIController.0.0.3,acc_infile,array,IDENTICAL,,,size=          42
PIIController.0.0.3,restart,scalar,IDENTICAL,F,F,
PIIController.0.0.3,awc_complexangle,array,IDENTICAL,,,size=           3
PIIController.0.0.3,tiltmean,scalar,IDENTICAL,0.0000000000000000,0.0000000000000000,
PIIController.0.0.3,yawmean,scalar,IDENTICAL,0.0000000000000000,0.0000000000000000,
PIIController.0.0.3,zmq_id,scalar,IDENTICAL,0,0,
PIIController.0.0.3,zmq_yawoffset,scalar,IDENTICAL,0.0000000000000000,0.0000000000000000,
PIIController.0.0.3,zmq_torqueoffset,scalar,IDENTICAL,0.0000000000000000,0.0000000000000000,
PIIController.0.0.3,zmq_pitoffset,array,IDENTICAL,,,size=           3
PIIController.0.0.3,zmq_r_speed,scalar,IDENTICAL,0.0000000000000000,0.0000000000000000,
PIIController.0.0.3,zmq_r_torque,scalar,IDENTICAL,0.0000000000000000,0.0000000000000000,
PIIController.0.0.3,zmq_r_pitch,scalar,IDENTICAL,0.0000000000000000,0.0000000000000000,
PIIController.0.0.3,om_r,scalar,IDENTICAL,0.0000000000000000,0.0000000000000000,
PIIController.0.0.3,v_t,scalar,IDENTICAL,0.0000000000000000,0.0000000000000000,
PIIController.0.0.3,v_m,scalar,IDENTICAL,0.0000000000000000,0.0000000000000000,
PIIController.0.0.3,v_h,scalar,IDENTICAL,0.0000000000000000,0.0000000000000000,
PIIController.0.0.3,p,array,IDENTICAL,,,size=           9
PIIController.0.0.3,xh,array,IDENTICAL,,,size=           3
PIIController.0.0.3,k,array,IDENTICAL,,,size=           3
PIIController.0.0.3,lpf1_a1,array,IDENTICAL,,,size=        1024
PIIController.0.0.3,lpf1_a0,array,IDENTICAL,,,size=        1024
PIIController.0.0.3,lpf1_b1,array,IDENTICAL,,,size=        1024
PIIController.0.0.3,lpf1_b0,array,IDENTICAL,,,size=        1024
PIIController.0.0.3,lpf1_inputsignallast,array,IDENTICAL,,,size=        1024
PIIController.0.0.3,lpf1_outputsignallast,array,IDENTICAL,,,size=        1024
PIIController.0.0.3,lpf2_a2,array,IDENTICAL,,,size=        1024
PIIController.0.0.3,lpf2_a1,array,IDENTICAL,,,size=        1024
PIIController.0.0.3,lpf2_a0,array,IDENTICAL,,,size=        1024
PIIController.0.0.3,lpf2_b2,array,IDENTICAL,,,size=        1024
PIIController.0.0.3,lpf2_b1,array,IDENTICAL,,,size=        1024
PIIController.0.0.3,lpf2_b0,array,IDENTICAL,,,size=        1024
PIIController.0.0.3,lpf2_inputsignallast2,array,IDENTICAL,,,size=        1024
PIIController.0.0.3,lpf2_outputsignallast2,array,IDENTICAL,,,size=        1024
PIIController.0.0.3,lpf2_inputsignallast1,array,IDENTICAL,,,size=        1024
PIIController.0.0.3,lpf2_outputsignallast1,array,IDENTICAL,,,size=        1024
PIIController.0.0.3,lpfv_a2,array,IDENTICAL,,,size=        1024
PIIController.0.0.3,lpfv_a1,array,IDENTICAL,,,size=        1024
PIIController.0.0.3,lpfv_a0,array,IDENTICAL,,,size=        1024
PIIController.0.0.3,lpfv_b2,array,IDENTICAL,,,size=        1024
PIIController.0.0.3,lpfv_b1,array,IDENTICAL,,,size=        1024
PIIController.0.0.3,lpfv_b0,array,IDENTICAL,,,size=        1024
PIIController.0.0.3,lpfv_inputsignallast2,array,IDENTICAL,,,size=        1024
PIIController.0.0.3,lpfv_outputsignallast2,array,IDENTICAL,,,size=        1024
PIIController.0.0.3,lpfv_inputsignallast1,array,IDENTICAL,,,size=        1024
PIIController.0.0.3,lpfv_outputsignallast1,array,IDENTICAL,,,size=        1024
PIIController.0.0.3,hpf_inputsignallast,array,IDENTICAL,,,size=        1024
PIIController.0.0.3,hpf_outputsignallast,array,IDENTICAL,,,size=        1024
PIIController.0.0.3,nfs_outputsignallast1,array,IDENTICAL,,,size=        1024
PIIController.0.0.3,nfs_outputsignallast2,array,IDENTICAL,,,size=        1024
PIIController.0.0.3,nfs_inputsignallast1,array,IDENTICAL,,,size=        1024
PIIController.0.0.3,nfs_inputsignallast2,array,IDENTICAL,,,size=        1024
PIIController.0.0.3,nfs_b2,array,IDENTICAL,,,size=        1024
PIIController.0.0.3,nfs_b0,array,IDENTICAL,,,size=        1024
PIIController.0.0.3,nfs_a2,array,IDENTICAL,,,size=        1024
PIIController.0.0.3,nfs_a1,array,IDENTICAL,,,size=        1024
PIIController.0.0.3,nfs_a0,array,IDENTICAL,,,size=        1024
PIIController.0.0.3,nf_outputsignallast1,array,IDENTICAL,,,size=        1024
PIIController.0.0.3,nf_outputsignallast2,array,IDENTICAL,,,size=        1024
PIIController.0.0.3,nf_inputsignallast1,array,IDENTICAL,,,size=        1024
PIIController.0.0.3,nf_inputsignallast2,array,IDENTICAL,,,size=        1024
PIIController.0.0.3,nf_b2,array,IDENTICAL,,,size=        1024
PIIController.0.0.3,nf_b1,array,IDENTICAL,,,size=        1024
PIIController.0.0.3,nf_b0,array,IDENTICAL,,,size=        1024
PIIController.0.0.3,nf_a1,array,IDENTICAL,,,size=        1024
PIIController.0.0.3,nf_a0,array,IDENTICAL,,,size=        1024
PIIController.0.0.3,iterm,array,IDENTICAL,,,size=        1024
PIIController.0.0.3,itermlast,array,IDENTICAL,,,size=        1024
PIIController.0.0.3,iterm2,array,IDENTICAL,,,size=        1024
PIIController.0.0.3,itermlast2,array,IDENTICAL,,,size=        1024
PIIController.0.0.3,elast,array,IDENTICAL,,,size=        1024
PIIController.0.0.3,res_outputsignallast1,array,IDENTICAL,,,size=        1024
PIIController.0.0.3,res_outputsignallast2,array,IDENTICAL,,,size=        1024
PIIController.0.0.3,res_inputsignallast1,array,IDENTICAL,,,size=        1024
PIIController.0.0.3,res_inputsignallast2,array,IDENTICAL,,,size=        1024
PIIController.0.0.3,lastsignal,array,IDENTICAL,,,size=        1024
PIIController.0.0.3,instlpf,scalar,IDENTICAL,9,9,
PIIController.0.0.3,instseclpf,scalar,IDENTICAL,8,8,
PIIController.0.0.3,instseclpfv,scalar,IDENTICAL,1,1,
PIIController.0.0.3,insthpf,scalar,IDENTICAL,6,6,
PIIController.0.0.3,instnotchslopes,scalar,IDENTICAL,1,1,
PIIController.0.0.3,instnotch,scalar,IDENTICAL,1,1,
PIIController.0.0.3,instpi,scalar,IDENTICAL,6,6,
PIIController.0.0.3,instres,scalar,IDENTICAL,1,1,
PIIController.0.0.3,instrl,scalar,IDENTICAL,9,9,
PIIController.0.0.4,istatus,scalar,IDENTICAL,1,1,
PIIController.0.0.4,alreadyinitialized,scalar,IDENTICAL,0,0,
PIIController.0.0.4,restartwse,scalar,IDENTICAL,1,1,
PIIController.0.0.4,time,scalar,IDENTICAL,5.0000000745058060E-002,5.0000000745058060E-002,
PIIController.0.0.4,dt,scalar,IDENTICAL,2.5000000372529030E-002,2.5000000372529030E-002,
PIIController.0.0.4,writethisstep,scalar,IDENTICAL,F,F,
PIIController.0.0.4,n_dt,scalar,IDENTICAL,2,2,
PIIController.0.0.4,time_last,scalar,IDENTICAL,0.0000000000000000,0.0000000000000000,
PIIController.0.0.4,vs_genpwr,scalar,IDENTICAL,0.0000000000000000,0.0000000000000000,
PIIController.0.0.4,genspeed,scalar,IDENTICAL,40.771842956542969,40.771842956542969,
PIIController.0.0.4,rotspeed,scalar,IDENTICAL,0.42032828927040100,0.42032828927040100,
PIIController.0.0.4,nacheading,scalar,IDENTICAL,0.0000000000000000,0.0000000000000000,
PIIController.0.0.4,nacvane,scalar,IDENTICAL,0.0000000000000000,0.0000000000000000,
PIIController.0.0.4,nacvanef,scalar,IDENTICAL,0.0000000000000000,0.0000000000000000,
PIIController.0.0.4,winddir,scalar,IDENTICAL,0.0000000000000000,0.0000000000000000,
PIIController.0.0.4,horwindv,scalar,IDENTICAL,9.0000000000000000,9.0000000000000000,
PIIController.0.0.4,horwindv_f,scalar,IDENTICAL,9.9968638750646299,9.9968638750646299,
PIIController.0.0.4,rootmoop,array,IDENTICAL,,,size=           3
PIIController.0.0.4,rootmoopf,array,IDENTICAL,,,size=           3
PIIController.0.0.4,blpitch,array,IDENTICAL,,,size=           3
PIIController.0.0.4,blpitchcmeas,scalar,IDENTICAL,2.4175008629616530E-003,2.4175008629616530E-003,
PIIController.0.0.4,azimuth,scalar,IDENTICAL,0.0000000000000000,0.0000000000000000,
PIIController.0.0.4,ol_azimuth,scalar,IDENTICAL,0.0000000000000000,0.0000000000000000,
PIIController.0.0.4,azunwrapped,scalar,IDENTICAL,0.0000000000000000,0.0000000000000000,
PIIController.0.0.4,azerror,scalar,IDENTICAL,0.0000000000000000,0.0000000000000000,
PIIController.0.0.4,gentqaz,scalar,IDENTICAL,0.0000000000000000,0.0000000000000000,
PIIController.0.0.4,azbuffer,array,IDENTICAL,,,size=           2
PIIController.0.0.4,numbl,scalar,IDENTICAL,3,3,
PIIController.0.0.4,fa_acc_tt,scalar,IDENTICAL,0.0000000000000000,0.0000000000000000,
PIIController.0.0.4,ss_acc_tt,scalar,IDENTICAL,0.0000000000000000,0.0000000000000000,
PIIController.0.0.4,fa_acc_nac,scalar,IDENTICAL,0.0000000000000000,0.0000000000000000,
PIIController.0.0.4,nacimu_fa_racc,scalar,IDENTICAL,0.0000000000000000,0.0000000000000000,
PIIController.0.0.4,fa_acchpf,scalar,IDENTICAL,0.0000000000000000,0.0000000000000000,
PIIController.0.0.4,fa_acchpfi,scalar,IDENTICAL,0.0000000000000000,0.0000000000000000,
PIIController.0.0.4,fa_pitcom,array,IDENTICAL,,,size=           3
PIIController.0.0.4,vs_refspd,scalar,IDENTICAL,115.47556737825821,115.47556737825821,
PIIController.0.0.4,vs_refspd_tsr,scalar,IDENTICAL,115.43997570015108,115.43997570015108,
PIIController.0.0.4,vs_refspd_tra,scalar,IDENTICAL,0.0000000000000000,0.0000000000000000,
PIIController.0.0.4,vs_refspd_rl,scalar,IDENTICAL,0.0000000000000000,0.0000000000000000,
PIIController.0.0.4,pc_refspd,scalar,IDENTICAL,129.07242471845638,129.07242471845638,
PIIController.0.0.4,pc_refspd_ss,scalar,IDENTICAL,129.07242471845638,129.07242471845638,
PIIController.0.0.4,pc_refspd_prc,scalar,IDENTICAL,122.90967000000001,122.90967000000001,
PIIController.0.0.4,rotspeedf,scalar,IDENTICAL,0.87941290982352693,0.87941290982352693,
PIIController.0.0.4,genspeedf,scalar,IDENTICAL,9.2572571565979285,9.2572571565979285,
PIIController.0.0.4,gentq,scalar,IDENTICAL,0.0000000000000000,0.0000000000000000,
PIIController.0.0.4,gentqmeas,scalar,IDENTICAL,0.0000000000000000,0.0000000000000000,
PIIController.0.0.4,genartq,scalar,IDENTICAL,0.0000000000000000,0.0000000000000000,
PIIController.0.0.4,genbrtq,scalar,IDENTICAL,0.0000000000000000,0.0000000000000000,
PIIController.0.0.4,vs_komega2_gentq,scalar,IDENTICAL,198.00676449195089,198.00676449195089,
PIIController.0.0.4,vs_constpwr_gentq,scalar,IDENTICAL,572157.61427956761,572157.61427956761,
PIIController.0.0.4,ipc_pitcomf,array,IDENTICAL,,,size=           3
PIIController.0.0.4,pc_kp,scalar,IDENTICAL,-2.0750000000000001E-002,-2.0750000000000001E-002,
PIIController.0.0.4,pc_ki,scalar,IDENTICAL,-8.4169999999999991E-003,-8.4169999999999991E-003,
PIIController.0.0.4,pc_kd,scalar,IDENTICAL,0.0000000000000000,0.0000000000000000,
PIIController.0.0.4,pc_tf,scalar,IDENTICAL,0.0000000000000000,0.0000000000000000,
PIIController.0.0.4,pc_maxpit,scalar,IDENTICAL,1.5700000000000001,1.5700000000000001,
PIIController.0.0.4,pc_minpit,scalar,IDENTICAL,2.4169582377752694E-003,2.4169582377752694E-003,
PIIController.0.0.4,pc_pitcomt,scalar,IDENTICAL,2.4175008629616530E-003,2.4175008629616530E-003,
PIIController.0.0.4,pc_pitcomt_last,scalar,IDENTICAL,2.4175008629616530E-003,2.4175008629616530E-003,
PIIController.0.0.4,blpitchcmeasf,scalar,IDENTICAL,9.0675165246904365E-007,9.0675165246904365E-007,
PIIController.0.0.4,pc_pitcomt_ipc,array,IDENTICAL,,,size=           3
PIIController.0.0.4,pc_pwrerr,scalar,IDENTICAL,5000000.0000000000,5000000.0000000000,
PIIController.0.0.4,pc_spderr,scalar,IDENTICAL,119.81516756185844,119.81516756185844,
PIIController.0.0.4,ipc_axistilt_1p,scalar,IDENTICAL,0.0000000000000000,0.0000000000000000,
PIIController.0.0.4,ipc_axisyaw_1p,scalar,IDENTICAL,0.0000000000000000,0.0000000000000000,
PIIController.0.0.4,ipc_axistilt_2p,scalar,IDENTICAL,0.0000000000000000,0.0000000000000000,
PIIController.0.0.4,ipc_axisyaw_2p,scalar,IDENTICAL,0.0000000000000000,0.0000000000000000,
PIIController.0.0.4,axistilt_1p,scalar,IDENTICAL,0.0000000000000000,0.0000000000000000,
PIIController.0.0.4,axisyaw_1p,scalar,IDENTICAL,0.0000000000000000,0.0000000000000000,
PIIController.0.0.4,axisyawf_1p,scalar,IDENTICAL,0.0000000000000000,0.0000000000000000,
PIIController.0.0.4,axistilt_2p,scalar,IDENTICAL,0.0000000000000000,0.0000000000000000,
PIIController.0.0.4,axisyaw_2p,scalar,IDENTICAL,0.0000000000000000,0.0000000000000000,
PIIController.0.0.4,axisyawf_2p,scalar,IDENTICAL,0.0000000000000000,0.0000000000000000,
PIIController.0.0.4,ipc_ki,array,IDENTICAL,,,size=           2
PIIController.0.0.4,ipc_kp,array,IDENTICAL,,,size=           2
PIIController.0.0.4,ipc_intsat,scalar,IDENTICAL,0.0000000000000000,0.0000000000000000,
PIIController.0.0.4,pc_state,scalar,IDENTICAL,1,1,
PIIController.0.0.4,pitcom,array,IDENTICAL,,,size=           3
PIIController.0.0.4,pitcom_sd,array,IDENTICAL,,,size=           3
PIIController.0.0.4,pitcomact,array,IDENTICAL,,,size=           3
PIIController.0.0.4,ss_delomegaf,scalar,IDENTICAL,-6.1789723995749872,-6.1789723995749872,
PIIController.0.0.4,testtype,scalar,IDENTICAL,0.0000000000000000,0.0000000000000000,
PIIController.0.0.4,kp_float,scalar,IDENTICAL,0.0000000000000000,0.0000000000000000,
PIIController.0.0.4,vs_maxtq,scalar,IDENTICAL,47402.900000000001,47402.900000000001,
PIIController.0.0.4,vs_lastgentrq,scalar,IDENTICAL,0.0000000000000000,0.0000000000000000,
PIIController.0.0.4,vs_lastgenpwr,scalar,IDENTICAL,0.0000000000000000,0.0000000000000000,
PIIController.0.0.4,vs_mechgenpwr,scalar,IDENTICAL,0.0000000000000000,0.0000000000000000,
PIIController.0.0.4,vs_spderrar,scalar,IDENTICAL,106.21831022166027,106.21831022166027,
PIIController.0.0.4,vs_spderrbr,scalar,IDENTICAL,25.385602843402069,25.385602843402069,
PIIController.0.0.4,vs_spderr,scalar,IDENTICAL,106.21831022166027,106.21831022166027,
PIIController.0.0.4,vs_state,scalar,IDENTICAL,1,1,
PIIController.0.0.4,vs_rgn3pitch,scalar,IDENTICAL,1.9867500862961653E-002,1.9867500862961653E-002,
PIIController.0.0.4,we_vw,scalar,IDENTICAL,9.9968638750646299,9.9968638750646299,
PIIController.0.0.4,we_vw_f,scalar,IDENTICAL,9.9999891587230003,9.9999891587230003,
PIIController.0.0.4,we_vwi,scalar,IDENTICAL,10.000000000000000,10.000000000000000,
PIIController.0.0.4,we_vwidot,scalar,IDENTICAL,0.0000000000000000,0.0000000000000000,
PIIController.0.0.4,we_op,scalar,IDENTICAL,0,0,
PIIController.0.0.4,we_op_last,scalar,IDENTICAL,0,0,
PIIController.0.0.4,vs_lastgentrqf,scalar,IDENTICAL,2.2977801874151673,2.2977801874151673,
PIIController.0.0.4,prc_wse_f,scalar,IDENTICAL,0.0000000000000000,0.0000000000000000,
PIIController.0.0.4,prc_r_speed,scalar,IDENTICAL,1.0000000000000000,1.0000000000000000,
PIIController.0.0.4,prc_r_torque,scalar,IDENTICAL,1.0000000000000000,1.0000000000000000,
PIIController.0.0.4,prc_r_pitch,scalar,IDENTICAL,1.0000000000000000,1.0000000000000000,
PIIController.0.0.4,prc_r_total,scalar,IDENTICAL,0.0000000000000000,0.0000000000000000,
PIIController.0.0.4,prc_min_pitch,scalar,IDENTICAL,0.0000000000000000,0.0000000000000000,
PIIController.0.0.4,ps_min_pitch,scalar,IDENTICAL,2.4169582377752694E-003,2.4169582377752694E-003,
PIIController.0.0.4,ol_index,scalar,IDENTICAL,5.0000000745058060E-002,5.0000000745058060E-002,
PIIController.0.0.4,su_stage,scalar,IDENTICAL,0,0,
PIIController.0.0.4,su_loadstagestarttime,scalar,IDENTICAL,0.0000000000000000,0.0000000000000000,
PIIController.0.0.4,su_rotspeedf,scalar,IDENTICAL,0.0000000000000000,0.0000000000000000,
PIIController.0.0.4,sd_trigger,scalar,IDENTICAL,0,0,
PIIController.0.0.4,sd_blpitchf,scalar,IDENTICAL,0.0000000000000000,0.0000000000000000,
PIIController.0.0.4,sd_nacvanef,scalar,IDENTICAL,0.0000000000000000,0.0000000000000000,
PIIController.0.0.4,sd_genspeedf,scalar,IDENTICAL,0.0000000000000000,0.0000000000000000,
PIIController.0.0.4,sd_stage,scalar,IDENTICAL,0,0,
PIIController.0.0.4,sd_stagestarttime,scalar,IDENTICAL,0.0000000000000000,0.0000000000000000,
PIIController.0.0.4,sd_maxpitchrate,scalar,IDENTICAL,0.0000000000000000,0.0000000000000000,
PIIController.0.0.4,sd_maxtorquerate,scalar,IDENTICAL,0.0000000000000000,0.0000000000000000,
PIIController.0.0.4,gentq_sd,scalar,IDENTICAL,0.0000000000000000,0.0000000000000000,
PIIController.0.0.4,fl_pitcom,scalar,IDENTICAL,0.0000000000000000,0.0000000000000000,
PIIController.0.0.4,nacimu_fa_accf,scalar,IDENTICAL,0.0000000000000000,0.0000000000000000,
PIIController.0.0.4,fa_accf,scalar,IDENTICAL,0.0000000000000000,0.0000000000000000,
PIIController.0.0.4,fa_hist,scalar,IDENTICAL,0,0,
PIIController.0.0.4,tra_lastrefspd,scalar,IDENTICAL,0.0000000000000000,0.0000000000000000,
PIIController.0.0.4,vs_refspeed,scalar,IDENTICAL,0.0000000000000000,0.0000000000000000,
PIIController.0.0.4,ptfmtdx,scalar,IDENTICAL,0.0000000000000000,0.0000000000000000,
PIIController.0.0.4,ptfmtdy,scalar,IDENTICAL,0.0000000000000000,0.0000000000000000,
PIIController.0.0.4,ptfmtdz,scalar,IDENTICAL,0.0000000000000000,0.0000000000000000,
PIIController.0.0.4,ptfmrdx,scalar,IDENTICAL,0.0000000000000000,0.0000000000000000,
PIIController.0.0.4,ptfmrdy,scalar,IDENTICAL,0.0000000000000000,0.0000000000000000,
PIIController.0.0.4,ptfmrdz,scalar,IDENTICAL,0.0000000000000000,0.0000000000000000,
PIIController.0.0.4,ptfmtvx,scalar,IDENTICAL,0.0000000000000000,0.0000000000000000,
PIIController.0.0.4,ptfmtvy,scalar,IDENTICAL,0.0000000000000000,0.0000000000000000,
PIIController.0.0.4,ptfmtvz,scalar,IDENTICAL,0.0000000000000000,0.0000000000000000,
PIIController.0.0.4,ptfmrvx,scalar,IDENTICAL,0.0000000000000000,0.0000000000000000,
PIIController.0.0.4,ptfmrvy,scalar,IDENTICAL,0.0000000000000000,0.0000000000000000,
PIIController.0.0.4,ptfmrvz,scalar,IDENTICAL,0.0000000000000000,0.0000000000000000,
PIIController.0.0.4,ptfmtax,scalar,IDENTICAL,0.0000000000000000,0.0000000000000000,
PIIController.0.0.4,ptfmtay,scalar,IDENTICAL,0.0000000000000000,0.0000000000000000,
PIIController.0.0.4,ptfmtaz,scalar,IDENTICAL,0.0000000000000000,0.0000000000000000,
PIIController.0.0.4,ptfmrax,scalar,IDENTICAL,0.0000000000000000,0.0000000000000000,
PIIController.0.0.4,ptfmray,scalar,IDENTICAL,0.0000000000000000,0.0000000000000000,
PIIController.0.0.4,ptfmraz,scalar,IDENTICAL,0.0000000000000000,0.0000000000000000,
PIIController.0.0.4,cc_desiredl,array,IDENTICAL,,,size=          12
PIIController.0.0.4,cc_actuatedl,array,IDENTICAL,,,size=          12
PIIController.0.0.4,cc_actuateddl,array,IDENTICAL,,,size=          12
PIIController.0.0.4,stc_input,array,IDENTICAL,,,size=          12
PIIController.0.0.4,flp_angle,array,IDENTICAL,,,size=           3
PIIController.0.0.4,rootmyb_last,array,IDENTICAL,,,size=           3
PIIController.0.0.4,acc_infile_size,scalar,IDENTICAL,42,42,
PIIController.0.0.4,acc_infile,array,IDENTICAL,,,size=          42
PIIController.0.0.4,restart,scalar,IDENTICAL,F,F,
PIIController.0.0.4,awc_complexangle,array,IDENTICAL,,,size=           3
PIIController.0.0.4,tiltmean,scalar,IDENTICAL,0.0000000000000000,0.0000000000000000,
PIIController.0.0.4,yawmean,scalar,IDENTICAL,0.0000000000000000,0.0000000000000000,
PIIController.0.0.4,zmq_id,scalar,IDENTICAL,0,0,
PIIController.0.0.4,zmq_yawoffset,scalar,IDENTICAL,0.0000000000000000,0.0000000000000000,
PIIController.0.0.4,zmq_torqueoffset,scalar,IDENTICAL,0.0000000000000000,0.0000000000000000,
PIIController.0.0.4,zmq_pitoffset,array,IDENTICAL,,,size=           3
PIIController.0.0.4,zmq_r_speed,scalar,IDENTICAL,0.0000000000000000,0.0000000000000000,
PIIController.0.0.4,zmq_r_torque,scalar,IDENTICAL,0.0000000000000000,0.0000000000000000,
PIIController.0.0.4,zmq_r_pitch,scalar,IDENTICAL,0.0000000000000000,0.0000000000000000,
PIIController.0.0.4,om_r,scalar,IDENTICAL,0.0000000000000000,0.0000000000000000,
PIIController.0.0.4,v_t,scalar,IDENTICAL,0.0000000000000000,0.0000000000000000,
PIIController.0.0.4,v_m,scalar,IDENTICAL,0.0000000000000000,0.0000000000000000,
PIIController.0.0.4,v_h,scalar,IDENTICAL,0.0000000000000000,0.0000000000000000,
PIIController.0.0.4,p,array,IDENTICAL,,,size=           9
PIIController.0.0.4,xh,array,IDENTICAL,,,size=           3
PIIController.0.0.4,k,array,IDENTICAL,,,size=           3
PIIController.0.0.4,lpf1_a1,array,IDENTICAL,,,size=        1024
PIIController.0.0.4,lpf1_a0,array,IDENTICAL,,,size=        1024
PIIController.0.0.4,lpf1_b1,array,IDENTICAL,,,size=        1024
PIIController.0.0.4,lpf1_b0,array,IDENTICAL,,,size=        1024
PIIController.0.0.4,lpf1_inputsignallast,array,IDENTICAL,,,size=        1024
PIIController.0.0.4,lpf1_outputsignallast,array,IDENTICAL,,,size=        1024
PIIController.0.0.4,lpf2_a2,array,IDENTICAL,,,size=        1024
PIIController.0.0.4,lpf2_a1,array,IDENTICAL,,,size=        1024
PIIController.0.0.4,lpf2_a0,array,IDENTICAL,,,size=        1024
PIIController.0.0.4,lpf2_b2,array,IDENTICAL,,,size=        1024
PIIController.0.0.4,lpf2_b1,array,IDENTICAL,,,size=        1024
PIIController.0.0.4,lpf2_b0,array,IDENTICAL,,,size=        1024
PIIController.0.0.4,lpf2_inputsignallast2,array,IDENTICAL,,,size=        1024
PIIController.0.0.4,lpf2_outputsignallast2,array,IDENTICAL,,,size=        1024
PIIController.0.0.4,lpf2_inputsignallast1,array,IDENTICAL,,,size=        1024
PIIController.0.0.4,lpf2_outputsignallast1,array,IDENTICAL,,,size=        1024
PIIController.0.0.4,lpfv_a2,array,IDENTICAL,,,size=        1024
PIIController.0.0.4,lpfv_a1,array,IDENTICAL,,,size=        1024
PIIController.0.0.4,lpfv_a0,array,IDENTICAL,,,size=        1024
PIIController.0.0.4,lpfv_b2,array,IDENTICAL,,,size=        1024
PIIController.0.0.4,lpfv_b1,array,IDENTICAL,,,size=        1024
PIIController.0.0.4,lpfv_b0,array,IDENTICAL,,,size=        1024
PIIController.0.0.4,lpfv_inputsignallast2,array,IDENTICAL,,,size=        1024
PIIController.0.0.4,lpfv_outputsignallast2,array,IDENTICAL,,,size=        1024
PIIController.0.0.4,lpfv_inputsignallast1,array,IDENTICAL,,,size=        1024
PIIController.0.0.4,lpfv_outputsignallast1,array,IDENTICAL,,,size=        1024
PIIController.0.0.4,hpf_inputsignallast,array,IDENTICAL,,,size=        1024
PIIController.0.0.4,hpf_outputsignallast,array,IDENTICAL,,,size=        1024
PIIController.0.0.4,nfs_outputsignallast1,array,IDENTICAL,,,size=        1024
PIIController.0.0.4,nfs_outputsignallast2,array,IDENTICAL,,,size=        1024
PIIController.0.0.4,nfs_inputsignallast1,array,IDENTICAL,,,size=        1024
PIIController.0.0.4,nfs_inputsignallast2,array,IDENTICAL,,,size=        1024
PIIController.0.0.4,nfs_b2,array,IDENTICAL,,,size=        1024
PIIController.0.0.4,nfs_b0,array,IDENTICAL,,,size=        1024
PIIController.0.0.4,nfs_a2,array,IDENTICAL,,,size=        1024
PIIController.0.0.4,nfs_a1,array,IDENTICAL,,,size=        1024
PIIController.0.0.4,nfs_a0,array,IDENTICAL,,,size=        1024
PIIController.0.0.4,nf_outputsignallast1,array,IDENTICAL,,,size=        1024
PIIController.0.0.4,nf_outputsignallast2,array,IDENTICAL,,,size=        1024
PIIController.0.0.4,nf_inputsignallast1,array,IDENTICAL,,,size=        1024
PIIController.0.0.4,nf_inputsignallast2,array,IDENTICAL,,,size=        1024
PIIController.0.0.4,nf_b2,array,IDENTICAL,,,size=        1024
PIIController.0.0.4,nf_b1,array,IDENTICAL,,,size=        1024
PIIController.0.0.4,nf_b0,array,IDENTICAL,,,size=        1024
PIIController.0.0.4,nf_a1,array,IDENTICAL,,,size=        1024
PIIController.0.0.4,nf_a0,array,IDENTICAL,,,size=        1024
PIIController.0.0.4,iterm,array,IDENTICAL,,,size=        1024
PIIController.0.0.4,itermlast,array,IDENTICAL,,,size=        1024
PIIController.0.0.4,iterm2,array,IDENTICAL,,,size=        1024
PIIController.0.0.4,itermlast2,array,IDENTICAL,,,size=        1024
PIIController.0.0.4,elast,array,IDENTICAL,,,size=        1024
PIIController.0.0.4,res_outputsignallast1,array,IDENTICAL,,,size=        1024
PIIController.0.0.4,res_outputsignallast2,array,IDENTICAL,,,size=        1024
PIIController.0.0.4,res_inputsignallast1,array,IDENTICAL,,,size=        1024
PIIController.0.0.4,res_inputsignallast2,array,IDENTICAL,,,size=        1024
PIIController.0.0.4,lastsignal,array,IDENTICAL,,,size=        1024
PIIController.0.0.4,instlpf,scalar,IDENTICAL,9,9,
PIIController.0.0.4,instseclpf,scalar,IDENTICAL,8,8,
PIIController.0.0.4,instseclpfv,scalar,IDENTICAL,1,1,
PIIController.0.0.4,insthpf,scalar,IDENTICAL,6,6,
PIIController.0.0.4,instnotchslopes,scalar,IDENTICAL,1,1,
PIIController.0.0.4,instnotch,scalar,IDENTICAL,1,1,
PIIController.0.0.4,instpi,scalar,IDENTICAL,4,4,
PIIController.0.0.4,instres,scalar,IDENTICAL,1,1,
PIIController.0.0.4,instrl,scalar,IDENTICAL,9,9,
PIIController.0.0.5,istatus,scalar,IDENTICAL,1,1,
PIIController.0.0.5,alreadyinitialized,scalar,IDENTICAL,0,0,
PIIController.0.0.5,restartwse,scalar,IDENTICAL,1,1,
PIIController.0.0.5,time,scalar,IDENTICAL,5.0000000745058060E-002,5.0000000745058060E-002,
PIIController.0.0.5,dt,scalar,IDENTICAL,2.5000000372529030E-002,2.5000000372529030E-002,
PIIController.0.0.5,writethisstep,scalar,IDENTICAL,F,F,
PIIController.0.0.5,n_dt,scalar,IDENTICAL,2,2,
PIIController.0.0.5,time_last,scalar,IDENTICAL,0.0000000000000000,0.0000000000000000,
PIIController.0.0.5,vs_genpwr,scalar,IDENTICAL,0.0000000000000000,0.0000000000000000,
PIIController.0.0.5,genspeed,scalar,IDENTICAL,40.771842956542969,40.771842956542969,
PIIController.0.0.5,rotspeed,scalar,IDENTICAL,0.42032828927040100,0.42032828927040100,
PIIController.0.0.5,nacheading,scalar,IDENTICAL,0.0000000000000000,0.0000000000000000,
PIIController.0.0.5,nacvane,scalar,IDENTICAL,0.0000000000000000,0.0000000000000000,
PIIController.0.0.5,nacvanef,scalar,IDENTICAL,0.0000000000000000,0.0000000000000000,
PIIController.0.0.5,winddir,scalar,IDENTICAL,0.0000000000000000,0.0000000000000000,
PIIController.0.0.5,horwindv,scalar,IDENTICAL,9.0000000000000000,9.0000000000000000,
PIIController.0.0.5,horwindv_f,scalar,IDENTICAL,9.9968638750646299,9.9968638750646299,
PIIController.0.0.5,rootmoop,array,IDENTICAL,,,size=           3
PIIController.0.0.5,rootmoopf,array,IDENTICAL,,,size=           3
PIIController.0.0.5,blpitch,array,IDENTICAL,,,size=           3
PIIController.0.0.5,blpitchcmeas,scalar,IDENTICAL,2.4175008629616530E-003,2.4175008629616530E-003,
PIIController.0.0.5,azimuth,scalar,IDENTICAL,0.0000000000000000,0.0000000000000000,
PIIController.0.0.5,ol_azimuth,scalar,IDENTICAL,0.0000000000000000,0.0000000000000000,
PIIController.0.0.5,azunwrapped,scalar,IDENTICAL,0.0000000000000000,0.0000000000000000,
PIIController.0.0.5,azerror,scalar,IDENTICAL,0.0000000000000000,0.0000000000000000,
PIIController.0.0.5,gentqaz,scalar,IDENTICAL,0.0000000000000000,0.0000000000000000,
PIIController.0.0.5,azbuffer,array,IDENTICAL,,,size=           2
PIIController.0.0.5,numbl,scalar,IDENTICAL,3,3,
PIIController.0.0.5,fa_acc_tt,scalar,IDENTICAL,0.0000000000000000,0.0000000000000000,
PIIController.0.0.5,ss_acc_tt,scalar,IDENTICAL,0.0000000000000000,0.0000000000000000,
PIIController.0.0.5,fa_acc_nac,scalar,IDENTICAL,0.0000000000000000,0.0000000000000000,
PIIController.0.0.5,nacimu_fa_racc,scalar,IDENTICAL,0.0000000000000000,0.0000000000000000,
PIIController.0.0.5,fa_acchpf,scalar,IDENTICAL,0.0000000000000000,0.0000000000000000,
PIIController.0.0.5,fa_acchpfi,scalar,IDENTICAL,0.0000000000000000,0.0000000000000000,
PIIController.0.0.5,fa_pitcom,array,IDENTICAL,,,size=           3
PIIController.0.0.5,vs_refspd,scalar,IDENTICAL,115.47556737825821,115.47556737825821,
PIIController.0.0.5,vs_refspd_tsr,scalar,IDENTICAL,115.43997570015108,115.43997570015108,
PIIController.0.0.5,vs_refspd_tra,scalar,IDENTICAL,0.0000000000000000,0.0000000000000000,
PIIController.0.0.5,vs_refspd_rl,scalar,IDENTICAL,0.0000000000000000,0.0000000000000000,
PIIController.0.0.5,pc_refspd,scalar,IDENTICAL,129.07242471845638,129.07242471845638,
PIIController.0.0.5,pc_refspd_ss,scalar,IDENTICAL,129.07242471845638,129.07242471845638,
PIIController.0.0.5,pc_refspd_prc,scalar,IDENTICAL,122.90967000000001,122.90967000000001,
PIIController.0.0.5,rotspeedf,scalar,IDENTICAL,0.87941290982352693,0.87941290982352693,
PIIController.0.0.5,genspeedf,scalar,IDENTICAL,9.2572571565979285,9.2572571565979285,
PIIController.0.0.5,gentq,scalar,IDENTICAL,0.0000000000000000,0.0000000000000000,
PIIController.0.0.5,gentqmeas,scalar,IDENTICAL,0.0000000000000000,0.0000000000000000,
PIIController.0.0.5,genartq,scalar,IDENTICAL,0.0000000000000000,0.0000000000000000,
PIIController.0.0.5,genbrtq,scalar,IDENTICAL,0.0000000000000000,0.0000000000000000,
PIIController.0.0.5,vs_komega2_gentq,scalar,IDENTICAL,198.00676449195089,198.00676449195089,
PIIController.0.0.5,vs_constpwr_gentq,scalar,IDENTICAL,572157.61427956761,572157.61427956761,
PIIController.0.0.5,ipc_pitcomf,array,IDENTICAL,,,size=           3
PIIController.0.0.5,pc_kp,scalar,IDENTICAL,-2.0750000000000001E-002,-2.0750000000000001E-002,
PIIController.0.0.5,pc_ki,scalar,IDENTICAL,-8.4169999999999991E-003,-8.4169999999999991E-003,
PIIController.0.0.5,pc_kd,scalar,IDENTICAL,0.0000000000000000,0.0000000000000000,
PIIController.0.0.5,pc_tf,scalar,IDENTICAL,0.0000000000000000,0.0000000000000000,
PIIController.0.0.5,pc_maxpit,scalar,IDENTICAL,1.5700000000000001,1.5700000000000001,
PIIController.0.0.5,pc_minpit,scalar,IDENTICAL,2.4169582377752694E-003,2.4169582377752694E-003,
PIIController.0.0.5,pc_pitcomt,scalar,IDENTICAL,2.4175008629616530E-003,2.4175008629616530E-003,
PIIController.0.0.5,pc_pitcomt_last,scalar,IDENTICAL,2.4175008629616530E-003,2.4175008629616530E-003,
PIIController.0.0.5,blpitchcmeasf,scalar,IDENTICAL,9.0675165246904365E-007,9.0675165246904365E-007,
PIIController.0.0.5,pc_pitcomt_ipc,array,IDENTICAL,,,size=           3
PIIController.0.0.5,pc_pwrerr,scalar,IDENTICAL,5000000.0000000000,5000000.0000000000,
PIIController.0.0.5,pc_spderr,scalar,IDENTICAL,119.81516756185844,119.81516756185844,
PIIController.0.0.5,ipc_axistilt_1p,scalar,IDENTICAL,0.0000000000000000,0.0000000000000000,
PIIController.0.0.5,ipc_axisyaw_1p,scalar,IDENTICAL,0.0000000000000000,0.0000000000000000,
PIIController.0.0.5,ipc_axistilt_2p,scalar,IDENTICAL,0.0000000000000000,0.0000000000000000,
PIIController.0.0.5,ipc_axisyaw_2p,scalar,IDENTICAL,0.0000000000000000,0.0000000000000000,
PIIController.0.0.5,axistilt_1p,scalar,IDENTICAL,0.0000000000000000,0.0000000000000000,
PIIController.0.0.5,axisyaw_1p,scalar,IDENTICAL,0.0000000000000000,0.0000000000000000,
PIIController.0.0.5,axisyawf_1p,scalar,IDENTICAL,0.0000000000000000,0.0000000000000000,
PIIController.0.0.5,axistilt_2p,scalar,IDENTICAL,0.0000000000000000,0.0000000000000000,
PIIController.0.0.5,axisyaw_2p,scalar,IDENTICAL,0.0000000000000000,0.0000000000000000,
PIIController.0.0.5,axisyawf_2p,scalar,IDENTICAL,0.0000000000000000,0.0000000000000000,
PIIController.0.0.5,ipc_ki,array,IDENTICAL,,,size=           2
PIIController.0.0.5,ipc_kp,array,IDENTICAL,,,size=           2
PIIController.0.0.5,ipc_intsat,scalar,IDENTICAL,0.0000000000000000,0.0000000000000000,
PIIController.0.0.5,pc_state,scalar,IDENTICAL,1,1,
PIIController.0.0.5,pitcom,array,IDENTICAL,,,size=           3
PIIController.0.0.5,pitcom_sd,array,IDENTICAL,,,size=           3
PIIController.0.0.5,pitcomact,array,IDENTICAL,,,size=           3
PIIController.0.0.5,ss_delomegaf,scalar,IDENTICAL,-6.1789723995749872,-6.1789723995749872,
PIIController.0.0.5,testtype,scalar,IDENTICAL,0.0000000000000000,0.0000000000000000,
PIIController.0.0.5,kp_float,scalar,IDENTICAL,0.0000000000000000,0.0000000000000000,
PIIController.0.0.5,vs_maxtq,scalar,IDENTICAL,47402.900000000001,47402.900000000001,
PIIController.0.0.5,vs_lastgentrq,scalar,IDENTICAL,0.0000000000000000,0.0000000000000000,
PIIController.0.0.5,vs_lastgenpwr,scalar,IDENTICAL,0.0000000000000000,0.0000000000000000,
PIIController.0.0.5,vs_mechgenpwr,scalar,IDENTICAL,0.0000000000000000,0.0000000000000000,
PIIController.0.0.5,vs_spderrar,scalar,IDENTICAL,106.21831022166027,106.21831022166027,
PIIController.0.0.5,vs_spderrbr,scalar,IDENTICAL,25.385602843402069,25.385602843402069,
PIIController.0.0.5,vs_spderr,scalar,IDENTICAL,106.21831022166027,106.21831022166027,
PIIController.0.0.5,vs_state,scalar,IDENTICAL,1,1,
PIIController.0.0.5,vs_rgn3pitch,scalar,IDENTICAL,1.9867500862961653E-002,1.9867500862961653E-002,
PIIController.0.0.5,we_vw,scalar,IDENTICAL,9.9968638750646299,9.9968638750646299,
PIIController.0.0.5,we_vw_f,scalar,IDENTICAL,9.9999891587230003,9.9999891587230003,
PIIController.0.0.5,we_vwi,scalar,IDENTICAL,10.000000000000000,10.000000000000000,
PIIController.0.0.5,we_vwidot,scalar,IDENTICAL,0.0000000000000000,0.0000000000000000,
PIIController.0.0.5,we_op,scalar,IDENTICAL,0,0,
PIIController.0.0.5,we_op_last,scalar,IDENTICAL,0,0,
PIIController.0.0.5,vs_lastgentrqf,scalar,IDENTICAL,2.2977801874151673,2.2977801874151673,
PIIController.0.0.5,prc_wse_f,scalar,IDENTICAL,0.0000000000000000,0.0000000000000000,
PIIController.0.0.5,prc_r_speed,scalar,IDENTICAL,1.0000000000000000,1.0000000000000000,
PIIController.0.0.5,prc_r_torque,scalar,IDENTICAL,1.0000000000000000,1.0000000000000000,
PIIController.0.0.5,prc_r_pitch,scalar,IDENTICAL,1.0000000000000000,1.0000000000000000,
PIIController.0.0.5,prc_r_total,scalar,IDENTICAL,0.0000000000000000,0.0000000000000000,
PIIController.0.0.5,prc_min_pitch,scalar,IDENTICAL,0.0000000000000000,0.0000000000000000,
PIIController.0.0.5,ps_min_pitch,scalar,IDENTICAL,2.4169582377752694E-003,2.4169582377752694E-003,
PIIController.0.0.5,ol_index,scalar,IDENTICAL,5.0000000745058060E-002,5.0000000745058060E-002,
PIIController.0.0.5,su_stage,scalar,IDENTICAL,0,0,
PIIController.0.0.5,su_loadstagestarttime,scalar,IDENTICAL,0.0000000000000000,0.0000000000000000,
PIIController.0.0.5,su_rotspeedf,scalar,IDENTICAL,0.0000000000000000,0.0000000000000000,
PIIController.0.0.5,sd_trigger,scalar,IDENTICAL,0,0,
PIIController.0.0.5,sd_blpitchf,scalar,IDENTICAL,0.0000000000000000,0.0000000000000000,
PIIController.0.0.5,sd_nacvanef,scalar,IDENTICAL,0.0000000000000000,0.0000000000000000,
PIIController.0.0.5,sd_genspeedf,scalar,IDENTICAL,0.0000000000000000,0.0000000000000000,
PIIController.0.0.5,sd_stage,scalar,IDENTICAL,0,0,
PIIController.0.0.5,sd_stagestarttime,scalar,IDENTICAL,0.0000000000000000,0.0000000000000000,
PIIController.0.0.5,sd_maxpitchrate,scalar,IDENTICAL,0.0000000000000000,0.0000000000000000,
PIIController.0.0.5,sd_maxtorquerate,scalar,IDENTICAL,0.0000000000000000,0.0000000000000000,
PIIController.0.0.5,gentq_sd,scalar,IDENTICAL,0.0000000000000000,0.0000000000000000,
PIIController.0.0.5,fl_pitcom,scalar,IDENTICAL,0.0000000000000000,0.0000000000000000,
PIIController.0.0.5,nacimu_fa_accf,scalar,IDENTICAL,0.0000000000000000,0.0000000000000000,
PIIController.0.0.5,fa_accf,scalar,IDENTICAL,0.0000000000000000,0.0000000000000000,
PIIController.0.0.5,fa_hist,scalar,IDENTICAL,0,0,
PIIController.0.0.5,tra_lastrefspd,scalar,IDENTICAL,0.0000000000000000,0.0000000000000000,
PIIController.0.0.5,vs_refspeed,scalar,IDENTICAL,0.0000000000000000,0.0000000000000000,
PIIController.0.0.5,ptfmtdx,scalar,IDENTICAL,0.0000000000000000,0.0000000000000000,
PIIController.0.0.5,ptfmtdy,scalar,IDENTICAL,0.0000000000000000,0.0000000000000000,
PIIController.0.0.5,ptfmtdz,scalar,IDENTICAL,0.0000000000000000,0.0000000000000000,
PIIController.0.0.5,ptfmrdx,scalar,IDENTICAL,0.0000000000000000,0.0000000000000000,
PIIController.0.0.5,ptfmrdy,scalar,IDENTICAL,0.0000000000000000,0.0000000000000000,
PIIController.0.0.5,ptfmrdz,scalar,IDENTICAL,0.0000000000000000,0.0000000000000000,
PIIController.0.0.5,ptfmtvx,scalar,IDENTICAL,0.0000000000000000,0.0000000000000000,
PIIController.0.0.5,ptfmtvy,scalar,IDENTICAL,0.0000000000000000,0.0000000000000000,
PIIController.0.0.5,ptfmtvz,scalar,IDENTICAL,0.0000000000000000,0.0000000000000000,
PIIController.0.0.5,ptfmrvx,scalar,IDENTICAL,0.0000000000000000,0.0000000000000000,
PIIController.0.0.5,ptfmrvy,scalar,IDENTICAL,0.0000000000000000,0.0000000000000000,
PIIController.0.0.5,ptfmrvz,scalar,IDENTICAL,0.0000000000000000,0.0000000000000000,
PIIController.0.0.5,ptfmtax,scalar,IDENTICAL,0.0000000000000000,0.0000000000000000,
PIIController.0.0.5,ptfmtay,scalar,IDENTICAL,0.0000000000000000,0.0000000000000000,
PIIController.0.0.5,ptfmtaz,scalar,IDENTICAL,0.0000000000000000,0.0000000000000000,
PIIController.0.0.5,ptfmrax,scalar,IDENTICAL,0.0000000000000000,0.0000000000000000,
PIIController.0.0.5,ptfmray,scalar,IDENTICAL,0.0000000000000000,0.0000000000000000,
PIIController.0.0.5,ptfmraz,scalar,IDENTICAL,0.0000000000000000,0.0000000000000000,
PIIController.0.0.5,cc_desiredl,array,IDENTICAL,,,size=          12
PIIController.0.0.5,cc_actuatedl,array,IDENTICAL,,,size=          12
PIIController.0.0.5,cc_actuateddl,array,IDENTICAL,,,size=          12
PIIController.0.0.5,stc_input,array,IDENTICAL,,,size=          12
PIIController.0.0.5,flp_angle,array,IDENTICAL,,,size=           3
PIIController.0.0.5,rootmyb_last,array,IDENTICAL,,,size=           3
PIIController.0.0.5,acc_infile_size,scalar,IDENTICAL,42,42,
PIIController.0.0.5,acc_infile,array,IDENTICAL,,,size=          42
PIIController.0.0.5,restart,scalar,IDENTICAL,F,F,
PIIController.0.0.5,awc_complexangle,array,IDENTICAL,,,size=           3
PIIController.0.0.5,tiltmean,scalar,IDENTICAL,0.0000000000000000,0.0000000000000000,
PIIController.0.0.5,yawmean,scalar,IDENTICAL,0.0000000000000000,0.0000000000000000,
PIIController.0.0.5,zmq_id,scalar,IDENTICAL,0,0,
PIIController.0.0.5,zmq_yawoffset,scalar,IDENTICAL,0.0000000000000000,0.0000000000000000,
PIIController.0.0.5,zmq_torqueoffset,scalar,IDENTICAL,0.0000000000000000,0.0000000000000000,
PIIController.0.0.5,zmq_pitoffset,array,IDENTICAL,,,size=           3
PIIController.0.0.5,zmq_r_speed,scalar,IDENTICAL,0.0000000000000000,0.0000000000000000,
PIIController.0.0.5,zmq_r_torque,scalar,IDENTICAL,0.0000000000000000,0.0000000000000000,
PIIController.0.0.5,zmq_r_pitch,scalar,IDENTICAL,0.0000000000000000,0.0000000000000000,
PIIController.0.0.5,om_r,scalar,IDENTICAL,0.0000000000000000,0.0000000000000000,
PIIController.0.0.5,v_t,scalar,IDENTICAL,0.0000000000000000,0.0000000000000000,
PIIController.0.0.5,v_m,scalar,IDENTICAL,0.0000000000000000,0.0000000000000000,
PIIController.0.0.5,v_h,scalar,IDENTICAL,0.0000000000000000,0.0000000000000000,
PIIController.0.0.5,p,array,IDENTICAL,,,size=           9
PIIController.0.0.5,xh,array,IDENTICAL,,,size=           3
PIIController.0.0.5,k,array,IDENTICAL,,,size=           3
PIIController.0.0.5,lpf1_a1,array,IDENTICAL,,,size=        1024
PIIController.0.0.5,lpf1_a0,array,IDENTICAL,,,size=        1024
PIIController.0.0.5,lpf1_b1,array,IDENTICAL,,,size=        1024
PIIController.0.0.5,lpf1_b0,array,IDENTICAL,,,size=        1024
PIIController.0.0.5,lpf1_inputsignallast,array,IDENTICAL,,,size=        1024
PIIController.0.0.5,lpf1_outputsignallast,array,IDENTICAL,,,size=        1024
PIIController.0.0.5,lpf2_a2,array,IDENTICAL,,,size=        1024
PIIController.0.0.5,lpf2_a1,array,IDENTICAL,,,size=        1024
PIIController.0.0.5,lpf2_a0,array,IDENTICAL,,,size=        1024
PIIController.0.0.5,lpf2_b2,array,IDENTICAL,,,size=        1024
PIIController.0.0.5,lpf2_b1,array,IDENTICAL,,,size=        1024
PIIController.0.0.5,lpf2_b0,array,IDENTICAL,,,size=        1024
PIIController.0.0.5,lpf2_inputsignallast2,array,IDENTICAL,,,size=        1024
PIIController.0.0.5,lpf2_outputsignallast2,array,IDENTICAL,,,size=        1024
PIIController.0.0.5,lpf2_inputsignallast1,array,IDENTICAL,,,size=        1024
PIIController.0.0.5,lpf2_outputsignallast1,array,IDENTICAL,,,size=        1024
PIIController.0.0.5,lpfv_a2,array,IDENTICAL,,,size=        1024
PIIController.0.0.5,lpfv_a1,array,IDENTICAL,,,size=        1024
PIIController.0.0.5,lpfv_a0,array,IDENTICAL,,,size=        1024
PIIController.0.0.5,lpfv_b2,array,IDENTICAL,,,size=        1024
PIIController.0.0.5,lpfv_b1,array,IDENTICAL,,,size=        1024
PIIController.0.0.5,lpfv_b0,array,IDENTICAL,,,size=        1024
PIIController.0.0.5,lpfv_inputsignallast2,array,IDENTICAL,,,size=        1024
PIIController.0.0.5,lpfv_outputsignallast2,array,IDENTICAL,,,size=        1024
PIIController.0.0.5,lpfv_inputsignallast1,array,IDENTICAL,,,size=        1024
PIIController.0.0.5,lpfv_outputsignallast1,array,IDENTICAL,,,size=        1024
PIIController.0.0.5,hpf_inputsignallast,array,IDENTICAL,,,size=        1024
PIIController.0.0.5,hpf_outputsignallast,array,IDENTICAL,,,size=        1024
PIIController.0.0.5,nfs_outputsignallast1,array,IDENTICAL,,,size=        1024
PIIController.0.0.5,nfs_outputsignallast2,array,IDENTICAL,,,size=        1024
PIIController.0.0.5,nfs_inputsignallast1,array,IDENTICAL,,,size=        1024
PIIController.0.0.5,nfs_inputsignallast2,array,IDENTICAL,,,size=        1024
PIIController.0.0.5,nfs_b2,array,IDENTICAL,,,size=        1024
PIIController.0.0.5,nfs_b0,array,IDENTICAL,,,size=        1024
PIIController.0.0.5,nfs_a2,array,IDENTICAL,,,size=        1024
PIIController.0.0.5,nfs_a1,array,IDENTICAL,,,size=        1024
PIIController.0.0.5,nfs_a0,array,IDENTICAL,,,size=        1024
PIIController.0.0.5,nf_outputsignallast1,array,IDENTICAL,,,size=        1024
PIIController.0.0.5,nf_outputsignallast2,array,IDENTICAL,,,size=        1024
PIIController.0.0.5,nf_inputsignallast1,array,IDENTICAL,,,size=        1024
PIIController.0.0.5,nf_inputsignallast2,array,IDENTICAL,,,size=        1024
PIIController.0.0.5,nf_b2,array,IDENTICAL,,,size=        1024
PIIController.0.0.5,nf_b1,array,IDENTICAL,,,size=        1024
PIIController.0.0.5,nf_b0,array,IDENTICAL,,,size=        1024
PIIController.0.0.5,nf_a1,array,IDENTICAL,,,size=        1024
PIIController.0.0.5,nf_a0,array,IDENTICAL,,,size=        1024
PIIController.0.0.5,iterm,array,IDENTICAL,,,size=        1024
PIIController.0.0.5,itermlast,array,IDENTICAL,,,size=        1024
PIIController.0.0.5,iterm2,array,IDENTICAL,,,size=        1024
PIIController.0.0.5,itermlast2,array,IDENTICAL,,,size=        1024
PIIController.0.0.5,elast,array,IDENTICAL,,,size=        1024
PIIController.0.0.5,res_outputsignallast1,array,IDENTICAL,,,size=        1024
PIIController.0.0.5,res_outputsignallast2,array,IDENTICAL,,,size=        1024
PIIController.0.0.5,res_inputsignallast1,array,IDENTICAL,,,size=        1024
PIIController.0.0.5,res_inputsignallast2,array,IDENTICAL,,,size=        1024
PIIController.0.0.5,lastsignal,array,IDENTICAL,,,size=        1024
PIIController.0.0.5,instlpf,scalar,IDENTICAL,9,9,
PIIController.0.0.5,instseclpf,scalar,IDENTICAL,8,8,
PIIController.0.0.5,instseclpfv,scalar,IDENTICAL,1,1,
PIIController.0.0.5,insthpf,scalar,IDENTICAL,6,6,
PIIController.0.0.5,instnotchslopes,scalar,IDENTICAL,1,1,
PIIController.0.0.5,instnotch,scalar,IDENTICAL,1,1,
PIIController.0.0.5,instpi,scalar,IDENTICAL,5,5,
PIIController.0.0.5,instres,scalar,IDENTICAL,1,1,
PIIController.0.0.5,instrl,scalar,IDENTICAL,9,9,
PIIController.0.0.6,istatus,scalar,IDENTICAL,1,1,
PIIController.0.0.6,alreadyinitialized,scalar,IDENTICAL,0,0,
PIIController.0.0.6,restartwse,scalar,IDENTICAL,1,1,
PIIController.0.0.6,time,scalar,IDENTICAL,5.0000000745058060E-002,5.0000000745058060E-002,
PIIController.0.0.6,dt,scalar,IDENTICAL,2.5000000372529030E-002,2.5000000372529030E-002,
PIIController.0.0.6,writethisstep,scalar,IDENTICAL,F,F,
PIIController.0.0.6,n_dt,scalar,IDENTICAL,2,2,
PIIController.0.0.6,time_last,scalar,IDENTICAL,0.0000000000000000,0.0000000000000000,
PIIController.0.0.6,vs_genpwr,scalar,IDENTICAL,0.0000000000000000,0.0000000000000000,
PIIController.0.0.6,genspeed,scalar,IDENTICAL,40.771842956542969,40.771842956542969,
PIIController.0.0.6,rotspeed,scalar,IDENTICAL,0.42032828927040100,0.42032828927040100,
PIIController.0.0.6,nacheading,scalar,IDENTICAL,0.0000000000000000,0.0000000000000000,
PIIController.0.0.6,nacvane,scalar,IDENTICAL,0.0000000000000000,0.0000000000000000,
PIIController.0.0.6,nacvanef,scalar,IDENTICAL,0.0000000000000000,0.0000000000000000,
PIIController.0.0.6,winddir,scalar,IDENTICAL,0.0000000000000000,0.0000000000000000,
PIIController.0.0.6,horwindv,scalar,IDENTICAL,9.0000000000000000,9.0000000000000000,
PIIController.0.0.6,horwindv_f,scalar,IDENTICAL,9.9968638750646299,9.9968638750646299,
PIIController.0.0.6,rootmoop,array,IDENTICAL,,,size=           3
PIIController.0.0.6,rootmoopf,array,IDENTICAL,,,size=           3
PIIController.0.0.6,blpitch,array,IDENTICAL,,,size=           3
PIIController.0.0.6,blpitchcmeas,scalar,IDENTICAL,2.4175008629616530E-003,2.4175008629616530E-003,
PIIController.0.0.6,azimuth,scalar,IDENTICAL,0.0000000000000000,0.0000000000000000,
PIIController.0.0.6,ol_azimuth,scalar,IDENTICAL,0.0000000000000000,0.0000000000000000,
PIIController.0.0.6,azunwrapped,scalar,IDENTICAL,0.0000000000000000,0.0000000000000000,
PIIController.0.0.6,azerror,scalar,IDENTICAL,0.0000000000000000,0.0000000000000000,
PIIController.0.0.6,gentqaz,scalar,IDENTICAL,0.0000000000000000,0.0000000000000000,
PIIController.0.0.6,azbuffer,array,IDENTICAL,,,size=           2
PIIController.0.0.6,numbl,scalar,IDENTICAL,3,3,
PIIController.0.0.6,fa_acc_tt,scalar,IDENTICAL,0.0000000000000000,0.0000000000000000,
PIIController.0.0.6,ss_acc_tt,scalar,IDENTICAL,0.0000000000000000,0.0000000000000000,
PIIController.0.0.6,fa_acc_nac,scalar,IDENTICAL,0.0000000000000000,0.0000000000000000,
PIIController.0.0.6,nacimu_fa_racc,scalar,IDENTICAL,0.0000000000000000,0.0000000000000000,
PIIController.0.0.6,fa_acchpf,scalar,IDENTICAL,0.0000000000000000,0.0000000000000000,
PIIController.0.0.6,fa_acchpfi,scalar,IDENTICAL,0.0000000000000000,0.0000000000000000,
PIIController.0.0.6,fa_pitcom,array,IDENTICAL,,,size=           3
PIIController.0.0.6,vs_refspd,scalar,IDENTICAL,115.47556737825821,115.47556737825821,
PIIController.0.0.6,vs_refspd_tsr,scalar,IDENTICAL,115.43997570015108,115.43997570015108,
PIIController.0.0.6,vs_refspd_tra,scalar,IDENTICAL,0.0000000000000000,0.0000000000000000,
PIIController.0.0.6,vs_refspd_rl,scalar,IDENTICAL,0.0000000000000000,0.0000000000000000,
PIIController.0.0.6,pc_refspd,scalar,IDENTICAL,129.07242471845638,129.07242471845638,
PIIController.0.0.6,pc_refspd_ss,scalar,IDENTICAL,129.07242471845638,129.07242471845638,
PIIController.0.0.6,pc_refspd_prc,scalar,IDENTICAL,122.90967000000001,122.90967000000001,
PIIController.0.0.6,rotspeedf,scalar,IDENTICAL,0.87941290982352693,0.87941290982352693,
PIIController.0.0.6,genspeedf,scalar,IDENTICAL,9.2572571565979285,9.2572571565979285,
PIIController.0.0.6,gentq,scalar,IDENTICAL,0.0000000000000000,0.0000000000000000,
PIIController.0.0.6,gentqmeas,scalar,IDENTICAL,0.0000000000000000,0.0000000000000000,
PIIController.0.0.6,genartq,scalar,IDENTICAL,0.0000000000000000,0.0000000000000000,
PIIController.0.0.6,genbrtq,scalar,IDENTICAL,0.0000000000000000,0.0000000000000000,
PIIController.0.0.6,vs_komega2_gentq,scalar,IDENTICAL,198.00676449195089,198.00676449195089,
PIIController.0.0.6,vs_constpwr_gentq,scalar,IDENTICAL,572157.61427956761,572157.61427956761,
PIIController.0.0.6,ipc_pitcomf,array,IDENTICAL,,,size=           3
PIIController.0.0.6,pc_kp,scalar,IDENTICAL,-2.0750000000000001E-002,-2.0750000000000001E-002,
PIIController.0.0.6,pc_ki,scalar,IDENTICAL,-8.4169999999999991E-003,-8.4169999999999991E-003,
PIIController.0.0.6,pc_kd,scalar,IDENTICAL,0.0000000000000000,0.0000000000000000,
PIIController.0.0.6,pc_tf,scalar,IDENTICAL,0.0000000000000000,0.0000000000000000,
PIIController.0.0.6,pc_maxpit,scalar,IDENTICAL,1.5700000000000001,1.5700000000000001,
PIIController.0.0.6,pc_minpit,scalar,IDENTICAL,2.4169582377752694E-003,2.4169582377752694E-003,
PIIController.0.0.6,pc_pitcomt,scalar,IDENTICAL,2.4175008629616530E-003,2.4175008629616530E-003,
PIIController.0.0.6,pc_pitcomt_last,scalar,IDENTICAL,2.4175008629616530E-003,2.4175008629616530E-003,
PIIController.0.0.6,blpitchcmeasf,scalar,IDENTICAL,9.0675165246904365E-007,9.0675165246904365E-007,
PIIController.0.0.6,pc_pitcomt_ipc,array,IDENTICAL,,,size=           3
PIIController.0.0.6,pc_pwrerr,scalar,IDENTICAL,5000000.0000000000,5000000.0000000000,
PIIController.0.0.6,pc_spderr,scalar,IDENTICAL,119.81516756185844,119.81516756185844,
PIIController.0.0.6,ipc_axistilt_1p,scalar,IDENTICAL,0.0000000000000000,0.0000000000000000,
PIIController.0.0.6,ipc_axisyaw_1p,scalar,IDENTICAL,0.0000000000000000,0.0000000000000000,
PIIController.0.0.6,ipc_axistilt_2p,scalar,IDENTICAL,0.0000000000000000,0.0000000000000000,
PIIController.0.0.6,ipc_axisyaw_2p,scalar,IDENTICAL,0.0000000000000000,0.0000000000000000,
PIIController.0.0.6,axistilt_1p,scalar,IDENTICAL,0.0000000000000000,0.0000000000000000,
PIIController.0.0.6,axisyaw_1p,scalar,IDENTICAL,0.0000000000000000,0.0000000000000000,
PIIController.0.0.6,axisyawf_1p,scalar,IDENTICAL,0.0000000000000000,0.0000000000000000,
PIIController.0.0.6,axistilt_2p,scalar,IDENTICAL,0.0000000000000000,0.0000000000000000,
PIIController.0.0.6,axisyaw_2p,scalar,IDENTICAL,0.0000000000000000,0.0000000000000000,
PIIController.0.0.6,axisyawf_2p,scalar,IDENTICAL,0.0000000000000000,0.0000000000000000,
PIIController.0.0.6,ipc_ki,array,IDENTICAL,,,size=           2
PIIController.0.0.6,ipc_kp,array,IDENTICAL,,,size=           2
PIIController.0.0.6,ipc_intsat,scalar,IDENTICAL,0.0000000000000000,0.0000000000000000,
PIIController.0.0.6,pc_state,scalar,IDENTICAL,1,1,
PIIController.0.0.6,pitcom,array,IDENTICAL,,,size=           3
PIIController.0.0.6,pitcom_sd,array,IDENTICAL,,,size=           3
PIIController.0.0.6,pitcomact,array,IDENTICAL,,,size=           3
PIIController.0.0.6,ss_delomegaf,scalar,IDENTICAL,-6.1789723995749872,-6.1789723995749872,
PIIController.0.0.6,testtype,scalar,IDENTICAL,0.0000000000000000,0.0000000000000000,
PIIController.0.0.6,kp_float,scalar,IDENTICAL,0.0000000000000000,0.0000000000000000,
PIIController.0.0.6,vs_maxtq,scalar,IDENTICAL,47402.900000000001,47402.900000000001,
PIIController.0.0.6,vs_lastgentrq,scalar,IDENTICAL,0.0000000000000000,0.0000000000000000,
PIIController.0.0.6,vs_lastgenpwr,scalar,IDENTICAL,0.0000000000000000,0.0000000000000000,
PIIController.0.0.6,vs_mechgenpwr,scalar,IDENTICAL,0.0000000000000000,0.0000000000000000,
PIIController.0.0.6,vs_spderrar,scalar,IDENTICAL,106.21831022166027,106.21831022166027,
PIIController.0.0.6,vs_spderrbr,scalar,IDENTICAL,25.385602843402069,25.385602843402069,
PIIController.0.0.6,vs_spderr,scalar,IDENTICAL,106.21831022166027,106.21831022166027,
PIIController.0.0.6,vs_state,scalar,IDENTICAL,1,1,
PIIController.0.0.6,vs_rgn3pitch,scalar,IDENTICAL,1.9867500862961653E-002,1.9867500862961653E-002,
PIIController.0.0.6,we_vw,scalar,IDENTICAL,9.9968638750646299,9.9968638750646299,
PIIController.0.0.6,we_vw_f,scalar,IDENTICAL,9.9999891587230003,9.9999891587230003,
PIIController.0.0.6,we_vwi,scalar,IDENTICAL,10.000000000000000,10.000000000000000,
PIIController.0.0.6,we_vwidot,scalar,IDENTICAL,0.0000000000000000,0.0000000000000000,
PIIController.0.0.6,we_op,scalar,IDENTICAL,0,0,
PIIController.0.0.6,we_op_last,scalar,IDENTICAL,0,0,
PIIController.0.0.6,vs_lastgentrqf,scalar,IDENTICAL,2.2977801874151673,2.2977801874151673,
PIIController.0.0.6,prc_wse_f,scalar,IDENTICAL,0.0000000000000000,0.0000000000000000,
PIIController.0.0.6,prc_r_speed,scalar,IDENTICAL,1.0000000000000000,1.0000000000000000,
PIIController.0.0.6,prc_r_torque,scalar,IDENTICAL,1.0000000000000000,1.0000000000000000,
PIIController.0.0.6,prc_r_pitch,scalar,IDENTICAL,1.0000000000000000,1.0000000000000000,
PIIController.0.0.6,prc_r_total,scalar,IDENTICAL,0.0000000000000000,0.0000000000000000,
PIIController.0.0.6,prc_min_pitch,scalar,IDENTICAL,0.0000000000000000,0.0000000000000000,
PIIController.0.0.6,ps_min_pitch,scalar,IDENTICAL,2.4169582377752694E-003,2.4169582377752694E-003,
PIIController.0.0.6,ol_index,scalar,IDENTICAL,5.0000000745058060E-002,5.0000000745058060E-002,
PIIController.0.0.6,su_stage,scalar,IDENTICAL,0,0,
PIIController.0.0.6,su_loadstagestarttime,scalar,IDENTICAL,0.0000000000000000,0.0000000000000000,
PIIController.0.0.6,su_rotspeedf,scalar,IDENTICAL,0.0000000000000000,0.0000000000000000,
PIIController.0.0.6,sd_trigger,scalar,IDENTICAL,0,0,
PIIController.0.0.6,sd_blpitchf,scalar,IDENTICAL,0.0000000000000000,0.0000000000000000,
PIIController.0.0.6,sd_nacvanef,scalar,IDENTICAL,0.0000000000000000,0.0000000000000000,
PIIController.0.0.6,sd_genspeedf,scalar,IDENTICAL,0.0000000000000000,0.0000000000000000,
PIIController.0.0.6,sd_stage,scalar,IDENTICAL,0,0,
PIIController.0.0.6,sd_stagestarttime,scalar,IDENTICAL,0.0000000000000000,0.0000000000000000,
PIIController.0.0.6,sd_maxpitchrate,scalar,IDENTICAL,0.0000000000000000,0.0000000000000000,
PIIController.0.0.6,sd_maxtorquerate,scalar,IDENTICAL,0.0000000000000000,0.0000000000000000,
PIIController.0.0.6,gentq_sd,scalar,IDENTICAL,0.0000000000000000,0.0000000000000000,
PIIController.0.0.6,fl_pitcom,scalar,IDENTICAL,0.0000000000000000,0.0000000000000000,
PIIController.0.0.6,nacimu_fa_accf,scalar,IDENTICAL,0.0000000000000000,0.0000000000000000,
PIIController.0.0.6,fa_accf,scalar,IDENTICAL,0.0000000000000000,0.0000000000000000,
PIIController.0.0.6,fa_hist,scalar,IDENTICAL,0,0,
PIIController.0.0.6,tra_lastrefspd,scalar,IDENTICAL,0.0000000000000000,0.0000000000000000,
PIIController.0.0.6,vs_refspeed,scalar,IDENTICAL,0.0000000000000000,0.0000000000000000,
PIIController.0.0.6,ptfmtdx,scalar,IDENTICAL,0.0000000000000000,0.0000000000000000,
PIIController.0.0.6,ptfmtdy,scalar,IDENTICAL,0.0000000000000000,0.0000000000000000,
PIIController.0.0.6,ptfmtdz,scalar,IDENTICAL,0.0000000000000000,0.0000000000000000,
PIIController.0.0.6,ptfmrdx,scalar,IDENTICAL,0.0000000000000000,0.0000000000000000,
PIIController.0.0.6,ptfmrdy,scalar,IDENTICAL,0.0000000000000000,0.0000000000000000,
PIIController.0.0.6,ptfmrdz,scalar,IDENTICAL,0.0000000000000000,0.0000000000000000,
PIIController.0.0.6,ptfmtvx,scalar,IDENTICAL,0.0000000000000000,0.0000000000000000,
PIIController.0.0.6,ptfmtvy,scalar,IDENTICAL,0.0000000000000000,0.0000000000000000,
PIIController.0.0.6,ptfmtvz,scalar,IDENTICAL,0.0000000000000000,0.0000000000000000,
PIIController.0.0.6,ptfmrvx,scalar,IDENTICAL,0.0000000000000000,0.0000000000000000,
PIIController.0.0.6,ptfmrvy,scalar,IDENTICAL,0.0000000000000000,0.0000000000000000,
PIIController.0.0.6,ptfmrvz,scalar,IDENTICAL,0.0000000000000000,0.0000000000000000,
PIIController.0.0.6,ptfmtax,scalar,IDENTICAL,0.0000000000000000,0.0000000000000000,
PIIController.0.0.6,ptfmtay,scalar,IDENTICAL,0.0000000000000000,0.0000000000000000,
PIIController.0.0.6,ptfmtaz,scalar,IDENTICAL,0.0000000000000000,0.0000000000000000,
PIIController.0.0.6,ptfmrax,scalar,IDENTICAL,0.0000000000000000,0.0000000000000000,
PIIController.0.0.6,ptfmray,scalar,IDENTICAL,0.0000000000000000,0.0000000000000000,
PIIController.0.0.6,ptfmraz,scalar,IDENTICAL,0.0000000000000000,0.0000000000000000,
PIIController.0.0.6,cc_desiredl,array,IDENTICAL,,,size=          12
PIIController.0.0.6,cc_actuatedl,array,IDENTICAL,,,size=          12
PIIController.0.0.6,cc_actuateddl,array,IDENTICAL,,,size=          12
PIIController.0.0.6,stc_input,array,IDENTICAL,,,size=          12
PIIController.0.0.6,flp_angle,array,IDENTICAL,,,size=           3
PIIController.0.0.6,rootmyb_last,array,IDENTICAL,,,size=           3
PIIController.0.0.6,acc_infile_size,scalar,IDENTICAL,42,42,
PIIController.0.0.6,acc_infile,array,IDENTICAL,,,size=          42
PIIController.0.0.6,restart,scalar,IDENTICAL,F,F,
PIIController.0.0.6,awc_complexangle,array,IDENTICAL,,,size=           3
PIIController.0.0.6,tiltmean,scalar,IDENTICAL,0.0000000000000000,0.0000000000000000,
PIIController.0.0.6,yawmean,scalar,IDENTICAL,0.0000000000000000,0.0000000000000000,
PIIController.0.0.6,zmq_id,scalar,IDENTICAL,0,0,
PIIController.0.0.6,zmq_yawoffset,scalar,IDENTICAL,0.0000000000000000,0.0000000000000000,
PIIController.0.0.6,zmq_torqueoffset,scalar,IDENTICAL,0.0000000000000000,0.0000000000000000,
PIIController.0.0.6,zmq_pitoffset,array,IDENTICAL,,,size=           3
PIIController.0.0.6,zmq_r_speed,scalar,IDENTICAL,0.0000000000000000,0.0000000000000000,
PIIController.0.0.6,zmq_r_torque,scalar,IDENTICAL,0.0000000000000000,0.0000000000000000,
PIIController.0.0.6,zmq_r_pitch,scalar,IDENTICAL,0.0000000000000000,0.0000000000000000,
PIIController.0.0.6,om_r,scalar,IDENTICAL,0.0000000000000000,0.0000000000000000,
PIIController.0.0.6,v_t,scalar,IDENTICAL,0.0000000000000000,0.0000000000000000,
PIIController.0.0.6,v_m,scalar,IDENTICAL,0.0000000000000000,0.0000000000000000,
PIIController.0.0.6,v_h,scalar,IDENTICAL,0.0000000000000000,0.0000000000000000,
PIIController.0.0.6,p,array,IDENTICAL,,,size=           9
PIIController.0.0.6,xh,array,IDENTICAL,,,size=           3
PIIController.0.0.6,k,array,IDENTICAL,,,size=           3
PIIController.0.0.6,lpf1_a1,array,IDENTICAL,,,size=        1024
PIIController.0.0.6,lpf1_a0,array,IDENTICAL,,,size=        1024
PIIController.0.0.6,lpf1_b1,array,IDENTICAL,,,size=        1024
PIIController.0.0.6,lpf1_b0,array,IDENTICAL,,,size=        1024
PIIController.0.0.6,lpf1_inputsignallast,array,IDENTICAL,,,size=        1024
PIIController.0.0.6,lpf1_outputsignallast,array,IDENTICAL,,,size=        1024
PIIController.0.0.6,lpf2_a2,array,IDENTICAL,,,size=        1024
PIIController.0.0.6,lpf2_a1,array,IDENTICAL,,,size=        1024
PIIController.0.0.6,lpf2_a0,array,IDENTICAL,,,size=        1024
PIIController.0.0.6,lpf2_b2,array,IDENTICAL,,,size=        1024
PIIController.0.0.6,lpf2_b1,array,IDENTICAL,,,size=        1024
PIIController.0.0.6,lpf2_b0,array,IDENTICAL,,,size=        1024
PIIController.0.0.6,lpf2_inputsignallast2,array,IDENTICAL,,,size=        1024
PIIController.0.0.6,lpf2_outputsignallast2,array,IDENTICAL,,,size=        1024
PIIController.0.0.6,lpf2_inputsignallast1,array,IDENTICAL,,,size=        1024
PIIController.0.0.6,lpf2_outputsignallast1,array,IDENTICAL,,,size=        1024
PIIController.0.0.6,lpfv_a2,array,IDENTICAL,,,size=        1024
PIIController.0.0.6,lpfv_a1,array,IDENTICAL,,,size=        1024
PIIController.0.0.6,lpfv_a0,array,IDENTICAL,,,size=        1024
PIIController.0.0.6,lpfv_b2,array,IDENTICAL,,,size=        1024
PIIController.0.0.6,lpfv_b1,array,IDENTICAL,,,size=        1024
PIIController.0.0.6,lpfv_b0,array,IDENTICAL,,,size=        1024
PIIController.0.0.6,lpfv_inputsignallast2,array,IDENTICAL,,,size=        1024
PIIController.0.0.6,lpfv_outputsignallast2,array,IDENTICAL,,,size=        1024
PIIController.0.0.6,lpfv_inputsignallast1,array,IDENTICAL,,,size=        1024
PIIController.0.0.6,lpfv_outputsignallast1,array,IDENTICAL,,,size=        1024
PIIController.0.0.6,hpf_inputsignallast,array,IDENTICAL,,,size=        1024
PIIController.0.0.6,hpf_outputsignallast,array,IDENTICAL,,,size=        1024
PIIController.0.0.6,nfs_outputsignallast1,array,IDENTICAL,,,size=        1024
PIIController.0.0.6,nfs_outputsignallast2,array,IDENTICAL,,,size=        1024
PIIController.0.0.6,nfs_inputsignallast1,array,IDENTICAL,,,size=        1024
PIIController.0.0.6,nfs_inputsignallast2,array,IDENTICAL,,,size=        1024
PIIController.0.0.6,nfs_b2,array,IDENTICAL,,,size=        1024
PIIController.0.0.6,nfs_b0,array,IDENTICAL,,,size=        1024
PIIController.0.0.6,nfs_a2,array,IDENTICAL,,,size=        1024
PIIController.0.0.6,nfs_a1,array,IDENTICAL,,,size=        1024
PIIController.0.0.6,nfs_a0,array,IDENTICAL,,,size=        1024
PIIController.0.0.6,nf_outputsignallast1,array,IDENTICAL,,,size=        1024
PIIController.0.0.6,nf_outputsignallast2,array,IDENTICAL,,,size=        1024
PIIController.0.0.6,nf_inputsignallast1,array,IDENTICAL,,,size=        1024
PIIController.0.0.6,nf_inputsignallast2,array,IDENTICAL,,,size=        1024
PIIController.0.0.6,nf_b2,array,IDENTICAL,,,size=        1024
PIIController.0.0.6,nf_b1,array,IDENTICAL,,,size=        1024
PIIController.0.0.6,nf_b0,array,IDENTICAL,,,size=        1024
PIIController.0.0.6,nf_a1,array,IDENTICAL,,,size=        1024
PIIController.0.0.6,nf_a0,array,IDENTICAL,,,size=        1024
PIIController.0.0.6,iterm,array,IDENTICAL,,,size=        1024
PIIController.0.0.6,itermlast,array,IDENTICAL,,,size=        1024
PIIController.0.0.6,iterm2,array,IDENTICAL,,,size=        1024
PIIController.0.0.6,itermlast2,array,IDENTICAL,,,size=        1024
PIIController.0.0.6,elast,array,IDENTICAL,,,size=        1024
PIIController.0.0.6,res_outputsignallast1,array,IDENTICAL,,,size=        1024
PIIController.0.0.6,res_outputsignallast2,array,IDENTICAL,,,size=        1024
PIIController.0.0.6,res_inputsignallast1,array,IDENTICAL,,,size=        1024
PIIController.0.0.6,res_inputsignallast2,array,IDENTICAL,,,size=        1024
PIIController.0.0.6,lastsignal,array,IDENTICAL,,,size=        1024
PIIController.0.0.6,instlpf,scalar,IDENTICAL,9,9,
PIIController.0.0.6,instseclpf,scalar,IDENTICAL,8,8,
PIIController.0.0.6,instseclpfv,scalar,IDENTICAL,1,1,
PIIController.0.0.6,insthpf,scalar,IDENTICAL,6,6,
PIIController.0.0.6,instnotchslopes,scalar,IDENTICAL,1,1,
PIIController.0.0.6,instnotch,scalar,IDENTICAL,1,1,
PIIController.0.0.6,instpi,scalar,IDENTICAL,6,6,
PIIController.0.0.6,instres,scalar,IDENTICAL,1,1,
PIIController.0.0.6,instrl,scalar,IDENTICAL,9,9,
PIIController.0.0.7,istatus,scalar,IDENTICAL,1,1,
PIIController.0.0.7,alreadyinitialized,scalar,IDENTICAL,0,0,
PIIController.0.0.7,restartwse,scalar,IDENTICAL,1,1,
PIIController.0.0.7,time,scalar,IDENTICAL,7.5000002980232239E-002,7.5000002980232239E-002,
PIIController.0.0.7,dt,scalar,IDENTICAL,2.5000000372529030E-002,2.5000000372529030E-002,
PIIController.0.0.7,writethisstep,scalar,IDENTICAL,F,F,
PIIController.0.0.7,n_dt,scalar,IDENTICAL,3,3,
PIIController.0.0.7,time_last,scalar,IDENTICAL,0.0000000000000000,0.0000000000000000,
PIIController.0.0.7,vs_genpwr,scalar,IDENTICAL,0.0000000000000000,0.0000000000000000,
PIIController.0.0.7,genspeed,scalar,IDENTICAL,40.842971801757812,40.842971801757812,
PIIController.0.0.7,rotspeed,scalar,IDENTICAL,0.42106157541275024,0.42106157541275024,
PIIController.0.0.7,nacheading,scalar,IDENTICAL,0.0000000000000000,0.0000000000000000,
PIIController.0.0.7,nacvane,scalar,IDENTICAL,0.0000000000000000,0.0000000000000000,
PIIController.0.0.7,nacvanef,scalar,IDENTICAL,0.0000000000000000,0.0000000000000000,
PIIController.0.0.7,winddir,scalar,IDENTICAL,0.0000000000000000,0.0000000000000000,
PIIController.0.0.7,horwindv,scalar,IDENTICAL,9.0000000000000000,9.0000000000000000,
PIIController.0.0.7,horwindv_f,scalar,IDENTICAL,9.9947782274238239,9.9947782274238239,
PIIController.0.0.7,rootmoop,array,IDENTICAL,,,size=           3
PIIController.0.0.7,rootmoopf,array,IDENTICAL,,,size=           3
PIIController.0.0.7,blpitch,array,IDENTICAL,,,size=           3
PIIController.0.0.7,blpitchcmeas,scalar,IDENTICAL,2.4175008629616530E-003,2.4175008629616530E-003,
PIIController.0.0.7,azimuth,scalar,IDENTICAL,0.0000000000000000,0.0000000000000000,
PIIController.0.0.7,ol_azimuth,scalar,IDENTICAL,0.0000000000000000,0.0000000000000000,
PIIController.0.0.7,azunwrapped,scalar,IDENTICAL,0.0000000000000000,0.0000000000000000,
PIIController.0.0.7,azerror,scalar,IDENTICAL,0.0000000000000000,0.0000000000000000,
PIIController.0.0.7,gentqaz,scalar,IDENTICAL,0.0000000000000000,0.0000000000000000,
PIIController.0.0.7,azbuffer,array,IDENTICAL,,,size=           2
PIIController.0.0.7,numbl,scalar,IDENTICAL,3,3,
PIIController.0.0.7,fa_acc_tt,scalar,IDENTICAL,0.0000000000000000,0.0000000000000000,
PIIController.0.0.7,ss_acc_tt,scalar,IDENTICAL,0.0000000000000000,0.0000000000000000,
PIIController.0.0.7,fa_acc_nac,scalar,IDENTICAL,0.0000000000000000,0.0000000000000000,
PIIController.0.0.7,nacimu_fa_racc,scalar,IDENTICAL,0.0000000000000000,0.0000000000000000,
PIIController.0.0.7,fa_acchpf,scalar,IDENTICAL,0.0000000000000000,0.0000000000000000,
PIIController.0.0.7,fa_acchpfi,scalar,IDENTICAL,0.0000000000000000,0.0000000000000000,
PIIController.0.0.7,fa_pitcom,array,IDENTICAL,,,size=           3
PIIController.0.0.7,vs_refspd,scalar,IDENTICAL,115.47458007476239,115.47458007476239,
PIIController.0.0.7,vs_refspd_tsr,scalar,IDENTICAL,115.41589143572749,115.41589143572749,
PIIController.0.0.7,vs_refspd_tra,scalar,IDENTICAL,0.0000000000000000,0.0000000000000000,
PIIController.0.0.7,vs_refspd_rl,scalar,IDENTICAL,0.0000000000000000,0.0000000000000000,
PIIController.0.0.7,pc_refspd,scalar,IDENTICAL,129.08864239957498,129.08864239957498,
PIIController.0.0.7,pc_refspd_ss,scalar,IDENTICAL,129.08864239957498,129.08864239957498,
PIIController.0.0.7,pc_refspd_prc,scalar,IDENTICAL,122.90967000000001,122.90967000000001,
PIIController.0.0.7,rotspeedf,scalar,IDENTICAL,0.81260461258987204,0.81260461258987204,
PIIController.0.0.7,genspeedf,scalar,IDENTICAL,13.852263058492584,13.852263058492584,
PIIController.0.0.7,gentq,scalar,IDENTICAL,0.0000000000000000,0.0000000000000000,
PIIController.0.0.7,gentqmeas,scalar,IDENTICAL,0.0000000000000000,0.0000000000000000,
PIIController.0.0.7,genartq,scalar,IDENTICAL,0.0000000000000000,0.0000000000000000,
PIIController.0.0.7,genbrtq,scalar,IDENTICAL,0.0000000000000000,0.0000000000000000,
PIIController.0.0.7,vs_komega2_gentq,scalar,IDENTICAL,443.36033000978983,443.36033000978983,
PIIController.0.0.7,vs_constpwr_gentq,scalar,IDENTICAL,382364.24959055800,382364.24959055800,
PIIController.0.0.7,ipc_pitcomf,array,IDENTICAL,,,size=           3
PIIController.0.0.7,pc_kp,scalar,IDENTICAL,-2.0750000000000001E-002,-2.0750000000000001E-002,
PIIController.0.0.7,pc_ki,scalar,IDENTICAL,-8.4169999999999991E-003,-8.4169999999999991E-003,
PIIController.0.0.7,pc_kd,scalar,IDENTICAL,0.0000000000000000,0.0000000000000000,
PIIController.0.0.7,pc_tf,scalar,IDENTICAL,0.0000000000000000,0.0000000000000000,
PIIController.0.0.7,pc_maxpit,scalar,IDENTICAL,1.5700000000000001,1.5700000000000001,
PIIController.0.0.7,pc_minpit,scalar,IDENTICAL,2.4148001192790956E-003,2.4148001192790956E-003,
PIIController.0.0.7,pc_pitcomt,scalar,IDENTICAL,2.4169582377752694E-003,2.4169582377752694E-003,
PIIController.0.0.7,pc_pitcomt_last,scalar,IDENTICAL,2.4169582377752694E-003,2.4169582377752694E-003,
PIIController.0.0.7,blpitchcmeasf,scalar,IDENTICAL,4.4838983592035692E-006,4.4838983592035692E-006,
PIIController.0.0.7,pc_pitcomt_ipc,array,IDENTICAL,,,size=           3
PIIController.0.0.7,pc_pwrerr,scalar,IDENTICAL,5000000.0000000000,5000000.0000000000,
PIIController.0.0.7,pc_spderr,scalar,IDENTICAL,115.23637934108240,115.23637934108240,
PIIController.0.0.7,ipc_axistilt_1p,scalar,IDENTICAL,0.0000000000000000,0.0000000000000000,
PIIController.0.0.7,ipc_axisyaw_1p,scalar,IDENTICAL,0.0000000000000000,0.0000000000000000,
PIIController.0.0.7,ipc_axistilt_2p,scalar,IDENTICAL,0.0000000000000000,0.0000000000000000,
PIIController.0.0.7,ipc_axisyaw_2p,scalar,IDENTICAL,0.0000000000000000,0.0000000000000000,
PIIController.0.0.7,axistilt_1p,scalar,IDENTICAL,0.0000000000000000,0.0000000000000000,
PIIController.0.0.7,axisyaw_1p,scalar,IDENTICAL,0.0000000000000000,0.0000000000000000,
PIIController.0.0.7,axisyawf_1p,scalar,IDENTICAL,0.0000000000000000,0.0000000000000000,
PIIController.0.0.7,axistilt_2p,scalar,IDENTICAL,0.0000000000000000,0.0000000000000000,
PIIController.0.0.7,axisyaw_2p,scalar,IDENTICAL,0.0000000000000000,0.0000000000000000,
PIIController.0.0.7,axisyawf_2p,scalar,IDENTICAL,0.0000000000000000,0.0000000000000000,
PIIController.0.0.7,ipc_ki,array,IDENTICAL,,,size=           2
PIIController.0.0.7,ipc_kp,array,IDENTICAL,,,size=           2
PIIController.0.0.7,ipc_intsat,scalar,IDENTICAL,0.0000000000000000,0.0000000000000000,
PIIController.0.0.7,pc_state,scalar,IDENTICAL,1,1,
PIIController.0.0.7,pitcom,array,IDENTICAL,,,size=           3
PIIController.0.0.7,pitcom_sd,array,IDENTICAL,,,size=           3
PIIController.0.0.7,pitcomact,array,IDENTICAL,,,size=           3
PIIController.0.0.7,ss_delomegaf,scalar,IDENTICAL,-6.1769270642020562,-6.1769270642020562,
PIIController.0.0.7,testtype,scalar,IDENTICAL,0.0000000000000000,0.0000000000000000,
PIIController.0.0.7,kp_float,scalar,IDENTICAL,0.0000000000000000,0.0000000000000000,
PIIController.0.0.7,vs_maxtq,scalar,IDENTICAL,47402.900000000001,47402.900000000001,
PIIController.0.0.7,vs_lastgentrq,scalar,IDENTICAL,0.0000000000000000,0.0000000000000000,
PIIController.0.0.7,vs_lastgenpwr,scalar,IDENTICAL,0.0000000000000000,0.0000000000000000,
PIIController.0.0.7,vs_mechgenpwr,scalar,IDENTICAL,0.0000000000000000,0.0000000000000000,
PIIController.0.0.7,vs_spderrar,scalar,IDENTICAL,101.62231701626980,101.62231701626980,
PIIController.0.0.7,vs_spderrbr,scalar,IDENTICAL,20.790596941507417,20.790596941507417,
PIIController.0.0.7,vs_spderr,scalar,IDENTICAL,101.62231701626980,101.62231701626980,
PIIController.0.0.7,vs_state,scalar,IDENTICAL,1,1,
PIIController.0.0.7,vs_rgn3pitch,scalar,IDENTICAL,1.9866958237775269E-002,1.9866958237775269E-002,
PIIController.0.0.7,we_vw,scalar,IDENTICAL,9.9947782274238239,9.9947782274238239,
PIIController.0.0.7,we_vw_f,scalar,IDENTICAL,9.9999460410038044,9.9999460410038044,
PIIController.0.0.7,we_vwi,scalar,IDENTICAL,10.000000000000000,10.000000000000000,
PIIController.0.0.7,we_vwidot,scalar,IDENTICAL,0.0000000000000000,0.0000000000000000,
PIIController.0.0.7,we_op,scalar,IDENTICAL,0,0,
PIIController.0.0.7,we_op_last,scalar,IDENTICAL,0,0,
PIIController.0.0.7,vs_lastgentrqf,scalar,IDENTICAL,2.2494992977897739,2.2494992977897739,
PIIController.0.0.7,prc_wse_f,scalar,IDENTICAL,0.0000000000000000,0.0000000000000000,
PIIController.0.0.7,prc_r_speed,scalar,IDENTICAL,1.0000000000000000,1.0000000000000000,
PIIController.0.0.7,prc_r_torque,scalar,IDENTICAL,1.0000000000000000,1.0000000000000000,
PIIController.0.0.7,prc_r_pitch,scalar,IDENTICAL,1.0000000000000000,1.0000000000000000,
PIIController.0.0.7,prc_r_total,scalar,IDENTICAL,0.0000000000000000,0.0000000000000000,
PIIController.0.0.7,prc_min_pitch,scalar,IDENTICAL,0.0000000000000000,0.0000000000000000,
PIIController.0.0.7,ps_min_pitch,scalar,IDENTICAL,2.4148001192790956E-003,2.4148001192790956E-003,
PIIController.0.0.7,ol_index,scalar,IDENTICAL,7.5000002980232239E-002,7.5000002980232239E-002,
PIIController.0.0.7,su_stage,scalar,IDENTICAL,0,0,
PIIController.0.0.7,su_loadstagestarttime,scalar,IDENTICAL,0.0000000000000000,0.0000000000000000,
PIIController.0.0.7,su_rotspeedf,scalar,IDENTICAL,0.0000000000000000,0.0000000000000000,
PIIController.0.0.7,sd_trigger,scalar,IDENTICAL,0,0,
PIIController.0.0.7,sd_blpitchf,scalar,IDENTICAL,0.0000000000000000,0.0000000000000000,
PIIController.0.0.7,sd_nacvanef,scalar,IDENTICAL,0.0000000000000000,0.0000000000000000,
PIIController.0.0.7,sd_genspeedf,scalar,IDENTICAL,0.0000000000000000,0.0000000000000000,
PIIController.0.0.7,sd_stage,scalar,IDENTICAL,0,0,
PIIController.0.0.7,sd_stagestarttime,scalar,IDENTICAL,0.0000000000000000,0.0000000000000000,
PIIController.0.0.7,sd_maxpitchrate,scalar,IDENTICAL,0.0000000000000000,0.0000000000000000,
PIIController.0.0.7,sd_maxtorquerate,scalar,IDENTICAL,0.0000000000000000,0.0000000000000000,
PIIController.0.0.7,gentq_sd,scalar,IDENTICAL,0.0000000000000000,0.0000000000000000,
PIIController.0.0.7,fl_pitcom,scalar,IDENTICAL,0.0000000000000000,0.0000000000000000,
PIIController.0.0.7,nacimu_fa_accf,scalar,IDENTICAL,0.0000000000000000,0.0000000000000000,
PIIController.0.0.7,fa_accf,scalar,IDENTICAL,0.0000000000000000,0.0000000000000000,
PIIController.0.0.7,fa_hist,scalar,IDENTICAL,0,0,
PIIController.0.0.7,tra_lastrefspd,scalar,IDENTICAL,0.0000000000000000,0.0000000000000000,
PIIController.0.0.7,vs_refspeed,scalar,IDENTICAL,0.0000000000000000,0.0000000000000000,
PIIController.0.0.7,ptfmtdx,scalar,IDENTICAL,0.0000000000000000,0.0000000000000000,
PIIController.0.0.7,ptfmtdy,scalar,IDENTICAL,0.0000000000000000,0.0000000000000000,
PIIController.0.0.7,ptfmtdz,scalar,IDENTICAL,0.0000000000000000,0.0000000000000000,
PIIController.0.0.7,ptfmrdx,scalar,IDENTICAL,0.0000000000000000,0.0000000000000000,
PIIController.0.0.7,ptfmrdy,scalar,IDENTICAL,0.0000000000000000,0.0000000000000000,
PIIController.0.0.7,ptfmrdz,scalar,IDENTICAL,0.0000000000000000,0.0000000000000000,
PIIController.0.0.7,ptfmtvx,scalar,IDENTICAL,0.0000000000000000,0.0000000000000000,
PIIController.0.0.7,ptfmtvy,scalar,IDENTICAL,0.0000000000000000,0.0000000000000000,
PIIController.0.0.7,ptfmtvz,scalar,IDENTICAL,0.0000000000000000,0.0000000000000000,
PIIController.0.0.7,ptfmrvx,scalar,IDENTICAL,0.0000000000000000,0.0000000000000000,
PIIController.0.0.7,ptfmrvy,scalar,IDENTICAL,0.0000000000000000,0.0000000000000000,
PIIController.0.0.7,ptfmrvz,scalar,IDENTICAL,0.0000000000000000,0.0000000000000000,
PIIController.0.0.7,ptfmtax,scalar,IDENTICAL,0.0000000000000000,0.0000000000000000,
PIIController.0.0.7,ptfmtay,scalar,IDENTICAL,0.0000000000000000,0.0000000000000000,
PIIController.0.0.7,ptfmtaz,scalar,IDENTICAL,0.0000000000000000,0.0000000000000000,
PIIController.0.0.7,ptfmrax,scalar,IDENTICAL,0.0000000000000000,0.0000000000000000,
PIIController.0.0.7,ptfmray,scalar,IDENTICAL,0.0000000000000000,0.0000000000000000,
PIIController.0.0.7,ptfmraz,scalar,IDENTICAL,0.0000000000000000,0.0000000000000000,
PIIController.0.0.7,cc_desiredl,array,IDENTICAL,,,size=          12
PIIController.0.0.7,cc_actuatedl,array,IDENTICAL,,,size=          12
PIIController.0.0.7,cc_actuateddl,array,IDENTICAL,,,size=          12
PIIController.0.0.7,stc_input,array,IDENTICAL,,,size=          12
PIIController.0.0.7,flp_angle,array,IDENTICAL,,,size=           3
PIIController.0.0.7,rootmyb_last,array,IDENTICAL,,,size=           3
PIIController.0.0.7,acc_infile_size,scalar,IDENTICAL,42,42,
PIIController.0.0.7,acc_infile,array,IDENTICAL,,,size=          42
PIIController.0.0.7,restart,scalar,IDENTICAL,F,F,
PIIController.0.0.7,awc_complexangle,array,IDENTICAL,,,size=           3
PIIController.0.0.7,tiltmean,scalar,IDENTICAL,0.0000000000000000,0.0000000000000000,
PIIController.0.0.7,yawmean,scalar,IDENTICAL,0.0000000000000000,0.0000000000000000,
PIIController.0.0.7,zmq_id,scalar,IDENTICAL,0,0,
PIIController.0.0.7,zmq_yawoffset,scalar,IDENTICAL,0.0000000000000000,0.0000000000000000,
PIIController.0.0.7,zmq_torqueoffset,scalar,IDENTICAL,0.0000000000000000,0.0000000000000000,
PIIController.0.0.7,zmq_pitoffset,array,IDENTICAL,,,size=           3
PIIController.0.0.7,zmq_r_speed,scalar,IDENTICAL,0.0000000000000000,0.0000000000000000,
PIIController.0.0.7,zmq_r_torque,scalar,IDENTICAL,0.0000000000000000,0.0000000000000000,
PIIController.0.0.7,zmq_r_pitch,scalar,IDENTICAL,0.0000000000000000,0.0000000000000000,
PIIController.0.0.7,om_r,scalar,IDENTICAL,0.0000000000000000,0.0000000000000000,
PIIController.0.0.7,v_t,scalar,IDENTICAL,0.0000000000000000,0.0000000000000000,
PIIController.0.0.7,v_m,scalar,IDENTICAL,0.0000000000000000,0.0000000000000000,
PIIController.0.0.7,v_h,scalar,IDENTICAL,0.0000000000000000,0.0000000000000000,
PIIController.0.0.7,p,array,IDENTICAL,,,size=           9
PIIController.0.0.7,xh,array,IDENTICAL,,,size=           3
PIIController.0.0.7,k,array,IDENTICAL,,,size=           3
PIIController.0.0.7,lpf1_a1,array,IDENTICAL,,,size=        1024
PIIController.0.0.7,lpf1_a0,array,IDENTICAL,,,size=        1024
PIIController.0.0.7,lpf1_b1,array,IDENTICAL,,,size=        1024
PIIController.0.0.7,lpf1_b0,array,IDENTICAL,,,size=        1024
PIIController.0.0.7,lpf1_inputsignallast,array,IDENTICAL,,,size=        1024
PIIController.0.0.7,lpf1_outputsignallast,array,IDENTICAL,,,size=        1024
PIIController.0.0.7,lpf2_a2,array,IDENTICAL,,,size=        1024
PIIController.0.0.7,lpf2_a1,array,IDENTICAL,,,size=        1024
PIIController.0.0.7,lpf2_a0,array,IDENTICAL,,,size=        1024
PIIController.0.0.7,lpf2_b2,array,IDENTICAL,,,size=        1024
PIIController.0.0.7,lpf2_b1,array,IDENTICAL,,,size=        1024
PIIController.0.0.7,lpf2_b0,array,IDENTICAL,,,size=        1024
PIIController.0.0.7,lpf2_inputsignallast2,array,IDENTICAL,,,size=        1024
PIIController.0.0.7,lpf2_outputsignallast2,array,IDENTICAL,,,size=        1024
PIIController.0.0.7,lpf2_inputsignallast1,array,IDENTICAL,,,size=        1024
PIIController.0.0.7,lpf2_outputsignallast1,array,IDENTICAL,,,size=        1024
PIIController.0.0.7,lpfv_a2,array,IDENTICAL,,,size=        1024
PIIController.0.0.7,lpfv_a1,array,IDENTICAL,,,size=        1024
PIIController.0.0.7,lpfv_a0,array,IDENTICAL,,,size=        1024
PIIController.0.0.7,lpfv_b2,array,IDENTICAL,,,size=        1024
PIIController.0.0.7,lpfv_b1,array,IDENTICAL,,,size=        1024
PIIController.0.0.7,lpfv_b0,array,IDENTICAL,,,size=        1024
PIIController.0.0.7,lpfv_inputsignallast2,array,IDENTICAL,,,size=        1024
PIIController.0.0.7,lpfv_outputsignallast2,array,IDENTICAL,,,size=        1024
PIIController.0.0.7,lpfv_inputsignallast1,array,IDENTICAL,,,size=        1024
PIIController.0.0.7,lpfv_outputsignallast1,array,IDENTICAL,,,size=        1024
PIIController.0.0.7,hpf_inputsignallast,array,IDENTICAL,,,size=        1024
PIIController.0.0.7,hpf_outputsignallast,array,IDENTICAL,,,size=        1024
PIIController.0.0.7,nfs_outputsignallast1,array,IDENTICAL,,,size=        1024
PIIController.0.0.7,nfs_outputsignallast2,array,IDENTICAL,,,size=        1024
PIIController.0.0.7,nfs_inputsignallast1,array,IDENTICAL,,,size=        1024
PIIController.0.0.7,nfs_inputsignallast2,array,IDENTICAL,,,size=        1024
PIIController.0.0.7,nfs_b2,array,IDENTICAL,,,size=        1024
PIIController.0.0.7,nfs_b0,array,IDENTICAL,,,size=        1024
PIIController.0.0.7,nfs_a2,array,IDENTICAL,,,size=        1024
PIIController.0.0.7,nfs_a1,array,IDENTICAL,,,size=        1024
PIIController.0.0.7,nfs_a0,array,IDENTICAL,,,size=        1024
PIIController.0.0.7,nf_outputsignallast1,array,IDENTICAL,,,size=        1024
PIIController.0.0.7,nf_outputsignallast2,array,IDENTICAL,,,size=        1024
PIIController.0.0.7,nf_inputsignallast1,array,IDENTICAL,,,size=        1024
PIIController.0.0.7,nf_inputsignallast2,array,IDENTICAL,,,size=        1024
PIIController.0.0.7,nf_b2,array,IDENTICAL,,,size=        1024
PIIController.0.0.7,nf_b1,array,IDENTICAL,,,size=        1024
PIIController.0.0.7,nf_b0,array,IDENTICAL,,,size=        1024
PIIController.0.0.7,nf_a1,array,IDENTICAL,,,size=        1024
PIIController.0.0.7,nf_a0,array,IDENTICAL,,,size=        1024
PIIController.0.0.7,iterm,array,IDENTICAL,,,size=        1024
PIIController.0.0.7,itermlast,array,IDENTICAL,,,size=        1024
PIIController.0.0.7,iterm2,array,IDENTICAL,,,size=        1024
PIIController.0.0.7,itermlast2,array,IDENTICAL,,,size=        1024
PIIController.0.0.7,elast,array,IDENTICAL,,,size=        1024
PIIController.0.0.7,res_outputsignallast1,array,IDENTICAL,,,size=        1024
PIIController.0.0.7,res_outputsignallast2,array,IDENTICAL,,,size=        1024
PIIController.0.0.7,res_inputsignallast1,array,IDENTICAL,,,size=        1024
PIIController.0.0.7,res_inputsignallast2,array,IDENTICAL,,,size=        1024
PIIController.0.0.7,lastsignal,array,IDENTICAL,,,size=        1024
PIIController.0.0.7,instlpf,scalar,IDENTICAL,9,9,
PIIController.0.0.7,instseclpf,scalar,IDENTICAL,8,8,
PIIController.0.0.7,instseclpfv,scalar,IDENTICAL,1,1,
PIIController.0.0.7,insthpf,scalar,IDENTICAL,6,6,
PIIController.0.0.7,instnotchslopes,scalar,IDENTICAL,1,1,
PIIController.0.0.7,instnotch,scalar,IDENTICAL,1,1,
PIIController.0.0.7,instpi,scalar,IDENTICAL,4,4,
PIIController.0.0.7,instres,scalar,IDENTICAL,1,1,
PIIController.0.0.7,instrl,scalar,IDENTICAL,9,9,
PIIController.0.0.8,istatus,scalar,IDENTICAL,1,1,
PIIController.0.0.8,alreadyinitialized,scalar,IDENTICAL,0,0,
PIIController.0.0.8,restartwse,scalar,IDENTICAL,1,1,
PIIController.0.0.8,time,scalar,IDENTICAL,7.5000002980232239E-002,7.5000002980232239E-002,
PIIController.0.0.8,dt,scalar,IDENTICAL,2.5000000372529030E-002,2.5000000372529030E-002,
PIIController.0.0.8,writethisstep,scalar,IDENTICAL,F,F,
PIIController.0.0.8,n_dt,scalar,IDENTICAL,3,3,
PIIController.0.0.8,time_last,scalar,IDENTICAL,0.0000000000000000,0.0000000000000000,
PIIController.0.0.8,vs_genpwr,scalar,IDENTICAL,0.0000000000000000,0.0000000000000000,
PIIController.0.0.8,genspeed,scalar,IDENTICAL,40.842971801757812,40.842971801757812,
PIIController.0.0.8,rotspeed,scalar,IDENTICAL,0.42106157541275024,0.42106157541275024,
PIIController.0.0.8,nacheading,scalar,IDENTICAL,0.0000000000000000,0.0000000000000000,
PIIController.0.0.8,nacvane,scalar,IDENTICAL,0.0000000000000000,0.0000000000000000,
PIIController.0.0.8,nacvanef,scalar,IDENTICAL,0.0000000000000000,0.0000000000000000,
PIIController.0.0.8,winddir,scalar,IDENTICAL,0.0000000000000000,0.0000000000000000,
PIIController.0.0.8,horwindv,scalar,IDENTICAL,9.0000000000000000,9.0000000000000000,
PIIController.0.0.8,horwindv_f,scalar,IDENTICAL,9.9947782274238239,9.9947782274238239,
PIIController.0.0.8,rootmoop,array,IDENTICAL,,,size=           3
PIIController.0.0.8,rootmoopf,array,IDENTICAL,,,size=           3
PIIController.0.0.8,blpitch,array,IDENTICAL,,,size=           3
PIIController.0.0.8,blpitchcmeas,scalar,IDENTICAL,2.4175008629616530E-003,2.4175008629616530E-003,
PIIController.0.0.8,azimuth,scalar,IDENTICAL,0.0000000000000000,0.0000000000000000,
PIIController.0.0.8,ol_azimuth,scalar,IDENTICAL,0.0000000000000000,0.0000000000000000,
PIIController.0.0.8,azunwrapped,scalar,IDENTICAL,0.0000000000000000,0.0000000000000000,
PIIController.0.0.8,azerror,scalar,IDENTICAL,0.0000000000000000,0.0000000000000000,
PIIController.0.0.8,gentqaz,scalar,IDENTICAL,0.0000000000000000,0.0000000000000000,
PIIController.0.0.8,azbuffer,array,IDENTICAL,,,size=           2
PIIController.0.0.8,numbl,scalar,IDENTICAL,3,3,
PIIController.0.0.8,fa_acc_tt,scalar,IDENTICAL,0.0000000000000000,0.0000000000000000,
PIIController.0.0.8,ss_acc_tt,scalar,IDENTICAL,0.0000000000000000,0.0000000000000000,
PIIController.0.0.8,fa_acc_nac,scalar,IDENTICAL,0.0000000000000000,0.0000000000000000,
PIIController.0.0.8,nacimu_fa_racc,scalar,IDENTICAL,0.0000000000000000,0.0000000000000000,
PIIController.0.0.8,fa_acchpf,scalar,IDENTICAL,0.0000000000000000,0.0000000000000000,
PIIController.0.0.8,fa_acchpfi,scalar,IDENTICAL,0.0000000000000000,0.0000000000000000,
PIIController.0.0.8,fa_pitcom,array,IDENTICAL,,,size=           3
PIIController.0.0.8,vs_refspd,scalar,IDENTICAL,115.47458007476239,115.47458007476239,
PIIController.0.0.8,vs_refspd_tsr,scalar,IDENTICAL,115.41589143572749,115.41589143572749,
PIIController.0.0.8,vs_refspd_tra,scalar,IDENTICAL,0.0000000000000000,0.0000000000000000,
PIIController.0.0.8,vs_refspd_rl,scalar,IDENTICAL,0.0000000000000000,0.0000000000000000,
PIIController.0.0.8,pc_refspd,scalar,IDENTICAL,129.08864239957498,129.08864239957498,
PIIController.0.0.8,pc_refspd_ss,scalar,IDENTICAL,129.08864239957498,129.08864239957498,
PIIController.0.0.8,pc_refspd_prc,scalar,IDENTICAL,122.90967000000001,122.90967000000001,
PIIController.0.0.8,rotspeedf,scalar,IDENTICAL,0.81260461258987204,0.81260461258987204,
PIIController.0.0.8,genspeedf,scalar,IDENTICAL,13.852263058492584,13.852263058492584,
PIIController.0.0.8,gentq,scalar,IDENTICAL,0.0000000000000000,0.0000000000000000,
PIIController.0.0.8,gentqmeas,scalar,IDENTICAL,0.0000000000000000,0.0000000000000000,
PIIController.0.0.8,genartq,scalar,IDENTICAL,0.0000000000000000,0.0000000000000000,
PIIController.0.0.8,genbrtq,scalar,IDENTICAL,0.0000000000000000,0.0000000000000000,
PIIController.0.0.8,vs_komega2_gentq,scalar,IDENTICAL,443.36033000978983,443.36033000978983,
PIIController.0.0.8,vs_constpwr_gentq,scalar,IDENTICAL,382364.24959055800,382364.24959055800,
PIIController.0.0.8,ipc_pitcomf,array,IDENTICAL,,,size=           3
PIIController.0.0.8,pc_kp,scalar,IDENTICAL,-2.0750000000000001E-002,-2.0750000000000001E-002,
PIIController.0.0.8,pc_ki,scalar,IDENTICAL,-8.4169999999999991E-003,-8.4169999999999991E-003,
PIIController.0.0.8,pc_kd,scalar,IDENTICAL,0.0000000000000000,0.0000000000000000,
PIIController.0.0.8,pc_tf,scalar,IDENTICAL,0.0000000000000000,0.0000000000000000,
PIIController.0.0.8,pc_maxpit,scalar,IDENTICAL,1.5700000000000001,1.5700000000000001,
PIIController.0.0.8,pc_minpit,scalar,IDENTICAL,2.4148001192790956E-003,2.4148001192790956E-003,
PIIController.0.0.8,pc_pitcomt,scalar,IDENTICAL,2.4169582377752694E-003,2.4169582377752694E-003,
PIIController.0.0.8,pc_pitcomt_last,scalar,IDENTICAL,2.4169582377752694E-003,2.4169582377752694E-003,
PIIController.0.0.8,blpitchcmeasf,scalar,IDENTICAL,4.4838983592035692E-006,4.4838983592035692E-006,
PIIController.0.0.8,pc_pitcomt_ipc,array,IDENTICAL,,,size=           3
PIIController.0.0.8,pc_pwrerr,scalar,IDENTICAL,5000000.0000000000,5000000.0000000000,
PIIController.0.0.8,pc_spderr,scalar,IDENTICAL,115.23637934108240,115.23637934108240,
PIIController.0.0.8,ipc_axistilt_1p,scalar,IDENTICAL,0.0000000000000000,0.0000000000000000,
PIIController.0.0.8,ipc_axisyaw_1p,scalar,IDENTICAL,0.0000000000000000,0.0000000000000000,
PIIController.0.0.8,ipc_axistilt_2p,scalar,IDENTICAL,0.0000000000000000,0.0000000000000000,
PIIController.0.0.8,ipc_axisyaw_2p,scalar,IDENTICAL,0.0000000000000000,0.0000000000000000,
PIIController.0.0.8,axistilt_1p,scalar,IDENTICAL,0.0000000000000000,0.0000000000000000,
PIIController.0.0.8,axisyaw_1p,scalar,IDENTICAL,0.0000000000000000,0.0000000000000000,
PIIController.0.0.8,axisyawf_1p,scalar,IDENTICAL,0.0000000000000000,0.0000000000000000,
PIIController.0.0.8,axistilt_2p,scalar,IDENTICAL,0.0000000000000000,0.0000000000000000,
PIIController.0.0.8,axisyaw_2p,scalar,IDENTICAL,0.0000000000000000,0.0000000000000000,
PIIController.0.0.8,axisyawf_2p,scalar,IDENTICAL,0.0000000000000000,0.0000000000000000,
PIIController.0.0.8,ipc_ki,array,IDENTICAL,,,size=           2
PIIController.0.0.8,ipc_kp,array,IDENTICAL,,,size=           2
PIIController.0.0.8,ipc_intsat,scalar,IDENTICAL,0.0000000000000000,0.0000000000000000,
PIIController.0.0.8,pc_state,scalar,IDENTICAL,1,1,
PIIController.0.0.8,pitcom,array,IDENTICAL,,,size=           3
PIIController.0.0.8,pitcom_sd,array,IDENTICAL,,,size=           3
PIIController.0.0.8,pitcomact,array,IDENTICAL,,,size=           3
PIIController.0.0.8,ss_delomegaf,scalar,IDENTICAL,-6.1769270642020562,-6.1769270642020562,
PIIController.0.0.8,testtype,scalar,IDENTICAL,0.0000000000000000,0.0000000000000000,
PIIController.0.0.8,kp_float,scalar,IDENTICAL,0.0000000000000000,0.0000000000000000,
PIIController.0.0.8,vs_maxtq,scalar,IDENTICAL,47402.900000000001,47402.900000000001,
PIIController.0.0.8,vs_lastgentrq,scalar,IDENTICAL,0.0000000000000000,0.0000000000000000,
PIIController.0.0.8,vs_lastgenpwr,scalar,IDENTICAL,0.0000000000000000,0.0000000000000000,
PIIController.0.0.8,vs_mechgenpwr,scalar,IDENTICAL,0.0000000000000000,0.0000000000000000,
PIIController.0.0.8,vs_spderrar,scalar,IDENTICAL,101.62231701626980,101.62231701626980,
PIIController.0.0.8,vs_spderrbr,scalar,IDENTICAL,20.790596941507417,20.790596941507417,
PIIController.0.0.8,vs_spderr,scalar,IDENTICAL,101.62231701626980,101.62231701626980,
PIIController.0.0.8,vs_state,scalar,IDENTICAL,1,1,
PIIController.0.0.8,vs_rgn3pitch,scalar,IDENTICAL,1.9866958237775269E-002,1.9866958237775269E-002,
PIIController.0.0.8,we_vw,scalar,IDENTICAL,9.9947782274238239,9.9947782274238239,
PIIController.0.0.8,we_vw_f,scalar,IDENTICAL,9.9999460410038044,9.9999460410038044,
PIIController.0.0.8,we_vwi,scalar,IDENTICAL,10.000000000000000,10.000000000000000,
PIIController.0.0.8,we_vwidot,scalar,IDENTICAL,0.0000000000000000,0.0000000000000000,
PIIController.0.0.8,we_op,scalar,IDENTICAL,0,0,
PIIController.0.0.8,we_op_last,scalar,IDENTICAL,0,0,
PIIController.0.0.8,vs_lastgentrqf,scalar,IDENTICAL,2.2494992977897739,2.2494992977897739,
PIIController.0.0.8,prc_wse_f,scalar,IDENTICAL,0.0000000000000000,0.0000000000000000,
PIIController.0.0.8,prc_r_speed,scalar,IDENTICAL,1.0000000000000000,1.0000000000000000,
PIIController.0.0.8,prc_r_torque,scalar,IDENTICAL,1.0000000000000000,1.0000000000000000,
PIIController.0.0.8,prc_r_pitch,scalar,IDENTICAL,1.0000000000000000,1.0000000000000000,
PIIController.0.0.8,prc_r_total,scalar,IDENTICAL,0.0000000000000000,0.0000000000000000,
PIIController.0.0.8,prc_min_pitch,scalar,IDENTICAL,0.0000000000000000,0.0000000000000000,
PIIController.0.0.8,ps_min_pitch,scalar,IDENTICAL,2.4148001192790956E-003,2.4148001192790956E-003,
PIIController.0.0.8,ol_index,scalar,IDENTICAL,7.5000002980232239E-002,7.5000002980232239E-002,
PIIController.0.0.8,su_stage,scalar,IDENTICAL,0,0,
PIIController.0.0.8,su_loadstagestarttime,scalar,IDENTICAL,0.0000000000000000,0.0000000000000000,
PIIController.0.0.8,su_rotspeedf,scalar,IDENTICAL,0.0000000000000000,0.0000000000000000,
PIIController.0.0.8,sd_trigger,scalar,IDENTICAL,0,0,
PIIController.0.0.8,sd_blpitchf,scalar,IDENTICAL,0.0000000000000000,0.0000000000000000,
PIIController.0.0.8,sd_nacvanef,scalar,IDENTICAL,0.0000000000000000,0.0000000000000000,
PIIController.0.0.8,sd_genspeedf,scalar,IDENTICAL,0.0000000000000000,0.0000000000000000,
PIIController.0.0.8,sd_stage,scalar,IDENTICAL,0,0,
PIIController.0.0.8,sd_stagestarttime,scalar,IDENTICAL,0.0000000000000000,0.0000000000000000,
PIIController.0.0.8,sd_maxpitchrate,scalar,IDENTICAL,0.0000000000000000,0.0000000000000000,
PIIController.0.0.8,sd_maxtorquerate,scalar,IDENTICAL,0.0000000000000000,0.0000000000000000,
PIIController.0.0.8,gentq_sd,scalar,IDENTICAL,0.0000000000000000,0.0000000000000000,
PIIController.0.0.8,fl_pitcom,scalar,IDENTICAL,0.0000000000000000,0.0000000000000000,
PIIController.0.0.8,nacimu_fa_accf,scalar,IDENTICAL,0.0000000000000000,0.0000000000000000,
PIIController.0.0.8,fa_accf,scalar,IDENTICAL,0.0000000000000000,0.0000000000000000,
PIIController.0.0.8,fa_hist,scalar,IDENTICAL,0,0,
PIIController.0.0.8,tra_lastrefspd,scalar,IDENTICAL,0.0000000000000000,0.0000000000000000,
PIIController.0.0.8,vs_refspeed,scalar,IDENTICAL,0.0000000000000000,0.0000000000000000,
PIIController.0.0.8,ptfmtdx,scalar,IDENTICAL,0.0000000000000000,0.0000000000000000,
PIIController.0.0.8,ptfmtdy,scalar,IDENTICAL,0.0000000000000000,0.0000000000000000,
PIIController.0.0.8,ptfmtdz,scalar,IDENTICAL,0.0000000000000000,0.0000000000000000,
PIIController.0.0.8,ptfmrdx,scalar,IDENTICAL,0.0000000000000000,0.0000000000000000,
PIIController.0.0.8,ptfmrdy,scalar,IDENTICAL,0.0000000000000000,0.0000000000000000,
PIIController.0.0.8,ptfmrdz,scalar,IDENTICAL,0.0000000000000000,0.0000000000000000,
PIIController.0.0.8,ptfmtvx,scalar,IDENTICAL,0.0000000000000000,0.0000000000000000,
PIIController.0.0.8,ptfmtvy,scalar,IDENTICAL,0.0000000000000000,0.0000000000000000,
PIIController.0.0.8,ptfmtvz,scalar,IDENTICAL,0.0000000000000000,0.0000000000000000,
PIIController.0.0.8,ptfmrvx,scalar,IDENTICAL,0.0000000000000000,0.0000000000000000,
PIIController.0.0.8,ptfmrvy,scalar,IDENTICAL,0.0000000000000000,0.0000000000000000,
PIIController.0.0.8,ptfmrvz,scalar,IDENTICAL,0.0000000000000000,0.0000000000000000,
PIIController.0.0.8,ptfmtax,scalar,IDENTICAL,0.0000000000000000,0.0000000000000000,
PIIController.0.0.8,ptfmtay,scalar,IDENTICAL,0.0000000000000000,0.0000000000000000,
PIIController.0.0.8,ptfmtaz,scalar,IDENTICAL,0.0000000000000000,0.0000000000000000,
PIIController.0.0.8,ptfmrax,scalar,IDENTICAL,0.0000000000000000,0.0000000000000000,
PIIController.0.0.8,ptfmray,scalar,IDENTICAL,0.0000000000000000,0.0000000000000000,
PIIController.0.0.8,ptfmraz,scalar,IDENTICAL,0.0000000000000000,0.0000000000000000,
PIIController.0.0.8,cc_desiredl,array,IDENTICAL,,,size=          12
PIIController.0.0.8,cc_actuatedl,array,IDENTICAL,,,size=          12
PIIController.0.0.8,cc_actuateddl,array,IDENTICAL,,,size=          12
PIIController.0.0.8,stc_input,array,IDENTICAL,,,size=          12
PIIController.0.0.8,flp_angle,array,IDENTICAL,,,size=           3
PIIController.0.0.8,rootmyb_last,array,IDENTICAL,,,size=           3
PIIController.0.0.8,acc_infile_size,scalar,IDENTICAL,42,42,
PIIController.0.0.8,acc_infile,array,IDENTICAL,,,size=          42
PIIController.0.0.8,restart,scalar,IDENTICAL,F,F,
PIIController.0.0.8,awc_complexangle,array,IDENTICAL,,,size=           3
PIIController.0.0.8,tiltmean,scalar,IDENTICAL,0.0000000000000000,0.0000000000000000,
PIIController.0.0.8,yawmean,scalar,IDENTICAL,0.0000000000000000,0.0000000000000000,
PIIController.0.0.8,zmq_id,scalar,IDENTICAL,0,0,
PIIController.0.0.8,zmq_yawoffset,scalar,IDENTICAL,0.0000000000000000,0.0000000000000000,
PIIController.0.0.8,zmq_torqueoffset,scalar,IDENTICAL,0.0000000000000000,0.0000000000000000,
PIIController.0.0.8,zmq_pitoffset,array,IDENTICAL,,,size=           3
PIIController.0.0.8,zmq_r_speed,scalar,IDENTICAL,0.0000000000000000,0.0000000000000000,
PIIController.0.0.8,zmq_r_torque,scalar,IDENTICAL,0.0000000000000000,0.0000000000000000,
PIIController.0.0.8,zmq_r_pitch,scalar,IDENTICAL,0.0000000000000000,0.0000000000000000,
PIIController.0.0.8,om_r,scalar,IDENTICAL,0.0000000000000000,0.0000000000000000,
PIIController.0.0.8,v_t,scalar,IDENTICAL,0.0000000000000000,0.0000000000000000,
PIIController.0.0.8,v_m,scalar,IDENTICAL,0.0000000000000000,0.0000000000000000,
PIIController.0.0.8,v_h,scalar,IDENTICAL,0.0000000000000000,0.0000000000000000,
PIIController.0.0.8,p,array,IDENTICAL,,,size=           9
PIIController.0.0.8,xh,array,IDENTICAL,,,size=           3
PIIController.0.0.8,k,array,IDENTICAL,,,size=           3
PIIController.0.0.8,lpf1_a1,array,IDENTICAL,,,size=        1024
PIIController.0.0.8,lpf1_a0,array,IDENTICAL,,,size=        1024
PIIController.0.0.8,lpf1_b1,array,IDENTICAL,,,size=        1024
PIIController.0.0.8,lpf1_b0,array,IDENTICAL,,,size=        1024
PIIController.0.0.8,lpf1_inputsignallast,array,IDENTICAL,,,size=        1024
PIIController.0.0.8,lpf1_outputsignallast,array,IDENTICAL,,,size=        1024
PIIController.0.0.8,lpf2_a2,array,IDENTICAL,,,size=        1024
PIIController.0.0.8,lpf2_a1,array,IDENTICAL,,,size=        1024
PIIController.0.0.8,lpf2_a0,array,IDENTICAL,,,size=        1024
PIIController.0.0.8,lpf2_b2,array,IDENTICAL,,,size=        1024
PIIController.0.0.8,lpf2_b1,array,IDENTICAL,,,size=        1024
PIIController.0.0.8,lpf2_b0,array,IDENTICAL,,,size=        1024
PIIController.0.0.8,lpf2_inputsignallast2,array,IDENTICAL,,,size=        1024
PIIController.0.0.8,lpf2_outputsignallast2,array,IDENTICAL,,,size=        1024
PIIController.0.0.8,lpf2_inputsignallast1,array,IDENTICAL,,,size=        1024
PIIController.0.0.8,lpf2_outputsignallast1,array,IDENTICAL,,,size=        1024
PIIController.0.0.8,lpfv_a2,array,IDENTICAL,,,size=        1024
PIIController.0.0.8,lpfv_a1,array,IDENTICAL,,,size=        1024
PIIController.0.0.8,lpfv_a0,array,IDENTICAL,,,size=        1024
PIIController.0.0.8,lpfv_b2,array,IDENTICAL,,,size=        1024
PIIController.0.0.8,lpfv_b1,array,IDENTICAL,,,size=        1024
PIIController.0.0.8,lpfv_b0,array,IDENTICAL,,,size=        1024
PIIController.0.0.8,lpfv_inputsignallast2,array,IDENTICAL,,,size=        1024
PIIController.0.0.8,lpfv_outputsignallast2,array,IDENTICAL,,,size=        1024
PIIController.0.0.8,lpfv_inputsignallast1,array,IDENTICAL,,,size=        1024
PIIController.0.0.8,lpfv_outputsignallast1,array,IDENTICAL,,,size=        1024
PIIController.0.0.8,hpf_inputsignallast,array,IDENTICAL,,,size=        1024
PIIController.0.0.8,hpf_outputsignallast,array,IDENTICAL,,,size=        1024
PIIController.0.0.8,nfs_outputsignallast1,array,IDENTICAL,,,size=        1024
PIIController.0.0.8,nfs_outputsignallast2,array,IDENTICAL,,,size=        1024
PIIController.0.0.8,nfs_inputsignallast1,array,IDENTICAL,,,size=        1024
PIIController.0.0.8,nfs_inputsignallast2,array,IDENTICAL,,,size=        1024
PIIController.0.0.8,nfs_b2,array,IDENTICAL,,,size=        1024
PIIController.0.0.8,nfs_b0,array,IDENTICAL,,,size=        1024
PIIController.0.0.8,nfs_a2,array,IDENTICAL,,,size=        1024
PIIController.0.0.8,nfs_a1,array,IDENTICAL,,,size=        1024
PIIController.0.0.8,nfs_a0,array,IDENTICAL,,,size=        1024
PIIController.0.0.8,nf_outputsignallast1,array,IDENTICAL,,,size=        1024
PIIController.0.0.8,nf_outputsignallast2,array,IDENTICAL,,,size=        1024
PIIController.0.0.8,nf_inputsignallast1,array,IDENTICAL,,,size=        1024
PIIController.0.0.8,nf_inputsignallast2,array,IDENTICAL,,,size=        1024
PIIController.0.0.8,nf_b2,array,IDENTICAL,,,size=        1024
PIIController.0.0.8,nf_b1,array,IDENTICAL,,,size=        1024
PIIController.0.0.8,nf_b0,array,IDENTICAL,,,size=        1024
PIIController.0.0.8,nf_a1,array,IDENTICAL,,,size=        1024
PIIController.0.0.8,nf_a0,array,IDENTICAL,,,size=        1024
PIIController.0.0.8,iterm,array,IDENTICAL,,,size=        1024
PIIController.0.0.8,itermlast,array,IDENTICAL,,,size=        1024
PIIController.0.0.8,iterm2,array,IDENTICAL,,,size=        1024
PIIController.0.0.8,itermlast2,array,IDENTICAL,,,size=        1024
PIIController.0.0.8,elast,array,IDENTICAL,,,size=        1024
PIIController.0.0.8,res_outputsignallast1,array,IDENTICAL,,,size=        1024
PIIController.0.0.8,res_outputsignallast2,array,IDENTICAL,,,size=        1024
PIIController.0.0.8,res_inputsignallast1,array,IDENTICAL,,,size=        1024
PIIController.0.0.8,res_inputsignallast2,array,IDENTICAL,,,size=        1024
PIIController.0.0.8,lastsignal,array,IDENTICAL,,,size=        1024
PIIController.0.0.8,instlpf,scalar,IDENTICAL,9,9,
PIIController.0.0.8,instseclpf,scalar,IDENTICAL,8,8,
PIIController.0.0.8,instseclpfv,scalar,IDENTICAL,1,1,
PIIController.0.0.8,insthpf,scalar,IDENTICAL,6,6,
PIIController.0.0.8,instnotchslopes,scalar,IDENTICAL,1,1,
PIIController.0.0.8,instnotch,scalar,IDENTICAL,1,1,
PIIController.0.0.8,instpi,scalar,IDENTICAL,5,5,
PIIController.0.0.8,instres,scalar,IDENTICAL,1,1,
PIIController.0.0.8,instrl,scalar,IDENTICAL,9,9,
PIIController.0.0.9,istatus,scalar,IDENTICAL,1,1,
PIIController.0.0.9,alreadyinitialized,scalar,IDENTICAL,0,0,
PIIController.0.0.9,restartwse,scalar,IDENTICAL,1,1,
PIIController.0.0.9,time,scalar,IDENTICAL,7.5000002980232239E-002,7.5000002980232239E-002,
PIIController.0.0.9,dt,scalar,IDENTICAL,2.5000000372529030E-002,2.5000000372529030E-002,
PIIController.0.0.9,writethisstep,scalar,IDENTICAL,F,F,
PIIController.0.0.9,n_dt,scalar,IDENTICAL,3,3,
PIIController.0.0.9,time_last,scalar,IDENTICAL,0.0000000000000000,0.0000000000000000,
PIIController.0.0.9,vs_genpwr,scalar,IDENTICAL,0.0000000000000000,0.0000000000000000,
PIIController.0.0.9,genspeed,scalar,IDENTICAL,40.842971801757812,40.842971801757812,
PIIController.0.0.9,rotspeed,scalar,IDENTICAL,0.42106157541275024,0.42106157541275024,
PIIController.0.0.9,nacheading,scalar,IDENTICAL,0.0000000000000000,0.0000000000000000,
PIIController.0.0.9,nacvane,scalar,IDENTICAL,0.0000000000000000,0.0000000000000000,
PIIController.0.0.9,nacvanef,scalar,IDENTICAL,0.0000000000000000,0.0000000000000000,
PIIController.0.0.9,winddir,scalar,IDENTICAL,0.0000000000000000,0.0000000000000000,
PIIController.0.0.9,horwindv,scalar,IDENTICAL,9.0000000000000000,9.0000000000000000,
PIIController.0.0.9,horwindv_f,scalar,IDENTICAL,9.9947782274238239,9.9947782274238239,
PIIController.0.0.9,rootmoop,array,IDENTICAL,,,size=           3
PIIController.0.0.9,rootmoopf,array,IDENTICAL,,,size=           3
PIIController.0.0.9,blpitch,array,IDENTICAL,,,size=           3
PIIController.0.0.9,blpitchcmeas,scalar,IDENTICAL,2.4175008629616530E-003,2.4175008629616530E-003,
PIIController.0.0.9,azimuth,scalar,IDENTICAL,0.0000000000000000,0.0000000000000000,
PIIController.0.0.9,ol_azimuth,scalar,IDENTICAL,0.0000000000000000,0.0000000000000000,
PIIController.0.0.9,azunwrapped,scalar,IDENTICAL,0.0000000000000000,0.0000000000000000,
PIIController.0.0.9,azerror,scalar,IDENTICAL,0.0000000000000000,0.0000000000000000,
PIIController.0.0.9,gentqaz,scalar,IDENTICAL,0.0000000000000000,0.0000000000000000,
PIIController.0.0.9,azbuffer,array,IDENTICAL,,,size=           2
PIIController.0.0.9,numbl,scalar,IDENTICAL,3,3,
PIIController.0.0.9,fa_acc_tt,scalar,IDENTICAL,0.0000000000000000,0.0000000000000000,
PIIController.0.0.9,ss_acc_tt,scalar,IDENTICAL,0.0000000000000000,0.0000000000000000,
PIIController.0.0.9,fa_acc_nac,scalar,IDENTICAL,0.0000000000000000,0.0000000000000000,
PIIController.0.0.9,nacimu_fa_racc,scalar,IDENTICAL,0.0000000000000000,0.0000000000000000,
PIIController.0.0.9,fa_acchpf,scalar,IDENTICAL,0.0000000000000000,0.0000000000000000,
PIIController.0.0.9,fa_acchpfi,scalar,IDENTICAL,0.0000000000000000,0.0000000000000000,
PIIController.0.0.9,fa_pitcom,array,IDENTICAL,,,size=           3
PIIController.0.0.9,vs_refspd,scalar,IDENTICAL,115.47458007476239,115.47458007476239,
PIIController.0.0.9,vs_refspd_tsr,scalar,IDENTICAL,115.41589143572749,115.41589143572749,
PIIController.0.0.9,vs_refspd_tra,scalar,IDENTICAL,0.0000000000000000,0.0000000000000000,
PIIController.0.0.9,vs_refspd_rl,scalar,IDENTICAL,0.0000000000000000,0.0000000000000000,
PIIController.0.0.9,pc_refspd,scalar,IDENTICAL,129.08864239957498,129.08864239957498,
PIIController.0.0.9,pc_refspd_ss,scalar,IDENTICAL,129.08864239957498,129.08864239957498,
PIIController.0.0.9,pc_refspd_prc,scalar,IDENTICAL,122.90967000000001,122.90967000000001,
PIIController.0.0.9,rotspeedf,scalar,IDENTICAL,0.81260461258987204,0.81260461258987204,
PIIController.0.0.9,genspeedf,scalar,IDENTICAL,13.852263058492584,13.852263058492584,
PIIController.0.0.9,gentq,scalar,IDENTICAL,0.0000000000000000,0.0000000000000000,
PIIController.0.0.9,gentqmeas,scalar,IDENTICAL,0.0000000000000000,0.0000000000000000,
PIIController.0.0.9,genartq,scalar,IDENTICAL,0.0000000000000000,0.0000000000000000,
PIIController.0.0.9,genbrtq,scalar,IDENTICAL,0.0000000000000000,0.0000000000000000,
PIIController.0.0.9,vs_komega2_gentq,scalar,IDENTICAL,443.36033000978983,443.36033000978983,
PIIController.0.0.9,vs_constpwr_gentq,scalar,IDENTICAL,382364.24959055800,382364.24959055800,
PIIController.0.0.9,ipc_pitcomf,array,IDENTICAL,,,size=           3
PIIController.0.0.9,pc_kp,scalar,IDENTICAL,-2.0750000000000001E-002,-2.0750000000000001E-002,
PIIController.0.0.9,pc_ki,scalar,IDENTICAL,-8.4169999999999991E-003,-8.4169999999999991E-003,
PIIController.0.0.9,pc_kd,scalar,IDENTICAL,0.0000000000000000,0.0000000000000000,
PIIController.0.0.9,pc_tf,scalar,IDENTICAL,0.0000000000000000,0.0000000000000000,
PIIController.0.0.9,pc_maxpit,scalar,IDENTICAL,1.5700000000000001,1.5700000000000001,
PIIController.0.0.9,pc_minpit,scalar,IDENTICAL,2.4148001192790956E-003,2.4148001192790956E-003,
PIIController.0.0.9,pc_pitcomt,scalar,IDENTICAL,2.4169582377752694E-003,2.4169582377752694E-003,
PIIController.0.0.9,pc_pitcomt_last,scalar,IDENTICAL,2.4169582377752694E-003,2.4169582377752694E-003,
PIIController.0.0.9,blpitchcmeasf,scalar,IDENTICAL,4.4838983592035692E-006,4.4838983592035692E-006,
PIIController.0.0.9,pc_pitcomt_ipc,array,IDENTICAL,,,size=           3
PIIController.0.0.9,pc_pwrerr,scalar,IDENTICAL,5000000.0000000000,5000000.0000000000,
PIIController.0.0.9,pc_spderr,scalar,IDENTICAL,115.23637934108240,115.23637934108240,
PIIController.0.0.9,ipc_axistilt_1p,scalar,IDENTICAL,0.0000000000000000,0.0000000000000000,
PIIController.0.0.9,ipc_axisyaw_1p,scalar,IDENTICAL,0.0000000000000000,0.0000000000000000,
PIIController.0.0.9,ipc_axistilt_2p,scalar,IDENTICAL,0.0000000000000000,0.0000000000000000,
PIIController.0.0.9,ipc_axisyaw_2p,scalar,IDENTICAL,0.0000000000000000,0.0000000000000000,
PIIController.0.0.9,axistilt_1p,scalar,IDENTICAL,0.0000000000000000,0.0000000000000000,
PIIController.0.0.9,axisyaw_1p,scalar,IDENTICAL,0.0000000000000000,0.0000000000000000,
PIIController.0.0.9,axisyawf_1p,scalar,IDENTICAL,0.0000000000000000,0.0000000000000000,
PIIController.0.0.9,axistilt_2p,scalar,IDENTICAL,0.0000000000000000,0.0000000000000000,
PIIController.0.0.9,axisyaw_2p,scalar,IDENTICAL,0.0000000000000000,0.0000000000000000,
PIIController.0.0.9,axisyawf_2p,scalar,IDENTICAL,0.0000000000000000,0.0000000000000000,
PIIController.0.0.9,ipc_ki,array,IDENTICAL,,,size=           2
PIIController.0.0.9,ipc_kp,array,IDENTICAL,,,size=           2
PIIController.0.0.9,ipc_intsat,scalar,IDENTICAL,0.0000000000000000,0.0000000000000000,
PIIController.0.0.9,pc_state,scalar,IDENTICAL,1,1,
PIIController.0.0.9,pitcom,array,IDENTICAL,,,size=           3
PIIController.0.0.9,pitcom_sd,array,IDENTICAL,,,size=           3
PIIController.0.0.9,pitcomact,array,IDENTICAL,,,size=           3
PIIController.0.0.9,ss_delomegaf,scalar,IDENTICAL,-6.1769270642020562,-6.1769270642020562,
PIIController.0.0.9,testtype,scalar,IDENTICAL,0.0000000000000000,0.0000000000000000,
PIIController.0.0.9,kp_float,scalar,IDENTICAL,0.0000000000000000,0.0000000000000000,
PIIController.0.0.9,vs_maxtq,scalar,IDENTICAL,47402.900000000001,47402.900000000001,
PIIController.0.0.9,vs_lastgentrq,scalar,IDENTICAL,0.0000000000000000,0.0000000000000000,
PIIController.0.0.9,vs_lastgenpwr,scalar,IDENTICAL,0.0000000000000000,0.0000000000000000,
PIIController.0.0.9,vs_mechgenpwr,scalar,IDENTICAL,0.0000000000000000,0.0000000000000000,
PIIController.0.0.9,vs_spderrar,scalar,IDENTICAL,101.62231701626980,101.62231701626980,
PIIController.0.0.9,vs_spderrbr,scalar,IDENTICAL,20.790596941507417,20.790596941507417,
PIIController.0.0.9,vs_spderr,scalar,IDENTICAL,101.62231701626980,101.62231701626980,
PIIController.0.0.9,vs_state,scalar,IDENTICAL,1,1,
PIIController.0.0.9,vs_rgn3pitch,scalar,IDENTICAL,1.9866958237775269E-002,1.9866958237775269E-002,
PIIController.0.0.9,we_vw,scalar,IDENTICAL,9.9947782274238239,9.9947782274238239,
PIIController.0.0.9,we_vw_f,scalar,IDENTICAL,9.9999460410038044,9.9999460410038044,
PIIController.0.0.9,we_vwi,scalar,IDENTICAL,10.000000000000000,10.000000000000000,
PIIController.0.0.9,we_vwidot,scalar,IDENTICAL,0.0000000000000000,0.0000000000000000,
PIIController.0.0.9,we_op,scalar,IDENTICAL,0,0,
PIIController.0.0.9,we_op_last,scalar,IDENTICAL,0,0,
PIIController.0.0.9,vs_lastgentrqf,scalar,IDENTICAL,2.2494992977897739,2.2494992977897739,
PIIController.0.0.9,prc_wse_f,scalar,IDENTICAL,0.0000000000000000,0.0000000000000000,
PIIController.0.0.9,prc_r_speed,scalar,IDENTICAL,1.0000000000000000,1.0000000000000000,
PIIController.0.0.9,prc_r_torque,scalar,IDENTICAL,1.0000000000000000,1.0000000000000000,
PIIController.0.0.9,prc_r_pitch,scalar,IDENTICAL,1.0000000000000000,1.0000000000000000,
PIIController.0.0.9,prc_r_total,scalar,IDENTICAL,0.0000000000000000,0.0000000000000000,
PIIController.0.0.9,prc_min_pitch,scalar,IDENTICAL,0.0000000000000000,0.0000000000000000,
PIIController.0.0.9,ps_min_pitch,scalar,IDENTICAL,2.4148001192790956E-003,2.4148001192790956E-003,
PIIController.0.0.9,ol_index,scalar,IDENTICAL,7.5000002980232239E-002,7.5000002980232239E-002,
PIIController.0.0.9,su_stage,scalar,IDENTICAL,0,0,
PIIController.0.0.9,su_loadstagestarttime,scalar,IDENTICAL,0.0000000000000000,0.0000000000000000,
PIIController.0.0.9,su_rotspeedf,scalar,IDENTICAL,0.0000000000000000,0.0000000000000000,
PIIController.0.0.9,sd_trigger,scalar,IDENTICAL,0,0,
PIIController.0.0.9,sd_blpitchf,scalar,IDENTICAL,0.0000000000000000,0.0000000000000000,
PIIController.0.0.9,sd_nacvanef,scalar,IDENTICAL,0.0000000000000000,0.0000000000000000,
PIIController.0.0.9,sd_genspeedf,scalar,IDENTICAL,0.0000000000000000,0.0000000000000000,
PIIController.0.0.9,sd_stage,scalar,IDENTICAL,0,0,
PIIController.0.0.9,sd_stagestarttime,scalar,IDENTICAL,0.0000000000000000,0.0000000000000000,
PIIController.0.0.9,sd_maxpitchrate,scalar,IDENTICAL,0.0000000000000000,0.0000000000000000,
PIIController.0.0.9,sd_maxtorquerate,scalar,IDENTICAL,0.0000000000000000,0.0000000000000000,
PIIController.0.0.9,gentq_sd,scalar,IDENTICAL,0.0000000000000000,0.0000000000000000,
PIIController.0.0.9,fl_pitcom,scalar,IDENTICAL,0.0000000000000000,0.0000000000000000,
PIIController.0.0.9,nacimu_fa_accf,scalar,IDENTICAL,0.0000000000000000,0.0000000000000000,
PIIController.0.0.9,fa_accf,scalar,IDENTICAL,0.0000000000000000,0.0000000000000000,
PIIController.0.0.9,fa_hist,scalar,IDENTICAL,0,0,
PIIController.0.0.9,tra_lastrefspd,scalar,IDENTICAL,0.0000000000000000,0.0000000000000000,
PIIController.0.0.9,vs_refspeed,scalar,IDENTICAL,0.0000000000000000,0.0000000000000000,
PIIController.0.0.9,ptfmtdx,scalar,IDENTICAL,0.0000000000000000,0.0000000000000000,
PIIController.0.0.9,ptfmtdy,scalar,IDENTICAL,0.0000000000000000,0.0000000000000000,
PIIController.0.0.9,ptfmtdz,scalar,IDENTICAL,0.0000000000000000,0.0000000000000000,
PIIController.0.0.9,ptfmrdx,scalar,IDENTICAL,0.0000000000000000,0.0000000000000000,
PIIController.0.0.9,ptfmrdy,scalar,IDENTICAL,0.0000000000000000,0.0000000000000000,
PIIController.0.0.9,ptfmrdz,scalar,IDENTICAL,0.0000000000000000,0.0000000000000000,
PIIController.0.0.9,ptfmtvx,scalar,IDENTICAL,0.0000000000000000,0.0000000000000000,
PIIController.0.0.9,ptfmtvy,scalar,IDENTICAL,0.0000000000000000,0.0000000000000000,
PIIController.0.0.9,ptfmtvz,scalar,IDENTICAL,0.0000000000000000,0.0000000000000000,
PIIController.0.0.9,ptfmrvx,scalar,IDENTICAL,0.0000000000000000,0.0000000000000000,
PIIController.0.0.9,ptfmrvy,scalar,IDENTICAL,0.0000000000000000,0.0000000000000000,
PIIController.0.0.9,ptfmrvz,scalar,IDENTICAL,0.0000000000000000,0.0000000000000000,
PIIController.0.0.9,ptfmtax,scalar,IDENTICAL,0.0000000000000000,0.0000000000000000,
PIIController.0.0.9,ptfmtay,scalar,IDENTICAL,0.0000000000000000,0.0000000000000000,
PIIController.0.0.9,ptfmtaz,scalar,IDENTICAL,0.0000000000000000,0.0000000000000000,
PIIController.0.0.9,ptfmrax,scalar,IDENTICAL,0.0000000000000000,0.0000000000000000,
PIIController.0.0.9,ptfmray,scalar,IDENTICAL,0.0000000000000000,0.0000000000000000,
PIIController.0.0.9,ptfmraz,scalar,IDENTICAL,0.0000000000000000,0.0000000000000000,
PIIController.0.0.9,cc_desiredl,array,IDENTICAL,,,size=          12
PIIController.0.0.9,cc_actuatedl,array,IDENTICAL,,,size=          12
PIIController.0.0.9,cc_actuateddl,array,IDENTICAL,,,size=          12
PIIController.0.0.9,stc_input,array,IDENTICAL,,,size=          12
PIIController.0.0.9,flp_angle,array,IDENTICAL,,,size=           3
PIIController.0.0.9,rootmyb_last,array,IDENTICAL,,,size=           3
PIIController.0.0.9,acc_infile_size,scalar,IDENTICAL,42,42,
PIIController.0.0.9,acc_infile,array,IDENTICAL,,,size=          42
PIIController.0.0.9,restart,scalar,IDENTICAL,F,F,
PIIController.0.0.9,awc_complexangle,array,IDENTICAL,,,size=           3
PIIController.0.0.9,tiltmean,scalar,IDENTICAL,0.0000000000000000,0.0000000000000000,
PIIController.0.0.9,yawmean,scalar,IDENTICAL,0.0000000000000000,0.0000000000000000,
PIIController.0.0.9,zmq_id,scalar,IDENTICAL,0,0,
PIIController.0.0.9,zmq_yawoffset,scalar,IDENTICAL,0.0000000000000000,0.0000000000000000,
PIIController.0.0.9,zmq_torqueoffset,scalar,IDENTICAL,0.0000000000000000,0.0000000000000000,
PIIController.0.0.9,zmq_pitoffset,array,IDENTICAL,,,size=           3
PIIController.0.0.9,zmq_r_speed,scalar,IDENTICAL,0.0000000000000000,0.0000000000000000,
PIIController.0.0.9,zmq_r_torque,scalar,IDENTICAL,0.0000000000000000,0.0000000000000000,
PIIController.0.0.9,zmq_r_pitch,scalar,IDENTICAL,0.0000000000000000,0.0000000000000000,
PIIController.0.0.9,om_r,scalar,IDENTICAL,0.0000000000000000,0.0000000000000000,
PIIController.0.0.9,v_t,scalar,IDENTICAL,0.0000000000000000,0.0000000000000000,
PIIController.0.0.9,v_m,scalar,IDENTICAL,0.0000000000000000,0.0000000000000000,
PIIController.0.0.9,v_h,scalar,IDENTICAL,0.0000000000000000,0.0000000000000000,
PIIController.0.0.9,p,array,IDENTICAL,,,size=           9
PIIController.0.0.9,xh,array,IDENTICAL,,,size=           3
PIIController.0.0.9,k,array,IDENTICAL,,,size=           3
PIIController.0.0.9,lpf1_a1,array,IDENTICAL,,,size=        1024
PIIController.0.0.9,lpf1_a0,array,IDENTICAL,,,size=        1024
PIIController.0.0.9,lpf1_b1,array,IDENTICAL,,,size=        1024
PIIController.0.0.9,lpf1_b0,array,IDENTICAL,,,size=        1024
PIIController.0.0.9,lpf1_inputsignallast,array,IDENTICAL,,,size=        1024
PIIController.0.0.9,lpf1_outputsignallast,array,IDENTICAL,,,size=        1024
PIIController.0.0.9,lpf2_a2,array,IDENTICAL,,,size=        1024
PIIController.0.0.9,lpf2_a1,array,IDENTICAL,,,size=        1024
PIIController.0.0.9,lpf2_a0,array,IDENTICAL,,,size=        1024
PIIController.0.0.9,lpf2_b2,array,IDENTICAL,,,size=        1024
PIIController.0.0.9,lpf2_b1,array,IDENTICAL,,,size=        1024
PIIController.0.0.9,lpf2_b0,array,IDENTICAL,,,size=        1024
PIIController.0.0.9,lpf2_inputsignallast2,array,IDENTICAL,,,size=        1024
PIIController.0.0.9,lpf2_outputsignallast2,array,IDENTICAL,,,size=        1024
PIIController.0.0.9,lpf2_inputsignallast1,array,IDENTICAL,,,size=        1024
PIIController.0.0.9,lpf2_outputsignallast1,array,IDENTICAL,,,size=        1024
PIIController.0.0.9,lpfv_a2,array,IDENTICAL,,,size=        1024
PIIController.0.0.9,lpfv_a1,array,IDENTICAL,,,size=        1024
PIIController.0.0.9,lpfv_a0,array,IDENTICAL,,,size=        1024
PIIController.0.0.9,lpfv_b2,array,IDENTICAL,,,size=        1024
PIIController.0.0.9,lpfv_b1,array,IDENTICAL,,,size=        1024
PIIController.0.0.9,lpfv_b0,array,IDENTICAL,,,size=        1024
PIIController.0.0.9,lpfv_inputsignallast2,array,IDENTICAL,,,size=        1024
PIIController.0.0.9,lpfv_outputsignallast2,array,IDENTICAL,,,size=        1024
PIIController.0.0.9,lpfv_inputsignallast1,array,IDENTICAL,,,size=        1024
PIIController.0.0.9,lpfv_outputsignallast1,array,IDENTICAL,,,size=        1024
PIIController.0.0.9,hpf_inputsignallast,array,IDENTICAL,,,size=        1024
PIIController.0.0.9,hpf_outputsignallast,array,IDENTICAL,,,size=        1024
PIIController.0.0.9,nfs_outputsignallast1,array,IDENTICAL,,,size=        1024
PIIController.0.0.9,nfs_outputsignallast2,array,IDENTICAL,,,size=        1024
PIIController.0.0.9,nfs_inputsignallast1,array,IDENTICAL,,,size=        1024
PIIController.0.0.9,nfs_inputsignallast2,array,IDENTICAL,,,size=        1024
PIIController.0.0.9,nfs_b2,array,IDENTICAL,,,size=        1024
PIIController.0.0.9,nfs_b0,array,IDENTICAL,,,size=        1024
PIIController.0.0.9,nfs_a2,array,IDENTICAL,,,size=        1024
PIIController.0.0.9,nfs_a1,array,IDENTICAL,,,size=        1024
PIIController.0.0.9,nfs_a0,array,IDENTICAL,,,size=        1024
PIIController.0.0.9,nf_outputsignallast1,array,IDENTICAL,,,size=        1024
PIIController.0.0.9,nf_outputsignallast2,array,IDENTICAL,,,size=        1024
PIIController.0.0.9,nf_inputsignallast1,array,IDENTICAL,,,size=        1024
PIIController.0.0.9,nf_inputsignallast2,array,IDENTICAL,,,size=        1024
PIIController.0.0.9,nf_b2,array,IDENTICAL,,,size=        1024
PIIController.0.0.9,nf_b1,array,IDENTICAL,,,size=        1024
PIIController.0.0.9,nf_b0,array,IDENTICAL,,,size=        1024
PIIController.0.0.9,nf_a1,array,IDENTICAL,,,size=        1024
PIIController.0.0.9,nf_a0,array,IDENTICAL,,,size=        1024
PIIController.0.0.9,iterm,array,IDENTICAL,,,size=        1024
PIIController.0.0.9,itermlast,array,IDENTICAL,,,size=        1024
PIIController.0.0.9,iterm2,array,IDENTICAL,,,size=        1024
PIIController.0.0.9,itermlast2,array,IDENTICAL,,,size=        1024
PIIController.0.0.9,elast,array,IDENTICAL,,,size=        1024
PIIController.0.0.9,res_outputsignallast1,array,IDENTICAL,,,size=        1024
PIIController.0.0.9,res_outputsignallast2,array,IDENTICAL,,,size=        1024
PIIController.0.0.9,res_inputsignallast1,array,IDENTICAL,,,size=        1024
PIIController.0.0.9,res_inputsignallast2,array,IDENTICAL,,,size=        1024
PIIController.0.0.9,lastsignal,array,IDENTICAL,,,size=        1024
PIIController.0.0.9,instlpf,scalar,IDENTICAL,9,9,
PIIController.0.0.9,instseclpf,scalar,IDENTICAL,8,8,
PIIController.0.0.9,instseclpfv,scalar,IDENTICAL,1,1,
PIIController.0.0.9,insthpf,scalar,IDENTICAL,6,6,
PIIController.0.0.9,instnotchslopes,scalar,IDENTICAL,1,1,
PIIController.0.0.9,instnotch,scalar,IDENTICAL,1,1,
PIIController.0.0.9,instpi,scalar,IDENTICAL,6,6,
PIIController.0.0.9,instres,scalar,IDENTICAL,1,1,
PIIController.0.0.9,instrl,scalar,IDENTICAL,9,9,
