reset,minValue,maxValue,error,kp,ki,kd,tf,DT,I0,EFilt,PTerm,ITerm_in,ITerm_upd,ITerm_sat,DTerm,raw,result
0,0,-300,0,-300,300,-600,600,300,-600,nan,-0,-997.83458567668629,-997.83458567668629,-300,nan,nan,-300
0,0,-300,0,-300,300,-600,600,300,-600,nan,-0,-998.02420123888555,-998.02420123888555,-300,nan,nan,-300
0,0,-300,0,-300,300,-600,600,300,-600,nan,-0,-0.79358814049581483,-0.79358814049581483,-300,nan,nan,-300
0,0,-300,0,-300,300,-600,600,300,-600,nan,-0,998.06462278977642,998.06462278977642,-300,nan,nan,-300
0,0,-300,0,-300,300,-600,600,300,-600,nan,-0,-997.90464919252872,-997.90464919252872,-300,nan,nan,-300
0,85.245327800290482,55.628886320228162,-0.90466063951340914,-1000,14.28354515676631,-0.7522054301531248,-1000,87.561497770815905,-240.8671571217844,nan,904.66063951340914,-671.26158622315472,-1802.7103416289779,55.628886320228162,nan,nan,55.628886320228162
0,-87.220939608851694,772.68925145349533,0.1921093487287342,-251.67660150118843,-397.47279667760859,0.7300167613490085,1000,-753.10017292906764,-295.18970027939815,nan,-48.349428004654477,-743.34343353905172,56762.060395695284,772.68925145349533,nan,nan,-87.220939608851694
0,-21.993289342471936,-431.77247385359419,38.85120901794479,0.74156497473248417,77.939936171078472,-959.42467520780212,-10.916862664939609,1000,-962.61243243583453,nan,28.81069583371869,357.32454710479044,3028418.0755749503,-431.77247385359419,nan,nan,-431.77247385359419
0,521.56194070215258,-996.72479396023709,-958.81102018999593,0.72170721383072367,48.707850628297926,-0.92181727981080019,1000,-0.98238987874587547,-1000,nan,-691.98082997151573,-524.49677632668795,45354.705915291161,-996.72479396023709,nan,nan,-996.72479396023709
0,36.51070171862871,-398.93082378185585,0.43386262451229629,71.680611822080735,0.40654603384639026,236.59564566442737,-1000,920.51699101756674,1000,nan,31.099538371775079,-239.85236432349035,-77.486855904759324,-398.93082378185585,nan,nan,-398.93082378185585
0,-460.99625761756567,-1000,547.14317308069928,-802.79179613968108,-0.3660644800482904,-1000,224.46069001801482,-0.25424558937311437,-1000,nan,-439242.05066301901,-147.68259519894499,-96.759827165603696,-1000,nan,nan,-1000
0,-0.54560253166003392,0.23627408713537457,-723.02487039378491,-160.91223703335444,-1000,-0.41176362571350983,-1000,-33.147652458351608,1000,nan,116343.5493258151,381.61428594615609,-23966195.508271951,-0.54560253166003392,nan,nan,-0.54560253166003392
0,-642.98517041703792,-96.019189140400258,-53.601707096153525,-716.72599056214813,671.46938084869419,-1000,-163.44562470938519,899.98642284332652,79.60969129462741,nan,38417.736614312758,-375.42005853149868,-32392601.320982873,-642.98517041703792,nan,nan,-642.98517041703792
1,0,-300,0,-300,300,-600,600,300,-600,0,nan,nan,nan,nan,nan,nan,-600
1,934.77705992747985,93.707742577296358,-998.49284903136311,-0.70499159193425776,78.281251589137526,-0.26258008632202667,-55.930526108018547,994.71530990452845,-32.687636232652096,-998.49284903136288,nan,nan,nan,nan,nan,nan,-32.687636232652096
1,8.1269069986582139,13.297246814724772,81.082719759494069,-729.0711536676173,-19.932015935468115,89.89614596001357,780.79980515197508,-95.166189652443379,1000,81.082719759494069,nan,nan,nan,nan,nan,nan,1000
1,98.903816591683551,-102.83908200996893,-702.51853244144866,-90.752378102178071,-250.49536643738855,-0.62930664244149059,-38.721983317705934,905.21023676725099,-1000,-702.51853244144877,nan,nan,nan,nan,nan,nan,-1000
1,27.42689063420292,-0.72745830925235921,944.21973712734643,-93.4395385642311,-1000,-976.71431248985937,277.00471927017344,-83.492579736524348,-77.620016366317216,944.21973712734678,nan,nan,nan,nan,nan,nan,-77.620016366317216
1,1000,0.84130851637501225,-0.80841281558361944,-0.079118640220515735,30.438992061661541,-31.168914561870874,-438.43237380524869,-449.02259195239026,-371.74182164436155,-0.80841281558361933,nan,nan,nan,nan,nan,nan,-371.74182164436155
1,992.33025208702657,-347.17395291356422,1000,1000,0.70792475291100687,5.2532530061242708,-766.0566691999926,-465.1560787010647,1000,1000.0000000000001,nan,nan,nan,nan,nan,nan,1000
1,-1000,-1000,0.42700327928694692,555.99775759394095,15.798018446385464,-601.73006012679878,1000,135.05101405843979,-60.382678287631066,0.42700327928694698,nan,nan,nan,nan,nan,nan,-60.382678287631066
1,-53.573132688288148,331.42203748773414,0.45737096632987728,-33.222753715169048,-1000,-59.047085356499103,10.802643830144865,354.80826720185911,-795.13671347815841,0.45737096632987728,nan,nan,nan,nan,nan,nan,-795.13671347815841
0,0,-300,0,-300,300,-600,600,300,-600,nan,-0,-997.85824245176218,-997.85824245176218,-300,nan,nan,-300
1,0,-300,0,-300,300,-600,600,300,-600,0,nan,nan,nan,nan,nan,nan,-600
0,0,-300,1,-300,300,-600,600,300,-600,nan,-300,-997.83299635930916,89002.167003640687,-300,nan,nan,-300
1,0,-300,1,-300,300,-600,600,300,-600,1,nan,nan,nan,nan,nan,nan,-600
0,0,-300,-1,-300,300,-600,600,300,-600,nan,300,-997.96707290020288,-90997.96707290021,-300,nan,nan,-300
1,0,-300,-1,-300,300,-600,600,300,-600,-1,nan,nan,nan,nan,nan,nan,-600
0,0,-300,0.5,-300,300,-600,600,300,-600,nan,-150,-997.80165130511466,44002.198348694888,-300,nan,nan,-300
1,0,-300,0.5,-300,300,-600,600,300,-600,0.5,nan,nan,nan,nan,nan,nan,-600
0,0,-300,-0.25,-300,300,-600,600,300,-600,nan,75,-997.87369548550589,-23497.873695485505,-300,nan,nan,-300
1,0,-300,-0.25,-300,300,-600,600,300,-600,-0.25,nan,nan,nan,nan,nan,nan,-600
0,0,-300,0.125,-300,300,-600,600,300,-600,nan,-37.5,-997.92095799126662,10252.079042008734,-300,nan,nan,-300
1,0,-300,0.125,-300,300,-600,600,300,-600,0.125,nan,nan,nan,nan,nan,nan,-600
0,0,-300,-1000,-300,300,-600,600,300,-600,nan,300000,-997.82783345782548,-90000997.827833459,-300,nan,nan,-300
1,0,-300,-1000,-300,300,-600,600,300,-600,-1000,nan,nan,nan,nan,nan,nan,-600
0,0,-300,1000,-300,300,-600,600,300,-600,nan,-300000,-997.92167973149265,89999002.078320265,-300,nan,nan,-300
1,0,-300,1000,-300,300,-600,600,300,-600,1000,nan,nan,nan,nan,nan,nan,-600
0,0,-300,0,0,300,-600,600,300,-600,nan,0,-997.9563676544368,-997.9563676544368,-300,nan,nan,-300
1,0,-300,0,0,300,-600,600,300,-600,0,nan,nan,nan,nan,nan,nan,-600
0,0,-300,0,1,300,-600,600,300,-600,nan,0,-997.88092484032495,-997.88092484032495,-300,nan,nan,-300
1,0,-300,0,1,300,-600,600,300,-600,0,nan,nan,nan,nan,nan,nan,-600
0,0,-300,0,-1,300,-600,600,300,-600,nan,-0,-997.9882477563242,-997.9882477563242,-300,nan,nan,-300
1,0,-300,0,-1,300,-600,600,300,-600,0,nan,nan,nan,nan,nan,nan,-600
0,0,-300,0,0.5,300,-600,600,300,-600,nan,0,-997.94249507573716,-997.94249507573716,-300,nan,nan,-300
1,0,-300,0,0.5,300,-600,600,300,-600,0,nan,nan,nan,nan,nan,nan,-600
0,0,-300,0,-0.25,300,-600,600,300,-600,nan,-0,-998.01527370929898,-998.01527370929898,-300,nan,nan,-300
1,0,-300,0,-0.25,300,-600,600,300,-600,0,nan,nan,nan,nan,nan,nan,-600
0,0,-300,0,0.125,300,-600,600,300,-600,nan,0,-997.90712734995952,-997.90712734995952,-300,nan,nan,-300
1,0,-300,0,0.125,300,-600,600,300,-600,0,nan,nan,nan,nan,nan,nan,-600
0,0,-300,0,-1000,300,-600,600,300,-600,nan,-0,-997.86279782811562,-997.86279782811562,-300,nan,nan,-300
1,0,-300,0,-1000,300,-600,600,300,-600,0,nan,nan,nan,nan,nan,nan,-600
0,0,-300,0,1000,300,-600,600,300,-600,nan,0,-997.90686274912957,-997.90686274912957,-300,nan,nan,-300
1,0,-300,0,1000,300,-600,600,300,-600,0,nan,nan,nan,nan,nan,nan,-600
0,0,-300,0,-300,0,-600,600,300,-600,nan,-0,-998.04410122658965,-998.04410122658965,-300,nan,nan,-300
1,0,-300,0,-300,0,-600,600,300,-600,0,nan,nan,nan,nan,nan,nan,-600
0,0,-300,0,-300,1,-600,600,300,-600,nan,-0,-997.95631982443297,-997.95631982443297,-300,nan,nan,-300
1,0,-300,0,-300,1,-600,600,300,-600,0,nan,nan,nan,nan,nan,nan,-600
0,0,-300,0,-300,-1,-600,600,300,-600,nan,-0,-997.96828917130233,-997.96828917130233,-300,nan,nan,-300
1,0,-300,0,-300,-1,-600,600,300,-600,0,nan,nan,nan,nan,nan,nan,-600
0,0,-300,0,-300,0.5,-600,600,300,-600,nan,-0,-998.04799195236785,-998.04799195236785,-300,nan,nan,-300
1,0,-300,0,-300,0.5,-600,600,300,-600,0,nan,nan,nan,nan,nan,nan,-600
0,0,-300,0,-300,-0.25,-600,600,300,-600,nan,-0,-998.02625267772532,-998.02625267772532,-300,nan,nan,-300
1,0,-300,0,-300,-0.25,-600,600,300,-600,0,nan,nan,nan,nan,nan,nan,-600
0,0,-300,0,-300,0.125,-600,600,300,-600,nan,-0,-997.91593743249734,-997.91593743249734,-300,nan,nan,-300
1,0,-300,0,-300,0.125,-600,600,300,-600,0,nan,nan,nan,nan,nan,nan,-600
0,0,-300,0,-300,-1000,-600,600,300,-600,nan,-0,-998.00611305249413,-998.00611305249413,-300,nan,nan,-300
1,0,-300,0,-300,-1000,-600,600,300,-600,0,nan,nan,nan,nan,nan,nan,-600
0,0,-300,0,-300,1000,-600,600,300,-600,nan,-0,-997.94140341348862,-997.94140341348862,-300,nan,nan,-300
1,0,-300,0,-300,1000,-600,600,300,-600,0,nan,nan,nan,nan,nan,nan,-600
0,0,-300,0,-300,300,0,600,300,-600,nan,-0,-997.86100695492689,-997.86100695492689,-300,nan,nan,-300
1,0,-300,0,-300,300,0,600,300,-600,0,nan,nan,nan,nan,nan,nan,-600
0,0,-300,0,-300,300,1,600,300,-600,nan,-0,-998.04063692153306,-998.04063692153306,-300,nan,nan,-300
1,0,-300,0,-300,300,1,600,300,-600,0,nan,nan,nan,nan,nan,nan,-600
0,0,-300,0,-300,300,-1,600,300,-600,nan,-0,-997.8194218855964,-997.8194218855964,-300,nan,nan,-300
1,0,-300,0,-300,300,-1,600,300,-600,0,nan,nan,nan,nan,nan,nan,-600
0,0,-300,0,-300,300,0.5,600,300,-600,nan,-0,-998.04130722846753,-998.04130722846753,-300,nan,nan,-300
1,0,-300,0,-300,300,0.5,600,300,-600,0,nan,nan,nan,nan,nan,nan,-600
0,0,-300,0,-300,300,-0.25,600,300,-600,nan,-0,-997.93161452368474,-997.93161452368474,-300,nan,nan,-300
1,0,-300,0,-300,300,-0.25,600,300,-600,0,nan,nan,nan,nan,nan,nan,-600
0,0,-300,0,-300,300,0.125,600,300,-600,nan,-0,-997.81575572070142,-997.81575572070142,-300,nan,nan,-300
1,0,-300,0,-300,300,0.125,600,300,-600,0,nan,nan,nan,nan,nan,nan,-600
0,0,-300,0,-300,300,-1000,600,300,-600,nan,-0,-998.04285713105082,-998.04285713105082,-300,nan,nan,-300
1,0,-300,0,-300,300,-1000,600,300,-600,0,nan,nan,nan,nan,nan,nan,-600
0,0,-300,0,-300,300,1000,600,300,-600,nan,-0,-998.03046986189588,-998.03046986189588,-300,nan,nan,-300
1,0,-300,0,-300,300,1000,600,300,-600,0,nan,nan,nan,nan,nan,nan,-600
0,0,-300,0,-300,300,-600,0,300,-600,nan,-0,-997.95429275934555,-997.95429275934555,-300,nan,nan,-300
1,0,-300,0,-300,300,-600,0,300,-600,0,nan,nan,nan,nan,nan,nan,-600
0,0,-300,0,-300,300,-600,1,300,-600,nan,-0,-997.85497784572874,-997.85497784572874,-300,nan,nan,-300
1,0,-300,0,-300,300,-600,1,300,-600,0,nan,nan,nan,nan,nan,nan,-600
0,0,-300,0,-300,300,-600,-1,300,-600,nan,-0,-997.84363151247487,-997.84363151247487,-300,nan,nan,-300
1,0,-300,0,-300,300,-600,-1,300,-600,-0,nan,nan,nan,nan,nan,nan,-600
0,0,-300,0,-300,300,-600,0.5,300,-600,nan,-0,-998.03594906468368,-998.03594906468368,-300,nan,nan,-300
1,0,-300,0,-300,300,-600,0.5,300,-600,0,nan,nan,nan,nan,nan,nan,-600
0,0,-300,0,-300,300,-600,-0.25,300,-600,nan,-0,-997.88022999003715,-997.88022999003715,-300,nan,nan,-300
1,0,-300,0,-300,300,-600,-0.25,300,-600,-0,nan,nan,nan,nan,nan,nan,-600
0,0,-300,0,-300,300,-600,0.125,300,-600,nan,-0,-997.93934472427964,-997.93934472427964,-300,nan,nan,-300
1,0,-300,0,-300,300,-600,0.125,300,-600,0,nan,nan,nan,nan,nan,nan,-600
0,0,-300,0,-300,300,-600,-1000,300,-600,nan,-0,-998.01421559247024,-998.01421559247024,-300,nan,nan,-300
1,0,-300,0,-300,300,-600,-1000,300,-600,-0,nan,nan,nan,nan,nan,nan,-600
0,0,-300,0,-300,300,-600,1000,300,-600,nan,-0,-997.9884016992828,-997.9884016992828,-300,nan,nan,-300
1,0,-300,0,-300,300,-600,1000,300,-600,0,nan,nan,nan,nan,nan,nan,-600
0,0,-300,0,-300,300,-600,600,300,-600,nan,-0,-997.97379423609641,-997.97379423609641,-300,nan,nan,-300
1,0,-300,0,-300,300,-600,600,300,-600,0,nan,nan,nan,nan,nan,nan,-600
0,1,-300,0,-300,300,-600,600,300,-600,nan,-0,-997.83833167268983,-997.83833167268983,-300,nan,nan,-300
1,1,-300,0,-300,300,-600,600,300,-600,0,nan,nan,nan,nan,nan,nan,-600
0,-1,-300,0,-300,300,-600,600,300,-600,nan,-0,-997.80324484405071,-997.80324484405071,-300,nan,nan,-300
1,-1,-300,0,-300,300,-600,600,300,-600,0,nan,nan,nan,nan,nan,nan,-600
0,0.5,-300,0,-300,300,-600,600,300,-600,nan,-0,-997.85607827878505,-997.85607827878505,-300,nan,nan,-300
1,0.5,-300,0,-300,300,-600,600,300,-600,0,nan,nan,nan,nan,nan,nan,-600
0,-0.25,-300,0,-300,300,-600,600,300,-600,nan,-0,-998.0320807334532,-998.0320807334532,-300,nan,nan,-300
1,-0.25,-300,0,-300,300,-600,600,300,-600,0,nan,nan,nan,nan,nan,nan,-600
0,0.125,-300,0,-300,300,-600,600,300,-600,nan,-0,-997.85320081103987,-997.85320081103987,-300,nan,nan,-300
1,0.125,-300,0,-300,300,-600,600,300,-600,0,nan,nan,nan,nan,nan,nan,-600
0,-1000,-300,0,-300,300,-600,600,300,-600,nan,-0,-997.89921372061963,-997.89921372061963,-997.89921372061963,nan,nan,-1000
1,-1000,-300,0,-300,300,-600,600,300,-600,0,nan,nan,nan,nan,nan,nan,-600
0,1000,-300,0,-300,300,-600,600,300,-600,nan,-0,-997.89519117575549,-997.89519117575549,-300,nan,nan,-300
1,1000,-300,0,-300,300,-600,600,300,-600,0,nan,nan,nan,nan,nan,nan,-600
0,0,0,0,-300,300,-600,600,300,-600,nan,-0,-997.99242676988001,-997.99242676988001,0,nan,nan,0
1,0,0,0,-300,300,-600,600,300,-600,0,nan,nan,nan,nan,nan,nan,-600
0,0,1,0,-300,300,-600,600,300,-600,nan,-0,-997.8146258998953,-997.8146258998953,0,nan,nan,0
1,0,1,0,-300,300,-600,600,300,-600,0,nan,nan,nan,nan,nan,nan,-600
0,0,-1,0,-300,300,-600,600,300,-600,nan,-0,-997.87367446550627,-997.87367446550627,-1,nan,nan,-1
1,0,-1,0,-300,300,-600,600,300,-600,0,nan,nan,nan,nan,nan,nan,-600
0,0,0.5,0,-300,300,-600,600,300,-600,nan,-0,-997.83159332700427,-997.83159332700427,0,nan,nan,0
1,0,0.5,0,-300,300,-600,600,300,-600,0,nan,nan,nan,nan,nan,nan,-600
0,0,-0.25,0,-300,300,-600,600,300,-600,nan,-0,-997.83499521248734,-997.83499521248734,-0.25,nan,nan,-0.25
1,0,-0.25,0,-300,300,-600,600,300,-600,0,nan,nan,nan,nan,nan,nan,-600
0,0,0.125,0,-300,300,-600,600,300,-600,nan,-0,-997.97181045201091,-997.97181045201091,0,nan,nan,0
1,0,0.125,0,-300,300,-600,600,300,-600,0,nan,nan,nan,nan,nan,nan,-600
0,0,-1000,0,-300,300,-600,600,300,-600,nan,-0,-997.96694275792038,-997.96694275792038,-1000,nan,nan,-1000
1,0,-1000,0,-300,300,-600,600,300,-600,0,nan,nan,nan,nan,nan,nan,-600
0,0,1000,0,-300,300,-600,600,300,-600,nan,-0,-997.89731539170816,-997.89731539170816,0,nan,nan,0
1,0,1000,0,-300,300,-600,600,300,-600,0,nan,nan,nan,nan,nan,nan,-600
0,0,-300,0,-300,300,-600,600,0,-600,nan,-0,-997.95614398466398,-997.95614398466398,-300,nan,nan,-300
1,0,-300,0,-300,300,-600,600,0,-600,0,nan,nan,nan,nan,nan,nan,-600
0,0,-300,0,-300,300,-600,600,1,-600,nan,-0,-997.8684235914119,-997.8684235914119,-300,nan,nan,-300
1,0,-300,0,-300,300,-600,600,1,-600,0,nan,nan,nan,nan,nan,nan,-600
0,0,-300,0,-300,300,-600,600,-1,-600,nan,-0,-997.83138749648663,-997.83138749648663,-300,nan,nan,-300
1,0,-300,0,-300,300,-600,600,-1,-600,-0,nan,nan,nan,nan,nan,nan,-600
0,0,-300,0,-300,300,-600,600,0.5,-600,nan,-0,-998.01291868497606,-998.01291868497606,-300,nan,nan,-300
1,0,-300,0,-300,300,-600,600,0.5,-600,0,nan,nan,nan,nan,nan,nan,-600
0,0,-300,0,-300,300,-600,600,-0.25,-600,nan,-0,-997.8542064367391,-997.8542064367391,-300,nan,nan,-300
1,0,-300,0,-300,300,-600,600,-0.25,-600,-0,nan,nan,nan,nan,nan,nan,-600
0,0,-300,0,-300,300,-600,600,0.125,-600,nan,-0,-997.84314244147163,-997.84314244147163,-300,nan,nan,-300
1,0,-300,0,-300,300,-600,600,0.125,-600,0,nan,nan,nan,nan,nan,nan,-600
0,0,-300,0,-300,300,-600,600,-1000,-600,nan,-0,-998.03307752983767,-998.03307752983767,-300,nan,nan,-300
1,0,-300,0,-300,300,-600,600,-1000,-600,-0,nan,nan,nan,nan,nan,nan,-600
0,0,-300,0,-300,300,-600,600,1000,-600,nan,-0,-997.95128423636152,-997.95128423636152,-300,nan,nan,-300
1,0,-300,0,-300,300,-600,600,1000,-600,0,nan,nan,nan,nan,nan,nan,-600
0,0,-300,0,-300,300,-600,600,300,0,nan,-0,-998.01278653344229,-998.01278653344229,-300,nan,nan,-300
1,0,-300,0,-300,300,-600,600,300,0,0,nan,nan,nan,nan,nan,nan,0
0,0,-300,0,-300,300,-600,600,300,1,nan,-0,-997.8646203538442,-997.8646203538442,-300,nan,nan,-300
1,0,-300,0,-300,300,-600,600,300,1,0,nan,nan,nan,nan,nan,nan,1
0,0,-300,0,-300,300,-600,600,300,-1,nan,-0,-997.85053304814085,-997.85053304814085,-300,nan,nan,-300
1,0,-300,0,-300,300,-600,600,300,-1,0,nan,nan,nan,nan,nan,nan,-1
0,0,-300,0,-300,300,-600,600,300,0.5,nan,-0,-997.89385812686862,-997.89385812686862,-300,nan,nan,-300
1,0,-300,0,-300,300,-600,600,300,0.5,0,nan,nan,nan,nan,nan,nan,0.5
0,0,-300,0,-300,300,-600,600,300,-0.25,nan,-0,-998.04785958696505,-998.04785958696505,-300,nan,nan,-300
1,0,-300,0,-300,300,-600,600,300,-0.25,0,nan,nan,nan,nan,nan,nan,-0.25
0,0,-300,0,-300,300,-600,600,300,0.125,nan,-0,-997.89362200497794,-997.89362200497794,-300,nan,nan,-300
1,0,-300,0,-300,300,-600,600,300,0.125,0,nan,nan,nan,nan,nan,nan,0.125
0,0,-300,0,-300,300,-600,600,300,-1000,nan,-0,-997.9883539216703,-997.9883539216703,-300,nan,nan,-300
1,0,-300,0,-300,300,-600,600,300,-1000,0,nan,nan,nan,nan,nan,nan,-1000
0,0,-300,0,-300,300,-600,600,300,1000,nan,-0,-997.82009329619973,-997.82009329619973,-300,nan,nan,-300
1,0,-300,0,-300,300,-600,600,300,1000,0,nan,nan,nan,nan,nan,nan,1000
0,0,-300,1,-300,300,-600,600,300,-600,nan,-300,-997.99778356828301,89002.00221643172,-300,nan,nan,-300
1,0,-300,1,-300,300,-600,600,300,-600,1,nan,nan,nan,nan,nan,nan,-600
0,0,-300,-1,-300,300,-600,600,300,-600,nan,300,-997.96020151629534,-90997.960201516296,-300,nan,nan,-300
1,0,-300,-1,-300,300,-600,600,300,-600,-1,nan,nan,nan,nan,nan,nan,-600
0,0,-300,2,-300,300,-600,600,300,-600,nan,-600,-998.01376779469626,179001.98623220529,-300,nan,nan,-300
1,0,-300,2,-300,300,-600,600,300,-600,2,nan,nan,nan,nan,nan,nan,-600
0,0,-300,-2,-300,300,-600,600,300,-600,nan,600,-997.84332690714916,-180997.84332690714,-300,nan,nan,-300
1,0,-300,-2,-300,300,-600,600,300,-600,-2,nan,nan,nan,nan,nan,nan,-600
0,0,-300,3,-300,300,-600,600,300,-600,nan,-900,-998.04284996027468,269001.95715003973,-300,nan,nan,-300
1,0,-300,3,-300,300,-600,600,300,-600,3,nan,nan,nan,nan,nan,nan,-600
0,0,-300,1.0000000000000002,-300,300,-600,600,300,-600,nan,-300.00000000000006,-997.82217195506257,89002.177828044951,-300,nan,nan,-300
1,0,-300,1.0000000000000002,-300,300,-600,600,300,-600,1.0000000000000002,nan,nan,nan,nan,nan,nan,-600
0,0,-300,0.99999999999999989,-300,300,-600,600,300,-600,nan,-299.99999999999994,-998.02530060560537,89001.974699394385,-300,nan,nan,-300
1,0,-300,0.99999999999999989,-300,300,-600,600,300,-600,0.99999999999999978,nan,nan,nan,nan,nan,nan,-600
0,0,-300,0.99999999999900002,-300,300,-600,600,300,-600,nan,-299.99999999969998,-998.000616562451,89001.999383347546,-300,nan,nan,-300
1,0,-300,0.99999999999900002,-300,300,-600,600,300,-600,0.99999999999899991,nan,nan,nan,nan,nan,nan,-600
0,0,-300,1.5800000000000001,-300,300,-600,600,300,-600,nan,-474,-997.98983851304013,141202.01016148695,-300,nan,nan,-300
1,0,-300,1.5800000000000001,-300,300,-600,600,300,-600,1.5799999999999998,nan,nan,nan,nan,nan,nan,-600
0,0,-300,-1.5800000000000001,-300,300,-600,600,300,-600,nan,474,-997.82184567452384,-143197.82184567454,-300,nan,nan,-300
1,0,-300,-1.5800000000000001,-300,300,-600,600,300,-600,-1.5799999999999998,nan,nan,nan,nan,nan,nan,-600
0,0,-300,3.1600000000000001,-300,300,-600,600,300,-600,nan,-948,-997.81644934936719,283402.18355065066,-300,nan,nan,-300
1,0,-300,3.1600000000000001,-300,300,-600,600,300,-600,3.1599999999999997,nan,nan,nan,nan,nan,nan,-600
0,0,-300,-3.1600000000000001,-300,300,-600,600,300,-600,nan,948,-997.8161857564877,-285397.81618575647,-300,nan,nan,-300
1,0,-300,-3.1600000000000001,-300,300,-600,600,300,-600,-3.1599999999999997,nan,nan,nan,nan,nan,nan,-600
0,0,-300,4.7400000000000002,-300,300,-600,600,300,-600,nan,-1422,-997.90692601678268,425602.09307398321,-300,nan,nan,-300
1,0,-300,4.7400000000000002,-300,300,-600,600,300,-600,4.7400000000000002,nan,nan,nan,nan,nan,nan,-600
0,0,-300,1.5800000000000003,-300,300,-600,600,300,-600,nan,-474.00000000000011,-997.88816390371937,141202.1118360963,-300,nan,nan,-300
1,0,-300,1.5800000000000003,-300,300,-600,600,300,-600,1.5800000000000005,nan,nan,nan,nan,nan,nan,-600
0,0,-300,1.5799999999999998,-300,300,-600,600,300,-600,nan,-473.99999999999994,-997.80186737747022,141202.19813262252,-300,nan,nan,-300
1,0,-300,1.5799999999999998,-300,300,-600,600,300,-600,1.5800000000000001,nan,nan,nan,nan,nan,nan,-600
0,0,-300,1.57999999999842,-300,300,-600,600,300,-600,nan,-473.99999999952598,-997.97002905504235,141202.02997080275,-300,nan,nan,-300
1,0,-300,1.57999999999842,-300,300,-600,600,300,-600,1.5799999999984198,nan,nan,nan,nan,nan,nan,-600
0,0,-300,4,-300,300,-600,600,300,-600,nan,-1200,-997.98982740496149,359002.01017259504,-300,nan,nan,-300
1,0,-300,4,-300,300,-600,600,300,-600,4,nan,nan,nan,nan,nan,nan,-600
0,0,-300,-4,-300,300,-600,600,300,-600,nan,1200,-997.95003537165485,-360997.95003537164,-300,nan,nan,-300
1,0,-300,-4,-300,300,-600,600,300,-600,-4,nan,nan,nan,nan,nan,nan,-600
0,0,-300,6,-300,300,-600,600,300,-600,nan,-1800,-997.89658552096228,539002.10341447906,-300,nan,nan,-300
1,0,-300,6,-300,300,-600,600,300,-600,6,nan,nan,nan,nan,nan,nan,-600
0,0,-300,2.0000000000000004,-300,300,-600,600,300,-600,nan,-600.00000000000011,-997.98682111208632,179002.01317888795,-300,nan,nan,-300
1,0,-300,2.0000000000000004,-300,300,-600,600,300,-600,2.0000000000000004,nan,nan,nan,nan,nan,nan,-600
0,0,-300,1.9999999999999998,-300,300,-600,600,300,-600,nan,-599.99999999999989,-997.93844373116167,179002.0615562688,-300,nan,nan,-300
1,0,-300,1.9999999999999998,-300,300,-600,600,300,-600,1.9999999999999996,nan,nan,nan,nan,nan,nan,-600
0,0,-300,1.999999999998,-300,300,-600,600,300,-600,nan,-599.99999999939996,-998.03670853712197,179001.96329128288,-300,nan,nan,-300
1,0,-300,1.999999999998,-300,300,-600,600,300,-600,1.9999999999979998,nan,nan,nan,nan,nan,nan,-600
0,0,-300,-3,-300,300,-600,600,300,-600,nan,900,-997.95541126204671,-270997.95541126205,-300,nan,nan,-300
1,0,-300,-3,-300,300,-600,600,300,-600,-3,nan,nan,nan,nan,nan,nan,-600
0,0,-300,-6,-300,300,-600,600,300,-600,nan,1800,-997.92958190528952,-540997.92958190525,-300,nan,nan,-300
1,0,-300,-6,-300,300,-600,600,300,-600,-6,nan,nan,nan,nan,nan,nan,-600
0,0,-300,9,-300,300,-600,600,300,-600,nan,-2700,-997.81006191024835,809002.18993808969,-300,nan,nan,-300
1,0,-300,9,-300,300,-600,600,300,-600,9,nan,nan,nan,nan,nan,nan,-600
0,0,-300,3.0000000000000004,-300,300,-600,600,300,-600,nan,-900.00000000000011,-997.92719988871738,269002.07280011132,-300,nan,nan,-300
1,0,-300,3.0000000000000004,-300,300,-600,600,300,-600,3.0000000000000004,nan,nan,nan,nan,nan,nan,-600
0,0,-300,2.9999999999999996,-300,300,-600,600,300,-600,nan,-899.99999999999989,-997.84542402070963,269002.15457597922,-300,nan,nan,-300
1,0,-300,2.9999999999999996,-300,300,-600,600,300,-600,2.9999999999999991,nan,nan,nan,nan,nan,nan,-600
0,0,-300,2.9999999999970002,-300,300,-600,600,300,-600,nan,-899.99999999910005,-997.91383256907795,269002.08616716095,-300,nan,nan,-300
1,0,-300,2.9999999999970002,-300,300,-600,600,300,-600,2.9999999999970002,nan,nan,nan,nan,nan,nan,-600
0,0,-300,8,-300,300,-600,600,300,-600,nan,-2400,-998.01946055111864,719001.98053944891,-300,nan,nan,-300
1,0,-300,8,-300,300,-600,600,300,-600,8,nan,nan,nan,nan,nan,nan,-600
0,0,-300,-8,-300,300,-600,600,300,-600,nan,2400,-997.81355149379476,-720997.8135514938,-300,nan,nan,-300
1,0,-300,-8,-300,300,-600,600,300,-600,-8,nan,nan,nan,nan,nan,nan,-600
0,0,-300,12,-300,300,-600,600,300,-600,nan,-3600,-997.9581686054654,1079002.0418313944,-300,nan,nan,-300
1,0,-300,12,-300,300,-600,600,300,-600,12,nan,nan,nan,nan,nan,nan,-600
0,0,-300,4.0000000000000009,-300,300,-600,600,300,-600,nan,-1200.0000000000002,-997.85029908992624,359002.14970091014,-300,nan,nan,-300
1,0,-300,4.0000000000000009,-300,300,-600,600,300,-600,4.0000000000000009,nan,nan,nan,nan,nan,nan,-600
0,0,-300,3.9999999999999996,-300,300,-600,600,300,-600,nan,-1199.9999999999998,-997.86907445980796,359002.13092554011,-300,nan,nan,-300
1,0,-300,3.9999999999999996,-300,300,-600,600,300,-600,3.9999999999999991,nan,nan,nan,nan,nan,nan,-600
0,0,-300,3.9999999999960001,-300,300,-600,600,300,-600,nan,-1199.9999999987999,-997.95688126411642,359002.04311837588,-300,nan,nan,-300
1,0,-300,3.9999999999960001,-300,300,-600,600,300,-600,3.9999999999959996,nan,nan,nan,nan,nan,nan,-600
0,0,-300,5,-300,300,-600,600,300,-600,nan,-1500,-997.93678659077079,449002.06321340922,-300,nan,nan,-300
1,0,-300,5,-300,300,-600,600,300,-600,5,nan,nan,nan,nan,nan,nan,-600
0,0,-300,-5,-300,300,-600,600,300,-600,nan,1500,-997.95290709904418,-450997.95290709904,-300,nan,nan,-300
1,0,-300,-5,-300,300,-600,600,300,-600,-5,nan,nan,nan,nan,nan,nan,-600
0,0,-300,10,-300,300,-600,600,300,-600,nan,-3000,-997.91629239049155,899002.08370760956,-300,nan,nan,-300
1,0,-300,10,-300,300,-600,600,300,-600,10,nan,nan,nan,nan,nan,nan,-600
0,0,-300,-10,-300,300,-600,600,300,-600,nan,3000,-997.91537727942398,-900997.91537727939,-300,nan,nan,-300
1,0,-300,-10,-300,300,-600,600,300,-600,-10,nan,nan,nan,nan,nan,nan,-600
0,0,-300,15,-300,300,-600,600,300,-600,nan,-4500,-997.84386249381885,1349002.1561375062,-300,nan,nan,-300
1,0,-300,15,-300,300,-600,600,300,-600,15,nan,nan,nan,nan,nan,nan,-600
0,0,-300,5.0000000000000009,-300,300,-600,600,300,-600,nan,-1500.0000000000002,-997.99649336815173,449002.00350663188,-300,nan,nan,-300
1,0,-300,5.0000000000000009,-300,300,-600,600,300,-600,5.0000000000000009,nan,nan,nan,nan,nan,nan,-600
0,0,-300,4.9999999999999991,-300,300,-600,600,300,-600,nan,-1499.9999999999998,-997.86491012702663,449002.13508987293,-300,nan,nan,-300
1,0,-300,4.9999999999999991,-300,300,-600,600,300,-600,4.9999999999999991,nan,nan,nan,nan,nan,nan,-600
0,0,-300,4.9999999999950004,-300,300,-600,600,300,-600,nan,-1499.9999999985002,-997.8690997920753,449002.13089975796,-300,nan,nan,-300
1,0,-300,4.9999999999950004,-300,300,-600,600,300,-600,4.9999999999950004,nan,nan,nan,nan,nan,nan,-600
0,0,-300,16,-300,300,-600,600,300,-600,nan,-4800,-997.96638767120839,1439002.0336123288,-300,nan,nan,-300
1,0,-300,16,-300,300,-600,600,300,-600,16,nan,nan,nan,nan,nan,nan,-600
0,0,-300,-16,-300,300,-600,600,300,-600,nan,4800,-998.00617850804963,-1440998.006178508,-300,nan,nan,-300
1,0,-300,-16,-300,300,-600,600,300,-600,-16,nan,nan,nan,nan,nan,nan,-600
0,0,-300,24,-300,300,-600,600,300,-600,nan,-7200,-997.97544144027074,2159002.0245585595,-300,nan,nan,-300
1,0,-300,24,-300,300,-600,600,300,-600,24,nan,nan,nan,nan,nan,nan,-600
0,0,-300,8.0000000000000018,-300,300,-600,600,300,-600,nan,-2400.0000000000005,-997.84153244531626,719002.15846755484,-300,nan,nan,-300
1,0,-300,8.0000000000000018,-300,300,-600,600,300,-600,8.0000000000000018,nan,nan,nan,nan,nan,nan,-600
0,0,-300,7.9999999999999991,-300,300,-600,600,300,-600,nan,-2399.9999999999995,-997.83254159685305,719002.16745840304,-300,nan,nan,-300
1,0,-300,7.9999999999999991,-300,300,-600,600,300,-600,7.9999999999999982,nan,nan,nan,nan,nan,nan,-600
0,0,-300,7.9999999999920002,-300,300,-600,600,300,-600,nan,-2399.9999999975998,-997.80463323980086,719002.19536604022,-300,nan,nan,-300
1,0,-300,7.9999999999920002,-300,300,-600,600,300,-600,7.9999999999919993,nan,nan,nan,nan,nan,nan,-600
0,0,-300,10.332000000000001,-300,300,-600,600,300,-600,nan,-3099.6000000000004,-997.89076141259693,928882.10923858755,-300,nan,nan,-300
1,0,-300,10.332000000000001,-300,300,-600,600,300,-600,10.332000000000003,nan,nan,nan,nan,nan,nan,-600
0,0,-300,-10.332000000000001,-300,300,-600,600,300,-600,nan,3099.6000000000004,-997.94535264441106,-930877.94535264454,-300,nan,nan,-300
1,0,-300,-10.332000000000001,-300,300,-600,600,300,-600,-10.332000000000003,nan,nan,nan,nan,nan,nan,-600
0,0,-300,20.664000000000001,-300,300,-600,600,300,-600,nan,-6199.2000000000007,-997.81030361575381,1858762.1896963846,-300,nan,nan,-300
1,0,-300,20.664000000000001,-300,300,-600,600,300,-600,20.664000000000005,nan,nan,nan,nan,nan,nan,-600
0,0,-300,-20.664000000000001,-300,300,-600,600,300,-600,nan,6199.2000000000007,-997.9048325349163,-1860757.9048325352,-300,nan,nan,-300
1,0,-300,-20.664000000000001,-300,300,-600,600,300,-600,-20.664000000000005,nan,nan,nan,nan,nan,nan,-600
0,0,-300,30.996000000000002,-300,300,-600,600,300,-600,nan,-9298.8000000000011,-998.0100169785992,2788641.9899830213,-300,nan,nan,-300
1,0,-300,30.996000000000002,-300,300,-600,600,300,-600,30.995999999999999,nan,nan,nan,nan,nan,nan,-600
0,0,-300,10.332000000000003,-300,300,-600,600,300,-600,nan,-3099.6000000000008,-997.93049326438722,928882.06950673589,-300,nan,nan,-300
1,0,-300,10.332000000000003,-300,300,-600,600,300,-600,10.332000000000003,nan,nan,nan,nan,nan,nan,-600
0,0,-300,10.331999999999999,-300,300,-600,600,300,-600,nan,-3099.5999999999999,-997.90941359394571,928882.09058640595,-300,nan,nan,-300
1,0,-300,10.331999999999999,-300,300,-600,600,300,-600,10.331999999999997,nan,nan,nan,nan,nan,nan,-600
0,0,-300,10.331999999989669,-300,300,-600,600,300,-600,nan,-3099.5999999969008,-998.01629888638138,928881.98370018392,-300,nan,nan,-300
1,0,-300,10.331999999989669,-300,300,-600,600,300,-600,10.331999999989671,nan,nan,nan,nan,nan,nan,-600
0,0,-300,14.51,-300,300,-600,600,300,-600,nan,-4353,-997.91873687464306,1304902.0812631254,-300,nan,nan,-300
1,0,-300,14.51,-300,300,-600,600,300,-600,14.51,nan,nan,nan,nan,nan,nan,-600
0,0,-300,-14.51,-300,300,-600,600,300,-600,nan,4353,-997.83413103994894,-1306897.8341310399,-300,nan,nan,-300
1,0,-300,-14.51,-300,300,-600,600,300,-600,-14.51,nan,nan,nan,nan,nan,nan,-600
0,0,-300,29.02,-300,300,-600,600,300,-600,nan,-8706,-997.94301089062492,2610802.0569891091,-300,nan,nan,-300
1,0,-300,29.02,-300,300,-600,600,300,-600,29.02,nan,nan,nan,nan,nan,nan,-600
0,0,-300,-29.02,-300,300,-600,600,300,-600,nan,8706,-997.90291693194661,-2612797.902916932,-300,nan,nan,-300
1,0,-300,-29.02,-300,300,-600,600,300,-600,-29.02,nan,nan,nan,nan,nan,nan,-600
0,0,-300,43.530000000000001,-300,300,-600,600,300,-600,nan,-13059,-998.00948969021363,3916701.9905103096,-300,nan,nan,-300
1,0,-300,43.530000000000001,-300,300,-600,600,300,-600,43.529999999999994,nan,nan,nan,nan,nan,nan,-600
0,0,-300,14.510000000000002,-300,300,-600,600,300,-600,nan,-4353.0000000000009,-997.81676863724476,1304902.1832313631,-300,nan,nan,-300
1,0,-300,14.510000000000002,-300,300,-600,600,300,-600,14.510000000000003,nan,nan,nan,nan,nan,nan,-600
0,0,-300,14.509999999999998,-300,300,-600,600,300,-600,nan,-4352.9999999999991,-998.02104499608822,1304901.9789550037,-300,nan,nan,-300
1,0,-300,14.509999999999998,-300,300,-600,600,300,-600,14.509999999999998,nan,nan,nan,nan,nan,nan,-600
0,0,-300,14.509999999985491,-300,300,-600,600,300,-600,nan,-4352.9999999956472,-997.81243148661838,1304902.1875672075,-300,nan,nan,-300
1,0,-300,14.509999999985491,-300,300,-600,600,300,-600,14.509999999985489,nan,nan,nan,nan,nan,nan,-600
0,0,-300,42,-300,300,-600,600,300,-600,nan,-12600,-997.82155193951496,3779002.1784480605,-300,nan,nan,-300
1,0,-300,42,-300,300,-600,600,300,-600,42,nan,nan,nan,nan,nan,nan,-600
0,0,-300,-42,-300,300,-600,600,300,-600,nan,12600,-998.01131700131668,-3780998.0113170012,-300,nan,nan,-300
1,0,-300,-42,-300,300,-600,600,300,-600,-42,nan,nan,nan,nan,nan,nan,-600
0,0,-300,84,-300,300,-600,600,300,-600,nan,-25200,-997.92350322694631,7559002.0764967734,-300,nan,nan,-300
1,0,-300,84,-300,300,-600,600,300,-600,84,nan,nan,nan,nan,nan,nan,-600
0,0,-300,-84,-300,300,-600,600,300,-600,nan,25200,-997.89418287696822,-7560997.8941828767,-300,nan,nan,-300
1,0,-300,-84,-300,300,-600,600,300,-600,-84,nan,nan,nan,nan,nan,nan,-600
0,0,-300,126,-300,300,-600,600,300,-600,nan,-37800,-997.80234942159643,11339002.197650578,-300,nan,nan,-300
1,0,-300,126,-300,300,-600,600,300,-600,126,nan,nan,nan,nan,nan,nan,-600
0,0,-300,42.000000000000007,-300,300,-600,600,300,-600,nan,-12600.000000000002,-998.00727600778998,3779001.9927239926,-300,nan,nan,-300
1,0,-300,42.000000000000007,-300,300,-600,600,300,-600,42.000000000000007,nan,nan,nan,nan,nan,nan,-600
0,0,-300,41.999999999999993,-300,300,-600,600,300,-600,nan,-12599.999999999998,-997.82115664558546,3779002.1788433539,-300,nan,nan,-300
1,0,-300,41.999999999999993,-300,300,-600,600,300,-600,41.999999999999993,nan,nan,nan,nan,nan,nan,-600
0,0,-300,41.999999999958,-300,300,-600,600,300,-600,nan,-12599.9999999874,-997.8560535385742,3779002.1439426811,-300,nan,nan,-300
1,0,-300,41.999999999958,-300,300,-600,600,300,-600,41.999999999957993,nan,nan,nan,nan,nan,nan,-600
0,0,-300,43,-300,300,-600,600,300,-600,nan,-12900,-997.91169425362966,3869002.0883057462,-300,nan,nan,-300
1,0,-300,43,-300,300,-600,600,300,-600,43,nan,nan,nan,nan,nan,nan,-600
0,0,-300,-43,-300,300,-600,600,300,-600,nan,12900,-997.97586727041494,-3870997.9758672705,-300,nan,nan,-300
1,0,-300,-43,-300,300,-600,600,300,-600,-43,nan,nan,nan,nan,nan,nan,-600
0,0,-300,86,-300,300,-600,600,300,-600,nan,-25800,-997.85860470921659,7739002.1413952904,-300,nan,nan,-300
1,0,-300,86,-300,300,-600,600,300,-600,86,nan,nan,nan,nan,nan,nan,-600
0,0,-300,-86,-300,300,-600,600,300,-600,nan,25800,-998.0433860183449,-7740998.0433860179,-300,nan,nan,-300
1,0,-300,-86,-300,300,-600,600,300,-600,-86,nan,nan,nan,nan,nan,nan,-600
0,0,-300,129,-300,300,-600,600,300,-600,nan,-38700,-997.92601224058876,11609002.07398776,-300,nan,nan,-300
1,0,-300,129,-300,300,-600,600,300,-600,129,nan,nan,nan,nan,nan,nan,-600
0,0,-300,43.000000000000007,-300,300,-600,600,300,-600,nan,-12900.000000000002,-997.94606821660102,3869002.0539317839,-300,nan,nan,-300
1,0,-300,43.000000000000007,-300,300,-600,600,300,-600,43.000000000000007,nan,nan,nan,nan,nan,nan,-600
0,0,-300,42.999999999999993,-300,300,-600,600,300,-600,nan,-12899.999999999998,-997.87405114822275,3869002.1259488515,-300,nan,nan,-300
1,0,-300,42.999999999999993,-300,300,-600,600,300,-600,42.999999999999993,nan,nan,nan,nan,nan,nan,-600
0,0,-300,42.999999999956998,-300,300,-600,600,300,-600,nan,-12899.9999999871,-997.939996906749,3869002.0599992233,-300,nan,nan,-300
1,0,-300,42.999999999956998,-300,300,-600,600,300,-600,42.999999999956998,nan,nan,nan,nan,nan,nan,-600
0,0,-300,44,-300,300,-600,600,300,-600,nan,-13200,-997.91844975126378,3959002.0815502489,-300,nan,nan,-300
1,0,-300,44,-300,300,-600,600,300,-600,44,nan,nan,nan,nan,nan,nan,-600
0,0,-300,-44,-300,300,-600,600,300,-600,nan,13200,-997.91610528205342,-3960997.916105282,-300,nan,nan,-300
1,0,-300,-44,-300,300,-600,600,300,-600,-44,nan,nan,nan,nan,nan,nan,-600
0,0,-300,88,-300,300,-600,600,300,-600,nan,-26400,-997.80672686806508,7919002.1932731317,-300,nan,nan,-300
1,0,-300,88,-300,300,-600,600,300,-600,88,nan,nan,nan,nan,nan,nan,-600
0,0,-300,-88,-300,300,-600,600,300,-600,nan,26400,-997.80559358125868,-7920997.8055935809,-300,nan,nan,-300
1,0,-300,-88,-300,300,-600,600,300,-600,-88,nan,nan,nan,nan,nan,nan,-600
0,0,-300,132,-300,300,-600,600,300,-600,nan,-39600,-997.9611186497176,11879002.03888135,-300,nan,nan,-300
1,0,-300,132,-300,300,-600,600,300,-600,132,nan,nan,nan,nan,nan,nan,-600
0,0,-300,44.000000000000007,-300,300,-600,600,300,-600,nan,-13200.000000000002,-997.954616087408,3959002.045383913,-300,nan,nan,-300
1,0,-300,44.000000000000007,-300,300,-600,600,300,-600,44.000000000000007,nan,nan,nan,nan,nan,nan,-600
0,0,-300,43.999999999999993,-300,300,-600,600,300,-600,nan,-13199.999999999998,-997.84241618858823,3959002.1575838109,-300,nan,nan,-300
1,0,-300,43.999999999999993,-300,300,-600,600,300,-600,43.999999999999993,nan,nan,nan,nan,nan,nan,-600
0,0,-300,43.999999999956003,-300,300,-600,600,300,-600,nan,-13199.999999986801,-997.87148151177598,3959002.1285145287,-300,nan,nan,-300
1,0,-300,43.999999999956003,-300,300,-600,600,300,-600,43.999999999956003,nan,nan,nan,nan,nan,nan,-600
0,0,-300,45,-300,300,-600,600,300,-600,nan,-13500,-997.89158692377225,4049002.108413076,-300,nan,nan,-300
1,0,-300,45,-300,300,-600,600,300,-600,45,nan,nan,nan,nan,nan,nan,-600
0,0,-300,-45,-300,300,-600,600,300,-600,nan,13500,-998.00266678081391,-4050998.0026667807,-300,nan,nan,-300
1,0,-300,-45,-300,300,-600,600,300,-600,-45,nan,nan,nan,nan,nan,nan,-600
0,0,-300,90,-300,300,-600,600,300,-600,nan,-27000,-997.87428919999149,8099002.1257108003,-300,nan,nan,-300
1,0,-300,90,-300,300,-600,600,300,-600,90,nan,nan,nan,nan,nan,nan,-600
0,0,-300,-90,-300,300,-600,600,300,-600,nan,27000,-997.83489794640593,-8100997.8348979466,-300,nan,nan,-300
1,0,-300,-90,-300,300,-600,600,300,-600,-90,nan,nan,nan,nan,nan,nan,-600
0,0,-300,135,-300,300,-600,600,300,-600,nan,-40500,-998.00216933945637,12149001.997830661,-300,nan,nan,-300
1,0,-300,135,-300,300,-600,600,300,-600,135,nan,nan,nan,nan,nan,nan,-600
0,0,-300,45.000000000000007,-300,300,-600,600,300,-600,nan,-13500.000000000002,-997.90904592430866,4049002.090954076,-300,nan,nan,-300
1,0,-300,45.000000000000007,-300,300,-600,600,300,-600,45.000000000000007,nan,nan,nan,nan,nan,nan,-600
0,0,-300,44.999999999999993,-300,300,-600,600,300,-600,nan,-13499.999999999998,-997.97220335636314,4049002.0277966433,-300,nan,nan,-300
1,0,-300,44.999999999999993,-300,300,-600,600,300,-600,44.999999999999993,nan,nan,nan,nan,nan,nan,-600
0,0,-300,44.999999999955001,-300,300,-600,600,300,-600,nan,-13499.999999986501,-997.8526297716046,4049002.1473661787,-300,nan,nan,-300
1,0,-300,44.999999999955001,-300,300,-600,600,300,-600,44.999999999955001,nan,nan,nan,nan,nan,nan,-600
0,0,-300,47,-300,300,-600,600,300,-600,nan,-14100,-997.88776626468893,4229002.1122337356,-300,nan,nan,-300
1,0,-300,47,-300,300,-600,600,300,-600,47,nan,nan,nan,nan,nan,nan,-600
0,0,-300,-47,-300,300,-600,600,300,-600,nan,14100,-997.98877303999154,-4230997.9887730395,-300,nan,nan,-300
1,0,-300,-47,-300,300,-600,600,300,-600,-47,nan,nan,nan,nan,nan,nan,-600
0,0,-300,94,-300,300,-600,600,300,-600,nan,-28200,-997.90428831757538,8459002.095711682,-300,nan,nan,-300
1,0,-300,94,-300,300,-600,600,300,-600,94,nan,nan,nan,nan,nan,nan,-600
0,0,-300,-94,-300,300,-600,600,300,-600,nan,28200,-997.9721511651619,-8460997.9721511658,-300,nan,nan,-300
1,0,-300,-94,-300,300,-600,600,300,-600,-94,nan,nan,nan,nan,nan,nan,-600
0,0,-300,141,-300,300,-600,600,300,-600,nan,-42300,-998.01131844050826,12689001.98868156,-300,nan,nan,-300
1,0,-300,141,-300,300,-600,600,300,-600,141,nan,nan,nan,nan,nan,nan,-600
0,0,-300,47.000000000000007,-300,300,-600,600,300,-600,nan,-14100.000000000002,-997.94175000874566,4229002.0582499923,-300,nan,nan,-300
1,0,-300,47.000000000000007,-300,300,-600,600,300,-600,47.000000000000007,nan,nan,nan,nan,nan,nan,-600
0,0,-300,46.999999999999993,-300,300,-600,600,300,-600,nan,-14099.999999999998,-997.98707177859558,4229002.0129282204,-300,nan,nan,-300
1,0,-300,46.999999999999993,-300,300,-600,600,300,-600,46.999999999999986,nan,nan,nan,nan,nan,nan,-600
0,0,-300,46.999999999952998,-300,300,-600,600,300,-600,nan,-14099.999999985899,-998.02751976163881,4229001.9724760083,-300,nan,nan,-300
1,0,-300,46.999999999952998,-300,300,-600,600,300,-600,46.999999999952998,nan,nan,nan,nan,nan,nan,-600
0,0,-300,48,-300,300,-600,600,300,-600,nan,-14400,-997.9093331164438,4319002.0906668836,-300,nan,nan,-300
1,0,-300,48,-300,300,-600,600,300,-600,48,nan,nan,nan,nan,nan,nan,-600
0,0,-300,-48,-300,300,-600,600,300,-600,nan,14400,-997.91476273662249,-4320997.9147627363,-300,nan,nan,-300
1,0,-300,-48,-300,300,-600,600,300,-600,-48,nan,nan,nan,nan,nan,nan,-600
0,0,-300,96,-300,300,-600,600,300,-600,nan,-28800,-997.97695086130102,8639002.0230491385,-300,nan,nan,-300
1,0,-300,96,-300,300,-600,600,300,-600,96,nan,nan,nan,nan,nan,nan,-600
0,0,-300,-96,-300,300,-600,600,300,-600,nan,28800,-997.94204224411737,-8640997.9420422446,-300,nan,nan,-300
1,0,-300,-96,-300,300,-600,600,300,-600,-96,nan,nan,nan,nan,nan,nan,-600
0,0,-300,144,-300,300,-600,600,300,-600,nan,-43200,-997.81020136326549,12959002.189798636,-300,nan,nan,-300
1,0,-300,144,-300,300,-600,600,300,-600,144,nan,nan,nan,nan,nan,nan,-600
0,0,-300,48.000000000000007,-300,300,-600,600,300,-600,nan,-14400.000000000002,-997.80748628198467,4319002.1925137192,-300,nan,nan,-300
1,0,-300,48.000000000000007,-300,300,-600,600,300,-600,48.000000000000007,nan,nan,nan,nan,nan,nan,-600
0,0,-300,47.999999999999993,-300,300,-600,600,300,-600,nan,-14399.999999999998,-997.99482470172711,4319002.0051752971,-300,nan,nan,-300
1,0,-300,47.999999999999993,-300,300,-600,600,300,-600,47.999999999999986,nan,nan,nan,nan,nan,nan,-600
0,0,-300,47.999999999952003,-300,300,-600,600,300,-600,nan,-14399.999999985601,-997.97478252138546,4319002.0252131587,-300,nan,nan,-300
1,0,-300,47.999999999952003,-300,300,-600,600,300,-600,47.999999999952003,nan,nan,nan,nan,nan,nan,-600
0,0,-300,100,-300,300,-600,600,300,-600,nan,-30000,-997.81520847856609,8999002.1847915221,-300,nan,nan,-300
1,0,-300,100,-300,300,-600,600,300,-600,100,nan,nan,nan,nan,nan,nan,-600
0,0,-300,-100,-300,300,-600,600,300,-600,nan,30000,-997.96938874819386,-9000997.9693887476,-300,nan,nan,-300
1,0,-300,-100,-300,300,-600,600,300,-600,-100,nan,nan,nan,nan,nan,nan,-600
0,0,-300,200,-300,300,-600,600,300,-600,nan,-60000,-997.97285515293527,17999002.027144846,-300,nan,nan,-300
1,0,-300,200,-300,300,-600,600,300,-600,200,nan,nan,nan,nan,nan,nan,-600
0,0,-300,-200,-300,300,-600,600,300,-600,nan,60000,-997.96988300892122,-18000997.96988301,-300,nan,nan,-300
1,0,-300,-200,-300,300,-600,600,300,-600,-200,nan,nan,nan,nan,nan,nan,-600
0,0,-300,300,-300,300,-600,600,300,-600,nan,-90000,-998.00351199585327,26999001.996488005,-300,nan,nan,-300
1,0,-300,300,-300,300,-600,600,300,-600,300,nan,nan,nan,nan,nan,nan,-600
0,0,-300,100.00000000000001,-300,300,-600,600,300,-600,nan,-30000.000000000004,-997.81047377671462,8999002.1895262245,-300,nan,nan,-300
1,0,-300,100.00000000000001,-300,300,-600,600,300,-600,100.00000000000001,nan,nan,nan,nan,nan,nan,-600
0,0,-300,99.999999999999986,-300,300,-600,600,300,-600,nan,-29999.999999999996,-997.90985281957694,8999002.0901471786,-300,nan,nan,-300
1,0,-300,99.999999999999986,-300,300,-600,600,300,-600,99.999999999999972,nan,nan,nan,nan,nan,nan,-600
0,0,-300,99.999999999899998,-300,300,-600,600,300,-600,nan,-29999.999999970001,-997.99130888011007,8999002.0086821187,-300,nan,nan,-300
1,0,-300,99.999999999899998,-300,300,-600,600,300,-600,99.999999999899998,nan,nan,nan,nan,nan,nan,-600
0,0,-300,120,-300,300,-600,600,300,-600,nan,-36000,-997.81584048087711,10799002.184159519,-300,nan,nan,-300
1,0,-300,120,-300,300,-600,600,300,-600,120,nan,nan,nan,nan,nan,nan,-600
0,0,-300,-120,-300,300,-600,600,300,-600,nan,36000,-997.89932687750252,-10800997.899326878,-300,nan,nan,-300
1,0,-300,-120,-300,300,-600,600,300,-600,-120,nan,nan,nan,nan,nan,nan,-600
0,0,-300,240,-300,300,-600,600,300,-600,nan,-72000,-997.93012092231083,21599002.069879077,-300,nan,nan,-300
1,0,-300,240,-300,300,-600,600,300,-600,240,nan,nan,nan,nan,nan,nan,-600
0,0,-300,-240,-300,300,-600,600,300,-600,nan,72000,-997.92491445948122,-21600997.924914461,-300,nan,nan,-300
1,0,-300,-240,-300,300,-600,600,300,-600,-240,nan,nan,nan,nan,nan,nan,-600
0,0,-300,360,-300,300,-600,600,300,-600,nan,-108000,-997.97351609635689,32399002.026483905,-300,nan,nan,-300
1,0,-300,360,-300,300,-600,600,300,-600,360,nan,nan,nan,nan,nan,nan,-600
0,0,-300,120.00000000000001,-300,300,-600,600,300,-600,nan,-36000.000000000007,-998.00836616843185,10799001.991633834,-300,nan,nan,-300
1,0,-300,120.00000000000001,-300,300,-600,600,300,-600,120.00000000000001,nan,nan,nan,nan,nan,nan,-600
0,0,-300,119.99999999999999,-300,300,-600,600,300,-600,nan,-35999.999999999993,-997.80721785503215,10799002.192782143,-300,nan,nan,-300
1,0,-300,119.99999999999999,-300,300,-600,600,300,-600,119.99999999999997,nan,nan,nan,nan,nan,nan,-600
0,0,-300,119.99999999988,-300,300,-600,600,300,-600,nan,-35999.999999963999,-998.04818720993842,10799001.951801991,-300,nan,nan,-300
1,0,-300,119.99999999988,-300,300,-600,600,300,-600,119.99999999988,nan,nan,nan,nan,nan,nan,-600
0,0,-300,121,-300,300,-600,600,300,-600,nan,-36300,-997.91352552565274,10889002.086474475,-300,nan,nan,-300
1,0,-300,121,-300,300,-600,600,300,-600,121,nan,nan,nan,nan,nan,nan,-600
0,0,-300,-121,-300,300,-600,600,300,-600,nan,36300,-997.88921703050676,-10890997.88921703,-300,nan,nan,-300
1,0,-300,-121,-300,300,-600,600,300,-600,-121,nan,nan,nan,nan,nan,nan,-600
0,0,-300,242,-300,300,-600,600,300,-600,nan,-72600,-997.90917531175694,21779002.09082469,-300,nan,nan,-300
1,0,-300,242,-300,300,-600,600,300,-600,242,nan,nan,nan,nan,nan,nan,-600
0,0,-300,-242,-300,300,-600,600,300,-600,nan,72600,-998.01458746137234,-21780998.014587462,-300,nan,nan,-300
1,0,-300,-242,-300,300,-600,600,300,-600,-242,nan,nan,nan,nan,nan,nan,-600
0,0,-300,363,-300,300,-600,600,300,-600,nan,-108900,-998.0362558339325,32669001.963744167,-300,nan,nan,-300
1,0,-300,363,-300,300,-600,600,300,-600,363,nan,nan,nan,nan,nan,nan,-600
0,0,-300,121.00000000000001,-300,300,-600,600,300,-600,nan,-36300.000000000007,-997.80742093844083,10889002.192579063,-300,nan,nan,-300
1,0,-300,121.00000000000001,-300,300,-600,600,300,-600,121.00000000000001,nan,nan,nan,nan,nan,nan,-600
0,0,-300,120.99999999999999,-300,300,-600,600,300,-600,nan,-36299.999999999993,-997.84292164173928,10889002.157078356,-300,nan,nan,-300
1,0,-300,120.99999999999999,-300,300,-600,600,300,-600,120.99999999999997,nan,nan,nan,nan,nan,nan,-600
0,0,-300,120.99999999987899,-300,300,-600,600,300,-600,nan,-36299.9999999637,-997.82327088348131,10889002.176718226,-300,nan,nan,-300
1,0,-300,120.99999999987899,-300,300,-600,600,300,-600,120.99999999987899,nan,nan,nan,nan,nan,nan,-600
0,0,-300,122,-300,300,-600,600,300,-600,nan,-36600,-997.88659396226319,10979002.113406038,-300,nan,nan,-300
1,0,-300,122,-300,300,-600,600,300,-600,122,nan,nan,nan,nan,nan,nan,-600
0,0,-300,-122,-300,300,-600,600,300,-600,nan,36600,-997.95186070088334,-10980997.951860702,-300,nan,nan,-300
1,0,-300,-122,-300,300,-600,600,300,-600,-122,nan,nan,nan,nan,nan,nan,-600
0,0,-300,244,-300,300,-600,600,300,-600,nan,-73200,-997.82277024684595,21959002.177229755,-300,nan,nan,-300
1,0,-300,244,-300,300,-600,600,300,-600,244,nan,nan,nan,nan,nan,nan,-600
0,0,-300,-244,-300,300,-600,600,300,-600,nan,73200,-997.91141044689437,-21960997.911410447,-300,nan,nan,-300
1,0,-300,-244,-300,300,-600,600,300,-600,-244,nan,nan,nan,nan,nan,nan,-600
0,0,-300,366,-300,300,-600,600,300,-600,nan,-109800,-997.95161336573801,32939002.048386633,-300,nan,nan,-300
1,0,-300,366,-300,300,-600,600,300,-600,366,nan,nan,nan,nan,nan,nan,-600
0,0,-300,122.00000000000001,-300,300,-600,600,300,-600,nan,-36600.000000000007,-997.86643707261464,10979002.13356293,-300,nan,nan,-300
1,0,-300,122.00000000000001,-300,300,-600,600,300,-600,122.00000000000001,nan,nan,nan,nan,nan,nan,-600
0,0,-300,121.99999999999999,-300,300,-600,600,300,-600,nan,-36599.999999999993,-997.96420047414369,10979002.035799524,-300,nan,nan,-300
1,0,-300,121.99999999999999,-300,300,-600,600,300,-600,121.99999999999997,nan,nan,nan,nan,nan,nan,-600
0,0,-300,121.999999999878,-300,300,-600,600,300,-600,nan,-36599.999999963402,-997.95143244648284,10979002.048556574,-300,nan,nan,-300
1,0,-300,121.999999999878,-300,300,-600,600,300,-600,121.999999999878,nan,nan,nan,nan,nan,nan,-600
0,0,-300,-360,-300,300,-600,600,300,-600,nan,108000,-997.99591278147739,-32400997.995912783,-300,nan,nan,-300
1,0,-300,-360,-300,300,-600,600,300,-600,-360,nan,nan,nan,nan,nan,nan,-600
0,0,-300,720,-300,300,-600,600,300,-600,nan,-216000,-997.86663073324144,64799002.133369267,-300,nan,nan,-300
1,0,-300,720,-300,300,-600,600,300,-600,720,nan,nan,nan,nan,nan,nan,-600
0,0,-300,-720,-300,300,-600,600,300,-600,nan,216000,-997.99408945766788,-64800997.994089454,-300,nan,nan,-300
1,0,-300,-720,-300,300,-600,600,300,-600,-720,nan,nan,nan,nan,nan,nan,-600
0,0,-300,360.00000000000006,-300,300,-600,600,300,-600,nan,-108000.00000000001,-997.84259933641647,32399002.157400668,-300,nan,nan,-300
1,0,-300,360.00000000000006,-300,300,-600,600,300,-600,360.00000000000006,nan,nan,nan,nan,nan,nan,-600
0,0,-300,359.99999999999994,-300,300,-600,600,300,-600,nan,-107999.99999999999,-997.79918540690392,32399002.20081459,-300,nan,nan,-300
1,0,-300,359.99999999999994,-300,300,-600,600,300,-600,359.99999999999994,nan,nan,nan,nan,nan,nan,-600
0,0,-300,359.99999999964001,-300,300,-600,600,300,-600,nan,-107999.99999989201,-997.89217565000274,32399002.107791953,-300,nan,nan,-300
1,0,-300,359.99999999964001,-300,300,-600,600,300,-600,359.99999999964001,nan,nan,nan,nan,nan,nan,-600
0,0,-300,500,-300,300,-600,600,300,-600,nan,-150000,-997.91879628277275,44999002.081203714,-300,nan,nan,-300
1,0,-300,500,-300,300,-600,600,300,-600,500,nan,nan,nan,nan,nan,nan,-600
0,0,-300,-500,-300,300,-600,600,300,-600,nan,150000,-997.8670913383238,-45000997.867091335,-300,nan,nan,-300
1,0,-300,-500,-300,300,-600,600,300,-600,-500,nan,nan,nan,nan,nan,nan,-600
0,0,-300,1000,-300,300,-600,600,300,-600,nan,-300000,-998.02982243569602,89999001.970177561,-300,nan,nan,-300
1,0,-300,1000,-300,300,-600,600,300,-600,1000,nan,nan,nan,nan,nan,nan,-600
0,0,-300,-1000,-300,300,-600,600,300,-600,nan,300000,-997.87713809535182,-90000997.877138093,-300,nan,nan,-300
1,0,-300,-1000,-300,300,-600,600,300,-600,-1000,nan,nan,nan,nan,nan,nan,-600
0,0,-300,500.00000000000006,-300,300,-600,600,300,-600,nan,-150000.00000000003,-998.0391156954347,44999001.96088431,-300,nan,nan,-300
1,0,-300,500.00000000000006,-300,300,-600,600,300,-600,500.00000000000006,nan,nan,nan,nan,nan,nan,-600
0,0,-300,499.99999999999994,-300,300,-600,600,300,-600,nan,-149999.99999999997,-997.84498169886672,44999002.155018292,-300,nan,nan,-300
1,0,-300,499.99999999999994,-300,300,-600,600,300,-600,499.99999999999989,nan,nan,nan,nan,nan,nan,-600
0,0,-300,499.99999999950001,-300,300,-600,600,300,-600,nan,-149999.99999985,-997.8641861905877,44999002.135768808,-300,nan,nan,-300
1,0,-300,499.99999999950001,-300,300,-600,600,300,-600,499.99999999950001,nan,nan,nan,nan,nan,nan,-600
0,0,-300,0,1,300,-600,600,300,-600,nan,0,-997.81456748662561,-997.81456748662561,-300,nan,nan,-300
1,0,-300,0,1,300,-600,600,300,-600,0,nan,nan,nan,nan,nan,nan,-600
0,0,-300,0,-1,300,-600,600,300,-600,nan,-0,-998.04626205510749,-998.04626205510749,-300,nan,nan,-300
1,0,-300,0,-1,300,-600,600,300,-600,0,nan,nan,nan,nan,nan,nan,-600
0,0,-300,0,2,300,-600,600,300,-600,nan,0,-997.83274538007436,-997.83274538007436,-300,nan,nan,-300
1,0,-300,0,2,300,-600,600,300,-600,0,nan,nan,nan,nan,nan,nan,-600
0,0,-300,0,-2,300,-600,600,300,-600,nan,-0,-997.80278641115922,-997.80278641115922,-300,nan,nan,-300
1,0,-300,0,-2,300,-600,600,300,-600,0,nan,nan,nan,nan,nan,nan,-600
0,0,-300,0,3,300,-600,600,300,-600,nan,0,-997.88696840330647,-997.88696840330647,-300,nan,nan,-300
1,0,-300,0,3,300,-600,600,300,-600,0,nan,nan,nan,nan,nan,nan,-600
0,0,-300,0,1.0000000000000002,300,-600,600,300,-600,nan,0,-997.87267771716211,-997.87267771716211,-300,nan,nan,-300
1,0,-300,0,1.0000000000000002,300,-600,600,300,-600,0,nan,nan,nan,nan,nan,nan,-600
0,0,-300,0,0.99999999999999989,300,-600,600,300,-600,nan,0,-998.02339280078706,-998.02339280078706,-300,nan,nan,-300
1,0,-300,0,0.99999999999999989,300,-600,600,300,-600,0,nan,nan,nan,nan,nan,nan,-600
0,0,-300,0,0.99999999999900002,300,-600,600,300,-600,nan,0,-997.95378615621667,-997.95378615621667,-300,nan,nan,-300
1,0,-300,0,0.99999999999900002,300,-600,600,300,-600,0,nan,nan,nan,nan,nan,nan,-600
0,0,-300,0,1.5800000000000001,300,-600,600,300,-600,nan,0,-998.03784836194336,-998.03784836194336,-300,nan,nan,-300
1,0,-300,0,1.5800000000000001,300,-600,600,300,-600,0,nan,nan,nan,nan,nan,nan,-600
0,0,-300,0,-1.5800000000000001,300,-600,600,300,-600,nan,-0,-997.79934555912462,-997.79934555912462,-300,nan,nan,-300
1,0,-300,0,-1.5800000000000001,300,-600,600,300,-600,0,nan,nan,nan,nan,nan,nan,-600
0,0,-300,0,3.1600000000000001,300,-600,600,300,-600,nan,0,-997.96328748745475,-997.96328748745475,-300,nan,nan,-300
1,0,-300,0,3.1600000000000001,300,-600,600,300,-600,0,nan,nan,nan,nan,nan,nan,-600
0,0,-300,0,-3.1600000000000001,300,-600,600,300,-600,nan,-0,-997.83277771318137,-997.83277771318137,-300,nan,nan,-300
1,0,-300,0,-3.1600000000000001,300,-600,600,300,-600,0,nan,nan,nan,nan,nan,nan,-600
0,0,-300,0,4.7400000000000002,300,-600,600,300,-600,nan,0,-997.93449027254621,-997.93449027254621,-300,nan,nan,-300
1,0,-300,0,4.7400000000000002,300,-600,600,300,-600,0,nan,nan,nan,nan,nan,nan,-600
0,0,-300,0,1.5800000000000003,300,-600,600,300,-600,nan,0,-997.81025676688762,-997.81025676688762,-300,nan,nan,-300
1,0,-300,0,1.5800000000000003,300,-600,600,300,-600,0,nan,nan,nan,nan,nan,nan,-600
0,0,-300,0,1.5799999999999998,300,-600,600,300,-600,nan,0,-997.91454221436345,-997.91454221436345,-300,nan,nan,-300
1,0,-300,0,1.5799999999999998,300,-600,600,300,-600,0,nan,nan,nan,nan,nan,nan,-600
0,0,-300,0,1.57999999999842,300,-600,600,300,-600,nan,0,-997.96676734343703,-997.96676734343703,-300,nan,nan,-300
1,0,-300,0,1.57999999999842,300,-600,600,300,-600,0,nan,nan,nan,nan,nan,nan,-600
0,0,-300,0,4,300,-600,600,300,-600,nan,0,-997.94922384630615,-997.94922384630615,-300,nan,nan,-300
1,0,-300,0,4,300,-600,600,300,-600,0,nan,nan,nan,nan,nan,nan,-600
0,0,-300,0,-4,300,-600,600,300,-600,nan,-0,-997.95938098573458,-997.95938098573458,-300,nan,nan,-300
1,0,-300,0,-4,300,-600,600,300,-600,0,nan,nan,nan,nan,nan,nan,-600
0,0,-300,0,6,300,-600,600,300,-600,nan,0,-997.91913276118487,-997.91913276118487,-300,nan,nan,-300
1,0,-300,0,6,300,-600,600,300,-600,0,nan,nan,nan,nan,nan,nan,-600
0,0,-300,0,2.0000000000000004,300,-600,600,300,-600,nan,0,-998.01048307915926,-998.01048307915926,-300,nan,nan,-300
1,0,-300,0,2.0000000000000004,300,-600,600,300,-600,0,nan,nan,nan,nan,nan,nan,-600
0,0,-300,0,1.9999999999999998,300,-600,600,300,-600,nan,0,-998.02573249441787,-998.02573249441787,-300,nan,nan,-300
1,0,-300,0,1.9999999999999998,300,-600,600,300,-600,0,nan,nan,nan,nan,nan,nan,-600
0,0,-300,0,1.999999999998,300,-600,600,300,-600,nan,0,-997.84544074464782,-997.84544074464782,-300,nan,nan,-300
1,0,-300,0,1.999999999998,300,-600,600,300,-600,0,nan,nan,nan,nan,nan,nan,-600
0,0,-300,0,-3,300,-600,600,300,-600,nan,-0,-997.85588647742031,-997.85588647742031,-300,nan,nan,-300
1,0,-300,0,-3,300,-600,600,300,-600,0,nan,nan,nan,nan,nan,nan,-600
0,0,-300,0,-6,300,-600,600,300,-600,nan,-0,-997.95607452195895,-997.95607452195895,-300,nan,nan,-300
1,0,-300,0,-6,300,-600,600,300,-600,0,nan,nan,nan,nan,nan,nan,-600
0,0,-300,0,9,300,-600,600,300,-600,nan,0,-997.88312908663409,-997.88312908663409,-300,nan,nan,-300
1,0,-300,0,9,300,-600,600,300,-600,0,nan,nan,nan,nan,nan,nan,-600
0,0,-300,0,3.0000000000000004,300,-600,600,300,-600,nan,0,-998.00943127035691,-998.00943127035691,-300,nan,nan,-300
1,0,-300,0,3.0000000000000004,300,-600,600,300,-600,0,nan,nan,nan,nan,nan,nan,-600
0,0,-300,0,2.9999999999999996,300,-600,600,300,-600,nan,0,-997.80904731071837,-997.80904731071837,-300,nan,nan,-300
1,0,-300,0,2.9999999999999996,300,-600,600,300,-600,0,nan,nan,nan,nan,nan,nan,-600
0,0,-300,0,2.9999999999970002,300,-600,600,300,-600,nan,0,-997.96171151725855,-997.96171151725855,-300,nan,nan,-300
1,0,-300,0,2.9999999999970002,300,-600,600,300,-600,0,nan,nan,nan,nan,nan,nan,-600
0,0,-300,0,8,300,-600,600,300,-600,nan,0,-997.92069876474761,-997.92069876474761,-300,nan,nan,-300
1,0,-300,0,8,300,-600,600,300,-600,0,nan,nan,nan,nan,nan,nan,-600
0,0,-300,0,-8,300,-600,600,300,-600,nan,-0,-997.82578489329978,-997.82578489329978,-300,nan,nan,-300
1,0,-300,0,-8,300,-600,600,300,-600,0,nan,nan,nan,nan,nan,nan,-600
0,0,-300,0,12,300,-600,600,300,-600,nan,0,-997.87458395609815,-997.87458395609815,-300,nan,nan,-300
1,0,-300,0,12,300,-600,600,300,-600,0,nan,nan,nan,nan,nan,nan,-600
0,0,-300,0,4.0000000000000009,300,-600,600,300,-600,nan,0,-997.83004995829197,-997.83004995829197,-300,nan,nan,-300
1,0,-300,0,4.0000000000000009,300,-600,600,300,-600,0,nan,nan,nan,nan,nan,nan,-600
0,0,-300,0,3.9999999999999996,300,-600,600,300,-600,nan,0,-997.81837902376481,-997.81837902376481,-300,nan,nan,-300
1,0,-300,0,3.9999999999999996,300,-600,600,300,-600,0,nan,nan,nan,nan,nan,nan,-600
0,0,-300,0,3.9999999999960001,300,-600,600,300,-600,nan,0,-997.88292685223655,-997.88292685223655,-300,nan,nan,-300
1,0,-300,0,3.9999999999960001,300,-600,600,300,-600,0,nan,nan,nan,nan,nan,nan,-600
0,0,-300,0,5,300,-600,600,300,-600,nan,0,-997.90804633030427,-997.90804633030427,-300,nan,nan,-300
1,0,-300,0,5,300,-600,600,300,-600,0,nan,nan,nan,nan,nan,nan,-600
0,0,-300,0,-5,300,-600,600,300,-600,nan,-0,-998.01729774464809,-998.01729774464809,-300,nan,nan,-300
1,0,-300,0,-5,300,-600,600,300,-600,0,nan,nan,nan,nan,nan,nan,-600
0,0,-300,0,10,300,-600,600,300,-600,nan,0,-997.89529920934933,-997.89529920934933,-300,nan,nan,-300
1,0,-300,0,10,300,-600,600,300,-600,0,nan,nan,nan,nan,nan,nan,-600
0,0,-300,0,-10,300,-600,600,300,-600,nan,-0,-998.03883580384047,-998.03883580384047,-300,nan,nan,-300
1,0,-300,0,-10,300,-600,600,300,-600,0,nan,nan,nan,nan,nan,nan,-600
0,0,-300,0,15,300,-600,600,300,-600,nan,0,-998.01534899641365,-998.01534899641365,-300,nan,nan,-300
1,0,-300,0,15,300,-600,600,300,-600,0,nan,nan,nan,nan,nan,nan,-600
0,0,-300,0,5.0000000000000009,300,-600,600,300,-600,nan,0,-998.04752949833517,-998.04752949833517,-300,nan,nan,-300
1,0,-300,0,5.0000000000000009,300,-600,600,300,-600,0,nan,nan,nan,nan,nan,nan,-600
0,0,-300,0,4.9999999999999991,300,-600,600,300,-600,nan,0,-997.82410621208533,-997.82410621208533,-300,nan,nan,-300
1,0,-300,0,4.9999999999999991,300,-600,600,300,-600,0,nan,nan,nan,nan,nan,nan,-600
0,0,-300,0,4.9999999999950004,300,-600,600,300,-600,nan,0,-997.9143896540437,-997.9143896540437,-300,nan,nan,-300
1,0,-300,0,4.9999999999950004,300,-600,600,300,-600,0,nan,nan,nan,nan,nan,nan,-600
0,0,-300,0,16,300,-600,600,300,-600,nan,0,-997.94921175040417,-997.94921175040417,-300,nan,nan,-300
1,0,-300,0,16,300,-600,600,300,-600,0,nan,nan,nan,nan,nan,nan,-600
0,0,-300,0,-16,300,-600,600,300,-600,nan,-0,-997.90344470313562,-997.90344470313562,-300,nan,nan,-300
1,0,-300,0,-16,300,-600,600,300,-600,0,nan,nan,nan,nan,nan,nan,-600
0,0,-300,0,24,300,-600,600,300,-600,nan,0,-997.96150520183119,-997.96150520183119,-300,nan,nan,-300
1,0,-300,0,24,300,-600,600,300,-600,0,nan,nan,nan,nan,nan,nan,-600
0,0,-300,0,8.0000000000000018,300,-600,600,300,-600,nan,0,-997.96097470765039,-997.96097470765039,-300,nan,nan,-300
1,0,-300,0,8.0000000000000018,300,-600,600,300,-600,0,nan,nan,nan,nan,nan,nan,-600
0,0,-300,0,7.9999999999999991,300,-600,600,300,-600,nan,0,-997.95403724507821,-997.95403724507821,-300,nan,nan,-300
1,0,-300,0,7.9999999999999991,300,-600,600,300,-600,0,nan,nan,nan,nan,nan,nan,-600
0,0,-300,0,7.9999999999920002,300,-600,600,300,-600,nan,0,-997.86546123121298,-997.86546123121298,-300,nan,nan,-300
1,0,-300,0,7.9999999999920002,300,-600,600,300,-600,0,nan,nan,nan,nan,nan,nan,-600
0,0,-300,0,10.332000000000001,300,-600,600,300,-600,nan,0,-997.89537452331331,-997.89537452331331,-300,nan,nan,-300
1,0,-300,0,10.332000000000001,300,-600,600,300,-600,0,nan,nan,nan,nan,nan,nan,-600
0,0,-300,0,-10.332000000000001,300,-600,600,300,-600,nan,-0,-997.83836920012743,-997.83836920012743,-300,nan,nan,-300
1,0,-300,0,-10.332000000000001,300,-600,600,300,-600,0,nan,nan,nan,nan,nan,nan,-600
0,0,-300,0,20.664000000000001,300,-600,600,300,-600,nan,0,-997.9265986288342,-997.9265986288342,-300,nan,nan,-300
1,0,-300,0,20.664000000000001,300,-600,600,300,-600,0,nan,nan,nan,nan,nan,nan,-600
0,0,-300,0,-20.664000000000001,300,-600,600,300,-600,nan,-0,-997.79664082666909,-997.79664082666909,-300,nan,nan,-300
1,0,-300,0,-20.664000000000001,300,-600,600,300,-600,0,nan,nan,nan,nan,nan,nan,-600
0,0,-300,0,30.996000000000002,300,-600,600,300,-600,nan,0,-998.04255723859308,-998.04255723859308,-300,nan,nan,-300
1,0,-300,0,30.996000000000002,300,-600,600,300,-600,0,nan,nan,nan,nan,nan,nan,-600
0,0,-300,0,10.332000000000003,300,-600,600,300,-600,nan,0,-997.87247453480188,-997.87247453480188,-300,nan,nan,-300
1,0,-300,0,10.332000000000003,300,-600,600,300,-600,0,nan,nan,nan,nan,nan,nan,-600
0,0,-300,0,10.331999999999999,300,-600,600,300,-600,nan,0,-997.98539577008819,-997.98539577008819,-300,nan,nan,-300
1,0,-300,0,10.331999999999999,300,-600,600,300,-600,0,nan,nan,nan,nan,nan,nan,-600
0,0,-300,0,10.331999999989669,300,-600,600,300,-600,nan,0,-997.90546245448991,-997.90546245448991,-300,nan,nan,-300
1,0,-300,0,10.331999999989669,300,-600,600,300,-600,0,nan,nan,nan,nan,nan,nan,-600
0,0,-300,0,14.51,300,-600,600,300,-600,nan,0,-997.98823017490815,-997.98823017490815,-300,nan,nan,-300
1,0,-300,0,14.51,300,-600,600,300,-600,0,nan,nan,nan,nan,nan,nan,-600
0,0,-300,0,-14.51,300,-600,600,300,-600,nan,-0,-997.87596931044266,-997.87596931044266,-300,nan,nan,-300
1,0,-300,0,-14.51,300,-600,600,300,-600,0,nan,nan,nan,nan,nan,nan,-600
0,0,-300,0,29.02,300,-600,600,300,-600,nan,0,-997.85203577021014,-997.85203577021014,-300,nan,nan,-300
1,0,-300,0,29.02,300,-600,600,300,-600,0,nan,nan,nan,nan,nan,nan,-600
0,0,-300,0,-29.02,300,-600,600,300,-600,nan,-0,-997.96714480801427,-997.96714480801427,-300,nan,nan,-300
1,0,-300,0,-29.02,300,-600,600,300,-600,0,nan,nan,nan,nan,nan,nan,-600
0,0,-300,0,43.530000000000001,300,-600,600,300,-600,nan,0,-997.82188666701757,-997.82188666701757,-300,nan,nan,-300
1,0,-300,0,43.530000000000001,300,-600,600,300,-600,0,nan,nan,nan,nan,nan,nan,-600
0,0,-300,0,14.510000000000002,300,-600,600,300,-600,nan,0,-997.94547322560732,-997.94547322560732,-300,nan,nan,-300
1,0,-300,0,14.510000000000002,300,-600,600,300,-600,0,nan,nan,nan,nan,nan,nan,-600
0,0,-300,0,14.509999999999998,300,-600,600,300,-600,nan,0,-997.98457904874601,-997.98457904874601,-300,nan,nan,-300
1,0,-300,0,14.509999999999998,300,-600,600,300,-600,0,nan,nan,nan,nan,nan,nan,-600
0,0,-300,0,14.509999999985491,300,-600,600,300,-600,nan,0,-998.00034473075641,-998.00034473075641,-300,nan,nan,-300
1,0,-300,0,14.509999999985491,300,-600,600,300,-600,0,nan,nan,nan,nan,nan,nan,-600
0,0,-300,0,42,300,-600,600,300,-600,nan,0,-997.97704639170433,-997.97704639170433,-300,nan,nan,-300
1,0,-300,0,42,300,-600,600,300,-600,0,nan,nan,nan,nan,nan,nan,-600
0,0,-300,0,-42,300,-600,600,300,-600,nan,-0,-997.84088051940546,-997.84088051940546,-300,nan,nan,-300
1,0,-300,0,-42,300,-600,600,300,-600,0,nan,nan,nan,nan,nan,nan,-600
0,0,-300,0,84,300,-600,600,300,-600,nan,0,-997.81590446769121,-997.81590446769121,-300,nan,nan,-300
1,0,-300,0,84,300,-600,600,300,-600,0,nan,nan,nan,nan,nan,nan,-600
0,0,-300,0,-84,300,-600,600,300,-600,nan,-0,-997.91618597155252,-997.91618597155252,-300,nan,nan,-300
1,0,-300,0,-84,300,-600,600,300,-600,0,nan,nan,nan,nan,nan,nan,-600
0,0,-300,0,126,300,-600,600,300,-600,nan,0,-997.8077582841446,-997.8077582841446,-300,nan,nan,-300
1,0,-300,0,126,300,-600,600,300,-600,0,nan,nan,nan,nan,nan,nan,-600
0,0,-300,0,42.000000000000007,300,-600,600,300,-600,nan,0,-997.99429658487179,-997.99429658487179,-300,nan,nan,-300
1,0,-300,0,42.000000000000007,300,-600,600,300,-600,0,nan,nan,nan,nan,nan,nan,-600
0,0,-300,0,41.999999999999993,300,-600,600,300,-600,nan,0,-997.98223380542436,-997.98223380542436,-300,nan,nan,-300
1,0,-300,0,41.999999999999993,300,-600,600,300,-600,0,nan,nan,nan,nan,nan,nan,-600
0,0,-300,0,41.999999999958,300,-600,600,300,-600,nan,0,-997.91982306551836,-997.91982306551836,-300,nan,nan,-300
1,0,-300,0,41.999999999958,300,-600,600,300,-600,0,nan,nan,nan,nan,nan,nan,-600
0,0,-300,0,43,300,-600,600,300,-600,nan,0,-998.02155169657465,-998.02155169657465,-300,nan,nan,-300
1,0,-300,0,43,300,-600,600,300,-600,0,nan,nan,nan,nan,nan,nan,-600
0,0,-300,0,-43,300,-600,600,300,-600,nan,-0,-997.94194644727361,-997.94194644727361,-300,nan,nan,-300
1,0,-300,0,-43,300,-600,600,300,-600,0,nan,nan,nan,nan,nan,nan,-600
0,0,-300,0,86,300,-600,600,300,-600,nan,0,-997.97325183300904,-997.97325183300904,-300,nan,nan,-300
1,0,-300,0,86,300,-600,600,300,-600,0,nan,nan,nan,nan,nan,nan,-600
0,0,-300,0,-86,300,-600,600,300,-600,nan,-0,-997.94918484470566,-997.94918484470566,-300,nan,nan,-300
1,0,-300,0,-86,300,-600,600,300,-600,0,nan,nan,nan,nan,nan,nan,-600
0,0,-300,0,129,300,-600,600,300,-600,nan,0,-997.86767061922626,-997.86767061922626,-300,nan,nan,-300
1,0,-300,0,129,300,-600,600,300,-600,0,nan,nan,nan,nan,nan,nan,-600
0,0,-300,0,43.000000000000007,300,-600,600,300,-600,nan,0,-997.8233682216777,-997.8233682216777,-300,nan,nan,-300
1,0,-300,0,43.000000000000007,300,-600,600,300,-600,0,nan,nan,nan,nan,nan,nan,-600
0,0,-300,0,42.999999999999993,300,-600,600,300,-600,nan,0,-997.9322229489843,-997.9322229489843,-300,nan,nan,-300
1,0,-300,0,42.999999999999993,300,-600,600,300,-600,0,nan,nan,nan,nan,nan,nan,-600
0,0,-300,0,42.999999999956998,300,-600,600,300,-600,nan,0,-998.02015642823517,-998.02015642823517,-300,nan,nan,-300
1,0,-300,0,42.999999999956998,300,-600,600,300,-600,0,nan,nan,nan,nan,nan,nan,-600
0,0,-300,0,44,300,-600,600,300,-600,nan,0,-997.83599757758611,-997.83599757758611,-300,nan,nan,-300
1,0,-300,0,44,300,-600,600,300,-600,0,nan,nan,nan,nan,nan,nan,-600
0,0,-300,0,-44,300,-600,600,300,-600,nan,-0,-998.00478148177388,-998.00478148177388,-300,nan,nan,-300
1,0,-300,0,-44,300,-600,600,300,-600,0,nan,nan,nan,nan,nan,nan,-600
0,0,-300,0,88,300,-600,600,300,-600,nan,0,-997.8359947431868,-997.8359947431868,-300,nan,nan,-300
1,0,-300,0,88,300,-600,600,300,-600,0,nan,nan,nan,nan,nan,nan,-600
0,0,-300,0,-88,300,-600,600,300,-600,nan,-0,-997.84476449603051,-997.84476449603051,-300,nan,nan,-300
1,0,-300,0,-88,300,-600,600,300,-600,0,nan,nan,nan,nan,nan,nan,-600
0,0,-300,0,132,300,-600,600,300,-600,nan,0,-998.01921171114543,-998.01921171114543,-300,nan,nan,-300
1,0,-300,0,132,300,-600,600,300,-600,0,nan,nan,nan,nan,nan,nan,-600
0,0,-300,0,44.000000000000007,300,-600,600,300,-600,nan,0,-997.97292929792502,-997.97292929792502,-300,nan,nan,-300
1,0,-300,0,44.000000000000007,300,-600,600,300,-600,0,nan,nan,nan,nan,nan,nan,-600
0,0,-300,0,43.999999999999993,300,-600,600,300,-600,nan,0,-998.03597995152495,-998.03597995152495,-300,nan,nan,-300
1,0,-300,0,43.999999999999993,300,-600,600,300,-600,0,nan,nan,nan,nan,nan,nan,-600
0,0,-300,0,43.999999999956003,300,-600,600,300,-600,nan,0,-997.90856712534071,-997.90856712534071,-300,nan,nan,-300
1,0,-300,0,43.999999999956003,300,-600,600,300,-600,0,nan,nan,nan,nan,nan,nan,-600
0,0,-300,0,45,300,-600,600,300,-600,nan,0,-997.86820663063327,-997.86820663063327,-300,nan,nan,-300
1,0,-300,0,45,300,-600,600,300,-600,0,nan,nan,nan,nan,nan,nan,-600
0,0,-300,0,-45,300,-600,600,300,-600,nan,-0,-997.7969043371786,-997.7969043371786,-300,nan,nan,-300
1,0,-300,0,-45,300,-600,600,300,-600,0,nan,nan,nan,nan,nan,nan,-600
0,0,-300,0,90,300,-600,600,300,-600,nan,0,-998.02994575354319,-998.02994575354319,-300,nan,nan,-300
1,0,-300,0,90,300,-600,600,300,-600,0,nan,nan,nan,nan,nan,nan,-600
0,0,-300,0,-90,300,-600,600,300,-600,nan,-0,-997.94207401385722,-997.94207401385722,-300,nan,nan,-300
1,0,-300,0,-90,300,-600,600,300,-600,0,nan,nan,nan,nan,nan,nan,-600
0,0,-300,0,135,300,-600,600,300,-600,nan,0,-998.02044788457033,-998.02044788457033,-300,nan,nan,-300
1,0,-300,0,135,300,-600,600,300,-600,0,nan,nan,nan,nan,nan,nan,-600
0,0,-300,0,45.000000000000007,300,-600,600,300,-600,nan,0,-997.91153902632266,-997.91153902632266,-300,nan,nan,-300
1,0,-300,0,45.000000000000007,300,-600,600,300,-600,0,nan,nan,nan,nan,nan,nan,-600
0,0,-300,0,44.999999999999993,300,-600,600,300,-600,nan,0,-997.86998758724724,-997.86998758724724,-300,nan,nan,-300
1,0,-300,0,44.999999999999993,300,-600,600,300,-600,0,nan,nan,nan,nan,nan,nan,-600
0,0,-300,0,44.999999999955001,300,-600,600,300,-600,nan,0,-998.04549236331195,-998.04549236331195,-300,nan,nan,-300
1,0,-300,0,44.999999999955001,300,-600,600,300,-600,0,nan,nan,nan,nan,nan,nan,-600
0,0,-300,0,47,300,-600,600,300,-600,nan,0,-997.99469026843724,-997.99469026843724,-300,nan,nan,-300
1,0,-300,0,47,300,-600,600,300,-600,0,nan,nan,nan,nan,nan,nan,-600
0,0,-300,0,-47,300,-600,600,300,-600,nan,-0,-997.88866461684813,-997.88866461684813,-300,nan,nan,-300
1,0,-300,0,-47,300,-600,600,300,-600,0,nan,nan,nan,nan,nan,nan,-600
0,0,-300,0,94,300,-600,600,300,-600,nan,0,-997.84513232794029,-997.84513232794029,-300,nan,nan,-300
1,0,-300,0,94,300,-600,600,300,-600,0,nan,nan,nan,nan,nan,nan,-600
0,0,-300,0,-94,300,-600,600,300,-600,nan,-0,-997.79947513605248,-997.79947513605248,-300,nan,nan,-300
1,0,-300,0,-94,300,-600,600,300,-600,0,nan,nan,nan,nan,nan,nan,-600
0,0,-300,0,141,300,-600,600,300,-600,nan,0,-997.94268900472184,-997.94268900472184,-300,nan,nan,-300
1,0,-300,0,141,300,-600,600,300,-600,0,nan,nan,nan,nan,nan,nan,-600
0,0,-300,0,47.000000000000007,300,-600,600,300,-600,nan,0,-997.96740693920833,-997.96740693920833,-300,nan,nan,-300
1,0,-300,0,47.000000000000007,300,-600,600,300,-600,0,nan,nan,nan,nan,nan,nan,-600
0,0,-300,0,46.999999999999993,300,-600,600,300,-600,nan,0,-997.82814912664935,-997.82814912664935,-300,nan,nan,-300
1,0,-300,0,46.999999999999993,300,-600,600,300,-600,0,nan,nan,nan,nan,nan,nan,-600
0,0,-300,0,46.999999999952998,300,-600,600,300,-600,nan,0,-997.91965968055274,-997.91965968055274,-300,nan,nan,-300
1,0,-300,0,46.999999999952998,300,-600,600,300,-600,0,nan,nan,nan,nan,nan,nan,-600
0,0,-300,0,48,300,-600,600,300,-600,nan,0,-997.94981374326471,-997.94981374326471,-300,nan,nan,-300
1,0,-300,0,48,300,-600,600,300,-600,0,nan,nan,nan,nan,nan,nan,-600
0,0,-300,0,-48,300,-600,600,300,-600,nan,-0,-997.94446266171224,-997.94446266171224,-300,nan,nan,-300
1,0,-300,0,-48,300,-600,600,300,-600,0,nan,nan,nan,nan,nan,nan,-600
0,0,-300,0,96,300,-600,600,300,-600,nan,0,-997.88765218830849,-997.88765218830849,-300,nan,nan,-300
1,0,-300,0,96,300,-600,600,300,-600,0,nan,nan,nan,nan,nan,nan,-600
0,0,-300,0,-96,300,-600,600,300,-600,nan,-0,-998.01343677062619,-998.01343677062619,-300,nan,nan,-300
1,0,-300,0,-96,300,-600,600,300,-600,0,nan,nan,nan,nan,nan,nan,-600
0,0,-300,0,144,300,-600,600,300,-600,nan,0,-997.92366738770795,-997.92366738770795,-300,nan,nan,-300
1,0,-300,0,144,300,-600,600,300,-600,0,nan,nan,nan,nan,nan,nan,-600
0,0,-300,0,48.000000000000007,300,-600,600,300,-600,nan,0,-997.98916360437465,-997.98916360437465,-300,nan,nan,-300
1,0,-300,0,48.000000000000007,300,-600,600,300,-600,0,nan,nan,nan,nan,nan,nan,-600
0,0,-300,0,47.999999999999993,300,-600,600,300,-600,nan,0,-997.94066917848033,-997.94066917848033,-300,nan,nan,-300
1,0,-300,0,47.999999999999993,300,-600,600,300,-600,0,nan,nan,nan,nan,nan,nan,-600
0,0,-300,0,47.999999999952003,300,-600,600,300,-600,nan,0,-997.91102412186785,-997.91102412186785,-300,nan,nan,-300
1,0,-300,0,47.999999999952003,300,-600,600,300,-600,0,nan,nan,nan,nan,nan,nan,-600
0,0,-300,0,100,300,-600,600,300,-600,nan,0,-997.9589985145725,-997.9589985145725,-300,nan,nan,-300
1,0,-300,0,100,300,-600,600,300,-600,0,nan,nan,nan,nan,nan,nan,-600
0,0,-300,0,-100,300,-600,600,300,-600,nan,-0,-998.04441342036012,-998.04441342036012,-300,nan,nan,-300
1,0,-300,0,-100,300,-600,600,300,-600,0,nan,nan,nan,nan,nan,nan,-600
0,0,-300,0,200,300,-600,600,300,-600,nan,0,-997.81559067239778,-997.81559067239778,-300,nan,nan,-300
1,0,-300,0,200,300,-600,600,300,-600,0,nan,nan,nan,nan,nan,nan,-600
0,0,-300,0,-200,300,-600,600,300,-600,nan,-0,-997.89671079466814,-997.89671079466814,-300,nan,nan,-300
1,0,-300,0,-200,300,-600,600,300,-600,0,nan,nan,nan,nan,nan,nan,-600
0,0,-300,0,300,300,-600,600,300,-600,nan,0,-997.94858336703476,-997.94858336703476,-300,nan,nan,-300
1,0,-300,0,300,300,-600,600,300,-600,0,nan,nan,nan,nan,nan,nan,-600
0,0,-300,0,100.00000000000001,300,-600,600,300,-600,nan,0,-997.79897355198909,-997.79897355198909,-300,nan,nan,-300
1,0,-300,0,100.00000000000001,300,-600,600,300,-600,0,nan,nan,nan,nan,nan,nan,-600
0,0,-300,0,99.999999999999986,300,-600,600,300,-600,nan,0,-997.90746862167316,-997.90746862167316,-300,nan,nan,-300
1,0,-300,0,99.999999999999986,300,-600,600,300,-600,0,nan,nan,nan,nan,nan,nan,-600
0,0,-300,0,99.999999999899998,300,-600,600,300,-600,nan,0,-998.04233057713884,-998.04233057713884,-300,nan,nan,-300
1,0,-300,0,99.999999999899998,300,-600,600,300,-600,0,nan,nan,nan,nan,nan,nan,-600
0,0,-300,0,120,300,-600,600,300,-600,nan,0,-997.98640922548884,-997.98640922548884,-300,nan,nan,-300
1,0,-300,0,120,300,-600,600,300,-600,0,nan,nan,nan,nan,nan,nan,-600
0,0,-300,0,-120,300,-600,600,300,-600,nan,-0,-998.04673017346261,-998.04673017346261,-300,nan,nan,-300
1,0,-300,0,-120,300,-600,600,300,-600,0,nan,nan,nan,nan,nan,nan,-600
0,0,-300,0,240,300,-600,600,300,-600,nan,0,-997.85032304070728,-997.85032304070728,-300,nan,nan,-300
1,0,-300,0,240,300,-600,600,300,-600,0,nan,nan,nan,nan,nan,nan,-600
0,0,-300,0,-240,300,-600,600,300,-600,nan,-0,-997.9611350236338,-997.9611350236338,-300,nan,nan,-300
1,0,-300,0,-240,300,-600,600,300,-600,0,nan,nan,nan,nan,nan,nan,-600
0,0,-300,0,360,300,-600,600,300,-600,nan,0,-997.87443719505552,-997.87443719505552,-300,nan,nan,-300
1,0,-300,0,360,300,-600,600,300,-600,0,nan,nan,nan,nan,nan,nan,-600
0,0,-300,0,120.00000000000001,300,-600,600,300,-600,nan,0,-997.87369062487335,-997.87369062487335,-300,nan,nan,-300
1,0,-300,0,120.00000000000001,300,-600,600,300,-600,0,nan,nan,nan,nan,nan,nan,-600
0,0,-300,0,119.99999999999999,300,-600,600,300,-600,nan,0,-997.98153707251413,-997.98153707251413,-300,nan,nan,-300
1,0,-300,0,119.99999999999999,300,-600,600,300,-600,0,nan,nan,nan,nan,nan,nan,-600
0,0,-300,0,119.99999999988,300,-600,600,300,-600,nan,0,-998.03560211480396,-998.03560211480396,-300,nan,nan,-300
1,0,-300,0,119.99999999988,300,-600,600,300,-600,0,nan,nan,nan,nan,nan,nan,-600
0,0,-300,0,121,300,-600,600,300,-600,nan,0,-998.02231543507139,-998.02231543507139,-300,nan,nan,-300
1,0,-300,0,121,300,-600,600,300,-600,0,nan,nan,nan,nan,nan,nan,-600
0,0,-300,0,-121,300,-600,600,300,-600,nan,-0,-997.84742192959686,-997.84742192959686,-300,nan,nan,-300
1,0,-300,0,-121,300,-600,600,300,-600,0,nan,nan,nan,nan,nan,nan,-600
0,0,-300,0,242,300,-600,600,300,-600,nan,0,-997.8898601979995,-997.8898601979995,-300,nan,nan,-300
1,0,-300,0,242,300,-600,600,300,-600,0,nan,nan,nan,nan,nan,nan,-600
0,0,-300,0,-242,300,-600,600,300,-600,nan,-0,-998.02923872888334,-998.02923872888334,-300,nan,nan,-300
1,0,-300,0,-242,300,-600,600,300,-600,0,nan,nan,nan,nan,nan,nan,-600
0,0,-300,0,363,300,-600,600,300,-600,nan,0,-997.93578208706174,-997.93578208706174,-300,nan,nan,-300
1,0,-300,0,363,300,-600,600,300,-600,0,nan,nan,nan,nan,nan,nan,-600
0,0,-300,0,121.00000000000001,300,-600,600,300,-600,nan,0,-997.95448869731206,-997.95448869731206,-300,nan,nan,-300
1,0,-300,0,121.00000000000001,300,-600,600,300,-600,0,nan,nan,nan,nan,nan,nan,-600
0,0,-300,0,120.99999999999999,300,-600,600,300,-600,nan,0,-997.8150710792911,-997.8150710792911,-300,nan,nan,-300
1,0,-300,0,120.99999999999999,300,-600,600,300,-600,0,nan,nan,nan,nan,nan,nan,-600
0,0,-300,0,120.99999999987899,300,-600,600,300,-600,nan,0,-997.92693794378988,-997.92693794378988,-300,nan,nan,-300
1,0,-300,0,120.99999999987899,300,-600,600,300,-600,0,nan,nan,nan,nan,nan,nan,-600
0,0,-300,0,122,300,-600,600,300,-600,nan,0,-998.00845699090837,-998.00845699090837,-300,nan,nan,-300
1,0,-300,0,122,300,-600,600,300,-600,0,nan,nan,nan,nan,nan,nan,-600
0,0,-300,0,-122,300,-600,600,300,-600,nan,-0,-998.02470156653021,-998.02470156653021,-300,nan,nan,-300
1,0,-300,0,-122,300,-600,600,300,-600,0,nan,nan,nan,nan,nan,nan,-600
0,0,-300,0,244,300,-600,600,300,-600,nan,0,-997.94145726602756,-997.94145726602756,-300,nan,nan,-300
1,0,-300,0,244,300,-600,600,300,-600,0,nan,nan,nan,nan,nan,nan,-600
0,0,-300,0,-244,300,-600,600,300,-600,nan,-0,-997.85059126314911,-997.85059126314911,-300,nan,nan,-300
1,0,-300,0,-244,300,-600,600,300,-600,0,nan,nan,nan,nan,nan,nan,-600
0,0,-300,0,366,300,-600,600,300,-600,nan,0,-998.00221994095477,-998.00221994095477,-300,nan,nan,-300
1,0,-300,0,366,300,-600,600,300,-600,0,nan,nan,nan,nan,nan,nan,-600
0,0,-300,0,122.00000000000001,300,-600,600,300,-600,nan,0,-997.7968811102495,-997.7968811102495,-300,nan,nan,-300
1,0,-300,0,122.00000000000001,300,-600,600,300,-600,0,nan,nan,nan,nan,nan,nan,-600
0,0,-300,0,121.99999999999999,300,-600,600,300,-600,nan,0,-997.87275424812833,-997.87275424812833,-300,nan,nan,-300
1,0,-300,0,121.99999999999999,300,-600,600,300,-600,0,nan,nan,nan,nan,nan,nan,-600
0,0,-300,0,121.999999999878,300,-600,600,300,-600,nan,0,-997.8781577429379,-997.8781577429379,-300,nan,nan,-300
1,0,-300,0,121.999999999878,300,-600,600,300,-600,0,nan,nan,nan,nan,nan,nan,-600
0,0,-300,0,-360,300,-600,600,300,-600,nan,-0,-997.97022335653935,-997.97022335653935,-300,nan,nan,-300
1,0,-300,0,-360,300,-600,600,300,-600,0,nan,nan,nan,nan,nan,nan,-600
0,0,-300,0,720,300,-600,600,300,-600,nan,0,-997.91026339071811,-997.91026339071811,-300,nan,nan,-300
1,0,-300,0,720,300,-600,600,300,-600,0,nan,nan,nan,nan,nan,nan,-600
0,0,-300,0,-720,300,-600,600,300,-600,nan,-0,-997.92020582406451,-997.92020582406451,-300,nan,nan,-300
1,0,-300,0,-720,300,-600,600,300,-600,0,nan,nan,nan,nan,nan,nan,-600
0,0,-300,0,360.00000000000006,300,-600,600,300,-600,nan,0,-997.92011896526469,-997.92011896526469,-300,nan,nan,-300
1,0,-300,0,360.00000000000006,300,-600,600,300,-600,0,nan,nan,nan,nan,nan,nan,-600
0,0,-300,0,359.99999999999994,300,-600,600,300,-600,nan,0,-997.86311458852902,-997.86311458852902,-300,nan,nan,-300
1,0,-300,0,359.99999999999994,300,-600,600,300,-600,0,nan,nan,nan,nan,nan,nan,-600
0,0,-300,0,359.99999999964001,300,-600,600,300,-600,nan,0,-997.94158664146141,-997.94158664146141,-300,nan,nan,-300
1,0,-300,0,359.99999999964001,300,-600,600,300,-600,0,nan,nan,nan,nan,nan,nan,-600
0,0,-300,0,500,300,-600,600,300,-600,nan,0,-997.90648590535807,-997.90648590535807,-300,nan,nan,-300
1,0,-300,0,500,300,-600,600,300,-600,0,nan,nan,nan,nan,nan,nan,-600
0,0,-300,0,-500,300,-600,600,300,-600,nan,-0,-997.92187482431621,-997.92187482431621,-300,nan,nan,-300
1,0,-300,0,-500,300,-600,600,300,-600,0,nan,nan,nan,nan,nan,nan,-600
0,0,-300,0,1000,300,-600,600,300,-600,nan,0,-997.90683896569692,-997.90683896569692,-300,nan,nan,-300
1,0,-300,0,1000,300,-600,600,300,-600,0,nan,nan,nan,nan,nan,nan,-600
0,0,-300,0,-1000,300,-600,600,300,-600,nan,-0,-997.93713656920283,-997.93713656920283,-300,nan,nan,-300
1,0,-300,0,-1000,300,-600,600,300,-600,0,nan,nan,nan,nan,nan,nan,-600
0,0,-300,0,500.00000000000006,300,-600,600,300,-600,nan,0,-998.04838919291603,-998.04838919291603,-300,nan,nan,-300
1,0,-300,0,500.00000000000006,300,-600,600,300,-600,0,nan,nan,nan,nan,nan,nan,-600
0,0,-300,0,499.99999999999994,300,-600,600,300,-600,nan,0,-998.00758710311902,-998.00758710311902,-300,nan,nan,-300
1,0,-300,0,499.99999999999994,300,-600,600,300,-600,0,nan,nan,nan,nan,nan,nan,-600
0,0,-300,0,499.99999999950001,300,-600,600,300,-600,nan,0,-997.89684815319231,-997.89684815319231,-300,nan,nan,-300
1,0,-300,0,499.99999999950001,300,-600,600,300,-600,0,nan,nan,nan,nan,nan,nan,-600
0,0,-300,0,-300,1,-600,600,300,-600,nan,-0,-997.9827258127176,-997.9827258127176,-300,nan,nan,-300
1,0,-300,0,-300,1,-600,600,300,-600,0,nan,nan,nan,nan,nan,nan,-600
0,0,-300,0,-300,-1,-600,600,300,-600,nan,-0,-997.95499361966552,-997.95499361966552,-300,nan,nan,-300
1,0,-300,0,-300,-1,-600,600,300,-600,0,nan,nan,nan,nan,nan,nan,-600
0,0,-300,0,-300,2,-600,600,300,-600,nan,-0,-997.96341018589794,-997.96341018589794,-300,nan,nan,-300
1,0,-300,0,-300,2,-600,600,300,-600,0,nan,nan,nan,nan,nan,nan,-600
0,0,-300,0,-300,-2,-600,600,300,-600,nan,-0,-997.96337273242057,-997.96337273242057,-300,nan,nan,-300
1,0,-300,0,-300,-2,-600,600,300,-600,0,nan,nan,nan,nan,nan,nan,-600
0,0,-300,0,-300,3,-600,600,300,-600,nan,-0,-998.00249111802214,-998.00249111802214,-300,nan,nan,-300
1,0,-300,0,-300,3,-600,600,300,-600,0,nan,nan,nan,nan,nan,nan,-600
0,0,-300,0,-300,1.0000000000000002,-600,600,300,-600,nan,-0,-997.94996595824989,-997.94996595824989,-300,nan,nan,-300
1,0,-300,0,-300,1.0000000000000002,-600,600,300,-600,0,nan,nan,nan,nan,nan,nan,-600
0,0,-300,0,-300,0.99999999999999989,-600,600,300,-600,nan,-0,-997.94320467096315,-997.94320467096315,-300,nan,nan,-300
1,0,-300,0,-300,0.99999999999999989,-600,600,300,-600,0,nan,nan,nan,nan,nan,nan,-600
0,0,-300,0,-300,0.99999999999900002,-600,600,300,-600,nan,-0,-997.94384117642051,-997.94384117642051,-300,nan,nan,-300
1,0,-300,0,-300,0.99999999999900002,-600,600,300,-600,0,nan,nan,nan,nan,nan,nan,-600
0,0,-300,0,-300,1.5800000000000001,-600,600,300,-600,nan,-0,-997.86642136612215,-997.86642136612215,-300,nan,nan,-300
1,0,-300,0,-300,1.5800000000000001,-600,600,300,-600,0,nan,nan,nan,nan,nan,nan,-600
0,0,-300,0,-300,-1.5800000000000001,-600,600,300,-600,nan,-0,-997.82126748375447,-997.82126748375447,-300,nan,nan,-300
1,0,-300,0,-300,-1.5800000000000001,-600,600,300,-600,0,nan,nan,nan,nan,nan,nan,-600
0,0,-300,0,-300,3.1600000000000001,-600,600,300,-600,nan,-0,-997.96372160895748,-997.96372160895748,-300,nan,nan,-300
1,0,-300,0,-300,3.1600000000000001,-600,600,300,-600,0,nan,nan,nan,nan,nan,nan,-600
0,0,-300,0,-300,-3.1600000000000001,-600,600,300,-600,nan,-0,-997.93088869178052,-997.93088869178052,-300,nan,nan,-300
1,0,-300,0,-300,-3.1600000000000001,-600,600,300,-600,0,nan,nan,nan,nan,nan,nan,-600
0,0,-300,0,-300,4.7400000000000002,-600,600,300,-600,nan,-0,-997.88288472237969,-997.88288472237969,-300,nan,nan,-300
1,0,-300,0,-300,4.7400000000000002,-600,600,300,-600,0,nan,nan,nan,nan,nan,nan,-600
0,0,-300,0,-300,1.5800000000000003,-600,600,300,-600,nan,-0,-997.88070996477995,-997.88070996477995,-300,nan,nan,-300
1,0,-300,0,-300,1.5800000000000003,-600,600,300,-600,0,nan,nan,nan,nan,nan,nan,-600
0,0,-300,0,-300,1.5799999999999998,-600,600,300,-600,nan,-0,-998.04099663076181,-998.04099663076181,-300,nan,nan,-300
1,0,-300,0,-300,1.5799999999999998,-600,600,300,-600,0,nan,nan,nan,nan,nan,nan,-600
0,0,-300,0,-300,1.57999999999842,-600,600,300,-600,nan,-0,-997.84902289170645,-997.84902289170645,-300,nan,nan,-300
1,0,-300,0,-300,1.57999999999842,-600,600,300,-600,0,nan,nan,nan,nan,nan,nan,-600
0,0,-300,0,-300,4,-600,600,300,-600,nan,-0,-997.80479546379718,-997.80479546379718,-300,nan,nan,-300
1,0,-300,0,-300,4,-600,600,300,-600,0,nan,nan,nan,nan,nan,nan,-600
0,0,-300,0,-300,-4,-600,600,300,-600,nan,-0,-997.92129724458562,-997.92129724458562,-300,nan,nan,-300
1,0,-300,0,-300,-4,-600,600,300,-600,0,nan,nan,nan,nan,nan,nan,-600
0,0,-300,0,-300,6,-600,600,300,-600,nan,-0,-997.91277572108572,-997.91277572108572,-300,nan,nan,-300
1,0,-300,0,-300,6,-600,600,300,-600,0,nan,nan,nan,nan,nan,nan,-600
0,0,-300,0,-300,2.0000000000000004,-600,600,300,-600,nan,-0,-997.98803320888794,-997.98803320888794,-300,nan,nan,-300
1,0,-300,0,-300,2.0000000000000004,-600,600,300,-600,0,nan,nan,nan,nan,nan,nan,-600
0,0,-300,0,-300,1.9999999999999998,-600,600,300,-600,nan,-0,-997.91346781132177,-997.91346781132177,-300,nan,nan,-300
1,0,-300,0,-300,1.9999999999999998,-600,600,300,-600,0,nan,nan,nan,nan,nan,nan,-600
0,0,-300,0,-300,1.999999999998,-600,600,300,-600,nan,-0,-997.91836686749991,-997.91836686749991,-300,nan,nan,-300
1,0,-300,0,-300,1.999999999998,-600,600,300,-600,0,nan,nan,nan,nan,nan,nan,-600
0,0,-300,0,-300,-3,-600,600,300,-600,nan,-0,-998.04240490384916,-998.04240490384916,-300,nan,nan,-300
1,0,-300,0,-300,-3,-600,600,300,-600,0,nan,nan,nan,nan,nan,nan,-600
0,0,-300,0,-300,-6,-600,600,300,-600,nan,-0,-997.88277023707838,-997.88277023707838,-300,nan,nan,-300
1,0,-300,0,-300,-6,-600,600,300,-600,0,nan,nan,nan,nan,nan,nan,-600
0,0,-300,0,-300,9,-600,600,300,-600,nan,-0,-997.80368693708431,-997.80368693708431,-300,nan,nan,-300
1,0,-300,0,-300,9,-600,600,300,-600,0,nan,nan,nan,nan,nan,nan,-600
0,0,-300,0,-300,3.0000000000000004,-600,600,300,-600,nan,-0,-998.00516406190877,-998.00516406190877,-300,nan,nan,-300
1,0,-300,0,-300,3.0000000000000004,-600,600,300,-600,0,nan,nan,nan,nan,nan,nan,-600
0,0,-300,0,-300,2.9999999999999996,-600,600,300,-600,nan,-0,-997.93063200404731,-997.93063200404731,-300,nan,nan,-300
1,0,-300,0,-300,2.9999999999999996,-600,600,300,-600,0,nan,nan,nan,nan,nan,nan,-600
0,0,-300,0,-300,2.9999999999970002,-600,600,300,-600,nan,-0,-997.88087934503835,-997.88087934503835,-300,nan,nan,-300
1,0,-300,0,-300,2.9999999999970002,-600,600,300,-600,0,nan,nan,nan,nan,nan,nan,-600
0,0,-300,0,-300,8,-600,600,300,-600,nan,-0,-997.95586655550539,-997.95586655550539,-300,nan,nan,-300
1,0,-300,0,-300,8,-600,600,300,-600,0,nan,nan,nan,nan,nan,nan,-600
0,0,-300,0,-300,-8,-600,600,300,-600,nan,-0,-997.8666160055302,-997.8666160055302,-300,nan,nan,-300
1,0,-300,0,-300,-8,-600,600,300,-600,0,nan,nan,nan,nan,nan,nan,-600
0,0,-300,0,-300,12,-600,600,300,-600,nan,-0,-998.01823161611208,-998.01823161611208,-300,nan,nan,-300
1,0,-300,0,-300,12,-600,600,300,-600,0,nan,nan,nan,nan,nan,nan,-600
0,0,-300,0,-300,4.0000000000000009,-600,600,300,-600,nan,-0,-997.83813204545049,-997.83813204545049,-300,nan,nan,-300
1,0,-300,0,-300,4.0000000000000009,-600,600,300,-600,0,nan,nan,nan,nan,nan,nan,-600
0,0,-300,0,-300,3.9999999999999996,-600,600,300,-600,nan,-0,-998.041305455768,-998.041305455768,-300,nan,nan,-300
1,0,-300,0,-300,3.9999999999999996,-600,600,300,-600,0,nan,nan,nan,nan,nan,nan,-600
0,0,-300,0,-300,3.9999999999960001,-600,600,300,-600,nan,-0,-998.01838783160645,-998.01838783160645,-300,nan,nan,-300
1,0,-300,0,-300,3.9999999999960001,-600,600,300,-600,0,nan,nan,nan,nan,nan,nan,-600
0,0,-300,0,-300,5,-600,600,300,-600,nan,-0,-998.00187008955197,-998.00187008955197,-300,nan,nan,-300
1,0,-300,0,-300,5,-600,600,300,-600,0,nan,nan,nan,nan,nan,nan,-600
0,0,-300,0,-300,-5,-600,600,300,-600,nan,-0,-998.02709096918852,-998.02709096918852,-300,nan,nan,-300
1,0,-300,0,-300,-5,-600,600,300,-600,0,nan,nan,nan,nan,nan,nan,-600
0,0,-300,0,-300,10,-600,600,300,-600,nan,-0,-998.02395625250028,-998.02395625250028,-300,nan,nan,-300
1,0,-300,0,-300,10,-600,600,300,-600,0,nan,nan,nan,nan,nan,nan,-600
0,0,-300,0,-300,-10,-600,600,300,-600,nan,-0,-997.90725619961313,-997.90725619961313,-300,nan,nan,-300
1,0,-300,0,-300,-10,-600,600,300,-600,0,nan,nan,nan,nan,nan,nan,-600
0,0,-300,0,-300,15,-600,600,300,-600,nan,-0,-997.99689667105451,-997.99689667105451,-300,nan,nan,-300
1,0,-300,0,-300,15,-600,600,300,-600,0,nan,nan,nan,nan,nan,nan,-600
0,0,-300,0,-300,5.0000000000000009,-600,600,300,-600,nan,-0,-998.01547948837822,-998.01547948837822,-300,nan,nan,-300
1,0,-300,0,-300,5.0000000000000009,-600,600,300,-600,0,nan,nan,nan,nan,nan,nan,-600
0,0,-300,0,-300,4.9999999999999991,-600,600,300,-600,nan,-0,-997.95323378670389,-997.95323378670389,-300,nan,nan,-300
1,0,-300,0,-300,4.9999999999999991,-600,600,300,-600,0,nan,nan,nan,nan,nan,nan,-600
0,0,-300,0,-300,4.9999999999950004,-600,600,300,-600,nan,-0,-997.80910452963803,-997.80910452963803,-300,nan,nan,-300
1,0,-300,0,-300,4.9999999999950004,-600,600,300,-600,0,nan,nan,nan,nan,nan,nan,-600
0,0,-300,0,-300,16,-600,600,300,-600,nan,-0,-997.96944453351034,-997.96944453351034,-300,nan,nan,-300
1,0,-300,0,-300,16,-600,600,300,-600,0,nan,nan,nan,nan,nan,nan,-600
0,0,-300,0,-300,-16,-600,600,300,-600,nan,-0,-997.89986979414664,-997.89986979414664,-300,nan,nan,-300
1,0,-300,0,-300,-16,-600,600,300,-600,0,nan,nan,nan,nan,nan,nan,-600
0,0,-300,0,-300,24,-600,600,300,-600,nan,-0,-997.80006524820681,-997.80006524820681,-300,nan,nan,-300
1,0,-300,0,-300,24,-600,600,300,-600,0,nan,nan,nan,nan,nan,nan,-600
0,0,-300,0,-300,8.0000000000000018,-600,600,300,-600,nan,-0,-997.80379791676614,-997.80379791676614,-300,nan,nan,-300
1,0,-300,0,-300,8.0000000000000018,-600,600,300,-600,0,nan,nan,nan,nan,nan,nan,-600
0,0,-300,0,-300,7.9999999999999991,-600,600,300,-600,nan,-0,-997.87043051625028,-997.87043051625028,-300,nan,nan,-300
1,0,-300,0,-300,7.9999999999999991,-600,600,300,-600,0,nan,nan,nan,nan,nan,nan,-600
0,0,-300,0,-300,7.9999999999920002,-600,600,300,-600,nan,-0,-997.85995904647973,-997.85995904647973,-300,nan,nan,-300
1,0,-300,0,-300,7.9999999999920002,-600,600,300,-600,0,nan,nan,nan,nan,nan,nan,-600
0,0,-300,0,-300,10.332000000000001,-600,600,300,-600,nan,-0,-997.90348843387198,-997.90348843387198,-300,nan,nan,-300
1,0,-300,0,-300,10.332000000000001,-600,600,300,-600,0,nan,nan,nan,nan,nan,nan,-600
0,0,-300,0,-300,-10.332000000000001,-600,600,300,-600,nan,-0,-998.01152384042939,-998.01152384042939,-300,nan,nan,-300
1,0,-300,0,-300,-10.332000000000001,-600,600,300,-600,0,nan,nan,nan,nan,nan,nan,-600
0,0,-300,0,-300,20.664000000000001,-600,600,300,-600,nan,-0,-997.94442602872414,-997.94442602872414,-300,nan,nan,-300
1,0,-300,0,-300,20.664000000000001,-600,600,300,-600,0,nan,nan,nan,nan,nan,nan,-600
0,0,-300,0,-300,-20.664000000000001,-600,600,300,-600,nan,-0,-997.98631266260929,-997.98631266260929,-300,nan,nan,-300
1,0,-300,0,-300,-20.664000000000001,-600,600,300,-600,0,nan,nan,nan,nan,nan,nan,-600
0,0,-300,0,-300,30.996000000000002,-600,600,300,-600,nan,-0,-997.84477871654587,-997.84477871654587,-300,nan,nan,-300
1,0,-300,0,-300,30.996000000000002,-600,600,300,-600,0,nan,nan,nan,nan,nan,nan,-600
0,0,-300,0,-300,10.332000000000003,-600,600,300,-600,nan,-0,-997.85485482369029,-997.85485482369029,-300,nan,nan,-300
1,0,-300,0,-300,10.332000000000003,-600,600,300,-600,0,nan,nan,nan,nan,nan,nan,-600
0,0,-300,0,-300,10.331999999999999,-600,600,300,-600,nan,-0,-997.94979559198964,-997.94979559198964,-300,nan,nan,-300
1,0,-300,0,-300,10.331999999999999,-600,600,300,-600,0,nan,nan,nan,nan,nan,nan,-600
0,0,-300,0,-300,10.331999999989669,-600,600,300,-600,nan,-0,-997.89582275566408,-997.89582275566408,-300,nan,nan,-300
1,0,-300,0,-300,10.331999999989669,-600,600,300,-600,0,nan,nan,nan,nan,nan,nan,-600
0,0,-300,0,-300,14.51,-600,600,300,-600,nan,-0,-997.90854328499006,-997.90854328499006,-300,nan,nan,-300
1,0,-300,0,-300,14.51,-600,600,300,-600,0,nan,nan,nan,nan,nan,nan,-600
0,0,-300,0,-300,-14.51,-600,600,300,-600,nan,-0,-997.82914373541541,-997.82914373541541,-300,nan,nan,-300
1,0,-300,0,-300,-14.51,-600,600,300,-600,0,nan,nan,nan,nan,nan,nan,-600
0,0,-300,0,-300,29.02,-600,600,300,-600,nan,-0,-997.85746662024746,-997.85746662024746,-300,nan,nan,-300
1,0,-300,0,-300,29.02,-600,600,300,-600,0,nan,nan,nan,nan,nan,nan,-600
0,0,-300,0,-300,-29.02,-600,600,300,-600,nan,-0,-998.02658179782384,-998.02658179782384,-300,nan,nan,-300
1,0,-300,0,-300,-29.02,-600,600,300,-600,0,nan,nan,nan,nan,nan,nan,-600
0,0,-300,0,-300,43.530000000000001,-600,600,300,-600,nan,-0,-997.86717882334835,-997.86717882334835,-300,nan,nan,-300
1,0,-300,0,-300,43.530000000000001,-600,600,300,-600,0,nan,nan,nan,nan,nan,nan,-600
0,0,-300,0,-300,14.510000000000002,-600,600,300,-600,nan,-0,-997.97340468304833,-997.97340468304833,-300,nan,nan,-300
1,0,-300,0,-300,14.510000000000002,-600,600,300,-600,0,nan,nan,nan,nan,nan,nan,-600
0,0,-300,0,-300,14.509999999999998,-600,600,300,-600,nan,-0,-998.00177090499244,-998.00177090499244,-300,nan,nan,-300
1,0,-300,0,-300,14.509999999999998,-600,600,300,-600,0,nan,nan,nan,nan,nan,nan,-600
0,0,-300,0,-300,14.509999999985491,-600,600,300,-600,nan,-0,-997.87129882849786,-997.87129882849786,-300,nan,nan,-300
1,0,-300,0,-300,14.509999999985491,-600,600,300,-600,0,nan,nan,nan,nan,nan,nan,-600
0,0,-300,0,-300,42,-600,600,300,-600,nan,-0,-998.0274256589023,-998.0274256589023,-300,nan,nan,-300
1,0,-300,0,-300,42,-600,600,300,-600,0,nan,nan,nan,nan,nan,nan,-600
0,0,-300,0,-300,-42,-600,600,300,-600,nan,-0,-998.04565118596054,-998.04565118596054,-300,nan,nan,-300
1,0,-300,0,-300,-42,-600,600,300,-600,0,nan,nan,nan,nan,nan,nan,-600
0,0,-300,0,-300,84,-600,600,300,-600,nan,-0,-997.95654776821186,-997.95654776821186,-300,nan,nan,-300
1,0,-300,0,-300,84,-600,600,300,-600,0,nan,nan,nan,nan,nan,nan,-600
0,0,-300,0,-300,-84,-600,600,300,-600,nan,-0,-998.01254430343192,-998.01254430343192,-300,nan,nan,-300
1,0,-300,0,-300,-84,-600,600,300,-600,0,nan,nan,nan,nan,nan,nan,-600
0,0,-300,0,-300,126,-600,600,300,-600,nan,-0,-997.87877122316343,-997.87877122316343,-300,nan,nan,-300
1,0,-300,0,-300,126,-600,600,300,-600,0,nan,nan,nan,nan,nan,nan,-600
0,0,-300,0,-300,42.000000000000007,-600,600,300,-600,nan,-0,-997.93640295778778,-997.93640295778778,-300,nan,nan,-300
1,0,-300,0,-300,42.000000000000007,-600,600,300,-600,0,nan,nan,nan,nan,nan,nan,-600
0,0,-300,0,-300,41.999999999999993,-600,600,300,-600,nan,-0,-997.89320098049836,-997.89320098049836,-300,nan,nan,-300
1,0,-300,0,-300,41.999999999999993,-600,600,300,-600,0,nan,nan,nan,nan,nan,nan,-600
0,0,-300,0,-300,41.999999999958,-600,600,300,-600,nan,-0,-997.81311886485742,-997.81311886485742,-300,nan,nan,-300
1,0,-300,0,-300,41.999999999958,-600,600,300,-600,0,nan,nan,nan,nan,nan,nan,-600
0,0,-300,0,-300,43,-600,600,300,-600,nan,-0,-998.02135503214492,-998.02135503214492,-300,nan,nan,-300
1,0,-300,0,-300,43,-600,600,300,-600,0,nan,nan,nan,nan,nan,nan,-600
0,0,-300,0,-300,-43,-600,600,300,-600,nan,-0,-997.90324046118462,-997.90324046118462,-300,nan,nan,-300
1,0,-300,0,-300,-43,-600,600,300,-600,0,nan,nan,nan,nan,nan,nan,-600
0,0,-300,0,-300,86,-600,600,300,-600,nan,-0,-997.93259928400153,-997.93259928400153,-300,nan,nan,-300
1,0,-300,0,-300,86,-600,600,300,-600,0,nan,nan,nan,nan,nan,nan,-600
0,0,-300,0,-300,-86,-600,600,300,-600,nan,-0,-998.04031206093543,-998.04031206093543,-300,nan,nan,-300
1,0,-300,0,-300,-86,-600,600,300,-600,0,nan,nan,nan,nan,nan,nan,-600
0,0,-300,0,-300,129,-600,600,300,-600,nan,-0,-997.96390805894873,-997.96390805894873,-300,nan,nan,-300
1,0,-300,0,-300,129,-600,600,300,-600,0,nan,nan,nan,nan,nan,nan,-600
0,0,-300,0,-300,43.000000000000007,-600,600,300,-600,nan,-0,-997.99844475266252,-997.99844475266252,-300,nan,nan,-300
1,0,-300,0,-300,43.000000000000007,-600,600,300,-600,0,nan,nan,nan,nan,nan,nan,-600
0,0,-300,0,-300,42.999999999999993,-600,600,300,-600,nan,-0,-997.84502580226069,-997.84502580226069,-300,nan,nan,-300
1,0,-300,0,-300,42.999999999999993,-600,600,300,-600,0,nan,nan,nan,nan,nan,nan,-600
0,0,-300,0,-300,42.999999999956998,-600,600,300,-600,nan,-0,-998.00669704356801,-998.00669704356801,-300,nan,nan,-300
1,0,-300,0,-300,42.999999999956998,-600,600,300,-600,0,nan,nan,nan,nan,nan,nan,-600
0,0,-300,0,-300,44,-600,600,300,-600,nan,-0,-997.90186733279279,-997.90186733279279,-300,nan,nan,-300
1,0,-300,0,-300,44,-600,600,300,-600,0,nan,nan,nan,nan,nan,nan,-600
0,0,-300,0,-300,-44,-600,600,300,-600,nan,-0,-997.96038330525266,-997.96038330525266,-300,nan,nan,-300
1,0,-300,0,-300,-44,-600,600,300,-600,0,nan,nan,nan,nan,nan,nan,-600
0,0,-300,0,-300,88,-600,600,300,-600,nan,-0,-998.01483764287639,-998.01483764287639,-300,nan,nan,-300
1,0,-300,0,-300,88,-600,600,300,-600,0,nan,nan,nan,nan,nan,nan,-600
0,0,-300,0,-300,-88,-600,600,300,-600,nan,-0,-997.84240670745521,-997.84240670745521,-300,nan,nan,-300
1,0,-300,0,-300,-88,-600,600,300,-600,0,nan,nan,nan,nan,nan,nan,-600
0,0,-300,0,-300,132,-600,600,300,-600,nan,-0,-997.97620700010611,-997.97620700010611,-300,nan,nan,-300
1,0,-300,0,-300,132,-600,600,300,-600,0,nan,nan,nan,nan,nan,nan,-600
0,0,-300,0,-300,44.000000000000007,-600,600,300,-600,nan,-0,-997.92769982982884,-997.92769982982884,-300,nan,nan,-300
1,0,-300,0,-300,44.000000000000007,-600,600,300,-600,0,nan,nan,nan,nan,nan,nan,-600
0,0,-300,0,-300,43.999999999999993,-600,600,300,-600,nan,-0,-998.0187014116475,-998.0187014116475,-300,nan,nan,-300
1,0,-300,0,-300,43.999999999999993,-600,600,300,-600,0,nan,nan,nan,nan,nan,nan,-600
0,0,-300,0,-300,43.999999999956003,-600,600,300,-600,nan,-0,-997.8691176994264,-997.8691176994264,-300,nan,nan,-300
1,0,-300,0,-300,43.999999999956003,-600,600,300,-600,0,nan,nan,nan,nan,nan,nan,-600
0,0,-300,0,-300,45,-600,600,300,-600,nan,-0,-997.95056970185431,-997.95056970185431,-300,nan,nan,-300
1,0,-300,0,-300,45,-600,600,300,-600,0,nan,nan,nan,nan,nan,nan,-600
0,0,-300,0,-300,-45,-600,600,300,-600,nan,-0,-997.88562812497844,-997.88562812497844,-300,nan,nan,-300
1,0,-300,0,-300,-45,-600,600,300,-600,0,nan,nan,nan,nan,nan,nan,-600
0,0,-300,0,-300,90,-600,600,300,-600,nan,-0,-997.84880022528318,-997.84880022528318,-300,nan,nan,-300
1,0,-300,0,-300,90,-600,600,300,-600,0,nan,nan,nan,nan,nan,nan,-600
0,0,-300,0,-300,-90,-600,600,300,-600,nan,-0,-997.84448112345467,-997.84448112345467,-300,nan,nan,-300
1,0,-300,0,-300,-90,-600,600,300,-600,0,nan,nan,nan,nan,nan,nan,-600
0,0,-300,0,-300,135,-600,600,300,-600,nan,-0,-997.97606889602923,-997.97606889602923,-300,nan,nan,-300
1,0,-300,0,-300,135,-600,600,300,-600,0,nan,nan,nan,nan,nan,nan,-600
0,0,-300,0,-300,45.000000000000007,-600,600,300,-600,nan,-0,-997.94240458643696,-997.94240458643696,-300,nan,nan,-300
1,0,-300,0,-300,45.000000000000007,-600,600,300,-600,0,nan,nan,nan,nan,nan,nan,-600
0,0,-300,0,-300,44.999999999999993,-600,600,300,-600,nan,-0,-997.92101504379013,-997.92101504379013,-300,nan,nan,-300
1,0,-300,0,-300,44.999999999999993,-600,600,300,-600,0,nan,nan,nan,nan,nan,nan,-600
0,0,-300,0,-300,44.999999999955001,-600,600,300,-600,nan,-0,-997.9512142258194,-997.9512142258194,-300,nan,nan,-300
1,0,-300,0,-300,44.999999999955001,-600,600,300,-600,0,nan,nan,nan,nan,nan,nan,-600
0,0,-300,0,-300,47,-600,600,300,-600,nan,-0,-997.93337033097396,-997.93337033097396,-300,nan,nan,-300
1,0,-300,0,-300,47,-600,600,300,-600,0,nan,nan,nan,nan,nan,nan,-600
0,0,-300,0,-300,-47,-600,600,300,-600,nan,-0,-997.91425841510704,-997.91425841510704,-300,nan,nan,-300
1,0,-300,0,-300,-47,-600,600,300,-600,0,nan,nan,nan,nan,nan,nan,-600
0,0,-300,0,-300,94,-600,600,300,-600,nan,-0,-998.02074882029115,-998.02074882029115,-300,nan,nan,-300
1,0,-300,0,-300,94,-600,600,300,-600,0,nan,nan,nan,nan,nan,nan,-600
0,0,-300,0,-300,-94,-600,600,300,-600,nan,-0,-997.97746617145242,-997.97746617145242,-300,nan,nan,-300
1,0,-300,0,-300,-94,-600,600,300,-600,0,nan,nan,nan,nan,nan,nan,-600
0,0,-300,0,-300,141,-600,600,300,-600,nan,-0,-997.96127346852097,-997.96127346852097,-300,nan,nan,-300
1,0,-300,0,-300,141,-600,600,300,-600,0,nan,nan,nan,nan,nan,nan,-600
0,0,-300,0,-300,47.000000000000007,-600,600,300,-600,nan,-0,-998.00405050380573,-998.00405050380573,-300,nan,nan,-300
1,0,-300,0,-300,47.000000000000007,-600,600,300,-600,0,nan,nan,nan,nan,nan,nan,-600
0,0,-300,0,-300,46.999999999999993,-600,600,300,-600,nan,-0,-997.83440095010644,-997.83440095010644,-300,nan,nan,-300
1,0,-300,0,-300,46.999999999999993,-600,600,300,-600,0,nan,nan,nan,nan,nan,nan,-600
0,0,-300,0,-300,46.999999999952998,-600,600,300,-600,nan,-0,-997.85053091230691,-997.85053091230691,-300,nan,nan,-300
1,0,-300,0,-300,46.999999999952998,-600,600,300,-600,0,nan,nan,nan,nan,nan,nan,-600
0,0,-300,0,-300,48,-600,600,300,-600,nan,-0,-997.99266411037422,-997.99266411037422,-300,nan,nan,-300
1,0,-300,0,-300,48,-600,600,300,-600,0,nan,nan,nan,nan,nan,nan,-600
0,0,-300,0,-300,-48,-600,600,300,-600,nan,-0,-997.82962566136018,-997.82962566136018,-300,nan,nan,-300
1,0,-300,0,-300,-48,-600,600,300,-600,0,nan,nan,nan,nan,nan,nan,-600
0,0,-300,0,-300,96,-600,600,300,-600,nan,-0,-998.03776411764079,-998.03776411764079,-300,nan,nan,-300
1,0,-300,0,-300,96,-600,600,300,-600,0,nan,nan,nan,nan,nan,nan,-600
0,0,-300,0,-300,-96,-600,600,300,-600,nan,-0,-997.99903949417796,-997.99903949417796,-300,nan,nan,-300
1,0,-300,0,-300,-96,-600,600,300,-600,0,nan,nan,nan,nan,nan,nan,-600
0,0,-300,0,-300,144,-600,600,300,-600,nan,-0,-997.88620726952092,-997.88620726952092,-300,nan,nan,-300
1,0,-300,0,-300,144,-600,600,300,-600,0,nan,nan,nan,nan,nan,nan,-600
0,0,-300,0,-300,48.000000000000007,-600,600,300,-600,nan,-0,-997.87945766070368,-997.87945766070368,-300,nan,nan,-300
1,0,-300,0,-300,48.000000000000007,-600,600,300,-600,0,nan,nan,nan,nan,nan,nan,-600
0,0,-300,0,-300,47.999999999999993,-600,600,300,-600,nan,-0,-998.0261292445872,-998.0261292445872,-300,nan,nan,-300
1,0,-300,0,-300,47.999999999999993,-600,600,300,-600,0,nan,nan,nan,nan,nan,nan,-600
0,0,-300,0,-300,47.999999999952003,-600,600,300,-600,nan,-0,-997.79645109443948,-997.79645109443948,-300,nan,nan,-300
1,0,-300,0,-300,47.999999999952003,-600,600,300,-600,0,nan,nan,nan,nan,nan,nan,-600
0,0,-300,0,-300,100,-600,600,300,-600,nan,-0,-997.91020261951508,-997.91020261951508,-300,nan,nan,-300
1,0,-300,0,-300,100,-600,600,300,-600,0,nan,nan,nan,nan,nan,nan,-600
0,0,-300,0,-300,-100,-600,600,300,-600,nan,-0,-997.91118269873346,-997.91118269873346,-300,nan,nan,-300
1,0,-300,0,-300,-100,-600,600,300,-600,0,nan,nan,nan,nan,nan,nan,-600
0,0,-300,0,-300,200,-600,600,300,-600,nan,-0,-998.04609669465015,-998.04609669465015,-300,nan,nan,-300
1,0,-300,0,-300,200,-600,600,300,-600,0,nan,nan,nan,nan,nan,nan,-600
0,0,-300,0,-300,-200,-600,600,300,-600,nan,-0,-997.88005558153884,-997.88005558153884,-300,nan,nan,-300
1,0,-300,0,-300,-200,-600,600,300,-600,0,nan,nan,nan,nan,nan,nan,-600
0,0,-300,0,-300,300,-600,600,300,-600,nan,-0,-998.04057679647406,-998.04057679647406,-300,nan,nan,-300
1,0,-300,0,-300,300,-600,600,300,-600,0,nan,nan,nan,nan,nan,nan,-600
0,0,-300,0,-300,100.00000000000001,-600,600,300,-600,nan,-0,-997.90521483143061,-997.90521483143061,-300,nan,nan,-300
1,0,-300,0,-300,100.00000000000001,-600,600,300,-600,0,nan,nan,nan,nan,nan,nan,-600
0,0,-300,0,-300,99.999999999999986,-600,600,300,-600,nan,-0,-997.86697818902167,-997.86697818902167,-300,nan,nan,-300
1,0,-300,0,-300,99.999999999999986,-600,600,300,-600,0,nan,nan,nan,nan,nan,nan,-600
0,0,-300,0,-300,99.999999999899998,-600,600,300,-600,nan,-0,-998.03385117716186,-998.03385117716186,-300,nan,nan,-300
1,0,-300,0,-300,99.999999999899998,-600,600,300,-600,0,nan,nan,nan,nan,nan,nan,-600
0,0,-300,0,-300,120,-600,600,300,-600,nan,-0,-997.90917247581649,-997.90917247581649,-300,nan,nan,-300
1,0,-300,0,-300,120,-600,600,300,-600,0,nan,nan,nan,nan,nan,nan,-600
0,0,-300,0,-300,-120,-600,600,300,-600,nan,-0,-997.82893489707612,-997.82893489707612,-300,nan,nan,-300
1,0,-300,0,-300,-120,-600,600,300,-600,0,nan,nan,nan,nan,nan,nan,-600
0,0,-300,0,-300,240,-600,600,300,-600,nan,-0,-997.85604942480973,-997.85604942480973,-300,nan,nan,-300
1,0,-300,0,-300,240,-600,600,300,-600,0,nan,nan,nan,nan,nan,nan,-600
0,0,-300,0,-300,-240,-600,600,300,-600,nan,-0,-997.89778548097922,-997.89778548097922,-300,nan,nan,-300
1,0,-300,0,-300,-240,-600,600,300,-600,0,nan,nan,nan,nan,nan,nan,-600
0,0,-300,0,-300,360,-600,600,300,-600,nan,-0,-997.88516200144238,-997.88516200144238,-300,nan,nan,-300
1,0,-300,0,-300,360,-600,600,300,-600,0,nan,nan,nan,nan,nan,nan,-600
0,0,-300,0,-300,120.00000000000001,-600,600,300,-600,nan,-0,-997.95386825258413,-997.95386825258413,-300,nan,nan,-300
1,0,-300,0,-300,120.00000000000001,-600,600,300,-600,0,nan,nan,nan,nan,nan,nan,-600
0,0,-300,0,-300,119.99999999999999,-600,600,300,-600,nan,-0,-997.8970978960167,-997.8970978960167,-300,nan,nan,-300
1,0,-300,0,-300,119.99999999999999,-600,600,300,-600,0,nan,nan,nan,nan,nan,nan,-600
0,0,-300,0,-300,119.99999999988,-600,600,300,-600,nan,-0,-997.99803306424144,-997.99803306424144,-300,nan,nan,-300
1,0,-300,0,-300,119.99999999988,-600,600,300,-600,0,nan,nan,nan,nan,nan,nan,-600
0,0,-300,0,-300,121,-600,600,300,-600,nan,-0,-997.89092464427597,-997.89092464427597,-300,nan,nan,-300
1,0,-300,0,-300,121,-600,600,300,-600,0,nan,nan,nan,nan,nan,nan,-600
0,0,-300,0,-300,-121,-600,600,300,-600,nan,-0,-998.03388675892427,-998.03388675892427,-300,nan,nan,-300
1,0,-300,0,-300,-121,-600,600,300,-600,0,nan,nan,nan,nan,nan,nan,-600
0,0,-300,0,-300,242,-600,600,300,-600,nan,-0,-998.02921403261143,-998.02921403261143,-300,nan,nan,-300
1,0,-300,0,-300,242,-600,600,300,-600,0,nan,nan,nan,nan,nan,nan,-600
0,0,-300,0,-300,-242,-600,600,300,-600,nan,-0,-997.83669260316901,-997.83669260316901,-300,nan,nan,-300
1,0,-300,0,-300,-242,-600,600,300,-600,0,nan,nan,nan,nan,nan,nan,-600
0,0,-300,0,-300,363,-600,600,300,-600,nan,-0,-998.01106510454917,-998.01106510454917,-300,nan,nan,-300
1,0,-300,0,-300,363,-600,600,300,-600,0,nan,nan,nan,nan,nan,nan,-600
0,0,-300,0,-300,121.00000000000001,-600,600,300,-600,nan,-0,-997.90520958115599,-997.90520958115599,-300,nan,nan,-300
1,0,-300,0,-300,121.00000000000001,-600,600,300,-600,0,nan,nan,nan,nan,nan,nan,-600
0,0,-300,0,-300,120.99999999999999,-600,600,300,-600,nan,-0,-997.87180724777147,-997.87180724777147,-300,nan,nan,-300
1,0,-300,0,-300,120.99999999999999,-600,600,300,-600,0,nan,nan,nan,nan,nan,nan,-600
0,0,-300,0,-300,120.99999999987899,-600,600,300,-600,nan,-0,-997.8310164008841,-997.8310164008841,-300,nan,nan,-300
1,0,-300,0,-300,120.99999999987899,-600,600,300,-600,0,nan,nan,nan,nan,nan,nan,-600
0,0,-300,0,-300,122,-600,600,300,-600,nan,-0,-997.86632625136963,-997.86632625136963,-300,nan,nan,-300
1,0,-300,0,-300,122,-600,600,300,-600,0,nan,nan,nan,nan,nan,nan,-600
0,0,-300,0,-300,-122,-600,600,300,-600,nan,-0,-997.89117745073122,-997.89117745073122,-300,nan,nan,-300
1,0,-300,0,-300,-122,-600,600,300,-600,0,nan,nan,nan,nan,nan,nan,-600
0,0,-300,0,-300,244,-600,600,300,-600,nan,-0,-997.96094651253429,-997.96094651253429,-300,nan,nan,-300
1,0,-300,0,-300,244,-600,600,300,-600,0,nan,nan,nan,nan,nan,nan,-600
0,0,-300,0,-300,-244,-600,600,300,-600,nan,-0,-997.90504183251562,-997.90504183251562,-300,nan,nan,-300
1,0,-300,0,-300,-244,-600,600,300,-600,0,nan,nan,nan,nan,nan,nan,-600
0,0,-300,0,-300,366,-600,600,300,-600,nan,-0,-997.80455219014641,-997.80455219014641,-300,nan,nan,-300
1,0,-300,0,-300,366,-600,600,300,-600,0,nan,nan,nan,nan,nan,nan,-600
0,0,-300,0,-300,122.00000000000001,-600,600,300,-600,nan,-0,-997.85450420575387,-997.85450420575387,-300,nan,nan,-300
1,0,-300,0,-300,122.00000000000001,-600,600,300,-600,0,nan,nan,nan,nan,nan,nan,-600
0,0,-300,0,-300,121.99999999999999,-600,600,300,-600,nan,-0,-997.9895943379762,-997.9895943379762,-300,nan,nan,-300
1,0,-300,0,-300,121.99999999999999,-600,600,300,-600,0,nan,nan,nan,nan,nan,nan,-600
0,0,-300,0,-300,121.999999999878,-600,600,300,-600,nan,-0,-997.9344309550454,-997.9344309550454,-300,nan,nan,-300
1,0,-300,0,-300,121.999999999878,-600,600,300,-600,0,nan,nan,nan,nan,nan,nan,-600
0,0,-300,0,-300,-360,-600,600,300,-600,nan,-0,-997.87622397000064,-997.87622397000064,-300,nan,nan,-300
1,0,-300,0,-300,-360,-600,600,300,-600,0,nan,nan,nan,nan,nan,nan,-600
0,0,-300,0,-300,720,-600,600,300,-600,nan,-0,-997.92097924570407,-997.92097924570407,-300,nan,nan,-300
1,0,-300,0,-300,720,-600,600,300,-600,0,nan,nan,nan,nan,nan,nan,-600
0,0,-300,0,-300,-720,-600,600,300,-600,nan,-0,-998.02960092291084,-998.02960092291084,-300,nan,nan,-300
1,0,-300,0,-300,-720,-600,600,300,-600,0,nan,nan,nan,nan,nan,nan,-600
0,0,-300,0,-300,360.00000000000006,-600,600,300,-600,nan,-0,-998.02339245336589,-998.02339245336589,-300,nan,nan,-300
1,0,-300,0,-300,360.00000000000006,-600,600,300,-600,0,nan,nan,nan,nan,nan,nan,-600
0,0,-300,0,-300,359.99999999999994,-600,600,300,-600,nan,-0,-997.96687539061395,-997.96687539061395,-300,nan,nan,-300
1,0,-300,0,-300,359.99999999999994,-600,600,300,-600,0,nan,nan,nan,nan,nan,nan,-600
0,0,-300,0,-300,359.99999999964001,-600,600,300,-600,nan,-0,-997.90128961854305,-997.90128961854305,-300,nan,nan,-300
1,0,-300,0,-300,359.99999999964001,-600,600,300,-600,0,nan,nan,nan,nan,nan,nan,-600
0,0,-300,0,-300,500,-600,600,300,-600,nan,-0,-997.87899605137738,-997.87899605137738,-300,nan,nan,-300
1,0,-300,0,-300,500,-600,600,300,-600,0,nan,nan,nan,nan,nan,nan,-600
0,0,-300,0,-300,-500,-600,600,300,-600,nan,-0,-997.93993552873553,-997.93993552873553,-300,nan,nan,-300
1,0,-300,0,-300,-500,-600,600,300,-600,0,nan,nan,nan,nan,nan,nan,-600
0,0,-300,0,-300,1000,-600,600,300,-600,nan,-0,-997.81243239172295,-997.81243239172295,-300,nan,nan,-300
1,0,-300,0,-300,1000,-600,600,300,-600,0,nan,nan,nan,nan,nan,nan,-600
0,0,-300,0,-300,-1000,-600,600,300,-600,nan,-0,-998.01191354312607,-998.01191354312607,-300,nan,nan,-300
1,0,-300,0,-300,-1000,-600,600,300,-600,0,nan,nan,nan,nan,nan,nan,-600
0,0,-300,0,-300,500.00000000000006,-600,600,300,-600,nan,-0,-997.84368288919427,-997.84368288919427,-300,nan,nan,-300
1,0,-300,0,-300,500.00000000000006,-600,600,300,-600,0,nan,nan,nan,nan,nan,nan,-600
0,0,-300,0,-300,499.99999999999994,-600,600,300,-600,nan,-0,-997.98286818569932,-997.98286818569932,-300,nan,nan,-300
1,0,-300,0,-300,499.99999999999994,-600,600,300,-600,0,nan,nan,nan,nan,nan,nan,-600
0,0,-300,0,-300,499.99999999950001,-600,600,300,-600,nan,-0,-997.89986849716513,-997.89986849716513,-300,nan,nan,-300
1,0,-300,0,-300,499.99999999950001,-600,600,300,-600,0,nan,nan,nan,nan,nan,nan,-600
0,0,-300,0,-300,300,1,600,300,-600,nan,-0,-997.83725794292911,-997.83725794292911,-300,nan,nan,-300
1,0,-300,0,-300,300,1,600,300,-600,0,nan,nan,nan,nan,nan,nan,-600
0,0,-300,0,-300,300,-1,600,300,-600,nan,-0,-998.00271640089886,-998.00271640089886,-300,nan,nan,-300
1,0,-300,0,-300,300,-1,600,300,-600,0,nan,nan,nan,nan,nan,nan,-600
0,0,-300,0,-300,300,2,600,300,-600,nan,-0,-997.91059206871296,-997.91059206871296,-300,nan,nan,-300
1,0,-300,0,-300,300,2,600,300,-600,0,nan,nan,nan,nan,nan,nan,-600
0,0,-300,0,-300,300,-2,600,300,-600,nan,-0,-997.81494395187201,-997.81494395187201,-300,nan,nan,-300
1,0,-300,0,-300,300,-2,600,300,-600,0,nan,nan,nan,nan,nan,nan,-600
0,0,-300,0,-300,300,3,600,300,-600,nan,-0,-997.82487459615106,-997.82487459615106,-300,nan,nan,-300
1,0,-300,0,-300,300,3,600,300,-600,0,nan,nan,nan,nan,nan,nan,-600
0,0,-300,0,-300,300,1.0000000000000002,600,300,-600,nan,-0,-997.83230987662091,-997.83230987662091,-300,nan,nan,-300
1,0,-300,0,-300,300,1.0000000000000002,600,300,-600,0,nan,nan,nan,nan,nan,nan,-600
0,0,-300,0,-300,300,0.99999999999999989,600,300,-600,nan,-0,-997.89834375464739,-997.89834375464739,-300,nan,nan,-300
1,0,-300,0,-300,300,0.99999999999999989,600,300,-600,0,nan,nan,nan,nan,nan,nan,-600
0,0,-300,0,-300,300,0.99999999999900002,600,300,-600,nan,-0,-997.97904191316115,-997.97904191316115,-300,nan,nan,-300
1,0,-300,0,-300,300,0.99999999999900002,600,300,-600,0,nan,nan,nan,nan,nan,nan,-600
0,0,-300,0,-300,300,1.5800000000000001,600,300,-600,nan,-0,-997.87922483503644,-997.87922483503644,-300,nan,nan,-300
1,0,-300,0,-300,300,1.5800000000000001,600,300,-600,0,nan,nan,nan,nan,nan,nan,-600
0,0,-300,0,-300,300,-1.5800000000000001,600,300,-600,nan,-0,-997.86210099337552,-997.86210099337552,-300,nan,nan,-300
1,0,-300,0,-300,300,-1.5800000000000001,600,300,-600,0,nan,nan,nan,nan,nan,nan,-600
0,0,-300,0,-300,300,3.1600000000000001,600,300,-600,nan,-0,-997.99727303487862,-997.99727303487862,-300,nan,nan,-300
1,0,-300,0,-300,300,3.1600000000000001,600,300,-600,0,nan,nan,nan,nan,nan,nan,-600
0,0,-300,0,-300,300,-3.1600000000000001,600,300,-600,nan,-0,-997.95189209702039,-997.95189209702039,-300,nan,nan,-300
1,0,-300,0,-300,300,-3.1600000000000001,600,300,-600,0,nan,nan,nan,nan,nan,nan,-600
0,0,-300,0,-300,300,4.7400000000000002,600,300,-600,nan,-0,-998.04625290958495,-998.04625290958495,-300,nan,nan,-300
1,0,-300,0,-300,300,4.7400000000000002,600,300,-600,0,nan,nan,nan,nan,nan,nan,-600
0,0,-300,0,-300,300,1.5800000000000003,600,300,-600,nan,-0,-997.92262765202986,-997.92262765202986,-300,nan,nan,-300
1,0,-300,0,-300,300,1.5800000000000003,600,300,-600,0,nan,nan,nan,nan,nan,nan,-600
0,0,-300,0,-300,300,1.5799999999999998,600,300,-600,nan,-0,-997.82729095184811,-997.82729095184811,-300,nan,nan,-300
1,0,-300,0,-300,300,1.5799999999999998,600,300,-600,0,nan,nan,nan,nan,nan,nan,-600
0,0,-300,0,-300,300,1.57999999999842,600,300,-600,nan,-0,-998.04511180890347,-998.04511180890347,-300,nan,nan,-300
1,0,-300,0,-300,300,1.57999999999842,600,300,-600,0,nan,nan,nan,nan,nan,nan,-600
0,0,-300,0,-300,300,4,600,300,-600,nan,-0,-998.03056883090346,-998.03056883090346,-300,nan,nan,-300
1,0,-300,0,-300,300,4,600,300,-600,0,nan,nan,nan,nan,nan,nan,-600
0,0,-300,0,-300,300,-4,600,300,-600,nan,-0,-997.90021865197161,-997.90021865197161,-300,nan,nan,-300
1,0,-300,0,-300,300,-4,600,300,-600,0,nan,nan,nan,nan,nan,nan,-600
0,0,-300,0,-300,300,6,600,300,-600,nan,-0,-998.04515496982356,-998.04515496982356,-300,nan,nan,-300
1,0,-300,0,-300,300,6,600,300,-600,0,nan,nan,nan,nan,nan,nan,-600
0,0,-300,0,-300,300,2.0000000000000004,600,300,-600,nan,-0,-997.83288650289978,-997.83288650289978,-300,nan,nan,-300
1,0,-300,0,-300,300,2.0000000000000004,600,300,-600,0,nan,nan,nan,nan,nan,nan,-600
0,0,-300,0,-300,300,1.9999999999999998,600,300,-600,nan,-0,-997.84810979203064,-997.84810979203064,-300,nan,nan,-300
1,0,-300,0,-300,300,1.9999999999999998,600,300,-600,0,nan,nan,nan,nan,nan,nan,-600
0,0,-300,0,-300,300,1.999999999998,600,300,-600,nan,-0,-997.91732482073087,-997.91732482073087,-300,nan,nan,-300
1,0,-300,0,-300,300,1.999999999998,600,300,-600,0,nan,nan,nan,nan,nan,nan,-600
0,0,-300,0,-300,300,-3,600,300,-600,nan,-0,-998.01662699038241,-998.01662699038241,-300,nan,nan,-300
1,0,-300,0,-300,300,-3,600,300,-600,0,nan,nan,nan,nan,nan,nan,-600
0,0,-300,0,-300,300,-6,600,300,-600,nan,-0,-997.806216115692,-997.806216115692,-300,nan,nan,-300
1,0,-300,0,-300,300,-6,600,300,-600,0,nan,nan,nan,nan,nan,nan,-600
0,0,-300,0,-300,300,9,600,300,-600,nan,-0,-997.87164237281502,-997.87164237281502,-300,nan,nan,-300
1,0,-300,0,-300,300,9,600,300,-600,0,nan,nan,nan,nan,nan,nan,-600
0,0,-300,0,-300,300,3.0000000000000004,600,300,-600,nan,-0,-997.94537034749851,-997.94537034749851,-300,nan,nan,-300
1,0,-300,0,-300,300,3.0000000000000004,600,300,-600,0,nan,nan,nan,nan,nan,nan,-600
0,0,-300,0,-300,300,2.9999999999999996,600,300,-600,nan,-0,-997.87355800267642,-997.87355800267642,-300,nan,nan,-300
1,0,-300,0,-300,300,2.9999999999999996,600,300,-600,0,nan,nan,nan,nan,nan,nan,-600
0,0,-300,0,-300,300,2.9999999999970002,600,300,-600,nan,-0,-997.86440492504641,-997.86440492504641,-300,nan,nan,-300
1,0,-300,0,-300,300,2.9999999999970002,600,300,-600,0,nan,nan,nan,nan,nan,nan,-600
0,0,-300,0,-300,300,8,600,300,-600,nan,-0,-997.99945315592777,-997.99945315592777,-300,nan,nan,-300
1,0,-300,0,-300,300,8,600,300,-600,0,nan,nan,nan,nan,nan,nan,-600
0,0,-300,0,-300,300,-8,600,300,-600,nan,-0,-997.87617568747669,-997.87617568747669,-300,nan,nan,-300
1,0,-300,0,-300,300,-8,600,300,-600,0,nan,nan,nan,nan,nan,nan,-600
0,0,-300,0,-300,300,12,600,300,-600,nan,-0,-998.04601366624149,-998.04601366624149,-300,nan,nan,-300
1,0,-300,0,-300,300,12,600,300,-600,0,nan,nan,nan,nan,nan,nan,-600
0,0,-300,0,-300,300,4.0000000000000009,600,300,-600,nan,-0,-998.04436981680851,-998.04436981680851,-300,nan,nan,-300
1,0,-300,0,-300,300,4.0000000000000009,600,300,-600,0,nan,nan,nan,nan,nan,nan,-600
0,0,-300,0,-300,300,3.9999999999999996,600,300,-600,nan,-0,-997.98435507843487,-997.98435507843487,-300,nan,nan,-300
1,0,-300,0,-300,300,3.9999999999999996,600,300,-600,0,nan,nan,nan,nan,nan,nan,-600
0,0,-300,0,-300,300,3.9999999999960001,600,300,-600,nan,-0,-998.01033471949688,-998.01033471949688,-300,nan,nan,-300
1,0,-300,0,-300,300,3.9999999999960001,600,300,-600,0,nan,nan,nan,nan,nan,nan,-600
0,0,-300,0,-300,300,5,600,300,-600,nan,-0,-997.91389970520129,-997.91389970520129,-300,nan,nan,-300
1,0,-300,0,-300,300,5,600,300,-600,0,nan,nan,nan,nan,nan,nan,-600
0,0,-300,0,-300,300,-5,600,300,-600,nan,-0,-997.93269156912959,-997.93269156912959,-300,nan,nan,-300
1,0,-300,0,-300,300,-5,600,300,-600,0,nan,nan,nan,nan,nan,nan,-600
0,0,-300,0,-300,300,10,600,300,-600,nan,-0,-997.93618842148692,-997.93618842148692,-300,nan,nan,-300
1,0,-300,0,-300,300,10,600,300,-600,0,nan,nan,nan,nan,nan,nan,-600
0,0,-300,0,-300,300,-10,600,300,-600,nan,-0,-997.95911181004078,-997.95911181004078,-300,nan,nan,-300
1,0,-300,0,-300,300,-10,600,300,-600,0,nan,nan,nan,nan,nan,nan,-600
0,0,-300,0,-300,300,15,600,300,-600,nan,-0,-998.03592368662055,-998.03592368662055,-300,nan,nan,-300
1,0,-300,0,-300,300,15,600,300,-600,0,nan,nan,nan,nan,nan,nan,-600
0,0,-300,0,-300,300,5.0000000000000009,600,300,-600,nan,-0,-997.84931190205702,-997.84931190205702,-300,nan,nan,-300
1,0,-300,0,-300,300,5.0000000000000009,600,300,-600,0,nan,nan,nan,nan,nan,nan,-600
0,0,-300,0,-300,300,4.9999999999999991,600,300,-600,nan,-0,-997.84432310707416,-997.84432310707416,-300,nan,nan,-300
1,0,-300,0,-300,300,4.9999999999999991,600,300,-600,0,nan,nan,nan,nan,nan,nan,-600
0,0,-300,0,-300,300,4.9999999999950004,600,300,-600,nan,-0,-997.99496671687734,-997.99496671687734,-300,nan,nan,-300
1,0,-300,0,-300,300,4.9999999999950004,600,300,-600,0,nan,nan,nan,nan,nan,nan,-600
0,0,-300,0,-300,300,16,600,300,-600,nan,-0,-998.01964433428509,-998.01964433428509,-300,nan,nan,-300
1,0,-300,0,-300,300,16,600,300,-600,0,nan,nan,nan,nan,nan,nan,-600
0,0,-300,0,-300,300,-16,600,300,-600,nan,-0,-998.00738297879423,-998.00738297879423,-300,nan,nan,-300
1,0,-300,0,-300,300,-16,600,300,-600,0,nan,nan,nan,nan,nan,nan,-600
0,0,-300,0,-300,300,24,600,300,-600,nan,-0,-997.9699027495044,-997.9699027495044,-300,nan,nan,-300
1,0,-300,0,-300,300,24,600,300,-600,0,nan,nan,nan,nan,nan,nan,-600
0,0,-300,0,-300,300,8.0000000000000018,600,300,-600,nan,-0,-997.96936459475819,-997.96936459475819,-300,nan,nan,-300
1,0,-300,0,-300,300,8.0000000000000018,600,300,-600,0,nan,nan,nan,nan,nan,nan,-600
0,0,-300,0,-300,300,7.9999999999999991,600,300,-600,nan,-0,-997.87510568519497,-997.87510568519497,-300,nan,nan,-300
1,0,-300,0,-300,300,7.9999999999999991,600,300,-600,0,nan,nan,nan,nan,nan,nan,-600
0,0,-300,0,-300,300,7.9999999999920002,600,300,-600,nan,-0,-997.88275033812909,-997.88275033812909,-300,nan,nan,-300
1,0,-300,0,-300,300,7.9999999999920002,600,300,-600,0,nan,nan,nan,nan,nan,nan,-600
0,0,-300,0,-300,300,10.332000000000001,600,300,-600,nan,-0,-997.80459432143471,-997.80459432143471,-300,nan,nan,-300
1,0,-300,0,-300,300,10.332000000000001,600,300,-600,0,nan,nan,nan,nan,nan,nan,-600
0,0,-300,0,-300,300,-10.332000000000001,600,300,-600,nan,-0,-997.889933022175,-997.889933022175,-300,nan,nan,-300
1,0,-300,0,-300,300,-10.332000000000001,600,300,-600,0,nan,nan,nan,nan,nan,nan,-600
0,0,-300,0,-300,300,20.664000000000001,600,300,-600,nan,-0,-998.03787494761855,-998.03787494761855,-300,nan,nan,-300
1,0,-300,0,-300,300,20.664000000000001,600,300,-600,0,nan,nan,nan,nan,nan,nan,-600
0,0,-300,0,-300,300,-20.664000000000001,600,300,-600,nan,-0,-997.98428463525909,-997.98428463525909,-300,nan,nan,-300
1,0,-300,0,-300,300,-20.664000000000001,600,300,-600,0,nan,nan,nan,nan,nan,nan,-600
0,0,-300,0,-300,300,30.996000000000002,600,300,-600,nan,-0,-997.98037420857213,-997.98037420857213,-300,nan,nan,-300
1,0,-300,0,-300,300,30.996000000000002,600,300,-600,0,nan,nan,nan,nan,nan,nan,-600
0,0,-300,0,-300,300,10.332000000000003,600,300,-600,nan,-0,-997.84446719430753,-997.84446719430753,-300,nan,nan,-300
1,0,-300,0,-300,300,10.332000000000003,600,300,-600,0,nan,nan,nan,nan,nan,nan,-600
0,0,-300,0,-300,300,10.331999999999999,600,300,-600,nan,-0,-998.04175508255446,-998.04175508255446,-300,nan,nan,-300
1,0,-300,0,-300,300,10.331999999999999,600,300,-600,0,nan,nan,nan,nan,nan,nan,-600
0,0,-300,0,-300,300,10.331999999989669,600,300,-600,nan,-0,-997.89199221347576,-997.89199221347576,-300,nan,nan,-300
1,0,-300,0,-300,300,10.331999999989669,600,300,-600,0,nan,nan,nan,nan,nan,nan,-600
0,0,-300,0,-300,300,14.51,600,300,-600,nan,-0,-997.85146767218487,-997.85146767218487,-300,nan,nan,-300
1,0,-300,0,-300,300,14.51,600,300,-600,0,nan,nan,nan,nan,nan,nan,-600
0,0,-300,0,-300,300,-14.51,600,300,-600,nan,-0,-997.81371575161063,-997.81371575161063,-300,nan,nan,-300
1,0,-300,0,-300,300,-14.51,600,300,-600,0,nan,nan,nan,nan,nan,nan,-600
0,0,-300,0,-300,300,29.02,600,300,-600,nan,-0,-997.8663685196243,-997.8663685196243,-300,nan,nan,-300
1,0,-300,0,-300,300,29.02,600,300,-600,0,nan,nan,nan,nan,nan,nan,-600
0,0,-300,0,-300,300,-29.02,600,300,-600,nan,-0,-997.94864185996676,-997.94864185996676,-300,nan,nan,-300
1,0,-300,0,-300,300,-29.02,600,300,-600,0,nan,nan,nan,nan,nan,nan,-600
0,0,-300,0,-300,300,43.530000000000001,600,300,-600,nan,-0,-997.94097191607557,-997.94097191607557,-300,nan,nan,-300
1,0,-300,0,-300,300,43.530000000000001,600,300,-600,0,nan,nan,nan,nan,nan,nan,-600
0,0,-300,0,-300,300,14.510000000000002,600,300,-600,nan,-0,-997.92503266949632,-997.92503266949632,-300,nan,nan,-300
1,0,-300,0,-300,300,14.510000000000002,600,300,-600,0,nan,nan,nan,nan,nan,nan,-600
0,0,-300,0,-300,300,14.509999999999998,600,300,-600,nan,-0,-997.9608043013028,-997.9608043013028,-300,nan,nan,-300
1,0,-300,0,-300,300,14.509999999999998,600,300,-600,0,nan,nan,nan,nan,nan,nan,-600
0,0,-300,0,-300,300,14.509999999985491,600,300,-600,nan,-0,-997.86862476390218,-997.86862476390218,-300,nan,nan,-300
1,0,-300,0,-300,300,14.509999999985491,600,300,-600,0,nan,nan,nan,nan,nan,nan,-600
0,0,-300,0,-300,300,42,600,300,-600,nan,-0,-997.99949140772821,-997.99949140772821,-300,nan,nan,-300
1,0,-300,0,-300,300,42,600,300,-600,0,nan,nan,nan,nan,nan,nan,-600
0,0,-300,0,-300,300,-42,600,300,-600,nan,-0,-997.9582639511392,-997.9582639511392,-300,nan,nan,-300
1,0,-300,0,-300,300,-42,600,300,-600,0,nan,nan,nan,nan,nan,nan,-600
0,0,-300,0,-300,300,84,600,300,-600,nan,-0,-997.91928813057132,-997.91928813057132,-300,nan,nan,-300
1,0,-300,0,-300,300,84,600,300,-600,0,nan,nan,nan,nan,nan,nan,-600
0,0,-300,0,-300,300,-84,600,300,-600,nan,-0,-997.87904443140792,-997.87904443140792,-300,nan,nan,-300
1,0,-300,0,-300,300,-84,600,300,-600,0,nan,nan,nan,nan,nan,nan,-600
0,0,-300,0,-300,300,126,600,300,-600,nan,-0,-997.82496380692476,-997.82496380692476,-300,nan,nan,-300
1,0,-300,0,-300,300,126,600,300,-600,0,nan,nan,nan,nan,nan,nan,-600
0,0,-300,0,-300,300,42.000000000000007,600,300,-600,nan,-0,-998.03566323761902,-998.03566323761902,-300,nan,nan,-300
1,0,-300,0,-300,300,42.000000000000007,600,300,-600,0,nan,nan,nan,nan,nan,nan,-600
0,0,-300,0,-300,300,41.999999999999993,600,300,-600,nan,-0,-997.83930234881097,-997.83930234881097,-300,nan,nan,-300
1,0,-300,0,-300,300,41.999999999999993,600,300,-600,0,nan,nan,nan,nan,nan,nan,-600
0,0,-300,0,-300,300,41.999999999958,600,300,-600,nan,-0,-997.93174842707322,-997.93174842707322,-300,nan,nan,-300
1,0,-300,0,-300,300,41.999999999958,600,300,-600,0,nan,nan,nan,nan,nan,nan,-600
0,0,-300,0,-300,300,43,600,300,-600,nan,-0,-997.84229104113297,-997.84229104113297,-300,nan,nan,-300
1,0,-300,0,-300,300,43,600,300,-600,0,nan,nan,nan,nan,nan,nan,-600
0,0,-300,0,-300,300,-43,600,300,-600,nan,-0,-997.86544441958313,-997.86544441958313,-300,nan,nan,-300
1,0,-300,0,-300,300,-43,600,300,-600,0,nan,nan,nan,nan,nan,nan,-600
0,0,-300,0,-300,300,86,600,300,-600,nan,-0,-997.88679709261942,-997.88679709261942,-300,nan,nan,-300
1,0,-300,0,-300,300,86,600,300,-600,0,nan,nan,nan,nan,nan,nan,-600
0,0,-300,0,-300,300,-86,600,300,-600,nan,-0,-997.98193816620073,-997.98193816620073,-300,nan,nan,-300
1,0,-300,0,-300,300,-86,600,300,-600,0,nan,nan,nan,nan,nan,nan,-600
0,0,-300,0,-300,300,129,600,300,-600,nan,-0,-997.92562584631082,-997.92562584631082,-300,nan,nan,-300
1,0,-300,0,-300,300,129,600,300,-600,0,nan,nan,nan,nan,nan,nan,-600
0,0,-300,0,-300,300,43.000000000000007,600,300,-600,nan,-0,-997.96359674271139,-997.96359674271139,-300,nan,nan,-300
1,0,-300,0,-300,300,43.000000000000007,600,300,-600,0,nan,nan,nan,nan,nan,nan,-600
0,0,-300,0,-300,300,42.999999999999993,600,300,-600,nan,-0,-997.79655033809729,-997.79655033809729,-300,nan,nan,-300
1,0,-300,0,-300,300,42.999999999999993,600,300,-600,0,nan,nan,nan,nan,nan,nan,-600
0,0,-300,0,-300,300,42.999999999956998,600,300,-600,nan,-0,-997.93904680923367,-997.93904680923367,-300,nan,nan,-300
1,0,-300,0,-300,300,42.999999999956998,600,300,-600,0,nan,nan,nan,nan,nan,nan,-600
0,0,-300,0,-300,300,44,600,300,-600,nan,-0,-998.01910980915204,-998.01910980915204,-300,nan,nan,-300
1,0,-300,0,-300,300,44,600,300,-600,0,nan,nan,nan,nan,nan,nan,-600
0,0,-300,0,-300,300,-44,600,300,-600,nan,-0,-997.94776235813606,-997.94776235813606,-300,nan,nan,-300
1,0,-300,0,-300,300,-44,600,300,-600,0,nan,nan,nan,nan,nan,nan,-600
0,0,-300,0,-300,300,88,600,300,-600,nan,-0,-997.93608950963539,-997.93608950963539,-300,nan,nan,-300
1,0,-300,0,-300,300,88,600,300,-600,0,nan,nan,nan,nan,nan,nan,-600
0,0,-300,0,-300,300,-88,600,300,-600,nan,-0,-997.84778106459453,-997.84778106459453,-300,nan,nan,-300
1,0,-300,0,-300,300,-88,600,300,-600,0,nan,nan,nan,nan,nan,nan,-600
0,0,-300,0,-300,300,132,600,300,-600,nan,-0,-997.9929400285564,-997.9929400285564,-300,nan,nan,-300
1,0,-300,0,-300,300,132,600,300,-600,0,nan,nan,nan,nan,nan,nan,-600
0,0,-300,0,-300,300,44.000000000000007,600,300,-600,nan,-0,-997.83961023779284,-997.83961023779284,-300,nan,nan,-300
1,0,-300,0,-300,300,44.000000000000007,600,300,-600,0,nan,nan,nan,nan,nan,nan,-600
0,0,-300,0,-300,300,43.999999999999993,600,300,-600,nan,-0,-997.89881906103449,-997.89881906103449,-300,nan,nan,-300
1,0,-300,0,-300,300,43.999999999999993,600,300,-600,0,nan,nan,nan,nan,nan,nan,-600
0,0,-300,0,-300,300,43.999999999956003,600,300,-600,nan,-0,-997.88866974080725,-997.88866974080725,-300,nan,nan,-300
1,0,-300,0,-300,300,43.999999999956003,600,300,-600,0,nan,nan,nan,nan,nan,nan,-600
0,0,-300,0,-300,300,45,600,300,-600,nan,-0,-997.9042970918083,-997.9042970918083,-300,nan,nan,-300
1,0,-300,0,-300,300,45,600,300,-600,0,nan,nan,nan,nan,nan,nan,-600
0,0,-300,0,-300,300,-45,600,300,-600,nan,-0,-997.91671322612035,-997.91671322612035,-300,nan,nan,-300
1,0,-300,0,-300,300,-45,600,300,-600,0,nan,nan,nan,nan,nan,nan,-600
0,0,-300,0,-300,300,90,600,300,-600,nan,-0,-998.03281472494871,-998.03281472494871,-300,nan,nan,-300
1,0,-300,0,-300,300,90,600,300,-600,0,nan,nan,nan,nan,nan,nan,-600
0,0,-300,0,-300,300,-90,600,300,-600,nan,-0,-997.98223721651959,-997.98223721651959,-300,nan,nan,-300
1,0,-300,0,-300,300,-90,600,300,-600,0,nan,nan,nan,nan,nan,nan,-600
0,0,-300,0,-300,300,135,600,300,-600,nan,-0,-997.85700078278637,-997.85700078278637,-300,nan,nan,-300
1,0,-300,0,-300,300,135,600,300,-600,0,nan,nan,nan,nan,nan,nan,-600
0,0,-300,0,-300,300,45.000000000000007,600,300,-600,nan,-0,-997.9525696799559,-997.9525696799559,-300,nan,nan,-300
1,0,-300,0,-300,300,45.000000000000007,600,300,-600,0,nan,nan,nan,nan,nan,nan,-600
0,0,-300,0,-300,300,44.999999999999993,600,300,-600,nan,-0,-997.87595276794138,-997.87595276794138,-300,nan,nan,-300
1,0,-300,0,-300,300,44.999999999999993,600,300,-600,0,nan,nan,nan,nan,nan,nan,-600
0,0,-300,0,-300,300,44.999999999955001,600,300,-600,nan,-0,-997.93680902253539,-997.93680902253539,-300,nan,nan,-300
1,0,-300,0,-300,300,44.999999999955001,600,300,-600,0,nan,nan,nan,nan,nan,nan,-600
0,0,-300,0,-300,300,47,600,300,-600,nan,-0,-997.99948775548376,-997.99948775548376,-300,nan,nan,-300
1,0,-300,0,-300,300,47,600,300,-600,0,nan,nan,nan,nan,nan,nan,-600
0,0,-300,0,-300,300,-47,600,300,-600,nan,-0,-997.88304212180469,-997.88304212180469,-300,nan,nan,-300
1,0,-300,0,-300,300,-47,600,300,-600,0,nan,nan,nan,nan,nan,nan,-600
0,0,-300,0,-300,300,94,600,300,-600,nan,-0,-997.86964364371977,-997.86964364371977,-300,nan,nan,-300
1,0,-300,0,-300,300,94,600,300,-600,0,nan,nan,nan,nan,nan,nan,-600
0,0,-300,0,-300,300,-94,600,300,-600,nan,-0,-997.96681836326547,-997.96681836326547,-300,nan,nan,-300
1,0,-300,0,-300,300,-94,600,300,-600,0,nan,nan,nan,nan,nan,nan,-600
0,0,-300,0,-300,300,141,600,300,-600,nan,-0,-997.97038400152849,-997.97038400152849,-300,nan,nan,-300
1,0,-300,0,-300,300,141,600,300,-600,0,nan,nan,nan,nan,nan,nan,-600
0,0,-300,0,-300,300,47.000000000000007,600,300,-600,nan,-0,-998.00374306632193,-998.00374306632193,-300,nan,nan,-300
1,0,-300,0,-300,300,47.000000000000007,600,300,-600,0,nan,nan,nan,nan,nan,nan,-600
0,0,-300,0,-300,300,46.999999999999993,600,300,-600,nan,-0,-997.98621750801397,-997.98621750801397,-300,nan,nan,-300
1,0,-300,0,-300,300,46.999999999999993,600,300,-600,0,nan,nan,nan,nan,nan,nan,-600
0,0,-300,0,-300,300,46.999999999952998,600,300,-600,nan,-0,-997.9747579108988,-997.9747579108988,-300,nan,nan,-300
1,0,-300,0,-300,300,46.999999999952998,600,300,-600,0,nan,nan,nan,nan,nan,nan,-600
0,0,-300,0,-300,300,48,600,300,-600,nan,-0,-997.88159883488925,-997.88159883488925,-300,nan,nan,-300
1,0,-300,0,-300,300,48,600,300,-600,0,nan,nan,nan,nan,nan,nan,-600
0,0,-300,0,-300,300,-48,600,300,-600,nan,-0,-997.8690901140742,-997.8690901140742,-300,nan,nan,-300
1,0,-300,0,-300,300,-48,600,300,-600,0,nan,nan,nan,nan,nan,nan,-600
0,0,-300,0,-300,300,96,600,300,-600,nan,-0,-998.01896152616871,-998.01896152616871,-300,nan,nan,-300
1,0,-300,0,-300,300,96,600,300,-600,0,nan,nan,nan,nan,nan,nan,-600
0,0,-300,0,-300,300,-96,600,300,-600,nan,-0,-997.87241643846403,-997.87241643846403,-300,nan,nan,-300
1,0,-300,0,-300,300,-96,600,300,-600,0,nan,nan,nan,nan,nan,nan,-600
0,0,-300,0,-300,300,144,600,300,-600,nan,-0,-997.94901770544925,-997.94901770544925,-300,nan,nan,-300
1,0,-300,0,-300,300,144,600,300,-600,0,nan,nan,nan,nan,nan,nan,-600
0,0,-300,0,-300,300,48.000000000000007,600,300,-600,nan,-0,-998.01362816441349,-998.01362816441349,-300,nan,nan,-300
1,0,-300,0,-300,300,48.000000000000007,600,300,-600,0,nan,nan,nan,nan,nan,nan,-600
0,0,-300,0,-300,300,47.999999999999993,600,300,-600,nan,-0,-997.93769938929404,-997.93769938929404,-300,nan,nan,-300
1,0,-300,0,-300,300,47.999999999999993,600,300,-600,0,nan,nan,nan,nan,nan,nan,-600
0,0,-300,0,-300,300,47.999999999952003,600,300,-600,nan,-0,-997.94719168599886,-997.94719168599886,-300,nan,nan,-300
1,0,-300,0,-300,300,47.999999999952003,600,300,-600,0,nan,nan,nan,nan,nan,nan,-600
0,0,-300,0,-300,300,100,600,300,-600,nan,-0,-998.01644324850929,-998.01644324850929,-300,nan,nan,-300
1,0,-300,0,-300,300,100,600,300,-600,0,nan,nan,nan,nan,nan,nan,-600
0,0,-300,0,-300,300,-100,600,300,-600,nan,-0,-997.89263155909907,-997.89263155909907,-300,nan,nan,-300
1,0,-300,0,-300,300,-100,600,300,-600,0,nan,nan,nan,nan,nan,nan,-600
0,0,-300,0,-300,300,200,600,300,-600,nan,-0,-997.87946392904792,-997.87946392904792,-300,nan,nan,-300
1,0,-300,0,-300,300,200,600,300,-600,0,nan,nan,nan,nan,nan,nan,-600
0,0,-300,0,-300,300,-200,600,300,-600,nan,-0,-997.94413489402586,-997.94413489402586,-300,nan,nan,-300
1,0,-300,0,-300,300,-200,600,300,-600,0,nan,nan,nan,nan,nan,nan,-600
0,0,-300,0,-300,300,300,600,300,-600,nan,-0,-997.81285742842624,-997.81285742842624,-300,nan,nan,-300
1,0,-300,0,-300,300,300,600,300,-600,0,nan,nan,nan,nan,nan,nan,-600
0,0,-300,0,-300,300,100.00000000000001,600,300,-600,nan,-0,-997.92700771929924,-997.92700771929924,-300,nan,nan,-300
1,0,-300,0,-300,300,100.00000000000001,600,300,-600,0,nan,nan,nan,nan,nan,nan,-600
0,0,-300,0,-300,300,99.999999999999986,600,300,-600,nan,-0,-997.99073847392185,-997.99073847392185,-300,nan,nan,-300
1,0,-300,0,-300,300,99.999999999999986,600,300,-600,0,nan,nan,nan,nan,nan,nan,-600
0,0,-300,0,-300,300,99.999999999899998,600,300,-600,nan,-0,-997.99483853936579,-997.99483853936579,-300,nan,nan,-300
1,0,-300,0,-300,300,99.999999999899998,600,300,-600,0,nan,nan,nan,nan,nan,nan,-600
0,0,-300,0,-300,300,120,600,300,-600,nan,-0,-997.86851750805317,-997.86851750805317,-300,nan,nan,-300
1,0,-300,0,-300,300,120,600,300,-600,0,nan,nan,nan,nan,nan,nan,-600
0,0,-300,0,-300,300,-120,600,300,-600,nan,-0,-998.02002464476266,-998.02002464476266,-300,nan,nan,-300
1,0,-300,0,-300,300,-120,600,300,-600,0,nan,nan,nan,nan,nan,nan,-600
0,0,-300,0,-300,300,240,600,300,-600,nan,-0,-997.8817298038017,-997.8817298038017,-300,nan,nan,-300
1,0,-300,0,-300,300,240,600,300,-600,0,nan,nan,nan,nan,nan,nan,-600
0,0,-300,0,-300,300,-240,600,300,-600,nan,-0,-997.86558322837902,-997.86558322837902,-300,nan,nan,-300
1,0,-300,0,-300,300,-240,600,300,-600,0,nan,nan,nan,nan,nan,nan,-600
0,0,-300,0,-300,300,360,600,300,-600,nan,-0,-997.84870572431089,-997.84870572431089,-300,nan,nan,-300
1,0,-300,0,-300,300,360,600,300,-600,0,nan,nan,nan,nan,nan,nan,-600
0,0,-300,0,-300,300,120.00000000000001,600,300,-600,nan,-0,-997.85534669047297,-997.85534669047297,-300,nan,nan,-300
1,0,-300,0,-300,300,120.00000000000001,600,300,-600,0,nan,nan,nan,nan,nan,nan,-600
0,0,-300,0,-300,300,119.99999999999999,600,300,-600,nan,-0,-997.91172720812801,-997.91172720812801,-300,nan,nan,-300
1,0,-300,0,-300,300,119.99999999999999,600,300,-600,0,nan,nan,nan,nan,nan,nan,-600
0,0,-300,0,-300,300,119.99999999988,600,300,-600,nan,-0,-997.87656196097578,-997.87656196097578,-300,nan,nan,-300
1,0,-300,0,-300,300,119.99999999988,600,300,-600,0,nan,nan,nan,nan,nan,nan,-600
0,0,-300,0,-300,300,121,600,300,-600,nan,-0,-998.03205072155845,-998.03205072155845,-300,nan,nan,-300
1,0,-300,0,-300,300,121,600,300,-600,0,nan,nan,nan,nan,nan,nan,-600
0,0,-300,0,-300,300,-121,600,300,-600,nan,-0,-998.00770882324639,-998.00770882324639,-300,nan,nan,-300
1,0,-300,0,-300,300,-121,600,300,-600,0,nan,nan,nan,nan,nan,nan,-600
0,0,-300,0,-300,300,242,600,300,-600,nan,-0,-997.95474580693758,-997.95474580693758,-300,nan,nan,-300
1,0,-300,0,-300,300,242,600,300,-600,0,nan,nan,nan,nan,nan,nan,-600
0,0,-300,0,-300,300,-242,600,300,-600,nan,-0,-997.9840770315484,-997.9840770315484,-300,nan,nan,-300
1,0,-300,0,-300,300,-242,600,300,-600,0,nan,nan,nan,nan,nan,nan,-600
0,0,-300,0,-300,300,363,600,300,-600,nan,-0,-997.94066951789637,-997.94066951789637,-300,nan,nan,-300
1,0,-300,0,-300,300,363,600,300,-600,0,nan,nan,nan,nan,nan,nan,-600
0,0,-300,0,-300,300,121.00000000000001,600,300,-600,nan,-0,-997.89508367893188,-997.89508367893188,-300,nan,nan,-300
1,0,-300,0,-300,300,121.00000000000001,600,300,-600,0,nan,nan,nan,nan,nan,nan,-600
0,0,-300,0,-300,300,120.99999999999999,600,300,-600,nan,-0,-997.88413609416546,-997.88413609416546,-300,nan,nan,-300
1,0,-300,0,-300,300,120.99999999999999,600,300,-600,0,nan,nan,nan,nan,nan,nan,-600
0,0,-300,0,-300,300,120.99999999987899,600,300,-600,nan,-0,-997.96228596807953,-997.96228596807953,-300,nan,nan,-300
1,0,-300,0,-300,300,120.99999999987899,600,300,-600,0,nan,nan,nan,nan,nan,nan,-600
0,0,-300,0,-300,300,122,600,300,-600,nan,-0,-998.01292825039457,-998.01292825039457,-300,nan,nan,-300
1,0,-300,0,-300,300,122,600,300,-600,0,nan,nan,nan,nan,nan,nan,-600
0,0,-300,0,-300,300,-122,600,300,-600,nan,-0,-997.97139516556877,-997.97139516556877,-300,nan,nan,-300
1,0,-300,0,-300,300,-122,600,300,-600,0,nan,nan,nan,nan,nan,nan,-600
0,0,-300,0,-300,300,244,600,300,-600,nan,-0,-997.99244466423295,-997.99244466423295,-300,nan,nan,-300
1,0,-300,0,-300,300,244,600,300,-600,0,nan,nan,nan,nan,nan,nan,-600
0,0,-300,0,-300,300,-244,600,300,-600,nan,-0,-997.92388495840703,-997.92388495840703,-300,nan,nan,-300
1,0,-300,0,-300,300,-244,600,300,-600,0,nan,nan,nan,nan,nan,nan,-600
0,0,-300,0,-300,300,366,600,300,-600,nan,-0,-998.03019412534456,-998.03019412534456,-300,nan,nan,-300
1,0,-300,0,-300,300,366,600,300,-600,0,nan,nan,nan,nan,nan,nan,-600
0,0,-300,0,-300,300,122.00000000000001,600,300,-600,nan,-0,-997.92279682300841,-997.92279682300841,-300,nan,nan,-300
1,0,-300,0,-300,300,122.00000000000001,600,300,-600,0,nan,nan,nan,nan,nan,nan,-600
0,0,-300,0,-300,300,121.99999999999999,600,300,-600,nan,-0,-997.87366157883514,-997.87366157883514,-300,nan,nan,-300
1,0,-300,0,-300,300,121.99999999999999,600,300,-600,0,nan,nan,nan,nan,nan,nan,-600
0,0,-300,0,-300,300,121.999999999878,600,300,-600,nan,-0,-997.81965823143071,-997.81965823143071,-300,nan,nan,-300
1,0,-300,0,-300,300,121.999999999878,600,300,-600,0,nan,nan,nan,nan,nan,nan,-600
0,0,-300,0,-300,300,-360,600,300,-600,nan,-0,-998.02536317136719,-998.02536317136719,-300,nan,nan,-300
1,0,-300,0,-300,300,-360,600,300,-600,0,nan,nan,nan,nan,nan,nan,-600
0,0,-300,0,-300,300,720,600,300,-600,nan,-0,-998.02618015199289,-998.02618015199289,-300,nan,nan,-300
1,0,-300,0,-300,300,720,600,300,-600,0,nan,nan,nan,nan,nan,nan,-600
0,0,-300,0,-300,300,-720,600,300,-600,nan,-0,-997.86785727600227,-997.86785727600227,-300,nan,nan,-300
1,0,-300,0,-300,300,-720,600,300,-600,0,nan,nan,nan,nan,nan,nan,-600
0,0,-300,0,-300,300,360.00000000000006,600,300,-600,nan,-0,-998.03620149424535,-998.03620149424535,-300,nan,nan,-300
1,0,-300,0,-300,300,360.00000000000006,600,300,-600,0,nan,nan,nan,nan,nan,nan,-600
0,0,-300,0,-300,300,359.99999999999994,600,300,-600,nan,-0,-997.8573529350648,-997.8573529350648,-300,nan,nan,-300
1,0,-300,0,-300,300,359.99999999999994,600,300,-600,0,nan,nan,nan,nan,nan,nan,-600
0,0,-300,0,-300,300,359.99999999964001,600,300,-600,nan,-0,-997.93858139561257,-997.93858139561257,-300,nan,nan,-300
1,0,-300,0,-300,300,359.99999999964001,600,300,-600,0,nan,nan,nan,nan,nan,nan,-600
0,0,-300,0,-300,300,500,600,300,-600,nan,-0,-997.81022309679076,-997.81022309679076,-300,nan,nan,-300
1,0,-300,0,-300,300,500,600,300,-600,0,nan,nan,nan,nan,nan,nan,-600
0,0,-300,0,-300,300,-500,600,300,-600,nan,-0,-998.01157230088188,-998.01157230088188,-300,nan,nan,-300
1,0,-300,0,-300,300,-500,600,300,-600,0,nan,nan,nan,nan,nan,nan,-600
0,0,-300,0,-300,300,1000,600,300,-600,nan,-0,-997.84510182523786,-997.84510182523786,-300,nan,nan,-300
1,0,-300,0,-300,300,1000,600,300,-600,0,nan,nan,nan,nan,nan,nan,-600
0,0,-300,0,-300,300,-1000,600,300,-600,nan,-0,-998.04453978485208,-998.04453978485208,-300,nan,nan,-300
1,0,-300,0,-300,300,-1000,600,300,-600,0,nan,nan,nan,nan,nan,nan,-600
0,0,-300,0,-300,300,500.00000000000006,600,300,-600,nan,-0,-997.91718715900856,-997.91718715900856,-300,nan,nan,-300
1,0,-300,0,-300,300,500.00000000000006,600,300,-600,0,nan,nan,nan,nan,nan,nan,-600
0,0,-300,0,-300,300,499.99999999999994,600,300,-600,nan,-0,-997.95720078539682,-997.95720078539682,-300,nan,nan,-300
1,0,-300,0,-300,300,499.99999999999994,600,300,-600,0,nan,nan,nan,nan,nan,nan,-600
0,0,-300,0,-300,300,499.99999999950001,600,300,-600,nan,-0,-997.88110488075858,-997.88110488075858,-300,nan,nan,-300
1,0,-300,0,-300,300,499.99999999950001,600,300,-600,0,nan,nan,nan,nan,nan,nan,-600
0,0,-300,0,-300,300,-600,1,300,-600,nan,-0,-997.94022972723019,-997.94022972723019,-300,nan,nan,-300
1,0,-300,0,-300,300,-600,1,300,-600,0,nan,nan,nan,nan,nan,nan,-600
0,0,-300,0,-300,300,-600,-1,300,-600,nan,-0,-997.98252534433573,-997.98252534433573,-300,nan,nan,-300
1,0,-300,0,-300,300,-600,-1,300,-600,-0,nan,nan,nan,nan,nan,nan,-600
0,0,-300,0,-300,300,-600,2,300,-600,nan,-0,-997.81562262477041,-997.81562262477041,-300,nan,nan,-300
1,0,-300,0,-300,300,-600,2,300,-600,0,nan,nan,nan,nan,nan,nan,-600
0,0,-300,0,-300,300,-600,-2,300,-600,nan,-0,-997.98129004774,-997.98129004774,-300,nan,nan,-300
1,0,-300,0,-300,300,-600,-2,300,-600,-0,nan,nan,nan,nan,nan,nan,-600
0,0,-300,0,-300,300,-600,3,300,-600,nan,-0,-997.87459095656016,-997.87459095656016,-300,nan,nan,-300
1,0,-300,0,-300,300,-600,3,300,-600,0,nan,nan,nan,nan,nan,nan,-600
0,0,-300,0,-300,300,-600,1.0000000000000002,300,-600,nan,-0,-997.81887535175701,-997.81887535175701,-300,nan,nan,-300
1,0,-300,0,-300,300,-600,1.0000000000000002,300,-600,0,nan,nan,nan,nan,nan,nan,-600
0,0,-300,0,-300,300,-600,0.99999999999999989,300,-600,nan,-0,-997.88542584768686,-997.88542584768686,-300,nan,nan,-300
1,0,-300,0,-300,300,-600,0.99999999999999989,300,-600,0,nan,nan,nan,nan,nan,nan,-600
0,0,-300,0,-300,300,-600,0.99999999999900002,300,-600,nan,-0,-998.01502003899407,-998.01502003899407,-300,nan,nan,-300
1,0,-300,0,-300,300,-600,0.99999999999900002,300,-600,0,nan,nan,nan,nan,nan,nan,-600
0,0,-300,0,-300,300,-600,1.5800000000000001,300,-600,nan,-0,-997.96459375092832,-997.96459375092832,-300,nan,nan,-300
1,0,-300,0,-300,300,-600,1.5800000000000001,300,-600,0,nan,nan,nan,nan,nan,nan,-600
0,0,-300,0,-300,300,-600,-1.5800000000000001,300,-600,nan,-0,-998.04270988283815,-998.04270988283815,-300,nan,nan,-300
1,0,-300,0,-300,300,-600,-1.5800000000000001,300,-600,-0,nan,nan,nan,nan,nan,nan,-600
0,0,-300,0,-300,300,-600,3.1600000000000001,300,-600,nan,-0,-997.89980226364048,-997.89980226364048,-300,nan,nan,-300
1,0,-300,0,-300,300,-600,3.1600000000000001,300,-600,0,nan,nan,nan,nan,nan,nan,-600
0,0,-300,0,-300,300,-600,-3.1600000000000001,300,-600,nan,-0,-998.04397438322746,-998.04397438322746,-300,nan,nan,-300
1,0,-300,0,-300,300,-600,-3.1600000000000001,300,-600,-0,nan,nan,nan,nan,nan,nan,-600
0,0,-300,0,-300,300,-600,4.7400000000000002,300,-600,nan,-0,-998.00335913030381,-998.00335913030381,-300,nan,nan,-300
1,0,-300,0,-300,300,-600,4.7400000000000002,300,-600,0,nan,nan,nan,nan,nan,nan,-600
0,0,-300,0,-300,300,-600,1.5800000000000003,300,-600,nan,-0,-997.9105783082839,-997.9105783082839,-300,nan,nan,-300
1,0,-300,0,-300,300,-600,1.5800000000000003,300,-600,0,nan,nan,nan,nan,nan,nan,-600
0,0,-300,0,-300,300,-600,1.5799999999999998,300,-600,nan,-0,-997.87944716278218,-997.87944716278218,-300,nan,nan,-300
1,0,-300,0,-300,300,-600,1.5799999999999998,300,-600,0,nan,nan,nan,nan,nan,nan,-600
0,0,-300,0,-300,300,-600,1.57999999999842,300,-600,nan,-0,-997.82081823532485,-997.82081823532485,-300,nan,nan,-300
1,0,-300,0,-300,300,-600,1.57999999999842,300,-600,0,nan,nan,nan,nan,nan,nan,-600
0,0,-300,0,-300,300,-600,4,300,-600,nan,-0,-998.01638289210325,-998.01638289210325,-300,nan,nan,-300
1,0,-300,0,-300,300,-600,4,300,-600,0,nan,nan,nan,nan,nan,nan,-600
0,0,-300,0,-300,300,-600,-4,300,-600,nan,-0,-997.98685253662006,-997.98685253662006,-300,nan,nan,-300
1,0,-300,0,-300,300,-600,-4,300,-600,-0,nan,nan,nan,nan,nan,nan,-600
0,0,-300,0,-300,300,-600,6,300,-600,nan,-0,-997.99985092121517,-997.99985092121517,-300,nan,nan,-300
1,0,-300,0,-300,300,-600,6,300,-600,0,nan,nan,nan,nan,nan,nan,-600
0,0,-300,0,-300,300,-600,2.0000000000000004,300,-600,nan,-0,-997.86534236563739,-997.86534236563739,-300,nan,nan,-300
1,0,-300,0,-300,300,-600,2.0000000000000004,300,-600,0,nan,nan,nan,nan,nan,nan,-600
0,0,-300,0,-300,300,-600,1.9999999999999998,300,-600,nan,-0,-997.87980848822406,-997.87980848822406,-300,nan,nan,-300
1,0,-300,0,-300,300,-600,1.9999999999999998,300,-600,0,nan,nan,nan,nan,nan,nan,-600
0,0,-300,0,-300,300,-600,1.999999999998,300,-600,nan,-0,-997.86625954500107,-997.86625954500107,-300,nan,nan,-300
1,0,-300,0,-300,300,-600,1.999999999998,300,-600,0,nan,nan,nan,nan,nan,nan,-600
0,0,-300,0,-300,300,-600,-3,300,-600,nan,-0,-997.87956796208812,-997.87956796208812,-300,nan,nan,-300
1,0,-300,0,-300,300,-600,-3,300,-600,-0,nan,nan,nan,nan,nan,nan,-600
0,0,-300,0,-300,300,-600,-6,300,-600,nan,-0,-997.99929633462534,-997.99929633462534,-300,nan,nan,-300
1,0,-300,0,-300,300,-600,-6,300,-600,-0,nan,nan,nan,nan,nan,nan,-600
0,0,-300,0,-300,300,-600,9,300,-600,nan,-0,-997.81682035470885,-997.81682035470885,-300,nan,nan,-300
1,0,-300,0,-300,300,-600,9,300,-600,0,nan,nan,nan,nan,nan,nan,-600
0,0,-300,0,-300,300,-600,3.0000000000000004,300,-600,nan,-0,-997.97477156728826,-997.97477156728826,-300,nan,nan,-300
1,0,-300,0,-300,300,-600,3.0000000000000004,300,-600,0,nan,nan,nan,nan,nan,nan,-600
0,0,-300,0,-300,300,-600,2.9999999999999996,300,-600,nan,-0,-997.84673882358425,-997.84673882358425,-300,nan,nan,-300
1,0,-300,0,-300,300,-600,2.9999999999999996,300,-600,0,nan,nan,nan,nan,nan,nan,-600
0,0,-300,0,-300,300,-600,2.9999999999970002,300,-600,nan,-0,-997.92186087104744,-997.92186087104744,-300,nan,nan,-300
1,0,-300,0,-300,300,-600,2.9999999999970002,300,-600,0,nan,nan,nan,nan,nan,nan,-600
0,0,-300,0,-300,300,-600,8,300,-600,nan,-0,-997.93040132315662,-997.93040132315662,-300,nan,nan,-300
1,0,-300,0,-300,300,-600,8,300,-600,0,nan,nan,nan,nan,nan,nan,-600
0,0,-300,0,-300,300,-600,-8,300,-600,nan,-0,-997.95547051677124,-997.95547051677124,-300,nan,nan,-300
1,0,-300,0,-300,300,-600,-8,300,-600,-0,nan,nan,nan,nan,nan,nan,-600
0,0,-300,0,-300,300,-600,12,300,-600,nan,-0,-997.93828959200459,-997.93828959200459,-300,nan,nan,-300
1,0,-300,0,-300,300,-600,12,300,-600,0,nan,nan,nan,nan,nan,nan,-600
0,0,-300,0,-300,300,-600,4.0000000000000009,300,-600,nan,-0,-997.98469686944838,-997.98469686944838,-300,nan,nan,-300
1,0,-300,0,-300,300,-600,4.0000000000000009,300,-600,0,nan,nan,nan,nan,nan,nan,-600
0,0,-300,0,-300,300,-600,3.9999999999999996,300,-600,nan,-0,-997.84283925568275,-997.84283925568275,-300,nan,nan,-300
1,0,-300,0,-300,300,-600,3.9999999999999996,300,-600,0,nan,nan,nan,nan,nan,nan,-600
0,0,-300,0,-300,300,-600,3.9999999999960001,300,-600,nan,-0,-998.03762200294921,-998.03762200294921,-300,nan,nan,-300
1,0,-300,0,-300,300,-600,3.9999999999960001,300,-600,0,nan,nan,nan,nan,nan,nan,-600
0,0,-300,0,-300,300,-600,5,300,-600,nan,-0,-997.82115791325532,-997.82115791325532,-300,nan,nan,-300
1,0,-300,0,-300,300,-600,5,300,-600,0,nan,nan,nan,nan,nan,nan,-600
0,0,-300,0,-300,300,-600,-5,300,-600,nan,-0,-997.96804188047076,-997.96804188047076,-300,nan,nan,-300
1,0,-300,0,-300,300,-600,-5,300,-600,-0,nan,nan,nan,nan,nan,nan,-600
0,0,-300,0,-300,300,-600,10,300,-600,nan,-0,-997.8532797342051,-997.8532797342051,-300,nan,nan,-300
1,0,-300,0,-300,300,-600,10,300,-600,0,nan,nan,nan,nan,nan,nan,-600
0,0,-300,0,-300,300,-600,-10,300,-600,nan,-0,-997.80430197803196,-997.80430197803196,-300,nan,nan,-300
1,0,-300,0,-300,300,-600,-10,300,-600,-0,nan,nan,nan,nan,nan,nan,-600
0,0,-300,0,-300,300,-600,15,300,-600,nan,-0,-997.90572110887683,-997.90572110887683,-300,nan,nan,-300
1,0,-300,0,-300,300,-600,15,300,-600,0,nan,nan,nan,nan,nan,nan,-600
0,0,-300,0,-300,300,-600,5.0000000000000009,300,-600,nan,-0,-997.88018678436731,-997.88018678436731,-300,nan,nan,-300
1,0,-300,0,-300,300,-600,5.0000000000000009,300,-600,0,nan,nan,nan,nan,nan,nan,-600
0,0,-300,0,-300,300,-600,4.9999999999999991,300,-600,nan,-0,-997.87168575989836,-997.87168575989836,-300,nan,nan,-300
1,0,-300,0,-300,300,-600,4.9999999999999991,300,-600,0,nan,nan,nan,nan,nan,nan,-600
0,0,-300,0,-300,300,-600,4.9999999999950004,300,-600,nan,-0,-998.00737860636855,-998.00737860636855,-300,nan,nan,-300
1,0,-300,0,-300,300,-600,4.9999999999950004,300,-600,0,nan,nan,nan,nan,nan,nan,-600
0,0,-300,0,-300,300,-600,16,300,-600,nan,-0,-997.85080546020845,-997.85080546020845,-300,nan,nan,-300
1,0,-300,0,-300,300,-600,16,300,-600,0,nan,nan,nan,nan,nan,nan,-600
0,0,-300,0,-300,300,-600,-16,300,-600,nan,-0,-997.90672313782181,-997.90672313782181,-300,nan,nan,-300
1,0,-300,0,-300,300,-600,-16,300,-600,-0,nan,nan,nan,nan,nan,nan,-600
0,0,-300,0,-300,300,-600,24,300,-600,nan,-0,-998.03602920310811,-998.03602920310811,-300,nan,nan,-300
1,0,-300,0,-300,300,-600,24,300,-600,0,nan,nan,nan,nan,nan,nan,-600
0,0,-300,0,-300,300,-600,8.0000000000000018,300,-600,nan,-0,-997.91467918688511,-997.91467918688511,-300,nan,nan,-300
1,0,-300,0,-300,300,-600,8.0000000000000018,300,-600,0,nan,nan,nan,nan,nan,nan,-600
0,0,-300,0,-300,300,-600,7.9999999999999991,300,-600,nan,-0,-997.98363027176742,-997.98363027176742,-300,nan,nan,-300
1,0,-300,0,-300,300,-600,7.9999999999999991,300,-600,0,nan,nan,nan,nan,nan,nan,-600
0,0,-300,0,-300,300,-600,7.9999999999920002,300,-600,nan,-0,-997.91856767202739,-997.91856767202739,-300,nan,nan,-300
1,0,-300,0,-300,300,-600,7.9999999999920002,300,-600,0,nan,nan,nan,nan,nan,nan,-600
0,0,-300,0,-300,300,-600,10.332000000000001,300,-600,nan,-0,-997.99380797736228,-997.99380797736228,-300,nan,nan,-300
1,0,-300,0,-300,300,-600,10.332000000000001,300,-600,0,nan,nan,nan,nan,nan,nan,-600
0,0,-300,0,-300,300,-600,-10.332000000000001,300,-600,nan,-0,-997.93333668902449,-997.93333668902449,-300,nan,nan,-300
1,0,-300,0,-300,300,-600,-10.332000000000001,300,-600,-0,nan,nan,nan,nan,nan,nan,-600
0,0,-300,0,-300,300,-600,20.664000000000001,300,-600,nan,-0,-998.0055818260804,-998.0055818260804,-300,nan,nan,-300
1,0,-300,0,-300,300,-600,20.664000000000001,300,-600,0,nan,nan,nan,nan,nan,nan,-600
0,0,-300,0,-300,300,-600,-20.664000000000001,300,-600,nan,-0,-997.82079575879789,-997.82079575879789,-300,nan,nan,-300
1,0,-300,0,-300,300,-600,-20.664000000000001,300,-600,-0,nan,nan,nan,nan,nan,nan,-600
0,0,-300,0,-300,300,-600,30.996000000000002,300,-600,nan,-0,-998.02222853076785,-998.02222853076785,-300,nan,nan,-300
1,0,-300,0,-300,300,-600,30.996000000000002,300,-600,0,nan,nan,nan,nan,nan,nan,-600
0,0,-300,0,-300,300,-600,10.332000000000003,300,-600,nan,-0,-997.96935365326635,-997.96935365326635,-300,nan,nan,-300
1,0,-300,0,-300,300,-600,10.332000000000003,300,-600,0,nan,nan,nan,nan,nan,nan,-600
0,0,-300,0,-300,300,-600,10.331999999999999,300,-600,nan,-0,-998.03360458868713,-998.03360458868713,-300,nan,nan,-300
1,0,-300,0,-300,300,-600,10.331999999999999,300,-600,0,nan,nan,nan,nan,nan,nan,-600
0,0,-300,0,-300,300,-600,10.331999999989669,300,-600,nan,-0,-998.00289665656339,-998.00289665656339,-300,nan,nan,-300
1,0,-300,0,-300,300,-600,10.331999999989669,300,-600,0,nan,nan,nan,nan,nan,nan,-600
0,0,-300,0,-300,300,-600,14.51,300,-600,nan,-0,-997.888169042963,-997.888169042963,-300,nan,nan,-300
1,0,-300,0,-300,300,-600,14.51,300,-600,0,nan,nan,nan,nan,nan,nan,-600
0,0,-300,0,-300,300,-600,-14.51,300,-600,nan,-0,-997.95311156816706,-997.95311156816706,-300,nan,nan,-300
1,0,-300,0,-300,300,-600,-14.51,300,-600,-0,nan,nan,nan,nan,nan,nan,-600
0,0,-300,0,-300,300,-600,29.02,300,-600,nan,-0,-997.79628063500161,-997.79628063500161,-300,nan,nan,-300
1,0,-300,0,-300,300,-600,29.02,300,-600,0,nan,nan,nan,nan,nan,nan,-600
0,0,-300,0,-300,300,-600,-29.02,300,-600,nan,-0,-997.8251208708657,-997.8251208708657,-300,nan,nan,-300
1,0,-300,0,-300,300,-600,-29.02,300,-600,-0,nan,nan,nan,nan,nan,nan,-600
0,0,-300,0,-300,300,-600,43.530000000000001,300,-600,nan,-0,-997.9720966096495,-997.9720966096495,-300,nan,nan,-300
1,0,-300,0,-300,300,-600,43.530000000000001,300,-600,0,nan,nan,nan,nan,nan,nan,-600
0,0,-300,0,-300,300,-600,14.510000000000002,300,-600,nan,-0,-997.8998905168969,-997.8998905168969,-300,nan,nan,-300
1,0,-300,0,-300,300,-600,14.510000000000002,300,-600,0,nan,nan,nan,nan,nan,nan,-600
0,0,-300,0,-300,300,-600,14.509999999999998,300,-600,nan,-0,-997.94143606867488,-997.94143606867488,-300,nan,nan,-300
1,0,-300,0,-300,300,-600,14.509999999999998,300,-600,0,nan,nan,nan,nan,nan,nan,-600
0,0,-300,0,-300,300,-600,14.509999999985491,300,-600,nan,-0,-997.88840716749041,-997.88840716749041,-300,nan,nan,-300
1,0,-300,0,-300,300,-600,14.509999999985491,300,-600,0,nan,nan,nan,nan,nan,nan,-600
0,0,-300,0,-300,300,-600,42,300,-600,nan,-0,-997.83100227959085,-997.83100227959085,-300,nan,nan,-300
1,0,-300,0,-300,300,-600,42,300,-600,0,nan,nan,nan,nan,nan,nan,-600
0,0,-300,0,-300,300,-600,-42,300,-600,nan,-0,-997.82779593847442,-997.82779593847442,-300,nan,nan,-300
1,0,-300,0,-300,300,-600,-42,300,-600,-0,nan,nan,nan,nan,nan,nan,-600
0,0,-300,0,-300,300,-600,84,300,-600,nan,-0,-997.9684009426353,-997.9684009426353,-300,nan,nan,-300
1,0,-300,0,-300,300,-600,84,300,-600,0,nan,nan,nan,nan,nan,nan,-600
0,0,-300,0,-300,300,-600,-84,300,-600,nan,-0,-997.81844725517828,-997.81844725517828,-300,nan,nan,-300
1,0,-300,0,-300,300,-600,-84,300,-600,-0,nan,nan,nan,nan,nan,nan,-600
0,0,-300,0,-300,300,-600,126,300,-600,nan,-0,-997.91237562974266,-997.91237562974266,-300,nan,nan,-300
1,0,-300,0,-300,300,-600,126,300,-600,0,nan,nan,nan,nan,nan,nan,-600
0,0,-300,0,-300,300,-600,42.000000000000007,300,-600,nan,-0,-997.81007483506357,-997.81007483506357,-300,nan,nan,-300
1,0,-300,0,-300,300,-600,42.000000000000007,300,-600,0,nan,nan,nan,nan,nan,nan,-600
0,0,-300,0,-300,300,-600,41.999999999999993,300,-600,nan,-0,-997.91918810475408,-997.91918810475408,-300,nan,nan,-300
1,0,-300,0,-300,300,-600,41.999999999999993,300,-600,0,nan,nan,nan,nan,nan,nan,-600
0,0,-300,0,-300,300,-600,41.999999999958,300,-600,nan,-0,-997.93736696674137,-997.93736696674137,-300,nan,nan,-300
1,0,-300,0,-300,300,-600,41.999999999958,300,-600,0,nan,nan,nan,nan,nan,nan,-600
0,0,-300,0,-300,300,-600,43,300,-600,nan,-0,-997.90343940839841,-997.90343940839841,-300,nan,nan,-300
1,0,-300,0,-300,300,-600,43,300,-600,0,nan,nan,nan,nan,nan,nan,-600
0,0,-300,0,-300,300,-600,-43,300,-600,nan,-0,-997.99561834318274,-997.99561834318274,-300,nan,nan,-300
1,0,-300,0,-300,300,-600,-43,300,-600,-0,nan,nan,nan,nan,nan,nan,-600
0,0,-300,0,-300,300,-600,86,300,-600,nan,-0,-997.89772172948415,-997.89772172948415,-300,nan,nan,-300
1,0,-300,0,-300,300,-600,86,300,-600,0,nan,nan,nan,nan,nan,nan,-600
0,0,-300,0,-300,300,-600,-86,300,-600,nan,-0,-997.97723175393151,-997.97723175393151,-300,nan,nan,-300
1,0,-300,0,-300,300,-600,-86,300,-600,-0,nan,nan,nan,nan,nan,nan,-600
0,0,-300,0,-300,300,-600,129,300,-600,nan,-0,-998.02792775968351,-998.02792775968351,-300,nan,nan,-300
1,0,-300,0,-300,300,-600,129,300,-600,0,nan,nan,nan,nan,nan,nan,-600
0,0,-300,0,-300,300,-600,43.000000000000007,300,-600,nan,-0,-997.87576825368228,-997.87576825368228,-300,nan,nan,-300
1,0,-300,0,-300,300,-600,43.000000000000007,300,-600,0,nan,nan,nan,nan,nan,nan,-600
0,0,-300,0,-300,300,-600,42.999999999999993,300,-600,nan,-0,-997.87822605172948,-997.87822605172948,-300,nan,nan,-300
1,0,-300,0,-300,300,-600,42.999999999999993,300,-600,0,nan,nan,nan,nan,nan,nan,-600
0,0,-300,0,-300,300,-600,42.999999999956998,300,-600,nan,-0,-997.84582793227537,-997.84582793227537,-300,nan,nan,-300
1,0,-300,0,-300,300,-600,42.999999999956998,300,-600,0,nan,nan,nan,nan,nan,nan,-600
0,0,-300,0,-300,300,-600,44,300,-600,nan,-0,-998.04853982097552,-998.04853982097552,-300,nan,nan,-300
1,0,-300,0,-300,300,-600,44,300,-600,0,nan,nan,nan,nan,nan,nan,-600
0,0,-300,0,-300,300,-600,-44,300,-600,nan,-0,-997.81495689660244,-997.81495689660244,-300,nan,nan,-300
1,0,-300,0,-300,300,-600,-44,300,-600,-0,nan,nan,nan,nan,nan,nan,-600
0,0,-300,0,-300,300,-600,88,300,-600,nan,-0,-997.81873145877103,-997.81873145877103,-300,nan,nan,-300
1,0,-300,0,-300,300,-600,88,300,-600,0,nan,nan,nan,nan,nan,nan,-600
0,0,-300,0,-300,300,-600,-88,300,-600,nan,-0,-997.95148816493293,-997.95148816493293,-300,nan,nan,-300
1,0,-300,0,-300,300,-600,-88,300,-600,-0,nan,nan,nan,nan,nan,nan,-600
0,0,-300,0,-300,300,-600,132,300,-600,nan,-0,-997.92825419263397,-997.92825419263397,-300,nan,nan,-300
1,0,-300,0,-300,300,-600,132,300,-600,0,nan,nan,nan,nan,nan,nan,-600
0,0,-300,0,-300,300,-600,44.000000000000007,300,-600,nan,-0,-997.81806242762855,-997.81806242762855,-300,nan,nan,-300
1,0,-300,0,-300,300,-600,44.000000000000007,300,-600,0,nan,nan,nan,nan,nan,nan,-600
0,0,-300,0,-300,300,-600,43.999999999999993,300,-600,nan,-0,-997.94487477692121,-997.94487477692121,-300,nan,nan,-300
1,0,-300,0,-300,300,-600,43.999999999999993,300,-600,0,nan,nan,nan,nan,nan,nan,-600
0,0,-300,0,-300,300,-600,43.999999999956003,300,-600,nan,-0,-998.04399348831248,-998.04399348831248,-300,nan,nan,-300
1,0,-300,0,-300,300,-600,43.999999999956003,300,-600,0,nan,nan,nan,nan,nan,nan,-600
0,0,-300,0,-300,300,-600,45,300,-600,nan,-0,-997.9425689741762,-997.9425689741762,-300,nan,nan,-300
1,0,-300,0,-300,300,-600,45,300,-600,0,nan,nan,nan,nan,nan,nan,-600
0,0,-300,0,-300,300,-600,-45,300,-600,nan,-0,-997.92576188350097,-997.92576188350097,-300,nan,nan,-300
1,0,-300,0,-300,300,-600,-45,300,-600,-0,nan,nan,nan,nan,nan,nan,-600
0,0,-300,0,-300,300,-600,90,300,-600,nan,-0,-997.94181909246981,-997.94181909246981,-300,nan,nan,-300
1,0,-300,0,-300,300,-600,90,300,-600,0,nan,nan,nan,nan,nan,nan,-600
0,0,-300,0,-300,300,-600,-90,300,-600,nan,-0,-997.97537797661028,-997.97537797661028,-300,nan,nan,-300
1,0,-300,0,-300,300,-600,-90,300,-600,-0,nan,nan,nan,nan,nan,nan,-600
0,0,-300,0,-300,300,-600,135,300,-600,nan,-0,-997.99634812053637,-997.99634812053637,-300,nan,nan,-300
1,0,-300,0,-300,300,-600,135,300,-600,0,nan,nan,nan,nan,nan,nan,-600
0,0,-300,0,-300,300,-600,45.000000000000007,300,-600,nan,-0,-997.8963323188724,-997.8963323188724,-300,nan,nan,-300
1,0,-300,0,-300,300,-600,45.000000000000007,300,-600,0,nan,nan,nan,nan,nan,nan,-600
0,0,-300,0,-300,300,-600,44.999999999999993,300,-600,nan,-0,-997.99135216497291,-997.99135216497291,-300,nan,nan,-300
1,0,-300,0,-300,300,-600,44.999999999999993,300,-600,0,nan,nan,nan,nan,nan,nan,-600
0,0,-300,0,-300,300,-600,44.999999999955001,300,-600,nan,-0,-997.87021052359319,-997.87021052359319,-300,nan,nan,-300
1,0,-300,0,-300,300,-600,44.999999999955001,300,-600,0,nan,nan,nan,nan,nan,nan,-600
0,0,-300,0,-300,300,-600,47,300,-600,nan,-0,-997.90070545628544,-997.90070545628544,-300,nan,nan,-300
1,0,-300,0,-300,300,-600,47,300,-600,0,nan,nan,nan,nan,nan,nan,-600
0,0,-300,0,-300,300,-600,-47,300,-600,nan,-0,-997.96097190903686,-997.96097190903686,-300,nan,nan,-300
1,0,-300,0,-300,300,-600,-47,300,-600,-0,nan,nan,nan,nan,nan,nan,-600
0,0,-300,0,-300,300,-600,94,300,-600,nan,-0,-997.96681448128095,-997.96681448128095,-300,nan,nan,-300
1,0,-300,0,-300,300,-600,94,300,-600,0,nan,nan,nan,nan,nan,nan,-600
0,0,-300,0,-300,300,-600,-94,300,-600,nan,-0,-997.99867229817619,-997.99867229817619,-300,nan,nan,-300
1,0,-300,0,-300,300,-600,-94,300,-600,-0,nan,nan,nan,nan,nan,nan,-600
0,0,-300,0,-300,300,-600,141,300,-600,nan,-0,-997.91049560578506,-997.91049560578506,-300,nan,nan,-300
1,0,-300,0,-300,300,-600,141,300,-600,0,nan,nan,nan,nan,nan,nan,-600
0,0,-300,0,-300,300,-600,47.000000000000007,300,-600,nan,-0,-997.98069460231534,-997.98069460231534,-300,nan,nan,-300
1,0,-300,0,-300,300,-600,47.000000000000007,300,-600,0,nan,nan,nan,nan,nan,nan,-600
0,0,-300,0,-300,300,-600,46.999999999999993,300,-600,nan,-0,-997.99202947032938,-997.99202947032938,-300,nan,nan,-300
1,0,-300,0,-300,300,-600,46.999999999999993,300,-600,0,nan,nan,nan,nan,nan,nan,-600
0,0,-300,0,-300,300,-600,46.999999999952998,300,-600,nan,-0,-997.93536093788703,-997.93536093788703,-300,nan,nan,-300
1,0,-300,0,-300,300,-600,46.999999999952998,300,-600,0,nan,nan,nan,nan,nan,nan,-600
0,0,-300,0,-300,300,-600,48,300,-600,nan,-0,-997.8229382549705,-997.8229382549705,-300,nan,nan,-300
1,0,-300,0,-300,300,-600,48,300,-600,0,nan,nan,nan,nan,nan,nan,-600
0,0,-300,0,-300,300,-600,-48,300,-600,nan,-0,-997.87176089576542,-997.87176089576542,-300,nan,nan,-300
1,0,-300,0,-300,300,-600,-48,300,-600,-0,nan,nan,nan,nan,nan,nan,-600
0,0,-300,0,-300,300,-600,96,300,-600,nan,-0,-997.93364626198183,-997.93364626198183,-300,nan,nan,-300
1,0,-300,0,-300,300,-600,96,300,-600,0,nan,nan,nan,nan,nan,nan,-600
0,0,-300,0,-300,300,-600,-96,300,-600,nan,-0,-998.04733407128197,-998.04733407128197,-300,nan,nan,-300
1,0,-300,0,-300,300,-600,-96,300,-600,-0,nan,nan,nan,nan,nan,nan,-600
0,0,-300,0,-300,300,-600,144,300,-600,nan,-0,-997.93680787195967,-997.93680787195967,-300,nan,nan,-300
1,0,-300,0,-300,300,-600,144,300,-600,0,nan,nan,nan,nan,nan,nan,-600
0,0,-300,0,-300,300,-600,48.000000000000007,300,-600,nan,-0,-997.85378670445095,-997.85378670445095,-300,nan,nan,-300
1,0,-300,0,-300,300,-600,48.000000000000007,300,-600,0,nan,nan,nan,nan,nan,nan,-600
0,0,-300,0,-300,300,-600,47.999999999999993,300,-600,nan,-0,-997.93750720645278,-997.93750720645278,-300,nan,nan,-300
1,0,-300,0,-300,300,-600,47.999999999999993,300,-600,0,nan,nan,nan,nan,nan,nan,-600
0,0,-300,0,-300,300,-600,47.999999999952003,300,-600,nan,-0,-997.88889115326958,-997.88889115326958,-300,nan,nan,-300
1,0,-300,0,-300,300,-600,47.999999999952003,300,-600,0,nan,nan,nan,nan,nan,nan,-600
0,0,-300,0,-300,300,-600,100,300,-600,nan,-0,-997.845609732968,-997.845609732968,-300,nan,nan,-300
1,0,-300,0,-300,300,-600,100,300,-600,0,nan,nan,nan,nan,nan,nan,-600
0,0,-300,0,-300,300,-600,-100,300,-600,nan,-0,-997.92725086008977,-997.92725086008977,-300,nan,nan,-300
1,0,-300,0,-300,300,-600,-100,300,-600,-0,nan,nan,nan,nan,nan,nan,-600
0,0,-300,0,-300,300,-600,200,300,-600,nan,-0,-997.85640016278626,-997.85640016278626,-300,nan,nan,-300
1,0,-300,0,-300,300,-600,200,300,-600,0,nan,nan,nan,nan,nan,nan,-600
0,0,-300,0,-300,300,-600,-200,300,-600,nan,-0,-997.85044321845908,-997.85044321845908,-300,nan,nan,-300
1,0,-300,0,-300,300,-600,-200,300,-600,-0,nan,nan,nan,nan,nan,nan,-600
0,0,-300,0,-300,300,-600,300,300,-600,nan,-0,-997.88551403428812,-997.88551403428812,-300,nan,nan,-300
1,0,-300,0,-300,300,-600,300,300,-600,0,nan,nan,nan,nan,nan,nan,-600
0,0,-300,0,-300,300,-600,100.00000000000001,300,-600,nan,-0,-997.86984467568061,-997.86984467568061,-300,nan,nan,-300
1,0,-300,0,-300,300,-600,100.00000000000001,300,-600,0,nan,nan,nan,nan,nan,nan,-600
0,0,-300,0,-300,300,-600,99.999999999999986,300,-600,nan,-0,-997.95769587964458,-997.95769587964458,-300,nan,nan,-300
1,0,-300,0,-300,300,-600,99.999999999999986,300,-600,0,nan,nan,nan,nan,nan,nan,-600
0,0,-300,0,-300,300,-600,99.999999999899998,300,-600,nan,-0,-997.90861166800642,-997.90861166800642,-300,nan,nan,-300
1,0,-300,0,-300,300,-600,99.999999999899998,300,-600,0,nan,nan,nan,nan,nan,nan,-600
0,0,-300,0,-300,300,-600,120,300,-600,nan,-0,-998.00758809443766,-998.00758809443766,-300,nan,nan,-300
1,0,-300,0,-300,300,-600,120,300,-600,0,nan,nan,nan,nan,nan,nan,-600
0,0,-300,0,-300,300,-600,-120,300,-600,nan,-0,-997.89851009778545,-997.89851009778545,-300,nan,nan,-300
1,0,-300,0,-300,300,-600,-120,300,-600,-0,nan,nan,nan,nan,nan,nan,-600
0,0,-300,0,-300,300,-600,240,300,-600,nan,-0,-997.89645273331041,-997.89645273331041,-300,nan,nan,-300
1,0,-300,0,-300,300,-600,240,300,-600,0,nan,nan,nan,nan,nan,nan,-600
0,0,-300,0,-300,300,-600,-240,300,-600,nan,-0,-997.81166134640068,-997.81166134640068,-300,nan,nan,-300
1,0,-300,0,-300,300,-600,-240,300,-600,-0,nan,nan,nan,nan,nan,nan,-600
0,0,-300,0,-300,300,-600,360,300,-600,nan,-0,-997.8231731973367,-997.8231731973367,-300,nan,nan,-300
1,0,-300,0,-300,300,-600,360,300,-600,0,nan,nan,nan,nan,nan,nan,-600
0,0,-300,0,-300,300,-600,120.00000000000001,300,-600,nan,-0,-997.86214743095422,-997.86214743095422,-300,nan,nan,-300
1,0,-300,0,-300,300,-600,120.00000000000001,300,-600,0,nan,nan,nan,nan,nan,nan,-600
0,0,-300,0,-300,300,-600,119.99999999999999,300,-600,nan,-0,-997.85030275487316,-997.85030275487316,-300,nan,nan,-300
1,0,-300,0,-300,300,-600,119.99999999999999,300,-600,0,nan,nan,nan,nan,nan,nan,-600
0,0,-300,0,-300,300,-600,119.99999999988,300,-600,nan,-0,-997.94823188657438,-997.94823188657438,-300,nan,nan,-300
1,0,-300,0,-300,300,-600,119.99999999988,300,-600,0,nan,nan,nan,nan,nan,nan,-600
0,0,-300,0,-300,300,-600,121,300,-600,nan,-0,-997.86069856668007,-997.86069856668007,-300,nan,nan,-300
1,0,-300,0,-300,300,-600,121,300,-600,0,nan,nan,nan,nan,nan,nan,-600
0,0,-300,0,-300,300,-600,-121,300,-600,nan,-0,-998.00808842298909,-998.00808842298909,-300,nan,nan,-300
1,0,-300,0,-300,300,-600,-121,300,-600,-0,nan,nan,nan,nan,nan,nan,-600
0,0,-300,0,-300,300,-600,242,300,-600,nan,-0,-997.85681976837986,-997.85681976837986,-300,nan,nan,-300
1,0,-300,0,-300,300,-600,242,300,-600,0,nan,nan,nan,nan,nan,nan,-600
0,0,-300,0,-300,300,-600,-242,300,-600,nan,-0,-997.84673065897289,-997.84673065897289,-300,nan,nan,-300
1,0,-300,0,-300,300,-600,-242,300,-600,-0,nan,nan,nan,nan,nan,nan,-600
0,0,-300,0,-300,300,-600,363,300,-600,nan,-0,-998.04328735794002,-998.04328735794002,-300,nan,nan,-300
1,0,-300,0,-300,300,-600,363,300,-600,0,nan,nan,nan,nan,nan,nan,-600
0,0,-300,0,-300,300,-600,121.00000000000001,300,-600,nan,-0,-997.88114306127989,-997.88114306127989,-300,nan,nan,-300
1,0,-300,0,-300,300,-600,121.00000000000001,300,-600,0,nan,nan,nan,nan,nan,nan,-600
0,0,-300,0,-300,300,-600,120.99999999999999,300,-600,nan,-0,-997.90939689674735,-997.90939689674735,-300,nan,nan,-300
1,0,-300,0,-300,300,-600,120.99999999999999,300,-600,0,nan,nan,nan,nan,nan,nan,-600
0,0,-300,0,-300,300,-600,120.99999999987899,300,-600,nan,-0,-997.85102632698647,-997.85102632698647,-300,nan,nan,-300
1,0,-300,0,-300,300,-600,120.99999999987899,300,-600,0,nan,nan,nan,nan,nan,nan,-600
0,0,-300,0,-300,300,-600,122,300,-600,nan,-0,-997.97407190233037,-997.97407190233037,-300,nan,nan,-300
1,0,-300,0,-300,300,-600,122,300,-600,0,nan,nan,nan,nan,nan,nan,-600
0,0,-300,0,-300,300,-600,-122,300,-600,nan,-0,-997.92027383629886,-997.92027383629886,-300,nan,nan,-300
1,0,-300,0,-300,300,-600,-122,300,-600,-0,nan,nan,nan,nan,nan,nan,-600
0,0,-300,0,-300,300,-600,244,300,-600,nan,-0,-997.98834320797334,-997.98834320797334,-300,nan,nan,-300
1,0,-300,0,-300,300,-600,244,300,-600,0,nan,nan,nan,nan,nan,nan,-600
0,0,-300,0,-300,300,-600,-244,300,-600,nan,-0,-998.01191495221326,-998.01191495221326,-300,nan,nan,-300
1,0,-300,0,-300,300,-600,-244,300,-600,-0,nan,nan,nan,nan,nan,nan,-600
0,0,-300,0,-300,300,-600,366,300,-600,nan,-0,-997.8393767845273,-997.8393767845273,-300,nan,nan,-300
1,0,-300,0,-300,300,-600,366,300,-600,0,nan,nan,nan,nan,nan,nan,-600
0,0,-300,0,-300,300,-600,122.00000000000001,300,-600,nan,-0,-997.95624503311478,-997.95624503311478,-300,nan,nan,-300
1,0,-300,0,-300,300,-600,122.00000000000001,300,-600,0,nan,nan,nan,nan,nan,nan,-600
0,0,-300,0,-300,300,-600,121.99999999999999,300,-600,nan,-0,-997.83576097385776,-997.83576097385776,-300,nan,nan,-300
1,0,-300,0,-300,300,-600,121.99999999999999,300,-600,0,nan,nan,nan,nan,nan,nan,-600
0,0,-300,0,-300,300,-600,121.999999999878,300,-600,nan,-0,-997.81421061069557,-997.81421061069557,-300,nan,nan,-300
1,0,-300,0,-300,300,-600,121.999999999878,300,-600,0,nan,nan,nan,nan,nan,nan,-600
0,0,-300,0,-300,300,-600,-360,300,-600,nan,-0,-997.83119092406378,-997.83119092406378,-300,nan,nan,-300
1,0,-300,0,-300,300,-600,-360,300,-600,-0,nan,nan,nan,nan,nan,nan,-600
0,0,-300,0,-300,300,-600,720,300,-600,nan,-0,-997.88997115657355,-997.88997115657355,-300,nan,nan,-300
1,0,-300,0,-300,300,-600,720,300,-600,0,nan,nan,nan,nan,nan,nan,-600
0,0,-300,0,-300,300,-600,-720,300,-600,nan,-0,-998.01153145750004,-998.01153145750004,-300,nan,nan,-300
1,0,-300,0,-300,300,-600,-720,300,-600,-0,nan,nan,nan,nan,nan,nan,-600
0,0,-300,0,-300,300,-600,360.00000000000006,300,-600,nan,-0,-997.84922458143114,-997.84922458143114,-300,nan,nan,-300
1,0,-300,0,-300,300,-600,360.00000000000006,300,-600,0,nan,nan,nan,nan,nan,nan,-600
0,0,-300,0,-300,300,-600,359.99999999999994,300,-600,nan,-0,-997.91020277813561,-997.91020277813561,-300,nan,nan,-300
1,0,-300,0,-300,300,-600,359.99999999999994,300,-600,0,nan,nan,nan,nan,nan,nan,-600
0,0,-300,0,-300,300,-600,359.99999999964001,300,-600,nan,-0,-997.86758840603613,-997.86758840603613,-300,nan,nan,-300
1,0,-300,0,-300,300,-600,359.99999999964001,300,-600,0,nan,nan,nan,nan,nan,nan,-600
0,0,-300,0,-300,300,-600,500,300,-600,nan,-0,-997.85373651708335,-997.85373651708335,-300,nan,nan,-300
1,0,-300,0,-300,300,-600,500,300,-600,0,nan,nan,nan,nan,nan,nan,-600
0,0,-300,0,-300,300,-600,-500,300,-600,nan,-0,-997.93024094335624,-997.93024094335624,-300,nan,nan,-300
1,0,-300,0,-300,300,-600,-500,300,-600,-0,nan,nan,nan,nan,nan,nan,-600
0,0,-300,0,-300,300,-600,1000,300,-600,nan,-0,-997.86419509603002,-997.86419509603002,-300,nan,nan,-300
1,0,-300,0,-300,300,-600,1000,300,-600,0,nan,nan,nan,nan,nan,nan,-600
0,0,-300,0,-300,300,-600,-1000,300,-600,nan,-0,-997.87360590396577,-997.87360590396577,-300,nan,nan,-300
1,0,-300,0,-300,300,-600,-1000,300,-600,-0,nan,nan,nan,nan,nan,nan,-600
0,0,-300,0,-300,300,-600,500.00000000000006,300,-600,nan,-0,-997.94505075623329,-997.94505075623329,-300,nan,nan,-300
1,0,-300,0,-300,300,-600,500.00000000000006,300,-600,0,nan,nan,nan,nan,nan,nan,-600
0,0,-300,0,-300,300,-600,499.99999999999994,300,-600,nan,-0,-997.80054556560742,-997.80054556560742,-300,nan,nan,-300
1,0,-300,0,-300,300,-600,499.99999999999994,300,-600,0,nan,nan,nan,nan,nan,nan,-600
0,0,-300,0,-300,300,-600,499.99999999950001,300,-600,nan,-0,-997.86932167034092,-997.86932167034092,-300,nan,nan,-300
1,0,-300,0,-300,300,-600,499.99999999950001,300,-600,0,nan,nan,nan,nan,nan,nan,-600
0,1,-300,0,-300,300,-600,600,300,-600,nan,-0,-997.87813175498218,-997.87813175498218,-300,nan,nan,-300
1,1,-300,0,-300,300,-600,600,300,-600,0,nan,nan,nan,nan,nan,nan,-600
0,-1,-300,0,-300,300,-600,600,300,-600,nan,-0,-997.83740541932627,-997.83740541932627,-300,nan,nan,-300
1,-1,-300,0,-300,300,-600,600,300,-600,0,nan,nan,nan,nan,nan,nan,-600
0,2,-300,0,-300,300,-600,600,300,-600,nan,-0,-997.94952801729085,-997.94952801729085,-300,nan,nan,-300
1,2,-300,0,-300,300,-600,600,300,-600,0,nan,nan,nan,nan,nan,nan,-600
0,-2,-300,0,-300,300,-600,600,300,-600,nan,-0,-997.79695726126738,-997.79695726126738,-300,nan,nan,-300
1,-2,-300,0,-300,300,-600,600,300,-600,0,nan,nan,nan,nan,nan,nan,-600
0,3,-300,0,-300,300,-600,600,300,-600,nan,-0,-997.89036296110407,-997.89036296110407,-300,nan,nan,-300
1,3,-300,0,-300,300,-600,600,300,-600,0,nan,nan,nan,nan,nan,nan,-600
0,1.0000000000000002,-300,0,-300,300,-600,600,300,-600,nan,-0,-997.96270549046187,-997.96270549046187,-300,nan,nan,-300
1,1.0000000000000002,-300,0,-300,300,-600,600,300,-600,0,nan,nan,nan,nan,nan,nan,-600
0,0.99999999999999989,-300,0,-300,300,-600,600,300,-600,nan,-0,-998.04187209301222,-998.04187209301222,-300,nan,nan,-300
1,0.99999999999999989,-300,0,-300,300,-600,600,300,-600,0,nan,nan,nan,nan,nan,nan,-600
0,0.99999999999900002,-300,0,-300,300,-600,600,300,-600,nan,-0,-997.88621696130656,-997.88621696130656,-300,nan,nan,-300
1,0.99999999999900002,-300,0,-300,300,-600,600,300,-600,0,nan,nan,nan,nan,nan,nan,-600
0,1.5800000000000001,-300,0,-300,300,-600,600,300,-600,nan,-0,-997.92408196701922,-997.92408196701922,-300,nan,nan,-300
1,1.5800000000000001,-300,0,-300,300,-600,600,300,-600,0,nan,nan,nan,nan,nan,nan,-600
0,-1.5800000000000001,-300,0,-300,300,-600,600,300,-600,nan,-0,-997.91818212692294,-997.91818212692294,-300,nan,nan,-300
1,-1.5800000000000001,-300,0,-300,300,-600,600,300,-600,0,nan,nan,nan,nan,nan,nan,-600
0,3.1600000000000001,-300,0,-300,300,-600,600,300,-600,nan,-0,-998.04268902302442,-998.04268902302442,-300,nan,nan,-300
1,3.1600000000000001,-300,0,-300,300,-600,600,300,-600,0,nan,nan,nan,nan,nan,nan,-600
0,-3.1600000000000001,-300,0,-300,300,-600,600,300,-600,nan,-0,-997.92236018782273,-997.92236018782273,-300,nan,nan,-300
1,-3.1600000000000001,-300,0,-300,300,-600,600,300,-600,0,nan,nan,nan,nan,nan,nan,-600
0,4.7400000000000002,-300,0,-300,300,-600,600,300,-600,nan,-0,-998.0443202576015,-998.0443202576015,-300,nan,nan,-300
1,4.7400000000000002,-300,0,-300,300,-600,600,300,-600,0,nan,nan,nan,nan,nan,nan,-600
0,1.5800000000000003,-300,0,-300,300,-600,600,300,-600,nan,-0,-997.8342748726028,-997.8342748726028,-300,nan,nan,-300
1,1.5800000000000003,-300,0,-300,300,-600,600,300,-600,0,nan,nan,nan,nan,nan,nan,-600
0,1.5799999999999998,-300,0,-300,300,-600,600,300,-600,nan,-0,-998.03430296333499,-998.03430296333499,-300,nan,nan,-300
1,1.5799999999999998,-300,0,-300,300,-600,600,300,-600,0,nan,nan,nan,nan,nan,nan,-600
0,1.57999999999842,-300,0,-300,300,-600,600,300,-600,nan,-0,-998.00131401405042,-998.00131401405042,-300,nan,nan,-300
1,1.57999999999842,-300,0,-300,300,-600,600,300,-600,0,nan,nan,nan,nan,nan,nan,-600
0,4,-300,0,-300,300,-600,600,300,-600,nan,-0,-997.92101557193303,-997.92101557193303,-300,nan,nan,-300
1,4,-300,0,-300,300,-600,600,300,-600,0,nan,nan,nan,nan,nan,nan,-600
0,-4,-300,0,-300,300,-600,600,300,-600,nan,-0,-997.81972443260315,-997.81972443260315,-300,nan,nan,-300
1,-4,-300,0,-300,300,-600,600,300,-600,0,nan,nan,nan,nan,nan,nan,-600
0,6,-300,0,-300,300,-600,600,300,-600,nan,-0,-997.97559384586418,-997.97559384586418,-300,nan,nan,-300
1,6,-300,0,-300,300,-600,600,300,-600,0,nan,nan,nan,nan,nan,nan,-600
0,2.0000000000000004,-300,0,-300,300,-600,600,300,-600,nan,-0,-997.82196970564667,-997.82196970564667,-300,nan,nan,-300
1,2.0000000000000004,-300,0,-300,300,-600,600,300,-600,0,nan,nan,nan,nan,nan,nan,-600
0,1.9999999999999998,-300,0,-300,300,-600,600,300,-600,nan,-0,-997.93928357653419,-997.93928357653419,-300,nan,nan,-300
1,1.9999999999999998,-300,0,-300,300,-600,600,300,-600,0,nan,nan,nan,nan,nan,nan,-600
0,1.999999999998,-300,0,-300,300,-600,600,300,-600,nan,-0,-997.97494062336398,-997.97494062336398,-300,nan,nan,-300
1,1.999999999998,-300,0,-300,300,-600,600,300,-600,0,nan,nan,nan,nan,nan,nan,-600
0,-3,-300,0,-300,300,-600,600,300,-600,nan,-0,-997.99346394411725,-997.99346394411725,-300,nan,nan,-300
1,-3,-300,0,-300,300,-600,600,300,-600,0,nan,nan,nan,nan,nan,nan,-600
0,-6,-300,0,-300,300,-600,600,300,-600,nan,-0,-997.84843290184233,-997.84843290184233,-300,nan,nan,-300
1,-6,-300,0,-300,300,-600,600,300,-600,0,nan,nan,nan,nan,nan,nan,-600
0,9,-300,0,-300,300,-600,600,300,-600,nan,-0,-998.00653763485354,-998.00653763485354,-300,nan,nan,-300
1,9,-300,0,-300,300,-600,600,300,-600,0,nan,nan,nan,nan,nan,nan,-600
0,3.0000000000000004,-300,0,-300,300,-600,600,300,-600,nan,-0,-997.98212689703382,-997.98212689703382,-300,nan,nan,-300
1,3.0000000000000004,-300,0,-300,300,-600,600,300,-600,0,nan,nan,nan,nan,nan,nan,-600
0,2.9999999999999996,-300,0,-300,300,-600,600,300,-600,nan,-0,-997.89341398524982,-997.89341398524982,-300,nan,nan,-300
1,2.9999999999999996,-300,0,-300,300,-600,600,300,-600,0,nan,nan,nan,nan,nan,nan,-600
0,2.9999999999970002,-300,0,-300,300,-600,600,300,-600,nan,-0,-997.81532417747735,-997.81532417747735,-300,nan,nan,-300
1,2.9999999999970002,-300,0,-300,300,-600,600,300,-600,0,nan,nan,nan,nan,nan,nan,-600
0,8,-300,0,-300,300,-600,600,300,-600,nan,-0,-998.03106642214675,-998.03106642214675,-300,nan,nan,-300
1,8,-300,0,-300,300,-600,600,300,-600,0,nan,nan,nan,nan,nan,nan,-600
0,-8,-300,0,-300,300,-600,600,300,-600,nan,-0,-997.88178357356469,-997.88178357356469,-300,nan,nan,-300
1,-8,-300,0,-300,300,-600,600,300,-600,0,nan,nan,nan,nan,nan,nan,-600
0,12,-300,0,-300,300,-600,600,300,-600,nan,-0,-997.98476812771673,-997.98476812771673,-300,nan,nan,-300
1,12,-300,0,-300,300,-600,600,300,-600,0,nan,nan,nan,nan,nan,nan,-600
0,4.0000000000000009,-300,0,-300,300,-600,600,300,-600,nan,-0,-997.88332432685593,-997.88332432685593,-300,nan,nan,-300
1,4.0000000000000009,-300,0,-300,300,-600,600,300,-600,0,nan,nan,nan,nan,nan,nan,-600
0,3.9999999999999996,-300,0,-300,300,-600,600,300,-600,nan,-0,-997.91414311253379,-997.91414311253379,-300,nan,nan,-300
1,3.9999999999999996,-300,0,-300,300,-600,600,300,-600,0,nan,nan,nan,nan,nan,nan,-600
0,3.9999999999960001,-300,0,-300,300,-600,600,300,-600,nan,-0,-997.95332652842387,-997.95332652842387,-300,nan,nan,-300
1,3.9999999999960001,-300,0,-300,300,-600,600,300,-600,0,nan,nan,nan,nan,nan,nan,-600
0,5,-300,0,-300,300,-600,600,300,-600,nan,-0,-998.01588939958594,-998.01588939958594,-300,nan,nan,-300
1,5,-300,0,-300,300,-600,600,300,-600,0,nan,nan,nan,nan,nan,nan,-600
0,-5,-300,0,-300,300,-600,600,300,-600,nan,-0,-997.93054683374726,-997.93054683374726,-300,nan,nan,-300
1,-5,-300,0,-300,300,-600,600,300,-600,0,nan,nan,nan,nan,nan,nan,-600
0,10,-300,0,-300,300,-600,600,300,-600,nan,-0,-997.83404317133852,-997.83404317133852,-300,nan,nan,-300
1,10,-300,0,-300,300,-600,600,300,-600,0,nan,nan,nan,nan,nan,nan,-600
0,-10,-300,0,-300,300,-600,600,300,-600,nan,-0,-997.81398946756872,-997.81398946756872,-300,nan,nan,-300
1,-10,-300,0,-300,300,-600,600,300,-600,0,nan,nan,nan,nan,nan,nan,-600
0,15,-300,0,-300,300,-600,600,300,-600,nan,-0,-997.88374462085085,-997.88374462085085,-300,nan,nan,-300
1,15,-300,0,-300,300,-600,600,300,-600,0,nan,nan,nan,nan,nan,nan,-600
0,5.0000000000000009,-300,0,-300,300,-600,600,300,-600,nan,-0,-997.79678416167496,-997.79678416167496,-300,nan,nan,-300
1,5.0000000000000009,-300,0,-300,300,-600,600,300,-600,0,nan,nan,nan,nan,nan,nan,-600
0,4.9999999999999991,-300,0,-300,300,-600,600,300,-600,nan,-0,-997.92455463068404,-997.92455463068404,-300,nan,nan,-300
1,4.9999999999999991,-300,0,-300,300,-600,600,300,-600,0,nan,nan,nan,nan,nan,nan,-600
0,4.9999999999950004,-300,0,-300,300,-600,600,300,-600,nan,-0,-997.90766743731433,-997.90766743731433,-300,nan,nan,-300
1,4.9999999999950004,-300,0,-300,300,-600,600,300,-600,0,nan,nan,nan,nan,nan,nan,-600
0,16,-300,0,-300,300,-600,600,300,-600,nan,-0,-997.98918907889731,-997.98918907889731,-300,nan,nan,-300
1,16,-300,0,-300,300,-600,600,300,-600,0,nan,nan,nan,nan,nan,nan,-600
0,-16,-300,0,-300,300,-600,600,300,-600,nan,-0,-997.94972161010014,-997.94972161010014,-300,nan,nan,-300
1,-16,-300,0,-300,300,-600,600,300,-600,0,nan,nan,nan,nan,nan,nan,-600
0,24,-300,0,-300,300,-600,600,300,-600,nan,-0,-997.9052604858698,-997.9052604858698,-300,nan,nan,-300
1,24,-300,0,-300,300,-600,600,300,-600,0,nan,nan,nan,nan,nan,nan,-600
0,8.0000000000000018,-300,0,-300,300,-600,600,300,-600,nan,-0,-997.81362241923489,-997.81362241923489,-300,nan,nan,-300
1,8.0000000000000018,-300,0,-300,300,-600,600,300,-600,0,nan,nan,nan,nan,nan,nan,-600
0,7.9999999999999991,-300,0,-300,300,-600,600,300,-600,nan,-0,-998.01183276700635,-998.01183276700635,-300,nan,nan,-300
1,7.9999999999999991,-300,0,-300,300,-600,600,300,-600,0,nan,nan,nan,nan,nan,nan,-600
0,7.9999999999920002,-300,0,-300,300,-600,600,300,-600,nan,-0,-997.9520419609629,-997.9520419609629,-300,nan,nan,-300
1,7.9999999999920002,-300,0,-300,300,-600,600,300,-600,0,nan,nan,nan,nan,nan,nan,-600
0,10.332000000000001,-300,0,-300,300,-600,600,300,-600,nan,-0,-997.9081212886806,-997.9081212886806,-300,nan,nan,-300
1,10.332000000000001,-300,0,-300,300,-600,600,300,-600,0,nan,nan,nan,nan,nan,nan,-600
0,-10.332000000000001,-300,0,-300,300,-600,600,300,-600,nan,-0,-998.02449830093383,-998.02449830093383,-300,nan,nan,-300
1,-10.332000000000001,-300,0,-300,300,-600,600,300,-600,0,nan,nan,nan,nan,nan,nan,-600
0,20.664000000000001,-300,0,-300,300,-600,600,300,-600,nan,-0,-997.85822784908771,-997.85822784908771,-300,nan,nan,-300
1,20.664000000000001,-300,0,-300,300,-600,600,300,-600,0,nan,nan,nan,nan,nan,nan,-600
0,-20.664000000000001,-300,0,-300,300,-600,600,300,-600,nan,-0,-997.8585949521048,-997.8585949521048,-300,nan,nan,-300
1,-20.664000000000001,-300,0,-300,300,-600,600,300,-600,0,nan,nan,nan,nan,nan,nan,-600
0,30.996000000000002,-300,0,-300,300,-600,600,300,-600,nan,-0,-997.97416699573319,-997.97416699573319,-300,nan,nan,-300
1,30.996000000000002,-300,0,-300,300,-600,600,300,-600,0,nan,nan,nan,nan,nan,nan,-600
0,10.332000000000003,-300,0,-300,300,-600,600,300,-600,nan,-0,-997.96451248471112,-997.96451248471112,-300,nan,nan,-300
1,10.332000000000003,-300,0,-300,300,-600,600,300,-600,0,nan,nan,nan,nan,nan,nan,-600
0,10.331999999999999,-300,0,-300,300,-600,600,300,-600,nan,-0,-997.95439403747559,-997.95439403747559,-300,nan,nan,-300
1,10.331999999999999,-300,0,-300,300,-600,600,300,-600,0,nan,nan,nan,nan,nan,nan,-600
0,10.331999999989669,-300,0,-300,300,-600,600,300,-600,nan,-0,-997.81513789588757,-997.81513789588757,-300,nan,nan,-300
1,10.331999999989669,-300,0,-300,300,-600,600,300,-600,0,nan,nan,nan,nan,nan,nan,-600
0,14.51,-300,0,-300,300,-600,600,300,-600,nan,-0,-998.02515336367799,-998.02515336367799,-300,nan,nan,-300
1,14.51,-300,0,-300,300,-600,600,300,-600,0,nan,nan,nan,nan,nan,nan,-600
0,-14.51,-300,0,-300,300,-600,600,300,-600,nan,-0,-997.98795673884933,-997.98795673884933,-300,nan,nan,-300
1,-14.51,-300,0,-300,300,-600,600,300,-600,0,nan,nan,nan,nan,nan,nan,-600
0,29.02,-300,0,-300,300,-600,600,300,-600,nan,-0,-997.89382056018383,-997.89382056018383,-300,nan,nan,-300
1,29.02,-300,0,-300,300,-600,600,300,-600,0,nan,nan,nan,nan,nan,nan,-600
0,-29.02,-300,0,-300,300,-600,600,300,-600,nan,-0,-998.02402458073539,-998.02402458073539,-300,nan,nan,-300
1,-29.02,-300,0,-300,300,-600,600,300,-600,0,nan,nan,nan,nan,nan,nan,-600
0,43.530000000000001,-300,0,-300,300,-600,600,300,-600,nan,-0,-997.94661081924846,-997.94661081924846,-300,nan,nan,-300
1,43.530000000000001,-300,0,-300,300,-600,600,300,-600,0,nan,nan,nan,nan,nan,nan,-600
0,14.510000000000002,-300,0,-300,300,-600,600,300,-600,nan,-0,-998.00329026422469,-998.00329026422469,-300,nan,nan,-300
1,14.510000000000002,-300,0,-300,300,-600,600,300,-600,0,nan,nan,nan,nan,nan,nan,-600
0,14.509999999999998,-300,0,-300,300,-600,600,300,-600,nan,-0,-998.01508417506341,-998.01508417506341,-300,nan,nan,-300
1,14.509999999999998,-300,0,-300,300,-600,600,300,-600,0,nan,nan,nan,nan,nan,nan,-600
0,14.509999999985491,-300,0,-300,300,-600,600,300,-600,nan,-0,-997.88944842152455,-997.88944842152455,-300,nan,nan,-300
1,14.509999999985491,-300,0,-300,300,-600,600,300,-600,0,nan,nan,nan,nan,nan,nan,-600
0,42,-300,0,-300,300,-600,600,300,-600,nan,-0,-997.83991199174307,-997.83991199174307,-300,nan,nan,-300
1,42,-300,0,-300,300,-600,600,300,-600,0,nan,nan,nan,nan,nan,nan,-600
0,-42,-300,0,-300,300,-600,600,300,-600,nan,-0,-997.92108350609737,-997.92108350609737,-300,nan,nan,-300
1,-42,-300,0,-300,300,-600,600,300,-600,0,nan,nan,nan,nan,nan,nan,-600
0,84,-300,0,-300,300,-600,600,300,-600,nan,-0,-997.99105671945847,-997.99105671945847,-300,nan,nan,-300
1,84,-300,0,-300,300,-600,600,300,-600,0,nan,nan,nan,nan,nan,nan,-600
0,-84,-300,0,-300,300,-600,600,300,-600,nan,-0,-997.87389638604611,-997.87389638604611,-300,nan,nan,-300
1,-84,-300,0,-300,300,-600,600,300,-600,0,nan,nan,nan,nan,nan,nan,-600
0,126,-300,0,-300,300,-600,600,300,-600,nan,-0,-997.95237375367969,-997.95237375367969,-300,nan,nan,-300
1,126,-300,0,-300,300,-600,600,300,-600,0,nan,nan,nan,nan,nan,nan,-600
0,42.000000000000007,-300,0,-300,300,-600,600,300,-600,nan,-0,-997.86379231664864,-997.86379231664864,-300,nan,nan,-300
1,42.000000000000007,-300,0,-300,300,-600,600,300,-600,0,nan,nan,nan,nan,nan,nan,-600
0,41.999999999999993,-300,0,-300,300,-600,600,300,-600,nan,-0,-998.04675586578196,-998.04675586578196,-300,nan,nan,-300
1,41.999999999999993,-300,0,-300,300,-600,600,300,-600,0,nan,nan,nan,nan,nan,nan,-600
0,41.999999999958,-300,0,-300,300,-600,600,300,-600,nan,-0,-997.9874901610649,-997.9874901610649,-300,nan,nan,-300
1,41.999999999958,-300,0,-300,300,-600,600,300,-600,0,nan,nan,nan,nan,nan,nan,-600
0,43,-300,0,-300,300,-600,600,300,-600,nan,-0,-997.84647576336397,-997.84647576336397,-300,nan,nan,-300
1,43,-300,0,-300,300,-600,600,300,-600,0,nan,nan,nan,nan,nan,nan,-600
0,-43,-300,0,-300,300,-600,600,300,-600,nan,-0,-998.01724732070784,-998.01724732070784,-300,nan,nan,-300
1,-43,-300,0,-300,300,-600,600,300,-600,0,nan,nan,nan,nan,nan,nan,-600
0,86,-300,0,-300,300,-600,600,300,-600,nan,-0,-997.9778455563395,-997.9778455563395,-300,nan,nan,-300
1,86,-300,0,-300,300,-600,600,300,-600,0,nan,nan,nan,nan,nan,nan,-600
0,-86,-300,0,-300,300,-600,600,300,-600,nan,-0,-997.9857514235614,-997.9857514235614,-300,nan,nan,-300
1,-86,-300,0,-300,300,-600,600,300,-600,0,nan,nan,nan,nan,nan,nan,-600
0,129,-300,0,-300,300,-600,600,300,-600,nan,-0,-997.81811338318755,-997.81811338318755,-300,nan,nan,-300
1,129,-300,0,-300,300,-600,600,300,-600,0,nan,nan,nan,nan,nan,nan,-600
0,43.000000000000007,-300,0,-300,300,-600,600,300,-600,nan,-0,-997.94256747079794,-997.94256747079794,-300,nan,nan,-300
1,43.000000000000007,-300,0,-300,300,-600,600,300,-600,0,nan,nan,nan,nan,nan,nan,-600
0,42.999999999999993,-300,0,-300,300,-600,600,300,-600,nan,-0,-997.85028414244925,-997.85028414244925,-300,nan,nan,-300
1,42.999999999999993,-300,0,-300,300,-600,600,300,-600,0,nan,nan,nan,nan,nan,nan,-600
0,42.999999999956998,-300,0,-300,300,-600,600,300,-600,nan,-0,-997.95149125949922,-997.95149125949922,-300,nan,nan,-300
1,42.999999999956998,-300,0,-300,300,-600,600,300,-600,0,nan,nan,nan,nan,nan,nan,-600
0,44,-300,0,-300,300,-600,600,300,-600,nan,-0,-997.96594680178794,-997.96594680178794,-300,nan,nan,-300
1,44,-300,0,-300,300,-600,600,300,-600,0,nan,nan,nan,nan,nan,nan,-600
0,-44,-300,0,-300,300,-600,600,300,-600,nan,-0,-998.01177335775174,-998.01177335775174,-300,nan,nan,-300
1,-44,-300,0,-300,300,-600,600,300,-600,0,nan,nan,nan,nan,nan,nan,-600
0,88,-300,0,-300,300,-600,600,300,-600,nan,-0,-998.03756209965638,-998.03756209965638,-300,nan,nan,-300
1,88,-300,0,-300,300,-600,600,300,-600,0,nan,nan,nan,nan,nan,nan,-600
0,-88,-300,0,-300,300,-600,600,300,-600,nan,-0,-997.98948987616302,-997.98948987616302,-300,nan,nan,-300
1,-88,-300,0,-300,300,-600,600,300,-600,0,nan,nan,nan,nan,nan,nan,-600
0,132,-300,0,-300,300,-600,600,300,-600,nan,-0,-997.8104422191002,-997.8104422191002,-300,nan,nan,-300
1,132,-300,0,-300,300,-600,600,300,-600,0,nan,nan,nan,nan,nan,nan,-600
0,44.000000000000007,-300,0,-300,300,-600,600,300,-600,nan,-0,-997.88429499671008,-997.88429499671008,-300,nan,nan,-300
1,44.000000000000007,-300,0,-300,300,-600,600,300,-600,0,nan,nan,nan,nan,nan,nan,-600
0,43.999999999999993,-300,0,-300,300,-600,600,300,-600,nan,-0,-997.98971821616738,-997.98971821616738,-300,nan,nan,-300
1,43.999999999999993,-300,0,-300,300,-600,600,300,-600,0,nan,nan,nan,nan,nan,nan,-600
0,43.999999999956003,-300,0,-300,300,-600,600,300,-600,nan,-0,-997.82660443624525,-997.82660443624525,-300,nan,nan,-300
1,43.999999999956003,-300,0,-300,300,-600,600,300,-600,0,nan,nan,nan,nan,nan,nan,-600
0,45,-300,0,-300,300,-600,600,300,-600,nan,-0,-997.81574996877646,-997.81574996877646,-300,nan,nan,-300
1,45,-300,0,-300,300,-600,600,300,-600,0,nan,nan,nan,nan,nan,nan,-600
0,-45,-300,0,-300,300,-600,600,300,-600,nan,-0,-998.0143985790985,-998.0143985790985,-300,nan,nan,-300
1,-45,-300,0,-300,300,-600,600,300,-600,0,nan,nan,nan,nan,nan,nan,-600
0,90,-300,0,-300,300,-600,600,300,-600,nan,-0,-997.96284452015743,-997.96284452015743,-300,nan,nan,-300
1,90,-300,0,-300,300,-600,600,300,-600,0,nan,nan,nan,nan,nan,nan,-600
0,-90,-300,0,-300,300,-600,600,300,-600,nan,-0,-997.81518184365382,-997.81518184365382,-300,nan,nan,-300
1,-90,-300,0,-300,300,-600,600,300,-600,0,nan,nan,nan,nan,nan,nan,-600
0,135,-300,0,-300,300,-600,600,300,-600,nan,-0,-997.82318258301223,-997.82318258301223,-300,nan,nan,-300
1,135,-300,0,-300,300,-600,600,300,-600,0,nan,nan,nan,nan,nan,nan,-600
0,45.000000000000007,-300,0,-300,300,-600,600,300,-600,nan,-0,-997.79565130492892,-997.79565130492892,-300,nan,nan,-300
1,45.000000000000007,-300,0,-300,300,-600,600,300,-600,0,nan,nan,nan,nan,nan,nan,-600
0,44.999999999999993,-300,0,-300,300,-600,600,300,-600,nan,-0,-997.83219606024215,-997.83219606024215,-300,nan,nan,-300
1,44.999999999999993,-300,0,-300,300,-600,600,300,-600,0,nan,nan,nan,nan,nan,nan,-600
0,44.999999999955001,-300,0,-300,300,-600,600,300,-600,nan,-0,-998.03749486679544,-998.03749486679544,-300,nan,nan,-300
1,44.999999999955001,-300,0,-300,300,-600,600,300,-600,0,nan,nan,nan,nan,nan,nan,-600
0,47,-300,0,-300,300,-600,600,300,-600,nan,-0,-997.98899517650068,-997.98899517650068,-300,nan,nan,-300
1,47,-300,0,-300,300,-600,600,300,-600,0,nan,nan,nan,nan,nan,nan,-600
0,-47,-300,0,-300,300,-600,600,300,-600,nan,-0,-997.86822219820556,-997.86822219820556,-300,nan,nan,-300
1,-47,-300,0,-300,300,-600,600,300,-600,0,nan,nan,nan,nan,nan,nan,-600
0,94,-300,0,-300,300,-600,600,300,-600,nan,-0,-997.94005694021007,-997.94005694021007,-300,nan,nan,-300
1,94,-300,0,-300,300,-600,600,300,-600,0,nan,nan,nan,nan,nan,nan,-600
0,-94,-300,0,-300,300,-600,600,300,-600,nan,-0,-997.94534703977399,-997.94534703977399,-300,nan,nan,-300
1,-94,-300,0,-300,300,-600,600,300,-600,0,nan,nan,nan,nan,nan,nan,-600
0,141,-300,0,-300,300,-600,600,300,-600,nan,-0,-997.99602351299984,-997.99602351299984,-300,nan,nan,-300
1,141,-300,0,-300,300,-600,600,300,-600,0,nan,nan,nan,nan,nan,nan,-600
0,47.000000000000007,-300,0,-300,300,-600,600,300,-600,nan,-0,-997.95785875778711,-997.95785875778711,-300,nan,nan,-300
1,47.000000000000007,-300,0,-300,300,-600,600,300,-600,0,nan,nan,nan,nan,nan,nan,-600
0,46.999999999999993,-300,0,-300,300,-600,600,300,-600,nan,-0,-997.80816683736009,-997.80816683736009,-300,nan,nan,-300
1,46.999999999999993,-300,0,-300,300,-600,600,300,-600,0,nan,nan,nan,nan,nan,nan,-600
0,46.999999999952998,-300,0,-300,300,-600,600,300,-600,nan,-0,-998.04558609467119,-998.04558609467119,-300,nan,nan,-300
1,46.999999999952998,-300,0,-300,300,-600,600,300,-600,0,nan,nan,nan,nan,nan,nan,-600
0,48,-300,0,-300,300,-600,600,300,-600,nan,-0,-997.95771358872366,-997.95771358872366,-300,nan,nan,-300
1,48,-300,0,-300,300,-600,600,300,-600,0,nan,nan,nan,nan,nan,nan,-600
0,-48,-300,0,-300,300,-600,600,300,-600,nan,-0,-998.02641449744783,-998.02641449744783,-300,nan,nan,-300
1,-48,-300,0,-300,300,-600,600,300,-600,0,nan,nan,nan,nan,nan,nan,-600
0,96,-300,0,-300,300,-600,600,300,-600,nan,-0,-997.98295729508368,-997.98295729508368,-300,nan,nan,-300
1,96,-300,0,-300,300,-600,600,300,-600,0,nan,nan,nan,nan,nan,nan,-600
0,-96,-300,0,-300,300,-600,600,300,-600,nan,-0,-997.83263733574199,-997.83263733574199,-300,nan,nan,-300
1,-96,-300,0,-300,300,-600,600,300,-600,0,nan,nan,nan,nan,nan,nan,-600
0,144,-300,0,-300,300,-600,600,300,-600,nan,-0,-997.8605235397572,-997.8605235397572,-300,nan,nan,-300
1,144,-300,0,-300,300,-600,600,300,-600,0,nan,nan,nan,nan,nan,nan,-600
0,48.000000000000007,-300,0,-300,300,-600,600,300,-600,nan,-0,-997.81279621975887,-997.81279621975887,-300,nan,nan,-300
1,48.000000000000007,-300,0,-300,300,-600,600,300,-600,0,nan,nan,nan,nan,nan,nan,-600
0,47.999999999999993,-300,0,-300,300,-600,600,300,-600,nan,-0,-997.89870355946334,-997.89870355946334,-300,nan,nan,-300
1,47.999999999999993,-300,0,-300,300,-600,600,300,-600,0,nan,nan,nan,nan,nan,nan,-600
0,47.999999999952003,-300,0,-300,300,-600,600,300,-600,nan,-0,-997.86588963042789,-997.86588963042789,-300,nan,nan,-300
1,47.999999999952003,-300,0,-300,300,-600,600,300,-600,0,nan,nan,nan,nan,nan,nan,-600
0,100,-300,0,-300,300,-600,600,300,-600,nan,-0,-998.03374511210041,-998.03374511210041,-300,nan,nan,-300
1,100,-300,0,-300,300,-600,600,300,-600,0,nan,nan,nan,nan,nan,nan,-600
0,-100,-300,0,-300,300,-600,600,300,-600,nan,-0,-997.86040293607005,-997.86040293607005,-300,nan,nan,-300
1,-100,-300,0,-300,300,-600,600,300,-600,0,nan,nan,nan,nan,nan,nan,-600
0,200,-300,0,-300,300,-600,600,300,-600,nan,-0,-997.83585312481466,-997.83585312481466,-300,nan,nan,-300
1,200,-300,0,-300,300,-600,600,300,-600,0,nan,nan,nan,nan,nan,nan,-600
0,-200,-300,0,-300,300,-600,600,300,-600,nan,-0,-998.02887386115526,-998.02887386115526,-300,nan,nan,-300
1,-200,-300,0,-300,300,-600,600,300,-600,0,nan,nan,nan,nan,nan,nan,-600
0,300,-300,0,-300,300,-600,600,300,-600,nan,-0,-997.80578975577623,-997.80578975577623,-300,nan,nan,-300
1,300,-300,0,-300,300,-600,600,300,-600,0,nan,nan,nan,nan,nan,nan,-600
0,100.00000000000001,-300,0,-300,300,-600,600,300,-600,nan,-0,-997.81933674528761,-997.81933674528761,-300,nan,nan,-300
1,100.00000000000001,-300,0,-300,300,-600,600,300,-600,0,nan,nan,nan,nan,nan,nan,-600
0,99.999999999999986,-300,0,-300,300,-600,600,300,-600,nan,-0,-997.98915106047536,-997.98915106047536,-300,nan,nan,-300
1,99.999999999999986,-300,0,-300,300,-600,600,300,-600,0,nan,nan,nan,nan,nan,nan,-600
0,99.999999999899998,-300,0,-300,300,-600,600,300,-600,nan,-0,-998.02573598318406,-998.02573598318406,-300,nan,nan,-300
1,99.999999999899998,-300,0,-300,300,-600,600,300,-600,0,nan,nan,nan,nan,nan,nan,-600
0,120,-300,0,-300,300,-600,600,300,-600,nan,-0,-997.88500047147568,-997.88500047147568,-300,nan,nan,-300
1,120,-300,0,-300,300,-600,600,300,-600,0,nan,nan,nan,nan,nan,nan,-600
0,-120,-300,0,-300,300,-600,600,300,-600,nan,-0,-997.82584593854926,-997.82584593854926,-300,nan,nan,-300
1,-120,-300,0,-300,300,-600,600,300,-600,0,nan,nan,nan,nan,nan,nan,-600
0,240,-300,0,-300,300,-600,600,300,-600,nan,-0,-997.8226796066034,-997.8226796066034,-300,nan,nan,-300
1,240,-300,0,-300,300,-600,600,300,-600,0,nan,nan,nan,nan,nan,nan,-600
0,-240,-300,0,-300,300,-600,600,300,-600,nan,-0,-997.92745934190077,-997.92745934190077,-300,nan,nan,-300
1,-240,-300,0,-300,300,-600,600,300,-600,0,nan,nan,nan,nan,nan,nan,-600
0,360,-300,0,-300,300,-600,600,300,-600,nan,-0,-998.00351261531137,-998.00351261531137,-300,nan,nan,-300
1,360,-300,0,-300,300,-600,600,300,-600,0,nan,nan,nan,nan,nan,nan,-600
0,120.00000000000001,-300,0,-300,300,-600,600,300,-600,nan,-0,-997.98056773054441,-997.98056773054441,-300,nan,nan,-300
1,120.00000000000001,-300,0,-300,300,-600,600,300,-600,0,nan,nan,nan,nan,nan,nan,-600
0,119.99999999999999,-300,0,-300,300,-600,600,300,-600,nan,-0,-997.87615681267835,-997.87615681267835,-300,nan,nan,-300
1,119.99999999999999,-300,0,-300,300,-600,600,300,-600,0,nan,nan,nan,nan,nan,nan,-600
0,119.99999999988,-300,0,-300,300,-600,600,300,-600,nan,-0,-997.94533779947665,-997.94533779947665,-300,nan,nan,-300
1,119.99999999988,-300,0,-300,300,-600,600,300,-600,0,nan,nan,nan,nan,nan,nan,-600
0,121,-300,0,-300,300,-600,600,300,-600,nan,-0,-998.01633335791405,-998.01633335791405,-300,nan,nan,-300
1,121,-300,0,-300,300,-600,600,300,-600,0,nan,nan,nan,nan,nan,nan,-600
0,-121,-300,0,-300,300,-600,600,300,-600,nan,-0,-997.92387320440787,-997.92387320440787,-300,nan,nan,-300
1,-121,-300,0,-300,300,-600,600,300,-600,0,nan,nan,nan,nan,nan,nan,-600
0,242,-300,0,-300,300,-600,600,300,-600,nan,-0,-997.9898228097486,-997.9898228097486,-300,nan,nan,-300
1,242,-300,0,-300,300,-600,600,300,-600,0,nan,nan,nan,nan,nan,nan,-600
0,-242,-300,0,-300,300,-600,600,300,-600,nan,-0,-997.9059448250531,-997.9059448250531,-300,nan,nan,-300
1,-242,-300,0,-300,300,-600,600,300,-600,0,nan,nan,nan,nan,nan,nan,-600
0,363,-300,0,-300,300,-600,600,300,-600,nan,-0,-997.98823722321015,-997.98823722321015,-300,nan,nan,-300
1,363,-300,0,-300,300,-600,600,300,-600,0,nan,nan,nan,nan,nan,nan,-600
0,121.00000000000001,-300,0,-300,300,-600,600,300,-600,nan,-0,-998.01743028559383,-998.01743028559383,-300,nan,nan,-300
1,121.00000000000001,-300,0,-300,300,-600,600,300,-600,0,nan,nan,nan,nan,nan,nan,-600
0,120.99999999999999,-300,0,-300,300,-600,600,300,-600,nan,-0,-997.89803627813023,-997.89803627813023,-300,nan,nan,-300
1,120.99999999999999,-300,0,-300,300,-600,600,300,-600,0,nan,nan,nan,nan,nan,nan,-600
0,120.99999999987899,-300,0,-300,300,-600,600,300,-600,nan,-0,-997.96443058236468,-997.96443058236468,-300,nan,nan,-300
1,120.99999999987899,-300,0,-300,300,-600,600,300,-600,0,nan,nan,nan,nan,nan,nan,-600
0,122,-300,0,-300,300,-600,600,300,-600,nan,-0,-997.87402063928562,-997.87402063928562,-300,nan,nan,-300
1,122,-300,0,-300,300,-600,600,300,-600,0,nan,nan,nan,nan,nan,nan,-600
0,-122,-300,0,-300,300,-600,600,300,-600,nan,-0,-997.95788908913175,-997.95788908913175,-300,nan,nan,-300
1,-122,-300,0,-300,300,-600,600,300,-600,0,nan,nan,nan,nan,nan,nan,-600
0,244,-300,0,-300,300,-600,600,300,-600,nan,-0,-997.98181477718424,-997.98181477718424,-300,nan,nan,-300
1,244,-300,0,-300,300,-600,600,300,-600,0,nan,nan,nan,nan,nan,nan,-600
0,-244,-300,0,-300,300,-600,600,300,-600,nan,-0,-997.96295099328393,-997.96295099328393,-300,nan,nan,-300
1,-244,-300,0,-300,300,-600,600,300,-600,0,nan,nan,nan,nan,nan,nan,-600
0,366,-300,0,-300,300,-600,600,300,-600,nan,-0,-998.03834106861086,-998.03834106861086,-300,nan,nan,-300
1,366,-300,0,-300,300,-600,600,300,-600,0,nan,nan,nan,nan,nan,nan,-600
0,122.00000000000001,-300,0,-300,300,-600,600,300,-600,nan,-0,-997.93673710407552,-997.93673710407552,-300,nan,nan,-300
1,122.00000000000001,-300,0,-300,300,-600,600,300,-600,0,nan,nan,nan,nan,nan,nan,-600
0,121.99999999999999,-300,0,-300,300,-600,600,300,-600,nan,-0,-997.80956916316791,-997.80956916316791,-300,nan,nan,-300
1,121.99999999999999,-300,0,-300,300,-600,600,300,-600,0,nan,nan,nan,nan,nan,nan,-600
0,121.999999999878,-300,0,-300,300,-600,600,300,-600,nan,-0,-997.86340555931145,-997.86340555931145,-300,nan,nan,-300
1,121.999999999878,-300,0,-300,300,-600,600,300,-600,0,nan,nan,nan,nan,nan,nan,-600
0,-360,-300,0,-300,300,-600,600,300,-600,nan,-0,-997.82652116823738,-997.82652116823738,-360,nan,nan,-360
1,-360,-300,0,-300,300,-600,600,300,-600,0,nan,nan,nan,nan,nan,nan,-600
0,720,-300,0,-300,300,-600,600,300,-600,nan,-0,-997.94632281396241,-997.94632281396241,-300,nan,nan,-300
1,720,-300,0,-300,300,-600,600,300,-600,0,nan,nan,nan,nan,nan,nan,-600
0,-720,-300,0,-300,300,-600,600,300,-600,nan,-0,-997.91260632896194,-997.91260632896194,-720,nan,nan,-720
1,-720,-300,0,-300,300,-600,600,300,-600,0,nan,nan,nan,nan,nan,nan,-600
0,360.00000000000006,-300,0,-300,300,-600,600,300,-600,nan,-0,-997.97353160019622,-997.97353160019622,-300,nan,nan,-300
1,360.00000000000006,-300,0,-300,300,-600,600,300,-600,0,nan,nan,nan,nan,nan,nan,-600
0,359.99999999999994,-300,0,-300,300,-600,600,300,-600,nan,-0,-997.90394031207984,-997.90394031207984,-300,nan,nan,-300
1,359.99999999999994,-300,0,-300,300,-600,600,300,-600,0,nan,nan,nan,nan,nan,nan,-600
0,359.99999999964001,-300,0,-300,300,-600,600,300,-600,nan,-0,-997.88309568519367,-997.88309568519367,-300,nan,nan,-300
1,359.99999999964001,-300,0,-300,300,-600,600,300,-600,0,nan,nan,nan,nan,nan,nan,-600
0,500,-300,0,-300,300,-600,600,300,-600,nan,-0,-997.98194984833412,-997.98194984833412,-300,nan,nan,-300
1,500,-300,0,-300,300,-600,600,300,-600,0,nan,nan,nan,nan,nan,nan,-600
0,-500,-300,0,-300,300,-600,600,300,-600,nan,-0,-997.81892318426515,-997.81892318426515,-500,nan,nan,-500
1,-500,-300,0,-300,300,-600,600,300,-600,0,nan,nan,nan,nan,nan,nan,-600
0,1000,-300,0,-300,300,-600,600,300,-600,nan,-0,-997.99153117151332,-997.99153117151332,-300,nan,nan,-300
1,1000,-300,0,-300,300,-600,600,300,-600,0,nan,nan,nan,nan,nan,nan,-600
0,-1000,-300,0,-300,300,-600,600,300,-600,nan,-0,-997.83303987279317,-997.83303987279317,-997.83303987279317,nan,nan,-1000
1,-1000,-300,0,-300,300,-600,600,300,-600,0,nan,nan,nan,nan,nan,nan,-600
0,500.00000000000006,-300,0,-300,300,-600,600,300,-600,nan,-0,-997.88178012776063,-997.88178012776063,-300,nan,nan,-300
1,500.00000000000006,-300,0,-300,300,-600,600,300,-600,0,nan,nan,nan,nan,nan,nan,-600
0,499.99999999999994,-300,0,-300,300,-600,600,300,-600,nan,-0,-997.83102520964985,-997.83102520964985,-300,nan,nan,-300
1,499.99999999999994,-300,0,-300,300,-600,600,300,-600,0,nan,nan,nan,nan,nan,nan,-600
0,499.99999999950001,-300,0,-300,300,-600,600,300,-600,nan,-0,-997.81403840940027,-997.81403840940027,-300,nan,nan,-300
1,499.99999999950001,-300,0,-300,300,-600,600,300,-600,0,nan,nan,nan,nan,nan,nan,-600
0,0,1,0,-300,300,-600,600,300,-600,nan,-0,-997.90561858819035,-997.90561858819035,0,nan,nan,0
1,0,1,0,-300,300,-600,600,300,-600,0,nan,nan,nan,nan,nan,nan,-600
0,0,-1,0,-300,300,-600,600,300,-600,nan,-0,-997.81060558195759,-997.81060558195759,-1,nan,nan,-1
1,0,-1,0,-300,300,-600,600,300,-600,0,nan,nan,nan,nan,nan,nan,-600
0,0,2,0,-300,300,-600,600,300,-600,nan,-0,-997.88027431379453,-997.88027431379453,0,nan,nan,0
1,0,2,0,-300,300,-600,600,300,-600,0,nan,nan,nan,nan,nan,nan,-600
0,0,-2,0,-300,300,-600,600,300,-600,nan,-0,-997.87191822001751,-997.87191822001751,-2,nan,nan,-2
1,0,-2,0,-300,300,-600,600,300,-600,0,nan,nan,nan,nan,nan,nan,-600
0,0,3,0,-300,300,-600,600,300,-600,nan,-0,-997.97661440776653,-997.97661440776653,0,nan,nan,0
1,0,3,0,-300,300,-600,600,300,-600,0,nan,nan,nan,nan,nan,nan,-600
0,0,1.0000000000000002,0,-300,300,-600,600,300,-600,nan,-0,-997.98229977327094,-997.98229977327094,0,nan,nan,0
1,0,1.0000000000000002,0,-300,300,-600,600,300,-600,0,nan,nan,nan,nan,nan,nan,-600
0,0,0.99999999999999989,0,-300,300,-600,600,300,-600,nan,-0,-997.93186356059903,-997.93186356059903,0,nan,nan,0
1,0,0.99999999999999989,0,-300,300,-600,600,300,-600,0,nan,nan,nan,nan,nan,nan,-600
0,0,0.99999999999900002,0,-300,300,-600,600,300,-600,nan,-0,-997.88634020642246,-997.88634020642246,0,nan,nan,0
1,0,0.99999999999900002,0,-300,300,-600,600,300,-600,0,nan,nan,nan,nan,nan,nan,-600
0,0,1.5800000000000001,0,-300,300,-600,600,300,-600,nan,-0,-998.03465000841186,-998.03465000841186,0,nan,nan,0
1,0,1.5800000000000001,0,-300,300,-600,600,300,-600,0,nan,nan,nan,nan,nan,nan,-600
0,0,-1.5800000000000001,0,-300,300,-600,600,300,-600,nan,-0,-997.82706003252667,-997.82706003252667,-1.5800000000000001,nan,nan,-1.5800000000000001
1,0,-1.5800000000000001,0,-300,300,-600,600,300,-600,0,nan,nan,nan,nan,nan,nan,-600
0,0,3.1600000000000001,0,-300,300,-600,600,300,-600,nan,-0,-997.81793529341815,-997.81793529341815,0,nan,nan,0
1,0,3.1600000000000001,0,-300,300,-600,600,300,-600,0,nan,nan,nan,nan,nan,nan,-600
0,0,-3.1600000000000001,0,-300,300,-600,600,300,-600,nan,-0,-998.00949906474602,-998.00949906474602,-3.1600000000000001,nan,nan,-3.1600000000000001
1,0,-3.1600000000000001,0,-300,300,-600,600,300,-600,0,nan,nan,nan,nan,nan,nan,-600
0,0,4.7400000000000002,0,-300,300,-600,600,300,-600,nan,-0,-998.02752988459144,-998.02752988459144,0,nan,nan,0
1,0,4.7400000000000002,0,-300,300,-600,600,300,-600,0,nan,nan,nan,nan,nan,nan,-600
0,0,1.5800000000000003,0,-300,300,-600,600,300,-600,nan,-0,-998.03233967451911,-998.03233967451911,0,nan,nan,0
1,0,1.5800000000000003,0,-300,300,-600,600,300,-600,0,nan,nan,nan,nan,nan,nan,-600
0,0,1.5799999999999998,0,-300,300,-600,600,300,-600,nan,-0,-997.95955642444494,-997.95955642444494,0,nan,nan,0
1,0,1.5799999999999998,0,-300,300,-600,600,300,-600,0,nan,nan,nan,nan,nan,nan,-600
0,0,1.57999999999842,0,-300,300,-600,600,300,-600,nan,-0,-998.02464615705412,-998.02464615705412,0,nan,nan,0
1,0,1.57999999999842,0,-300,300,-600,600,300,-600,0,nan,nan,nan,nan,nan,nan,-600
0,0,4,0,-300,300,-600,600,300,-600,nan,-0,-997.92100809225053,-997.92100809225053,0,nan,nan,0
1,0,4,0,-300,300,-600,600,300,-600,0,nan,nan,nan,nan,nan,nan,-600
0,0,-4,0,-300,300,-600,600,300,-600,nan,-0,-997.93432162526619,-997.93432162526619,-4,nan,nan,-4
1,0,-4,0,-300,300,-600,600,300,-600,0,nan,nan,nan,nan,nan,nan,-600
0,0,6,0,-300,300,-600,600,300,-600,nan,-0,-997.98133608991623,-997.98133608991623,0,nan,nan,0
1,0,6,0,-300,300,-600,600,300,-600,0,nan,nan,nan,nan,nan,nan,-600
0,0,2.0000000000000004,0,-300,300,-600,600,300,-600,nan,-0,-997.88381555857973,-997.88381555857973,0,nan,nan,0
1,0,2.0000000000000004,0,-300,300,-600,600,300,-600,0,nan,nan,nan,nan,nan,nan,-600
0,0,1.9999999999999998,0,-300,300,-600,600,300,-600,nan,-0,-997.82463095785931,-997.82463095785931,0,nan,nan,0
1,0,1.9999999999999998,0,-300,300,-600,600,300,-600,0,nan,nan,nan,nan,nan,nan,-600
0,0,1.999999999998,0,-300,300,-600,600,300,-600,nan,-0,-997.97615686962558,-997.97615686962558,0,nan,nan,0
1,0,1.999999999998,0,-300,300,-600,600,300,-600,0,nan,nan,nan,nan,nan,nan,-600
0,0,-3,0,-300,300,-600,600,300,-600,nan,-0,-997.87787568244153,-997.87787568244153,-3,nan,nan,-3
1,0,-3,0,-300,300,-600,600,300,-600,0,nan,nan,nan,nan,nan,nan,-600
0,0,-6,0,-300,300,-600,600,300,-600,nan,-0,-997.95011924332903,-997.95011924332903,-6,nan,nan,-6
1,0,-6,0,-300,300,-600,600,300,-600,0,nan,nan,nan,nan,nan,nan,-600
0,0,9,0,-300,300,-600,600,300,-600,nan,-0,-997.8370744779312,-997.8370744779312,0,nan,nan,0
1,0,9,0,-300,300,-600,600,300,-600,0,nan,nan,nan,nan,nan,nan,-600
0,0,3.0000000000000004,0,-300,300,-600,600,300,-600,nan,-0,-997.85395722411579,-997.85395722411579,0,nan,nan,0
1,0,3.0000000000000004,0,-300,300,-600,600,300,-600,0,nan,nan,nan,nan,nan,nan,-600
0,0,2.9999999999999996,0,-300,300,-600,600,300,-600,nan,-0,-997.81246634805348,-997.81246634805348,0,nan,nan,0
1,0,2.9999999999999996,0,-300,300,-600,600,300,-600,0,nan,nan,nan,nan,nan,nan,-600
0,0,2.9999999999970002,0,-300,300,-600,600,300,-600,nan,-0,-997.79522575365297,-997.79522575365297,0,nan,nan,0
1,0,2.9999999999970002,0,-300,300,-600,600,300,-600,0,nan,nan,nan,nan,nan,nan,-600
0,0,8,0,-300,300,-600,600,300,-600,nan,-0,-997.83542480692483,-997.83542480692483,0,nan,nan,0
1,0,8,0,-300,300,-600,600,300,-600,0,nan,nan,nan,nan,nan,nan,-600
0,0,-8,0,-300,300,-600,600,300,-600,nan,-0,-997.927261867835,-997.927261867835,-8,nan,nan,-8
1,0,-8,0,-300,300,-600,600,300,-600,0,nan,nan,nan,nan,nan,nan,-600
0,0,12,0,-300,300,-600,600,300,-600,nan,-0,-997.90039665517577,-997.90039665517577,0,nan,nan,0
1,0,12,0,-300,300,-600,600,300,-600,0,nan,nan,nan,nan,nan,nan,-600
0,0,4.0000000000000009,0,-300,300,-600,600,300,-600,nan,-0,-997.85953551157036,-997.85953551157036,0,nan,nan,0
1,0,4.0000000000000009,0,-300,300,-600,600,300,-600,0,nan,nan,nan,nan,nan,nan,-600
0,0,3.9999999999999996,0,-300,300,-600,600,300,-600,nan,-0,-997.92499836766524,-997.92499836766524,0,nan,nan,0
1,0,3.9999999999999996,0,-300,300,-600,600,300,-600,0,nan,nan,nan,nan,nan,nan,-600
0,0,3.9999999999960001,0,-300,300,-600,600,300,-600,nan,-0,-997.88716443654346,-997.88716443654346,0,nan,nan,0
1,0,3.9999999999960001,0,-300,300,-600,600,300,-600,0,nan,nan,nan,nan,nan,nan,-600
0,0,5,0,-300,300,-600,600,300,-600,nan,-0,-997.88890671310185,-997.88890671310185,0,nan,nan,0
1,0,5,0,-300,300,-600,600,300,-600,0,nan,nan,nan,nan,nan,nan,-600
0,0,-5,0,-300,300,-600,600,300,-600,nan,-0,-997.93453359804141,-997.93453359804141,-5,nan,nan,-5
1,0,-5,0,-300,300,-600,600,300,-600,0,nan,nan,nan,nan,nan,nan,-600
0,0,10,0,-300,300,-600,600,300,-600,nan,-0,-997.82300608218623,-997.82300608218623,0,nan,nan,0
1,0,10,0,-300,300,-600,600,300,-600,0,nan,nan,nan,nan,nan,nan,-600
0,0,-10,0,-300,300,-600,600,300,-600,nan,-0,-997.83853592683784,-997.83853592683784,-10,nan,nan,-10
1,0,-10,0,-300,300,-600,600,300,-600,0,nan,nan,nan,nan,nan,nan,-600
0,0,15,0,-300,300,-600,600,300,-600,nan,-0,-997.90659643965375,-997.90659643965375,0,nan,nan,0
1,0,15,0,-300,300,-600,600,300,-600,0,nan,nan,nan,nan,nan,nan,-600
0,0,5.0000000000000009,0,-300,300,-600,600,300,-600,nan,-0,-997.99144479357449,-997.99144479357449,0,nan,nan,0
1,0,5.0000000000000009,0,-300,300,-600,600,300,-600,0,nan,nan,nan,nan,nan,nan,-600
0,0,4.9999999999999991,0,-300,300,-600,600,300,-600,nan,-0,-997.99440975260347,-997.99440975260347,0,nan,nan,0
1,0,4.9999999999999991,0,-300,300,-600,600,300,-600,0,nan,nan,nan,nan,nan,nan,-600
0,0,4.9999999999950004,0,-300,300,-600,600,300,-600,nan,-0,-997.93781431242212,-997.93781431242212,0,nan,nan,0
1,0,4.9999999999950004,0,-300,300,-600,600,300,-600,0,nan,nan,nan,nan,nan,nan,-600
0,0,16,0,-300,300,-600,600,300,-600,nan,-0,-997.93852740971272,-997.93852740971272,0,nan,nan,0
1,0,16,0,-300,300,-600,600,300,-600,0,nan,nan,nan,nan,nan,nan,-600
0,0,-16,0,-300,300,-600,600,300,-600,nan,-0,-997.8797046335543,-997.8797046335543,-16,nan,nan,-16
1,0,-16,0,-300,300,-600,600,300,-600,0,nan,nan,nan,nan,nan,nan,-600
0,0,24,0,-300,300,-600,600,300,-600,nan,-0,-997.92519504726386,-997.92519504726386,0,nan,nan,0
1,0,24,0,-300,300,-600,600,300,-600,0,nan,nan,nan,nan,nan,nan,-600
0,0,8.0000000000000018,0,-300,300,-600,600,300,-600,nan,-0,-997.81825079198711,-997.81825079198711,0,nan,nan,0
1,0,8.0000000000000018,0,-300,300,-600,600,300,-600,0,nan,nan,nan,nan,nan,nan,-600
0,0,7.9999999999999991,0,-300,300,-600,600,300,-600,nan,-0,-997.83048190364696,-997.83048190364696,0,nan,nan,0
1,0,7.9999999999999991,0,-300,300,-600,600,300,-600,0,nan,nan,nan,nan,nan,nan,-600
0,0,7.9999999999920002,0,-300,300,-600,600,300,-600,nan,-0,-997.90228703978698,-997.90228703978698,0,nan,nan,0
1,0,7.9999999999920002,0,-300,300,-600,600,300,-600,0,nan,nan,nan,nan,nan,nan,-600
0,0,10.332000000000001,0,-300,300,-600,600,300,-600,nan,-0,-997.88935066986653,-997.88935066986653,0,nan,nan,0
1,0,10.332000000000001,0,-300,300,-600,600,300,-600,0,nan,nan,nan,nan,nan,nan,-600
0,0,-10.332000000000001,0,-300,300,-600,600,300,-600,nan,-0,-997.82584880683055,-997.82584880683055,-10.332000000000001,nan,nan,-10.332000000000001
1,0,-10.332000000000001,0,-300,300,-600,600,300,-600,0,nan,nan,nan,nan,nan,nan,-600
0,0,20.664000000000001,0,-300,300,-600,600,300,-600,nan,-0,-997.95861863393463,-997.95861863393463,0,nan,nan,0
1,0,20.664000000000001,0,-300,300,-600,600,300,-600,0,nan,nan,nan,nan,nan,nan,-600
0,0,-20.664000000000001,0,-300,300,-600,600,300,-600,nan,-0,-997.93887365153171,-997.93887365153171,-20.664000000000001,nan,nan,-20.664000000000001
1,0,-20.664000000000001,0,-300,300,-600,600,300,-600,0,nan,nan,nan,nan,nan,nan,-600
0,0,30.996000000000002,0,-300,300,-600,600,300,-600,nan,-0,-998.04159466852229,-998.04159466852229,0,nan,nan,0
1,0,30.996000000000002,0,-300,300,-600,600,300,-600,0,nan,nan,nan,nan,nan,nan,-600
0,0,10.332000000000003,0,-300,300,-600,600,300,-600,nan,-0,-997.90180022375785,-997.90180022375785,0,nan,nan,0
1,0,10.332000000000003,0,-300,300,-600,600,300,-600,0,nan,nan,nan,nan,nan,nan,-600
0,0,10.331999999999999,0,-300,300,-600,600,300,-600,nan,-0,-997.87880469498543,-997.87880469498543,0,nan,nan,0
1,0,10.331999999999999,0,-300,300,-600,600,300,-600,0,nan,nan,nan,nan,nan,nan,-600
0,0,10.331999999989669,0,-300,300,-600,600,300,-600,nan,-0,-997.97566776771691,-997.97566776771691,0,nan,nan,0
1,0,10.331999999989669,0,-300,300,-600,600,300,-600,0,nan,nan,nan,nan,nan,nan,-600
0,0,14.51,0,-300,300,-600,600,300,-600,nan,-0,-997.8451155735612,-997.8451155735612,0,nan,nan,0
1,0,14.51,0,-300,300,-600,600,300,-600,0,nan,nan,nan,nan,nan,nan,-600
0,0,-14.51,0,-300,300,-600,600,300,-600,nan,-0,-998.03510054483513,-998.03510054483513,-14.51,nan,nan,-14.51
1,0,-14.51,0,-300,300,-600,600,300,-600,0,nan,nan,nan,nan,nan,nan,-600
0,0,29.02,0,-300,300,-600,600,300,-600,nan,-0,-997.93447373325284,-997.93447373325284,0,nan,nan,0
1,0,29.02,0,-300,300,-600,600,300,-600,0,nan,nan,nan,nan,nan,nan,-600
0,0,-29.02,0,-300,300,-600,600,300,-600,nan,-0,-997.85636495328674,-997.85636495328674,-29.02,nan,nan,-29.02
1,0,-29.02,0,-300,300,-600,600,300,-600,0,nan,nan,nan,nan,nan,nan,-600
0,0,43.530000000000001,0,-300,300,-600,600,300,-600,nan,-0,-997.87000251934569,-997.87000251934569,0,nan,nan,0
1,0,43.530000000000001,0,-300,300,-600,600,300,-600,0,nan,nan,nan,nan,nan,nan,-600
0,0,14.510000000000002,0,-300,300,-600,600,300,-600,nan,-0,-998.0366479808913,-998.0366479808913,0,nan,nan,0
1,0,14.510000000000002,0,-300,300,-600,600,300,-600,0,nan,nan,nan,nan,nan,nan,-600
0,0,14.509999999999998,0,-300,300,-600,600,300,-600,nan,-0,-997.80729683658024,-997.80729683658024,0,nan,nan,0
1,0,14.509999999999998,0,-300,300,-600,600,300,-600,0,nan,nan,nan,nan,nan,nan,-600
0,0,14.509999999985491,0,-300,300,-600,600,300,-600,nan,-0,-998.0176598584161,-998.0176598584161,0,nan,nan,0
1,0,14.509999999985491,0,-300,300,-600,600,300,-600,0,nan,nan,nan,nan,nan,nan,-600
0,0,42,0,-300,300,-600,600,300,-600,nan,-0,-998.04840128304829,-998.04840128304829,0,nan,nan,0
1,0,42,0,-300,300,-600,600,300,-600,0,nan,nan,nan,nan,nan,nan,-600
0,0,-42,0,-300,300,-600,600,300,-600,nan,-0,-997.93042207136716,-997.93042207136716,-42,nan,nan,-42
1,0,-42,0,-300,300,-600,600,300,-600,0,nan,nan,nan,nan,nan,nan,-600
0,0,84,0,-300,300,-600,600,300,-600,nan,-0,-997.88318679977249,-997.88318679977249,0,nan,nan,0
1,0,84,0,-300,300,-600,600,300,-600,0,nan,nan,nan,nan,nan,nan,-600
0,0,-84,0,-300,300,-600,600,300,-600,nan,-0,-997.88771958890095,-997.88771958890095,-84,nan,nan,-84
1,0,-84,0,-300,300,-600,600,300,-600,0,nan,nan,nan,nan,nan,nan,-600
0,0,126,0,-300,300,-600,600,300,-600,nan,-0,-998.01941979908645,-998.01941979908645,0,nan,nan,0
1,0,126,0,-300,300,-600,600,300,-600,0,nan,nan,nan,nan,nan,nan,-600
0,0,42.000000000000007,0,-300,300,-600,600,300,-600,nan,-0,-997.9902864007471,-997.9902864007471,0,nan,nan,0
1,0,42.000000000000007,0,-300,300,-600,600,300,-600,0,nan,nan,nan,nan,nan,nan,-600
0,0,41.999999999999993,0,-300,300,-600,600,300,-600,nan,-0,-997.97426187796759,-997.97426187796759,0,nan,nan,0
1,0,41.999999999999993,0,-300,300,-600,600,300,-600,0,nan,nan,nan,nan,nan,nan,-600
0,0,41.999999999958,0,-300,300,-600,600,300,-600,nan,-0,-997.97701900871539,-997.97701900871539,0,nan,nan,0
1,0,41.999999999958,0,-300,300,-600,600,300,-600,0,nan,nan,nan,nan,nan,nan,-600
0,0,43,0,-300,300,-600,600,300,-600,nan,-0,-997.97836174114218,-997.97836174114218,0,nan,nan,0
1,0,43,0,-300,300,-600,600,300,-600,0,nan,nan,nan,nan,nan,nan,-600
0,0,-43,0,-300,300,-600,600,300,-600,nan,-0,-998.04362634506367,-998.04362634506367,-43,nan,nan,-43
1,0,-43,0,-300,300,-600,600,300,-600,0,nan,nan,nan,nan,nan,nan,-600
0,0,86,0,-300,300,-600,600,300,-600,nan,-0,-997.97291283147899,-997.97291283147899,0,nan,nan,0
1,0,86,0,-300,300,-600,600,300,-600,0,nan,nan,nan,nan,nan,nan,-600
0,0,-86,0,-300,300,-600,600,300,-600,nan,-0,-997.83334970215901,-997.83334970215901,-86,nan,nan,-86
1,0,-86,0,-300,300,-600,600,300,-600,0,nan,nan,nan,nan,nan,nan,-600
0,0,129,0,-300,300,-600,600,300,-600,nan,-0,-997.80533870789816,-997.80533870789816,0,nan,nan,0
1,0,129,0,-300,300,-600,600,300,-600,0,nan,nan,nan,nan,nan,nan,-600
0,0,43.000000000000007,0,-300,300,-600,600,300,-600,nan,-0,-997.90876900940759,-997.90876900940759,0,nan,nan,0
1,0,43.000000000000007,0,-300,300,-600,600,300,-600,0,nan,nan,nan,nan,nan,nan,-600
0,0,42.999999999999993,0,-300,300,-600,600,300,-600,nan,-0,-997.80761591272869,-997.80761591272869,0,nan,nan,0
1,0,42.999999999999993,0,-300,300,-600,600,300,-600,0,nan,nan,nan,nan,nan,nan,-600
0,0,42.999999999956998,0,-300,300,-600,600,300,-600,nan,-0,-997.86925601775954,-997.86925601775954,0,nan,nan,0
1,0,42.999999999956998,0,-300,300,-600,600,300,-600,0,nan,nan,nan,nan,nan,nan,-600
0,0,44,0,-300,300,-600,600,300,-600,nan,-0,-997.938773939214,-997.938773939214,0,nan,nan,0
1,0,44,0,-300,300,-600,600,300,-600,0,nan,nan,nan,nan,nan,nan,-600
0,0,-44,0,-300,300,-600,600,300,-600,nan,-0,-998.0105893940563,-998.0105893940563,-44,nan,nan,-44
1,0,-44,0,-300,300,-600,600,300,-600,0,nan,nan,nan,nan,nan,nan,-600
0,0,88,0,-300,300,-600,600,300,-600,nan,-0,-997.88325622768957,-997.88325622768957,0,nan,nan,0
1,0,88,0,-300,300,-600,600,300,-600,0,nan,nan,nan,nan,nan,nan,-600
0,0,-88,0,-300,300,-600,600,300,-600,nan,-0,-997.97294993585319,-997.97294993585319,-88,nan,nan,-88
1,0,-88,0,-300,300,-600,600,300,-600,0,nan,nan,nan,nan,nan,nan,-600
0,0,132,0,-300,300,-600,600,300,-600,nan,-0,-997.98162698715043,-997.98162698715043,0,nan,nan,0
1,0,132,0,-300,300,-600,600,300,-600,0,nan,nan,nan,nan,nan,nan,-600
0,0,44.000000000000007,0,-300,300,-600,600,300,-600,nan,-0,-997.95860785370917,-997.95860785370917,0,nan,nan,0
1,0,44.000000000000007,0,-300,300,-600,600,300,-600,0,nan,nan,nan,nan,nan,nan,-600
0,0,43.999999999999993,0,-300,300,-600,600,300,-600,nan,-0,-997.94768530120439,-997.94768530120439,0,nan,nan,0
1,0,43.999999999999993,0,-300,300,-600,600,300,-600,0,nan,nan,nan,nan,nan,nan,-600
0,0,43.999999999956003,0,-300,300,-600,600,300,-600,nan,-0,-997.91028920539509,-997.91028920539509,0,nan,nan,0
1,0,43.999999999956003,0,-300,300,-600,600,300,-600,0,nan,nan,nan,nan,nan,nan,-600
0,0,45,0,-300,300,-600,600,300,-600,nan,-0,-997.95828912116474,-997.95828912116474,0,nan,nan,0
1,0,45,0,-300,300,-600,600,300,-600,0,nan,nan,nan,nan,nan,nan,-600
0,0,-45,0,-300,300,-600,600,300,-600,nan,-0,-998.01629695370241,-998.01629695370241,-45,nan,nan,-45
1,0,-45,0,-300,300,-600,600,300,-600,0,nan,nan,nan,nan,nan,nan,-600
0,0,90,0,-300,300,-600,600,300,-600,nan,-0,-997.96430328666486,-997.96430328666486,0,nan,nan,0
1,0,90,0,-300,300,-600,600,300,-600,0,nan,nan,nan,nan,nan,nan,-600
0,0,-90,0,-300,300,-600,600,300,-600,nan,-0,-997.96158126837918,-997.96158126837918,-90,nan,nan,-90
1,0,-90,0,-300,300,-600,600,300,-600,0,nan,nan,nan,nan,nan,nan,-600
0,0,135,0,-300,300,-600,600,300,-600,nan,-0,-997.84229613518664,-997.84229613518664,0,nan,nan,0
1,0,135,0,-300,300,-600,600,300,-600,0,nan,nan,nan,nan,nan,nan,-600
0,0,45.000000000000007,0,-300,300,-600,600,300,-600,nan,-0,-997.8886169255361,-997.8886169255361,0,nan,nan,0
1,0,45.000000000000007,0,-300,300,-600,600,300,-600,0,nan,nan,nan,nan,nan,nan,-600
0,0,44.999999999999993,0,-300,300,-600,600,300,-600,nan,-0,-997.82616690326142,-997.82616690326142,0,nan,nan,0
1,0,44.999999999999993,0,-300,300,-600,600,300,-600,0,nan,nan,nan,nan,nan,nan,-600
0,0,44.999999999955001,0,-300,300,-600,600,300,-600,nan,-0,-997.83263611162613,-997.83263611162613,0,nan,nan,0
1,0,44.999999999955001,0,-300,300,-600,600,300,-600,0,nan,nan,nan,nan,nan,nan,-600
0,0,47,0,-300,300,-600,600,300,-600,nan,-0,-997.91213796934892,-997.91213796934892,0,nan,nan,0
1,0,47,0,-300,300,-600,600,300,-600,0,nan,nan,nan,nan,nan,nan,-600
0,0,-47,0,-300,300,-600,600,300,-600,nan,-0,-997.97109970196027,-997.97109970196027,-47,nan,nan,-47
1,0,-47,0,-300,300,-600,600,300,-600,0,nan,nan,nan,nan,nan,nan,-600
0,0,94,0,-300,300,-600,600,300,-600,nan,-0,-998.00875539266985,-998.00875539266985,0,nan,nan,0
1,0,94,0,-300,300,-600,600,300,-600,0,nan,nan,nan,nan,nan,nan,-600
0,0,-94,0,-300,300,-600,600,300,-600,nan,-0,-997.98490243488573,-997.98490243488573,-94,nan,nan,-94
1,0,-94,0,-300,300,-600,600,300,-600,0,nan,nan,nan,nan,nan,nan,-600
0,0,141,0,-300,300,-600,600,300,-600,nan,-0,-998.03176471712663,-998.03176471712663,0,nan,nan,0
1,0,141,0,-300,300,-600,600,300,-600,0,nan,nan,nan,nan,nan,nan,-600
0,0,47.000000000000007,0,-300,300,-600,600,300,-600,nan,-0,-998.03651988717706,-998.03651988717706,0,nan,nan,0
1,0,47.000000000000007,0,-300,300,-600,600,300,-600,0,nan,nan,nan,nan,nan,nan,-600
0,0,46.999999999999993,0,-300,300,-600,600,300,-600,nan,-0,-997.96763868836706,-997.96763868836706,0,nan,nan,0
1,0,46.999999999999993,0,-300,300,-600,600,300,-600,0,nan,nan,nan,nan,nan,nan,-600
0,0,46.999999999952998,0,-300,300,-600,600,300,-600,nan,-0,-997.93734472006929,-997.93734472006929,0,nan,nan,0
1,0,46.999999999952998,0,-300,300,-600,600,300,-600,0,nan,nan,nan,nan,nan,nan,-600
0,0,48,0,-300,300,-600,600,300,-600,nan,-0,-997.87978219543675,-997.87978219543675,0,nan,nan,0
1,0,48,0,-300,300,-600,600,300,-600,0,nan,nan,nan,nan,nan,nan,-600
0,0,-48,0,-300,300,-600,600,300,-600,nan,-0,-997.96364240154708,-997.96364240154708,-48,nan,nan,-48
1,0,-48,0,-300,300,-600,600,300,-600,0,nan,nan,nan,nan,nan,nan,-600
0,0,96,0,-300,300,-600,600,300,-600,nan,-0,-997.92315003744829,-997.92315003744829,0,nan,nan,0
1,0,96,0,-300,300,-600,600,300,-600,0,nan,nan,nan,nan,nan,nan,-600
0,0,-96,0,-300,300,-600,600,300,-600,nan,-0,-997.84930047961598,-997.84930047961598,-96,nan,nan,-96
1,0,-96,0,-300,300,-600,600,300,-600,0,nan,nan,nan,nan,nan,nan,-600
0,0,144,0,-300,300,-600,600,300,-600,nan,-0,-998.02368062453331,-998.02368062453331,0,nan,nan,0
1,0,144,0,-300,300,-600,600,300,-600,0,nan,nan,nan,nan,nan,nan,-600
0,0,48.000000000000007,0,-300,300,-600,600,300,-600,nan,-0,-997.8815607958594,-997.8815607958594,0,nan,nan,0
1,0,48.000000000000007,0,-300,300,-600,600,300,-600,0,nan,nan,nan,nan,nan,nan,-600
0,0,47.999999999999993,0,-300,300,-600,600,300,-600,nan,-0,-997.91700086594278,-997.91700086594278,0,nan,nan,0
1,0,47.999999999999993,0,-300,300,-600,600,300,-600,0,nan,nan,nan,nan,nan,nan,-600
0,0,47.999999999952003,0,-300,300,-600,600,300,-600,nan,-0,-997.84703847645153,-997.84703847645153,0,nan,nan,0
1,0,47.999999999952003,0,-300,300,-600,600,300,-600,0,nan,nan,nan,nan,nan,nan,-600
0,0,100,0,-300,300,-600,600,300,-600,nan,-0,-997.97902112183351,-997.97902112183351,0,nan,nan,0
1,0,100,0,-300,300,-600,600,300,-600,0,nan,nan,nan,nan,nan,nan,-600
0,0,-100,0,-300,300,-600,600,300,-600,nan,-0,-997.84609631084857,-997.84609631084857,-100,nan,nan,-100
1,0,-100,0,-300,300,-600,600,300,-600,0,nan,nan,nan,nan,nan,nan,-600
0,0,200,0,-300,300,-600,600,300,-600,nan,-0,-997.87958674159017,-997.87958674159017,0,nan,nan,0
1,0,200,0,-300,300,-600,600,300,-600,0,nan,nan,nan,nan,nan,nan,-600
0,0,-200,0,-300,300,-600,600,300,-600,nan,-0,-997.96133258217719,-997.96133258217719,-200,nan,nan,-200
1,0,-200,0,-300,300,-600,600,300,-600,0,nan,nan,nan,nan,nan,nan,-600
0,0,300,0,-300,300,-600,600,300,-600,nan,-0,-997.93862055263753,-997.93862055263753,0,nan,nan,0
1,0,300,0,-300,300,-600,600,300,-600,0,nan,nan,nan,nan,nan,nan,-600
0,0,100.00000000000001,0,-300,300,-600,600,300,-600,nan,-0,-997.86159613092627,-997.86159613092627,0,nan,nan,0
1,0,100.00000000000001,0,-300,300,-600,600,300,-600,0,nan,nan,nan,nan,nan,nan,-600
0,0,99.999999999999986,0,-300,300,-600,600,300,-600,nan,-0,-998.04324360896112,-998.04324360896112,0,nan,nan,0
1,0,99.999999999999986,0,-300,300,-600,600,300,-600,0,nan,nan,nan,nan,nan,nan,-600
0,0,99.999999999899998,0,-300,300,-600,600,300,-600,nan,-0,-998.04180626425307,-998.04180626425307,0,nan,nan,0
1,0,99.999999999899998,0,-300,300,-600,600,300,-600,0,nan,nan,nan,nan,nan,nan,-600
0,0,120,0,-300,300,-600,600,300,-600,nan,-0,-998.00269180849341,-998.00269180849341,0,nan,nan,0
1,0,120,0,-300,300,-600,600,300,-600,0,nan,nan,nan,nan,nan,nan,-600
0,0,-120,0,-300,300,-600,600,300,-600,nan,-0,-997.9828339608315,-997.9828339608315,-120,nan,nan,-120
1,0,-120,0,-300,300,-600,600,300,-600,0,nan,nan,nan,nan,nan,nan,-600
0,0,240,0,-300,300,-600,600,300,-600,nan,-0,-997.85152636785347,-997.85152636785347,0,nan,nan,0
1,0,240,0,-300,300,-600,600,300,-600,0,nan,nan,nan,nan,nan,nan,-600
0,0,-240,0,-300,300,-600,600,300,-600,nan,-0,-998.04522774865211,-998.04522774865211,-240,nan,nan,-240
1,0,-240,0,-300,300,-600,600,300,-600,0,nan,nan,nan,nan,nan,nan,-600
0,0,360,0,-300,300,-600,600,300,-600,nan,-0,-997.79583032730341,-997.79583032730341,0,nan,nan,0
1,0,360,0,-300,300,-600,600,300,-600,0,nan,nan,nan,nan,nan,nan,-600
0,0,120.00000000000001,0,-300,300,-600,600,300,-600,nan,-0,-997.82421474878072,-997.82421474878072,0,nan,nan,0
1,0,120.00000000000001,0,-300,300,-600,600,300,-600,0,nan,nan,nan,nan,nan,nan,-600
0,0,119.99999999999999,0,-300,300,-600,600,300,-600,nan,-0,-997.99393124841697,-997.99393124841697,0,nan,nan,0
1,0,119.99999999999999,0,-300,300,-600,600,300,-600,0,nan,nan,nan,nan,nan,nan,-600
0,0,119.99999999988,0,-300,300,-600,600,300,-600,nan,-0,-997.99374710697668,-997.99374710697668,0,nan,nan,0
1,0,119.99999999988,0,-300,300,-600,600,300,-600,0,nan,nan,nan,nan,nan,nan,-600
0,0,121,0,-300,300,-600,600,300,-600,nan,-0,-997.93712165665829,-997.93712165665829,0,nan,nan,0
1,0,121,0,-300,300,-600,600,300,-600,0,nan,nan,nan,nan,nan,nan,-600
0,0,-121,0,-300,300,-600,600,300,-600,nan,-0,-998.01936634559092,-998.01936634559092,-121,nan,nan,-121
1,0,-121,0,-300,300,-600,600,300,-600,0,nan,nan,nan,nan,nan,nan,-600
0,0,242,0,-300,300,-600,600,300,-600,nan,-0,-997.88610278500289,-997.88610278500289,0,nan,nan,0
1,0,242,0,-300,300,-600,600,300,-600,0,nan,nan,nan,nan,nan,nan,-600
0,0,-242,0,-300,300,-600,600,300,-600,nan,-0,-997.92604912338732,-997.92604912338732,-242,nan,nan,-242
1,0,-242,0,-300,300,-600,600,300,-600,0,nan,nan,nan,nan,nan,nan,-600
0,0,363,0,-300,300,-600,600,300,-600,nan,-0,-998.01659683062053,-998.01659683062053,0,nan,nan,0
1,0,363,0,-300,300,-600,600,300,-600,0,nan,nan,nan,nan,nan,nan,-600
0,0,121.00000000000001,0,-300,300,-600,600,300,-600,nan,-0,-997.95879792360529,-997.95879792360529,0,nan,nan,0
1,0,121.00000000000001,0,-300,300,-600,600,300,-600,0,nan,nan,nan,nan,nan,nan,-600
0,0,120.99999999999999,0,-300,300,-600,600,300,-600,nan,-0,-997.91718500674358,-997.91718500674358,0,nan,nan,0
1,0,120.99999999999999,0,-300,300,-600,600,300,-600,0,nan,nan,nan,nan,nan,nan,-600
0,0,120.99999999987899,0,-300,300,-600,600,300,-600,nan,-0,-998.03675330860938,-998.03675330860938,0,nan,nan,0
1,0,120.99999999987899,0,-300,300,-600,600,300,-600,0,nan,nan,nan,nan,nan,nan,-600
0,0,122,0,-300,300,-600,600,300,-600,nan,-0,-997.95436753389515,-997.95436753389515,0,nan,nan,0
1,0,122,0,-300,300,-600,600,300,-600,0,nan,nan,nan,nan,nan,nan,-600
0,0,-122,0,-300,300,-600,600,300,-600,nan,-0,-997.8229874257147,-997.8229874257147,-122,nan,nan,-122
1,0,-122,0,-300,300,-600,600,300,-600,0,nan,nan,nan,nan,nan,nan,-600
0,0,244,0,-300,300,-600,600,300,-600,nan,-0,-997.99203876963986,-997.99203876963986,0,nan,nan,0
1,0,244,0,-300,300,-600,600,300,-600,0,nan,nan,nan,nan,nan,nan,-600
0,0,-244,0,-300,300,-600,600,300,-600,nan,-0,-997.82003721900537,-997.82003721900537,-244,nan,nan,-244
1,0,-244,0,-300,300,-600,600,300,-600,0,nan,nan,nan,nan,nan,nan,-600
0,0,366,0,-300,300,-600,600,300,-600,nan,-0,-997.99235745256772,-997.99235745256772,0,nan,nan,0
1,0,366,0,-300,300,-600,600,300,-600,0,nan,nan,nan,nan,nan,nan,-600
0,0,122.00000000000001,0,-300,300,-600,600,300,-600,nan,-0,-997.88821682237335,-997.88821682237335,0,nan,nan,0
1,0,122.00000000000001,0,-300,300,-600,600,300,-600,0,nan,nan,nan,nan,nan,nan,-600
0,0,121.99999999999999,0,-300,300,-600,600,300,-600,nan,-0,-997.96978570127737,-997.96978570127737,0,nan,nan,0
1,0,121.99999999999999,0,-300,300,-600,600,300,-600,0,nan,nan,nan,nan,nan,nan,-600
0,0,121.999999999878,0,-300,300,-600,600,300,-600,nan,-0,-997.91261505332977,-997.91261505332977,0,nan,nan,0
1,0,121.999999999878,0,-300,300,-600,600,300,-600,0,nan,nan,nan,nan,nan,nan,-600
0,0,-360,0,-300,300,-600,600,300,-600,nan,-0,-997.96509231333914,-997.96509231333914,-360,nan,nan,-360
1,0,-360,0,-300,300,-600,600,300,-600,0,nan,nan,nan,nan,nan,nan,-600
0,0,720,0,-300,300,-600,600,300,-600,nan,-0,-997.99713178748596,-997.99713178748596,0,nan,nan,0
1,0,720,0,-300,300,-600,600,300,-600,0,nan,nan,nan,nan,nan,nan,-600
0,0,-720,0,-300,300,-600,600,300,-600,nan,-0,-997.93491023957506,-997.93491023957506,-720,nan,nan,-720
1,0,-720,0,-300,300,-600,600,300,-600,0,nan,nan,nan,nan,nan,nan,-600
0,0,360.00000000000006,0,-300,300,-600,600,300,-600,nan,-0,-998.01300129019398,-998.01300129019398,0,nan,nan,0
1,0,360.00000000000006,0,-300,300,-600,600,300,-600,0,nan,nan,nan,nan,nan,nan,-600
0,0,359.99999999999994,0,-300,300,-600,600,300,-600,nan,-0,-997.8950949666488,-997.8950949666488,0,nan,nan,0
1,0,359.99999999999994,0,-300,300,-600,600,300,-600,0,nan,nan,nan,nan,nan,nan,-600
0,0,359.99999999964001,0,-300,300,-600,600,300,-600,nan,-0,-997.90170125641885,-997.90170125641885,0,nan,nan,0
1,0,359.99999999964001,0,-300,300,-600,600,300,-600,0,nan,nan,nan,nan,nan,nan,-600
0,0,500,0,-300,300,-600,600,300,-600,nan,-0,-997.95397594211863,-997.95397594211863,0,nan,nan,0
1,0,500,0,-300,300,-600,600,300,-600,0,nan,nan,nan,nan,nan,nan,-600
0,0,-500,0,-300,300,-600,600,300,-600,nan,-0,-997.90304424797546,-997.90304424797546,-500,nan,nan,-500
1,0,-500,0,-300,300,-600,600,300,-600,0,nan,nan,nan,nan,nan,nan,-600
0,0,1000,0,-300,300,-600,600,300,-600,nan,-0,-997.93683259497504,-997.93683259497504,0,nan,nan,0
1,0,1000,0,-300,300,-600,600,300,-600,0,nan,nan,nan,nan,nan,nan,-600
0,0,-1000,0,-300,300,-600,600,300,-600,nan,-0,-997.985470988874,-997.985470988874,-1000,nan,nan,-1000
1,0,-1000,0,-300,300,-600,600,300,-600,0,nan,nan,nan,nan,nan,nan,-600
0,0,500.00000000000006,0,-300,300,-600,600,300,-600,nan,-0,-997.87238232618006,-997.87238232618006,0,nan,nan,0
1,0,500.00000000000006,0,-300,300,-600,600,300,-600,0,nan,nan,nan,nan,nan,nan,-600
0,0,499.99999999999994,0,-300,300,-600,600,300,-600,nan,-0,-997.94244101876939,-997.94244101876939,0,nan,nan,0
1,0,499.99999999999994,0,-300,300,-600,600,300,-600,0,nan,nan,nan,nan,nan,nan,-600
0,0,499.99999999950001,0,-300,300,-600,600,300,-600,nan,-0,-998.02814032639856,-998.02814032639856,0,nan,nan,0
1,0,499.99999999950001,0,-300,300,-600,600,300,-600,0,nan,nan,nan,nan,nan,nan,-600
0,0,-300,0,-300,300,-600,600,1,-600,nan,-0,-997.79527568327092,-997.79527568327092,-300,nan,nan,-300
1,0,-300,0,-300,300,-600,600,1,-600,0,nan,nan,nan,nan,nan,nan,-600
0,0,-300,0,-300,300,-600,600,-1,-600,nan,-0,-997.99187644550227,-997.99187644550227,-300,nan,nan,-300
1,0,-300,0,-300,300,-600,600,-1,-600,-0,nan,nan,nan,nan,nan,nan,-600
0,0,-300,0,-300,300,-600,600,2,-600,nan,-0,-997.96455947987931,-997.96455947987931,-300,nan,nan,-300
1,0,-300,0,-300,300,-600,600,2,-600,0,nan,nan,nan,nan,nan,nan,-600
0,0,-300,0,-300,300,-600,600,-2,-600,nan,-0,-997.96061616578754,-997.96061616578754,-300,nan,nan,-300
1,0,-300,0,-300,300,-600,600,-2,-600,-0,nan,nan,nan,nan,nan,nan,-600
0,0,-300,0,-300,300,-600,600,3,-600,nan,-0,-998.0214209535585,-998.0214209535585,-300,nan,nan,-300
1,0,-300,0,-300,300,-600,600,3,-600,0,nan,nan,nan,nan,nan,nan,-600
0,0,-300,0,-300,300,-600,600,1.0000000000000002,-600,nan,-0,-997.97428523423969,-997.97428523423969,-300,nan,nan,-300
1,0,-300,0,-300,300,-600,600,1.0000000000000002,-600,0,nan,nan,nan,nan,nan,nan,-600
0,0,-300,0,-300,300,-600,600,0.99999999999999989,-600,nan,-0,-997.86635688717308,-997.86635688717308,-300,nan,nan,-300
1,0,-300,0,-300,300,-600,600,0.99999999999999989,-600,0,nan,nan,nan,nan,nan,nan,-600
0,0,-300,0,-300,300,-600,600,0.99999999999900002,-600,nan,-0,-997.95946210081831,-997.95946210081831,-300,nan,nan,-300
1,0,-300,0,-300,300,-600,600,0.99999999999900002,-600,0,nan,nan,nan,nan,nan,nan,-600
0,0,-300,0,-300,300,-600,600,1.5800000000000001,-600,nan,-0,-998.03281000085497,-998.03281000085497,-300,nan,nan,-300
1,0,-300,0,-300,300,-600,600,1.5800000000000001,-600,0,nan,nan,nan,nan,nan,nan,-600
0,0,-300,0,-300,300,-600,600,-1.5800000000000001,-600,nan,-0,-997.94004560739575,-997.94004560739575,-300,nan,nan,-300
1,0,-300,0,-300,300,-600,600,-1.5800000000000001,-600,-0,nan,nan,nan,nan,nan,nan,-600
0,0,-300,0,-300,300,-600,600,3.1600000000000001,-600,nan,-0,-997.91126711825575,-997.91126711825575,-300,nan,nan,-300
1,0,-300,0,-300,300,-600,600,3.1600000000000001,-600,0,nan,nan,nan,nan,nan,nan,-600
0,0,-300,0,-300,300,-600,600,-3.1600000000000001,-600,nan,-0,-997.87393458758891,-997.87393458758891,-300,nan,nan,-300
1,0,-300,0,-300,300,-600,600,-3.1600000000000001,-600,-0,nan,nan,nan,nan,nan,nan,-600
0,0,-300,0,-300,300,-600,600,4.7400000000000002,-600,nan,-0,-997.94720384670586,-997.94720384670586,-300,nan,nan,-300
1,0,-300,0,-300,300,-600,600,4.7400000000000002,-600,0,nan,nan,nan,nan,nan,nan,-600
0,0,-300,0,-300,300,-600,600,1.5800000000000003,-600,nan,-0,-997.91047936442351,-997.91047936442351,-300,nan,nan,-300
1,0,-300,0,-300,300,-600,600,1.5800000000000003,-600,0,nan,nan,nan,nan,nan,nan,-600
0,0,-300,0,-300,300,-600,600,1.5799999999999998,-600,nan,-0,-997.870275538898,-997.870275538898,-300,nan,nan,-300
1,0,-300,0,-300,300,-600,600,1.5799999999999998,-600,0,nan,nan,nan,nan,nan,nan,-600
0,0,-300,0,-300,300,-600,600,1.57999999999842,-600,nan,-0,-997.85046004934873,-997.85046004934873,-300,nan,nan,-300
1,0,-300,0,-300,300,-600,600,1.57999999999842,-600,0,nan,nan,nan,nan,nan,nan,-600
0,0,-300,0,-300,300,-600,600,4,-600,nan,-0,-997.92842532226393,-997.92842532226393,-300,nan,nan,-300
1,0,-300,0,-300,300,-600,600,4,-600,0,nan,nan,nan,nan,nan,nan,-600
0,0,-300,0,-300,300,-600,600,-4,-600,nan,-0,-997.94705601631767,-997.94705601631767,-300,nan,nan,-300
1,0,-300,0,-300,300,-600,600,-4,-600,-0,nan,nan,nan,nan,nan,nan,-600
0,0,-300,0,-300,300,-600,600,6,-600,nan,-0,-997.88628096405193,-997.88628096405193,-300,nan,nan,-300
1,0,-300,0,-300,300,-600,600,6,-600,0,nan,nan,nan,nan,nan,nan,-600
0,0,-300,0,-300,300,-600,600,2.0000000000000004,-600,nan,-0,-997.98562041567982,-997.98562041567982,-300,nan,nan,-300
1,0,-300,0,-300,300,-600,600,2.0000000000000004,-600,0,nan,nan,nan,nan,nan,nan,-600
0,0,-300,0,-300,300,-600,600,1.9999999999999998,-600,nan,-0,-997.90400715605256,-997.90400715605256,-300,nan,nan,-300
1,0,-300,0,-300,300,-600,600,1.9999999999999998,-600,0,nan,nan,nan,nan,nan,nan,-600
0,0,-300,0,-300,300,-600,600,1.999999999998,-600,nan,-0,-997.80233998109122,-997.80233998109122,-300,nan,nan,-300
1,0,-300,0,-300,300,-600,600,1.999999999998,-600,0,nan,nan,nan,nan,nan,nan,-600
0,0,-300,0,-300,300,-600,600,-3,-600,nan,-0,-997.8300396321946,-997.8300396321946,-300,nan,nan,-300
1,0,-300,0,-300,300,-600,600,-3,-600,-0,nan,nan,nan,nan,nan,nan,-600
0,0,-300,0,-300,300,-600,600,-6,-600,nan,-0,-997.92853577139238,-997.92853577139238,-300,nan,nan,-300
1,0,-300,0,-300,300,-600,600,-6,-600,-0,nan,nan,nan,nan,nan,nan,-600
0,0,-300,0,-300,300,-600,600,9,-600,nan,-0,-997.87218240418008,-997.87218240418008,-300,nan,nan,-300
1,0,-300,0,-300,300,-600,600,9,-600,0,nan,nan,nan,nan,nan,nan,-600
0,0,-300,0,-300,300,-600,600,3.0000000000000004,-600,nan,-0,-997.92850564268792,-997.92850564268792,-300,nan,nan,-300
1,0,-300,0,-300,300,-600,600,3.0000000000000004,-600,0,nan,nan,nan,nan,nan,nan,-600
0,0,-300,0,-300,300,-600,600,2.9999999999999996,-600,nan,-0,-997.99173226139555,-997.99173226139555,-300,nan,nan,-300
1,0,-300,0,-300,300,-600,600,2.9999999999999996,-600,0,nan,nan,nan,nan,nan,nan,-600
0,0,-300,0,-300,300,-600,600,2.9999999999970002,-600,nan,-0,-998.04683270786643,-998.04683270786643,-300,nan,nan,-300
1,0,-300,0,-300,300,-600,600,2.9999999999970002,-600,0,nan,nan,nan,nan,nan,nan,-600
0,0,-300,0,-300,300,-600,600,8,-600,nan,-0,-997.87681902615532,-997.87681902615532,-300,nan,nan,-300
1,0,-300,0,-300,300,-600,600,8,-600,0,nan,nan,nan,nan,nan,nan,-600
0,0,-300,0,-300,300,-600,600,-8,-600,nan,-0,-998.03518669342873,-998.03518669342873,-300,nan,nan,-300
1,0,-300,0,-300,300,-600,600,-8,-600,-0,nan,nan,nan,nan,nan,nan,-600
0,0,-300,0,-300,300,-600,600,12,-600,nan,-0,-997.83310952421414,-997.83310952421414,-300,nan,nan,-300
1,0,-300,0,-300,300,-600,600,12,-600,0,nan,nan,nan,nan,nan,nan,-600
0,0,-300,0,-300,300,-600,600,4.0000000000000009,-600,nan,-0,-998.00000339201847,-998.00000339201847,-300,nan,nan,-300
1,0,-300,0,-300,300,-600,600,4.0000000000000009,-600,0,nan,nan,nan,nan,nan,nan,-600
0,0,-300,0,-300,300,-600,600,3.9999999999999996,-600,nan,-0,-998.02152722000278,-998.02152722000278,-300,nan,nan,-300
1,0,-300,0,-300,300,-600,600,3.9999999999999996,-600,0,nan,nan,nan,nan,nan,nan,-600
0,0,-300,0,-300,300,-600,600,3.9999999999960001,-600,nan,-0,-997.96383223535622,-997.96383223535622,-300,nan,nan,-300
1,0,-300,0,-300,300,-600,600,3.9999999999960001,-600,0,nan,nan,nan,nan,nan,nan,-600
0,0,-300,0,-300,300,-600,600,5,-600,nan,-0,-997.91419861471059,-997.91419861471059,-300,nan,nan,-300
1,0,-300,0,-300,300,-600,600,5,-600,0,nan,nan,nan,nan,nan,nan,-600
0,0,-300,0,-300,300,-600,600,-5,-600,nan,-0,-997.80259297939665,-997.80259297939665,-300,nan,nan,-300
1,0,-300,0,-300,300,-600,600,-5,-600,-0,nan,nan,nan,nan,nan,nan,-600
0,0,-300,0,-300,300,-600,600,10,-600,nan,-0,-998.0304755784274,-998.0304755784274,-300,nan,nan,-300
1,0,-300,0,-300,300,-600,600,10,-600,0,nan,nan,nan,nan,nan,nan,-600
0,0,-300,0,-300,300,-600,600,-10,-600,nan,-0,-997.87944396467765,-997.87944396467765,-300,nan,nan,-300
1,0,-300,0,-300,300,-600,600,-10,-600,-0,nan,nan,nan,nan,nan,nan,-600
0,0,-300,0,-300,300,-600,600,15,-600,nan,-0,-998.01723534818689,-998.01723534818689,-300,nan,nan,-300
1,0,-300,0,-300,300,-600,600,15,-600,0,nan,nan,nan,nan,nan,nan,-600
0,0,-300,0,-300,300,-600,600,5.0000000000000009,-600,nan,-0,-997.84588605277133,-997.84588605277133,-300,nan,nan,-300
1,0,-300,0,-300,300,-600,600,5.0000000000000009,-600,0,nan,nan,nan,nan,nan,nan,-600
0,0,-300,0,-300,300,-600,600,4.9999999999999991,-600,nan,-0,-997.87840605623728,-997.87840605623728,-300,nan,nan,-300
1,0,-300,0,-300,300,-600,600,4.9999999999999991,-600,0,nan,nan,nan,nan,nan,nan,-600
0,0,-300,0,-300,300,-600,600,4.9999999999950004,-600,nan,-0,-997.94806511931449,-997.94806511931449,-300,nan,nan,-300
1,0,-300,0,-300,300,-600,600,4.9999999999950004,-600,0,nan,nan,nan,nan,nan,nan,-600
0,0,-300,0,-300,300,-600,600,16,-600,nan,-0,-997.94270346868802,-997.94270346868802,-300,nan,nan,-300
1,0,-300,0,-300,300,-600,600,16,-600,0,nan,nan,nan,nan,nan,nan,-600
0,0,-300,0,-300,300,-600,600,-16,-600,nan,-0,-997.82927969381569,-997.82927969381569,-300,nan,nan,-300
1,0,-300,0,-300,300,-600,600,-16,-600,-0,nan,nan,nan,nan,nan,nan,-600
0,0,-300,0,-300,300,-600,600,24,-600,nan,-0,-997.93106090404899,-997.93106090404899,-300,nan,nan,-300
1,0,-300,0,-300,300,-600,600,24,-600,0,nan,nan,nan,nan,nan,nan,-600
0,0,-300,0,-300,300,-600,600,8.0000000000000018,-600,nan,-0,-997.81916116279103,-997.81916116279103,-300,nan,nan,-300
1,0,-300,0,-300,300,-600,600,8.0000000000000018,-600,0,nan,nan,nan,nan,nan,nan,-600
0,0,-300,0,-300,300,-600,600,7.9999999999999991,-600,nan,-0,-997.94916446031118,-997.94916446031118,-300,nan,nan,-300
1,0,-300,0,-300,300,-600,600,7.9999999999999991,-600,0,nan,nan,nan,nan,nan,nan,-600
0,0,-300,0,-300,300,-600,600,7.9999999999920002,-600,nan,-0,-997.86048581063665,-997.86048581063665,-300,nan,nan,-300
1,0,-300,0,-300,300,-600,600,7.9999999999920002,-600,0,nan,nan,nan,nan,nan,nan,-600
0,0,-300,0,-300,300,-600,600,10.332000000000001,-600,nan,-0,-997.82892885032254,-997.82892885032254,-300,nan,nan,-300
1,0,-300,0,-300,300,-600,600,10.332000000000001,-600,0,nan,nan,nan,nan,nan,nan,-600
0,0,-300,0,-300,300,-600,600,-10.332000000000001,-600,nan,-0,-997.96159014273076,-997.96159014273076,-300,nan,nan,-300
1,0,-300,0,-300,300,-600,600,-10.332000000000001,-600,-0,nan,nan,nan,nan,nan,nan,-600
0,0,-300,0,-300,300,-600,600,20.664000000000001,-600,nan,-0,-997.84689995491897,-997.84689995491897,-300,nan,nan,-300
1,0,-300,0,-300,300,-600,600,20.664000000000001,-600,0,nan,nan,nan,nan,nan,nan,-600
0,0,-300,0,-300,300,-600,600,-20.664000000000001,-600,nan,-0,-998.0075699157893,-998.0075699157893,-300,nan,nan,-300
1,0,-300,0,-300,300,-600,600,-20.664000000000001,-600,-0,nan,nan,nan,nan,nan,nan,-600
0,0,-300,0,-300,300,-600,600,30.996000000000002,-600,nan,-0,-997.88712596064727,-997.88712596064727,-300,nan,nan,-300
1,0,-300,0,-300,300,-600,600,30.996000000000002,-600,0,nan,nan,nan,nan,nan,nan,-600
0,0,-300,0,-300,300,-600,600,10.332000000000003,-600,nan,-0,-998.04843334892973,-998.04843334892973,-300,nan,nan,-300
1,0,-300,0,-300,300,-600,600,10.332000000000003,-600,0,nan,nan,nan,nan,nan,nan,-600
0,0,-300,0,-300,300,-600,600,10.331999999999999,-600,nan,-0,-997.96378946483503,-997.96378946483503,-300,nan,nan,-300
1,0,-300,0,-300,300,-600,600,10.331999999999999,-600,0,nan,nan,nan,nan,nan,nan,-600
0,0,-300,0,-300,300,-600,600,10.331999999989669,-600,nan,-0,-997.91220589235604,-997.91220589235604,-300,nan,nan,-300
1,0,-300,0,-300,300,-600,600,10.331999999989669,-600,0,nan,nan,nan,nan,nan,nan,-600
0,0,-300,0,-300,300,-600,600,14.51,-600,nan,-0,-998.04144799351241,-998.04144799351241,-300,nan,nan,-300
1,0,-300,0,-300,300,-600,600,14.51,-600,0,nan,nan,nan,nan,nan,nan,-600
0,0,-300,0,-300,300,-600,600,-14.51,-600,nan,-0,-997.85307458446653,-997.85307458446653,-300,nan,nan,-300
1,0,-300,0,-300,300,-600,600,-14.51,-600,-0,nan,nan,nan,nan,nan,nan,-600
0,0,-300,0,-300,300,-600,600,29.02,-600,nan,-0,-997.82270367716399,-997.82270367716399,-300,nan,nan,-300
1,0,-300,0,-300,300,-600,600,29.02,-600,0,nan,nan,nan,nan,nan,nan,-600
0,0,-300,0,-300,300,-600,600,-29.02,-600,nan,-0,-997.84815359611878,-997.84815359611878,-300,nan,nan,-300
1,0,-300,0,-300,300,-600,600,-29.02,-600,-0,nan,nan,nan,nan,nan,nan,-600
0,0,-300,0,-300,300,-600,600,43.530000000000001,-600,nan,-0,-997.86663460554917,-997.86663460554917,-300,nan,nan,-300
1,0,-300,0,-300,300,-600,600,43.530000000000001,-600,0,nan,nan,nan,nan,nan,nan,-600
0,0,-300,0,-300,300,-600,600,14.510000000000002,-600,nan,-0,-997.8834548985385,-997.8834548985385,-300,nan,nan,-300
1,0,-300,0,-300,300,-600,600,14.510000000000002,-600,0,nan,nan,nan,nan,nan,nan,-600
0,0,-300,0,-300,300,-600,600,14.509999999999998,-600,nan,-0,-998.02508920584046,-998.02508920584046,-300,nan,nan,-300
1,0,-300,0,-300,300,-600,600,14.509999999999998,-600,0,nan,nan,nan,nan,nan,nan,-600
0,0,-300,0,-300,300,-600,600,14.509999999985491,-600,nan,-0,-997.92960890104564,-997.92960890104564,-300,nan,nan,-300
1,0,-300,0,-300,300,-600,600,14.509999999985491,-600,0,nan,nan,nan,nan,nan,nan,-600
0,0,-300,0,-300,300,-600,600,42,-600,nan,-0,-998.00896294133884,-998.00896294133884,-300,nan,nan,-300
1,0,-300,0,-300,300,-600,600,42,-600,0,nan,nan,nan,nan,nan,nan,-600
0,0,-300,0,-300,300,-600,600,-42,-600,nan,-0,-998.00539546337711,-998.00539546337711,-300,nan,nan,-300
1,0,-300,0,-300,300,-600,600,-42,-600,-0,nan,nan,nan,nan,nan,nan,-600
0,0,-300,0,-300,300,-600,600,84,-600,nan,-0,-997.81233313866562,-997.81233313866562,-300,nan,nan,-300
1,0,-300,0,-300,300,-600,600,84,-600,0,nan,nan,nan,nan,nan,nan,-600
0,0,-300,0,-300,300,-600,600,-84,-600,nan,-0,-997.88422678091729,-997.88422678091729,-300,nan,nan,-300
1,0,-300,0,-300,300,-600,600,-84,-600,-0,nan,nan,nan,nan,nan,nan,-600
0,0,-300,0,-300,300,-600,600,126,-600,nan,-0,-997.90583874023343,-997.90583874023343,-300,nan,nan,-300
1,0,-300,0,-300,300,-600,600,126,-600,0,nan,nan,nan,nan,nan,nan,-600
0,0,-300,0,-300,300,-600,600,42.000000000000007,-600,nan,-0,-997.98348736209311,-997.98348736209311,-300,nan,nan,-300
1,0,-300,0,-300,300,-600,600,42.000000000000007,-600,0,nan,nan,nan,nan,nan,nan,-600
0,0,-300,0,-300,300,-600,600,41.999999999999993,-600,nan,-0,-997.96023518690549,-997.96023518690549,-300,nan,nan,-300
1,0,-300,0,-300,300,-600,600,41.999999999999993,-600,0,nan,nan,nan,nan,nan,nan,-600
0,0,-300,0,-300,300,-600,600,41.999999999958,-600,nan,-0,-998.03198146529814,-998.03198146529814,-300,nan,nan,-300
1,0,-300,0,-300,300,-600,600,41.999999999958,-600,0,nan,nan,nan,nan,nan,nan,-600
0,0,-300,0,-300,300,-600,600,43,-600,nan,-0,-997.90399247174241,-997.90399247174241,-300,nan,nan,-300
1,0,-300,0,-300,300,-600,600,43,-600,0,nan,nan,nan,nan,nan,nan,-600
0,0,-300,0,-300,300,-600,600,-43,-600,nan,-0,-997.99485141642765,-997.99485141642765,-300,nan,nan,-300
1,0,-300,0,-300,300,-600,600,-43,-600,-0,nan,nan,nan,nan,nan,nan,-600
0,0,-300,0,-300,300,-600,600,86,-600,nan,-0,-997.92455031632539,-997.92455031632539,-300,nan,nan,-300
1,0,-300,0,-300,300,-600,600,86,-600,0,nan,nan,nan,nan,nan,nan,-600
0,0,-300,0,-300,300,-600,600,-86,-600,nan,-0,-997.8690182128139,-997.8690182128139,-300,nan,nan,-300
1,0,-300,0,-300,300,-600,600,-86,-600,-0,nan,nan,nan,nan,nan,nan,-600
0,0,-300,0,-300,300,-600,600,129,-600,nan,-0,-998.04129036244922,-998.04129036244922,-300,nan,nan,-300
1,0,-300,0,-300,300,-600,600,129,-600,0,nan,nan,nan,nan,nan,nan,-600
0,0,-300,0,-300,300,-600,600,43.000000000000007,-600,nan,-0,-997.80098700339011,-997.80098700339011,-300,nan,nan,-300
1,0,-300,0,-300,300,-600,600,43.000000000000007,-600,0,nan,nan,nan,nan,nan,nan,-600
0,0,-300,0,-300,300,-600,600,42.999999999999993,-600,nan,-0,-998.02855155378586,-998.02855155378586,-300,nan,nan,-300
1,0,-300,0,-300,300,-600,600,42.999999999999993,-600,0,nan,nan,nan,nan,nan,nan,-600
0,0,-300,0,-300,300,-600,600,42.999999999956998,-600,nan,-0,-997.95437380211138,-997.95437380211138,-300,nan,nan,-300
1,0,-300,0,-300,300,-600,600,42.999999999956998,-600,0,nan,nan,nan,nan,nan,nan,-600
0,0,-300,0,-300,300,-600,600,44,-600,nan,-0,-997.85130163317388,-997.85130163317388,-300,nan,nan,-300
1,0,-300,0,-300,300,-600,600,44,-600,0,nan,nan,nan,nan,nan,nan,-600
0,0,-300,0,-300,300,-600,600,-44,-600,nan,-0,-998.01540895831874,-998.01540895831874,-300,nan,nan,-300
1,0,-300,0,-300,300,-600,600,-44,-600,-0,nan,nan,nan,nan,nan,nan,-600
0,0,-300,0,-300,300,-600,600,88,-600,nan,-0,-997.96231302444721,-997.96231302444721,-300,nan,nan,-300
1,0,-300,0,-300,300,-600,600,88,-600,0,nan,nan,nan,nan,nan,nan,-600
0,0,-300,0,-300,300,-600,600,-88,-600,nan,-0,-997.81607246156864,-997.81607246156864,-300,nan,nan,-300
1,0,-300,0,-300,300,-600,600,-88,-600,-0,nan,nan,nan,nan,nan,nan,-600
0,0,-300,0,-300,300,-600,600,132,-600,nan,-0,-997.98733311815386,-997.98733311815386,-300,nan,nan,-300
1,0,-300,0,-300,300,-600,600,132,-600,0,nan,nan,nan,nan,nan,nan,-600
0,0,-300,0,-300,300,-600,600,44.000000000000007,-600,nan,-0,-997.94303835772268,-997.94303835772268,-300,nan,nan,-300
1,0,-300,0,-300,300,-600,600,44.000000000000007,-600,0,nan,nan,nan,nan,nan,nan,-600
0,0,-300,0,-300,300,-600,600,43.999999999999993,-600,nan,-0,-998.01352942515462,-998.01352942515462,-300,nan,nan,-300
1,0,-300,0,-300,300,-600,600,43.999999999999993,-600,0,nan,nan,nan,nan,nan,nan,-600
0,0,-300,0,-300,300,-600,600,43.999999999956003,-600,nan,-0,-997.98827455058347,-997.98827455058347,-300,nan,nan,-300
1,0,-300,0,-300,300,-600,600,43.999999999956003,-600,0,nan,nan,nan,nan,nan,nan,-600
0,0,-300,0,-300,300,-600,600,45,-600,nan,-0,-997.97861523191546,-997.97861523191546,-300,nan,nan,-300
1,0,-300,0,-300,300,-600,600,45,-600,0,nan,nan,nan,nan,nan,nan,-600
0,0,-300,0,-300,300,-600,600,-45,-600,nan,-0,-997.90715179619588,-997.90715179619588,-300,nan,nan,-300
1,0,-300,0,-300,300,-600,600,-45,-600,-0,nan,nan,nan,nan,nan,nan,-600
0,0,-300,0,-300,300,-600,600,90,-600,nan,-0,-997.90070696663759,-997.90070696663759,-300,nan,nan,-300
1,0,-300,0,-300,300,-600,600,90,-600,0,nan,nan,nan,nan,nan,nan,-600
0,0,-300,0,-300,300,-600,600,-90,-600,nan,-0,-997.98431092818089,-997.98431092818089,-300,nan,nan,-300
1,0,-300,0,-300,300,-600,600,-90,-600,-0,nan,nan,nan,nan,nan,nan,-600
0,0,-300,0,-300,300,-600,600,135,-600,nan,-0,-997.91602913975498,-997.91602913975498,-300,nan,nan,-300
1,0,-300,0,-300,300,-600,600,135,-600,0,nan,nan,nan,nan,nan,nan,-600
0,0,-300,0,-300,300,-600,600,45.000000000000007,-600,nan,-0,-997.89347979132469,-997.89347979132469,-300,nan,nan,-300
1,0,-300,0,-300,300,-600,600,45.000000000000007,-600,0,nan,nan,nan,nan,nan,nan,-600
0,0,-300,0,-300,300,-600,600,44.999999999999993,-600,nan,-0,-997.99173399934898,-997.99173399934898,-300,nan,nan,-300
1,0,-300,0,-300,300,-600,600,44.999999999999993,-600,0,nan,nan,nan,nan,nan,nan,-600
0,0,-300,0,-300,300,-600,600,44.999999999955001,-600,nan,-0,-997.98536332451317,-997.98536332451317,-300,nan,nan,-300
1,0,-300,0,-300,300,-600,600,44.999999999955001,-600,0,nan,nan,nan,nan,nan,nan,-600
0,0,-300,0,-300,300,-600,600,47,-600,nan,-0,-997.94657592090016,-997.94657592090016,-300,nan,nan,-300
1,0,-300,0,-300,300,-600,600,47,-600,0,nan,nan,nan,nan,nan,nan,-600
0,0,-300,0,-300,300,-600,600,-47,-600,nan,-0,-997.93352605109942,-997.93352605109942,-300,nan,nan,-300
1,0,-300,0,-300,300,-600,600,-47,-600,-0,nan,nan,nan,nan,nan,nan,-600
0,0,-300,0,-300,300,-600,600,94,-600,nan,-0,-997.99358202106316,-997.99358202106316,-300,nan,nan,-300
1,0,-300,0,-300,300,-600,600,94,-600,0,nan,nan,nan,nan,nan,nan,-600
0,0,-300,0,-300,300,-600,600,-94,-600,nan,-0,-997.94427294655964,-997.94427294655964,-300,nan,nan,-300
1,0,-300,0,-300,300,-600,600,-94,-600,-0,nan,nan,nan,nan,nan,nan,-600
0,0,-300,0,-300,300,-600,600,141,-600,nan,-0,-997.81028368232523,-997.81028368232523,-300,nan,nan,-300
1,0,-300,0,-300,300,-600,600,141,-600,0,nan,nan,nan,nan,nan,nan,-600
0,0,-300,0,-300,300,-600,600,47.000000000000007,-600,nan,-0,-997.9575303812386,-997.9575303812386,-300,nan,nan,-300
1,0,-300,0,-300,300,-600,600,47.000000000000007,-600,0,nan,nan,nan,nan,nan,nan,-600
0,0,-300,0,-300,300,-600,600,46.999999999999993,-600,nan,-0,-997.84266701899321,-997.84266701899321,-300,nan,nan,-300
1,0,-300,0,-300,300,-600,600,46.999999999999993,-600,0,nan,nan,nan,nan,nan,nan,-600
0,0,-300,0,-300,300,-600,600,46.999999999952998,-600,nan,-0,-997.96319770070932,-997.96319770070932,-300,nan,nan,-300
1,0,-300,0,-300,300,-600,600,46.999999999952998,-600,0,nan,nan,nan,nan,nan,nan,-600
0,0,-300,0,-300,300,-600,600,48,-600,nan,-0,-998.03003451315612,-998.03003451315612,-300,nan,nan,-300
1,0,-300,0,-300,300,-600,600,48,-600,0,nan,nan,nan,nan,nan,nan,-600
0,0,-300,0,-300,300,-600,600,-48,-600,nan,-0,-998.01668721132023,-998.01668721132023,-300,nan,nan,-300
1,0,-300,0,-300,300,-600,600,-48,-600,-0,nan,nan,nan,nan,nan,nan,-600
0,0,-300,0,-300,300,-600,600,96,-600,nan,-0,-997.89321036928493,-997.89321036928493,-300,nan,nan,-300
1,0,-300,0,-300,300,-600,600,96,-600,0,nan,nan,nan,nan,nan,nan,-600
0,0,-300,0,-300,300,-600,600,-96,-600,nan,-0,-998.04235496344859,-998.04235496344859,-300,nan,nan,-300
1,0,-300,0,-300,300,-600,600,-96,-600,-0,nan,nan,nan,nan,nan,nan,-600
0,0,-300,0,-300,300,-600,600,144,-600,nan,-0,-997.79708527088962,-997.79708527088962,-300,nan,nan,-300
1,0,-300,0,-300,300,-600,600,144,-600,0,nan,nan,nan,nan,nan,nan,-600
0,0,-300,0,-300,300,-600,600,48.000000000000007,-600,nan,-0,-997.83274587120127,-997.83274587120127,-300,nan,nan,-300
1,0,-300,0,-300,300,-600,600,48.000000000000007,-600,0,nan,nan,nan,nan,nan,nan,-600
0,0,-300,0,-300,300,-600,600,47.999999999999993,-600,nan,-0,-997.94377815795985,-997.94377815795985,-300,nan,nan,-300
1,0,-300,0,-300,300,-600,600,47.999999999999993,-600,0,nan,nan,nan,nan,nan,nan,-600
0,0,-300,0,-300,300,-600,600,47.999999999952003,-600,nan,-0,-998.00263660999178,-998.00263660999178,-300,nan,nan,-300
1,0,-300,0,-300,300,-600,600,47.999999999952003,-600,0,nan,nan,nan,nan,nan,nan,-600
0,0,-300,0,-300,300,-600,600,100,-600,nan,-0,-997.83811583319584,-997.83811583319584,-300,nan,nan,-300
1,0,-300,0,-300,300,-600,600,100,-600,0,nan,nan,nan,nan,nan,nan,-600
0,0,-300,0,-300,300,-600,600,-100,-600,nan,-0,-997.79664483965576,-997.79664483965576,-300,nan,nan,-300
1,0,-300,0,-300,300,-600,600,-100,-600,-0,nan,nan,nan,nan,nan,nan,-600
0,0,-300,0,-300,300,-600,600,200,-600,nan,-0,-997.92836299151963,-997.92836299151963,-300,nan,nan,-300
1,0,-300,0,-300,300,-600,600,200,-600,0,nan,nan,nan,nan,nan,nan,-600
0,0,-300,0,-300,300,-600,600,-200,-600,nan,-0,-997.88967888494983,-997.88967888494983,-300,nan,nan,-300
1,0,-300,0,-300,300,-600,600,-200,-600,-0,nan,nan,nan,nan,nan,nan,-600
0,0,-300,0,-300,300,-600,600,300,-600,nan,-0,-997.92584283579424,-997.92584283579424,-300,nan,nan,-300
1,0,-300,0,-300,300,-600,600,300,-600,0,nan,nan,nan,nan,nan,nan,-600
0,0,-300,0,-300,300,-600,600,100.00000000000001,-600,nan,-0,-997.95794276098957,-997.95794276098957,-300,nan,nan,-300
1,0,-300,0,-300,300,-600,600,100.00000000000001,-600,0,nan,nan,nan,nan,nan,nan,-600
0,0,-300,0,-300,300,-600,600,99.999999999999986,-600,nan,-0,-997.99943128503344,-997.99943128503344,-300,nan,nan,-300
1,0,-300,0,-300,300,-600,600,99.999999999999986,-600,0,nan,nan,nan,nan,nan,nan,-600
0,0,-300,0,-300,300,-600,600,99.999999999899998,-600,nan,-0,-997.85443278646505,-997.85443278646505,-300,nan,nan,-300
1,0,-300,0,-300,300,-600,600,99.999999999899998,-600,0,nan,nan,nan,nan,nan,nan,-600
0,0,-300,0,-300,300,-600,600,120,-600,nan,-0,-997.80546827808996,-997.80546827808996,-300,nan,nan,-300
1,0,-300,0,-300,300,-600,600,120,-600,0,nan,nan,nan,nan,nan,nan,-600
0,0,-300,0,-300,300,-600,600,-120,-600,nan,-0,-997.99103519534992,-997.99103519534992,-300,nan,nan,-300
1,0,-300,0,-300,300,-600,600,-120,-600,-0,nan,nan,nan,nan,nan,nan,-600
0,0,-300,0,-300,300,-600,600,240,-600,nan,-0,-998.01638711542182,-998.01638711542182,-300,nan,nan,-300
1,0,-300,0,-300,300,-600,600,240,-600,0,nan,nan,nan,nan,nan,nan,-600
0,0,-300,0,-300,300,-600,600,-240,-600,nan,-0,-997.85304137300386,-997.85304137300386,-300,nan,nan,-300
1,0,-300,0,-300,300,-600,600,-240,-600,-0,nan,nan,nan,nan,nan,nan,-600
0,0,-300,0,-300,300,-600,600,360,-600,nan,-0,-997.95315817047117,-997.95315817047117,-300,nan,nan,-300
1,0,-300,0,-300,300,-600,600,360,-600,0,nan,nan,nan,nan,nan,nan,-600
0,0,-300,0,-300,300,-600,600,120.00000000000001,-600,nan,-0,-997.93425409329984,-997.93425409329984,-300,nan,nan,-300
1,0,-300,0,-300,300,-600,600,120.00000000000001,-600,0,nan,nan,nan,nan,nan,nan,-600
0,0,-300,0,-300,300,-600,600,119.99999999999999,-600,nan,-0,-997.79792577194166,-997.79792577194166,-300,nan,nan,-300
1,0,-300,0,-300,300,-600,600,119.99999999999999,-600,0,nan,nan,nan,nan,nan,nan,-600
0,0,-300,0,-300,300,-600,600,119.99999999988,-600,nan,-0,-997.85697280955731,-997.85697280955731,-300,nan,nan,-300
1,0,-300,0,-300,300,-600,600,119.99999999988,-600,0,nan,nan,nan,nan,nan,nan,-600
0,0,-300,0,-300,300,-600,600,121,-600,nan,-0,-997.99547961680321,-997.99547961680321,-300,nan,nan,-300
1,0,-300,0,-300,300,-600,600,121,-600,0,nan,nan,nan,nan,nan,nan,-600
0,0,-300,0,-300,300,-600,600,-121,-600,nan,-0,-997.99048991299617,-997.99048991299617,-300,nan,nan,-300
1,0,-300,0,-300,300,-600,600,-121,-600,-0,nan,nan,nan,nan,nan,nan,-600
0,0,-300,0,-300,300,-600,600,242,-600,nan,-0,-997.82629624274773,-997.82629624274773,-300,nan,nan,-300
1,0,-300,0,-300,300,-600,600,242,-600,0,nan,nan,nan,nan,nan,nan,-600
0,0,-300,0,-300,300,-600,600,-242,-600,nan,-0,-998.03155754215913,-998.03155754215913,-300,nan,nan,-300
1,0,-300,0,-300,300,-600,600,-242,-600,-0,nan,nan,nan,nan,nan,nan,-600
0,0,-300,0,-300,300,-600,600,363,-600,nan,-0,-998.01465957507344,-998.01465957507344,-300,nan,nan,-300
1,0,-300,0,-300,300,-600,600,363,-600,0,nan,nan,nan,nan,nan,nan,-600
0,0,-300,0,-300,300,-600,600,121.00000000000001,-600,nan,-0,-997.86521829200433,-997.86521829200433,-300,nan,nan,-300
1,0,-300,0,-300,300,-600,600,121.00000000000001,-600,0,nan,nan,nan,nan,nan,nan,-600
0,0,-300,0,-300,300,-600,600,120.99999999999999,-600,nan,-0,-997.81287066567381,-997.81287066567381,-300,nan,nan,-300
1,0,-300,0,-300,300,-600,600,120.99999999999999,-600,0,nan,nan,nan,nan,nan,nan,-600
0,0,-300,0,-300,300,-600,600,120.99999999987899,-600,nan,-0,-997.95880140082613,-997.95880140082613,-300,nan,nan,-300
1,0,-300,0,-300,300,-600,600,120.99999999987899,-600,0,nan,nan,nan,nan,nan,nan,-600
0,0,-300,0,-300,300,-600,600,122,-600,nan,-0,-997.99899999807087,-997.99899999807087,-300,nan,nan,-300
1,0,-300,0,-300,300,-600,600,122,-600,0,nan,nan,nan,nan,nan,nan,-600
0,0,-300,0,-300,300,-600,600,-122,-600,nan,-0,-997.96304981704304,-997.96304981704304,-300,nan,nan,-300
1,0,-300,0,-300,300,-600,600,-122,-600,-0,nan,nan,nan,nan,nan,nan,-600
0,0,-300,0,-300,300,-600,600,244,-600,nan,-0,-997.89225844615828,-997.89225844615828,-300,nan,nan,-300
1,0,-300,0,-300,300,-600,600,244,-600,0,nan,nan,nan,nan,nan,nan,-600
0,0,-300,0,-300,300,-600,600,-244,-600,nan,-0,-997.85991453686802,-997.85991453686802,-300,nan,nan,-300
1,0,-300,0,-300,300,-600,600,-244,-600,-0,nan,nan,nan,nan,nan,nan,-600
0,0,-300,0,-300,300,-600,600,366,-600,nan,-0,-997.82091307772396,-997.82091307772396,-300,nan,nan,-300
1,0,-300,0,-300,300,-600,600,366,-600,0,nan,nan,nan,nan,nan,nan,-600
0,0,-300,0,-300,300,-600,600,122.00000000000001,-600,nan,-0,-997.90559360228076,-997.90559360228076,-300,nan,nan,-300
1,0,-300,0,-300,300,-600,600,122.00000000000001,-600,0,nan,nan,nan,nan,nan,nan,-600
0,0,-300,0,-300,300,-600,600,121.99999999999999,-600,nan,-0,-997.99723890558926,-997.99723890558926,-300,nan,nan,-300
1,0,-300,0,-300,300,-600,600,121.99999999999999,-600,0,nan,nan,nan,nan,nan,nan,-600
0,0,-300,0,-300,300,-600,600,121.999999999878,-600,nan,-0,-998.04539341520513,-998.04539341520513,-300,nan,nan,-300
1,0,-300,0,-300,300,-600,600,121.999999999878,-600,0,nan,nan,nan,nan,nan,nan,-600
0,0,-300,0,-300,300,-600,600,-360,-600,nan,-0,-998.01985582982684,-998.01985582982684,-300,nan,nan,-300
1,0,-300,0,-300,300,-600,600,-360,-600,-0,nan,nan,nan,nan,nan,nan,-600
0,0,-300,0,-300,300,-600,600,720,-600,nan,-0,-997.8555803875372,-997.8555803875372,-300,nan,nan,-300
1,0,-300,0,-300,300,-600,600,720,-600,0,nan,nan,nan,nan,nan,nan,-600
0,0,-300,0,-300,300,-600,600,-720,-600,nan,-0,-997.86752445259856,-997.86752445259856,-300,nan,nan,-300
1,0,-300,0,-300,300,-600,600,-720,-600,-0,nan,nan,nan,nan,nan,nan,-600
0,0,-300,0,-300,300,-600,600,360.00000000000006,-600,nan,-0,-998.0339308410181,-998.0339308410181,-300,nan,nan,-300
1,0,-300,0,-300,300,-600,600,360.00000000000006,-600,0,nan,nan,nan,nan,nan,nan,-600
0,0,-300,0,-300,300,-600,600,359.99999999999994,-600,nan,-0,-997.98964861236402,-997.98964861236402,-300,nan,nan,-300
1,0,-300,0,-300,300,-600,600,359.99999999999994,-600,0,nan,nan,nan,nan,nan,nan,-600
0,0,-300,0,-300,300,-600,600,359.99999999964001,-600,nan,-0,-997.99002931507164,-997.99002931507164,-300,nan,nan,-300
1,0,-300,0,-300,300,-600,600,359.99999999964001,-600,0,nan,nan,nan,nan,nan,nan,-600
0,0,-300,0,-300,300,-600,600,500,-600,nan,-0,-998.01121507082905,-998.01121507082905,-300,nan,nan,-300
1,0,-300,0,-300,300,-600,600,500,-600,0,nan,nan,nan,nan,nan,nan,-600
0,0,-300,0,-300,300,-600,600,-500,-600,nan,-0,-997.8349027104324,-997.8349027104324,-300,nan,nan,-300
1,0,-300,0,-300,300,-600,600,-500,-600,-0,nan,nan,nan,nan,nan,nan,-600
0,0,-300,0,-300,300,-600,600,1000,-600,nan,-0,-997.95885557057977,-997.95885557057977,-300,nan,nan,-300
1,0,-300,0,-300,300,-600,600,1000,-600,0,nan,nan,nan,nan,nan,nan,-600
0,0,-300,0,-300,300,-600,600,-1000,-600,nan,-0,-997.96106406359161,-997.96106406359161,-300,nan,nan,-300
1,0,-300,0,-300,300,-600,600,-1000,-600,-0,nan,nan,nan,nan,nan,nan,-600
0,0,-300,0,-300,300,-600,600,500.00000000000006,-600,nan,-0,-997.93792419395299,-997.93792419395299,-300,nan,nan,-300
1,0,-300,0,-300,300,-600,600,500.00000000000006,-600,0,nan,nan,nan,nan,nan,nan,-600
0,0,-300,0,-300,300,-600,600,499.99999999999994,-600,nan,-0,-998.03923885150846,-998.03923885150846,-300,nan,nan,-300
1,0,-300,0,-300,300,-600,600,499.99999999999994,-600,0,nan,nan,nan,nan,nan,nan,-600
0,0,-300,0,-300,300,-600,600,499.99999999950001,-600,nan,-0,-997.939703616825,-997.939703616825,-300,nan,nan,-300
1,0,-300,0,-300,300,-600,600,499.99999999950001,-600,0,nan,nan,nan,nan,nan,nan,-600
0,0,-300,0,-300,300,-600,600,300,1,nan,-0,-997.96814005643375,-997.96814005643375,-300,nan,nan,-300
1,0,-300,0,-300,300,-600,600,300,1,0,nan,nan,nan,nan,nan,nan,1
0,0,-300,0,-300,300,-600,600,300,-1,nan,-0,-997.87924405250226,-997.87924405250226,-300,nan,nan,-300
1,0,-300,0,-300,300,-600,600,300,-1,0,nan,nan,nan,nan,nan,nan,-1
0,0,-300,0,-300,300,-600,600,300,2,nan,-0,-997.81435910845732,-997.81435910845732,-300,nan,nan,-300
1,0,-300,0,-300,300,-600,600,300,2,0,nan,nan,nan,nan,nan,nan,2
0,0,-300,0,-300,300,-600,600,300,-2,nan,-0,-997.99410110120903,-997.99410110120903,-300,nan,nan,-300
1,0,-300,0,-300,300,-600,600,300,-2,0,nan,nan,nan,nan,nan,nan,-2
0,0,-300,0,-300,300,-600,600,300,3,nan,-0,-997.90879595217837,-997.90879595217837,-300,nan,nan,-300
1,0,-300,0,-300,300,-600,600,300,3,0,nan,nan,nan,nan,nan,nan,3
0,0,-300,0,-300,300,-600,600,300,1.0000000000000002,nan,-0,-997.86734793500932,-997.86734793500932,-300,nan,nan,-300
1,0,-300,0,-300,300,-600,600,300,1.0000000000000002,0,nan,nan,nan,nan,nan,nan,1.0000000000000002
0,0,-300,0,-300,300,-600,600,300,0.99999999999999989,nan,-0,-998.03042919242353,-998.03042919242353,-300,nan,nan,-300
1,0,-300,0,-300,300,-600,600,300,0.99999999999999989,0,nan,nan,nan,nan,nan,nan,0.99999999999999989
0,0,-300,0,-300,300,-600,600,300,0.99999999999900002,nan,-0,-997.91490459172076,-997.91490459172076,-300,nan,nan,-300
1,0,-300,0,-300,300,-600,600,300,0.99999999999900002,0,nan,nan,nan,nan,nan,nan,0.99999999999900002
0,0,-300,0,-300,300,-600,600,300,1.5800000000000001,nan,-0,-997.8442260580938,-997.8442260580938,-300,nan,nan,-300
1,0,-300,0,-300,300,-600,600,300,1.5800000000000001,0,nan,nan,nan,nan,nan,nan,1.5800000000000001
0,0,-300,0,-300,300,-600,600,300,-1.5800000000000001,nan,-0,-997.96197365086573,-997.96197365086573,-300,nan,nan,-300
1,0,-300,0,-300,300,-600,600,300,-1.5800000000000001,0,nan,nan,nan,nan,nan,nan,-1.5800000000000001
0,0,-300,0,-300,300,-600,600,300,3.1600000000000001,nan,-0,-997.89492701053246,-997.89492701053246,-300,nan,nan,-300
1,0,-300,0,-300,300,-600,600,300,3.1600000000000001,0,nan,nan,nan,nan,nan,nan,3.1600000000000001
0,0,-300,0,-300,300,-600,600,300,-3.1600000000000001,nan,-0,-997.85986106251971,-997.85986106251971,-300,nan,nan,-300
1,0,-300,0,-300,300,-600,600,300,-3.1600000000000001,0,nan,nan,nan,nan,nan,nan,-3.1600000000000001
0,0,-300,0,-300,300,-600,600,300,4.7400000000000002,nan,-0,-997.99728689467656,-997.99728689467656,-300,nan,nan,-300
1,0,-300,0,-300,300,-600,600,300,4.7400000000000002,0,nan,nan,nan,nan,nan,nan,4.7400000000000002
0,0,-300,0,-300,300,-600,600,300,1.5800000000000003,nan,-0,-997.94314053849371,-997.94314053849371,-300,nan,nan,-300
1,0,-300,0,-300,300,-600,600,300,1.5800000000000003,0,nan,nan,nan,nan,nan,nan,1.5800000000000003
0,0,-300,0,-300,300,-600,600,300,1.5799999999999998,nan,-0,-997.91789430794654,-997.91789430794654,-300,nan,nan,-300
1,0,-300,0,-300,300,-600,600,300,1.5799999999999998,0,nan,nan,nan,nan,nan,nan,1.5799999999999998
0,0,-300,0,-300,300,-600,600,300,1.57999999999842,nan,-0,-997.97344771089377,-997.97344771089377,-300,nan,nan,-300
1,0,-300,0,-300,300,-600,600,300,1.57999999999842,0,nan,nan,nan,nan,nan,nan,1.57999999999842
0,0,-300,0,-300,300,-600,600,300,4,nan,-0,-997.86196930538847,-997.86196930538847,-300,nan,nan,-300
1,0,-300,0,-300,300,-600,600,300,4,0,nan,nan,nan,nan,nan,nan,4
0,0,-300,0,-300,300,-600,600,300,-4,nan,-0,-997.92864973818064,-997.92864973818064,-300,nan,nan,-300
1,0,-300,0,-300,300,-600,600,300,-4,0,nan,nan,nan,nan,nan,nan,-4
0,0,-300,0,-300,300,-600,600,300,6,nan,-0,-997.97539312116066,-997.97539312116066,-300,nan,nan,-300
1,0,-300,0,-300,300,-600,600,300,6,0,nan,nan,nan,nan,nan,nan,6
0,0,-300,0,-300,300,-600,600,300,2.0000000000000004,nan,-0,-997.9983314579531,-997.9983314579531,-300,nan,nan,-300
1,0,-300,0,-300,300,-600,600,300,2.0000000000000004,0,nan,nan,nan,nan,nan,nan,2.0000000000000004
0,0,-300,0,-300,300,-600,600,300,1.9999999999999998,nan,-0,-997.8523785940572,-997.8523785940572,-300,nan,nan,-300
1,0,-300,0,-300,300,-600,600,300,1.9999999999999998,0,nan,nan,nan,nan,nan,nan,1.9999999999999998
0,0,-300,0,-300,300,-600,600,300,1.999999999998,nan,-0,-998.02004173586613,-998.02004173586613,-300,nan,nan,-300
1,0,-300,0,-300,300,-600,600,300,1.999999999998,0,nan,nan,nan,nan,nan,nan,1.999999999998
0,0,-300,0,-300,300,-600,600,300,-3,nan,-0,-997.91704207956195,-997.91704207956195,-300,nan,nan,-300
1,0,-300,0,-300,300,-600,600,300,-3,0,nan,nan,nan,nan,nan,nan,-3
0,0,-300,0,-300,300,-600,600,300,-6,nan,-0,-997.97283967045098,-997.97283967045098,-300,nan,nan,-300
1,0,-300,0,-300,300,-600,600,300,-6,0,nan,nan,nan,nan,nan,nan,-6
0,0,-300,0,-300,300,-600,600,300,9,nan,-0,-997.99946613673035,-997.99946613673035,-300,nan,nan,-300
1,0,-300,0,-300,300,-600,600,300,9,0,nan,nan,nan,nan,nan,nan,9
0,0,-300,0,-300,300,-600,600,300,3.0000000000000004,nan,-0,-997.96587520707567,-997.96587520707567,-300,nan,nan,-300
1,0,-300,0,-300,300,-600,600,300,3.0000000000000004,0,nan,nan,nan,nan,nan,nan,3.0000000000000004
0,0,-300,0,-300,300,-600,600,300,2.9999999999999996,nan,-0,-997.95328460840835,-997.95328460840835,-300,nan,nan,-300
1,0,-300,0,-300,300,-600,600,300,2.9999999999999996,0,nan,nan,nan,nan,nan,nan,2.9999999999999996
0,0,-300,0,-300,300,-600,600,300,2.9999999999970002,nan,-0,-998.04019108721093,-998.04019108721093,-300,nan,nan,-300
1,0,-300,0,-300,300,-600,600,300,2.9999999999970002,0,nan,nan,nan,nan,nan,nan,2.9999999999970002
0,0,-300,0,-300,300,-600,600,300,8,nan,-0,-997.88477092734411,-997.88477092734411,-300,nan,nan,-300
1,0,-300,0,-300,300,-600,600,300,8,0,nan,nan,nan,nan,nan,nan,8
0,0,-300,0,-300,300,-600,600,300,-8,nan,-0,-997.95755967082926,-997.95755967082926,-300,nan,nan,-300
1,0,-300,0,-300,300,-600,600,300,-8,0,nan,nan,nan,nan,nan,nan,-8
0,0,-300,0,-300,300,-600,600,300,12,nan,-0,-997.93865065847581,-997.93865065847581,-300,nan,nan,-300
1,0,-300,0,-300,300,-600,600,300,12,0,nan,nan,nan,nan,nan,nan,12
0,0,-300,0,-300,300,-600,600,300,4.0000000000000009,nan,-0,-997.99603145516437,-997.99603145516437,-300,nan,nan,-300
1,0,-300,0,-300,300,-600,600,300,4.0000000000000009,0,nan,nan,nan,nan,nan,nan,4.0000000000000009
0,0,-300,0,-300,300,-600,600,300,3.9999999999999996,nan,-0,-997.87884743923451,-997.87884743923451,-300,nan,nan,-300
1,0,-300,0,-300,300,-600,600,300,3.9999999999999996,0,nan,nan,nan,nan,nan,nan,3.9999999999999996
0,0,-300,0,-300,300,-600,600,300,3.9999999999960001,nan,-0,-997.83144954193244,-997.83144954193244,-300,nan,nan,-300
1,0,-300,0,-300,300,-600,600,300,3.9999999999960001,0,nan,nan,nan,nan,nan,nan,3.9999999999960001
0,0,-300,0,-300,300,-600,600,300,5,nan,-0,-997.87427805634263,-997.87427805634263,-300,nan,nan,-300
1,0,-300,0,-300,300,-600,600,300,5,0,nan,nan,nan,nan,nan,nan,5
0,0,-300,0,-300,300,-600,600,300,-5,nan,-0,-998.0052713441338,-998.0052713441338,-300,nan,nan,-300
1,0,-300,0,-300,300,-600,600,300,-5,0,nan,nan,nan,nan,nan,nan,-5
0,0,-300,0,-300,300,-600,600,300,10,nan,-0,-997.98282145571943,-997.98282145571943,-300,nan,nan,-300
1,0,-300,0,-300,300,-600,600,300,10,0,nan,nan,nan,nan,nan,nan,10
0,0,-300,0,-300,300,-600,600,300,-10,nan,-0,-997.92756853863159,-997.92756853863159,-300,nan,nan,-300
1,0,-300,0,-300,300,-600,600,300,-10,0,nan,nan,nan,nan,nan,nan,-10
0,0,-300,0,-300,300,-600,600,300,15,nan,-0,-997.86522163837549,-997.86522163837549,-300,nan,nan,-300
1,0,-300,0,-300,300,-600,600,300,15,0,nan,nan,nan,nan,nan,nan,15
0,0,-300,0,-300,300,-600,600,300,5.0000000000000009,nan,-0,-998.02933539370429,-998.02933539370429,-300,nan,nan,-300
1,0,-300,0,-300,300,-600,600,300,5.0000000000000009,0,nan,nan,nan,nan,nan,nan,5.0000000000000009
0,0,-300,0,-300,300,-600,600,300,4.9999999999999991,nan,-0,-997.91542882154101,-997.91542882154101,-300,nan,nan,-300
1,0,-300,0,-300,300,-600,600,300,4.9999999999999991,0,nan,nan,nan,nan,nan,nan,4.9999999999999991
0,0,-300,0,-300,300,-600,600,300,4.9999999999950004,nan,-0,-997.87411401757367,-997.87411401757367,-300,nan,nan,-300
1,0,-300,0,-300,300,-600,600,300,4.9999999999950004,0,nan,nan,nan,nan,nan,nan,4.9999999999950004
0,0,-300,0,-300,300,-600,600,300,16,nan,-0,-997.92194040902359,-997.92194040902359,-300,nan,nan,-300
1,0,-300,0,-300,300,-600,600,300,16,0,nan,nan,nan,nan,nan,nan,16
0,0,-300,0,-300,300,-600,600,300,-16,nan,-0,-997.91278524626887,-997.91278524626887,-300,nan,nan,-300
1,0,-300,0,-300,300,-600,600,300,-16,0,nan,nan,nan,nan,nan,nan,-16
0,0,-300,0,-300,300,-600,600,300,24,nan,-0,-997.97379229098385,-997.97379229098385,-300,nan,nan,-300
1,0,-300,0,-300,300,-600,600,300,24,0,nan,nan,nan,nan,nan,nan,24
0,0,-300,0,-300,300,-600,600,300,8.0000000000000018,nan,-0,-998.02171792696447,-998.02171792696447,-300,nan,nan,-300
1,0,-300,0,-300,300,-600,600,300,8.0000000000000018,0,nan,nan,nan,nan,nan,nan,8.0000000000000018
0,0,-300,0,-300,300,-600,600,300,7.9999999999999991,nan,-0,-998.00802690124056,-998.00802690124056,-300,nan,nan,-300
1,0,-300,0,-300,300,-600,600,300,7.9999999999999991,0,nan,nan,nan,nan,nan,nan,7.9999999999999991
0,0,-300,0,-300,300,-600,600,300,7.9999999999920002,nan,-0,-997.87826561090048,-997.87826561090048,-300,nan,nan,-300
1,0,-300,0,-300,300,-600,600,300,7.9999999999920002,0,nan,nan,nan,nan,nan,nan,7.9999999999920002
0,0,-300,0,-300,300,-600,600,300,10.332000000000001,nan,-0,-997.95711091472583,-997.95711091472583,-300,nan,nan,-300
1,0,-300,0,-300,300,-600,600,300,10.332000000000001,0,nan,nan,nan,nan,nan,nan,10.332000000000001
0,0,-300,0,-300,300,-600,600,300,-10.332000000000001,nan,-0,-997.93692456482881,-997.93692456482881,-300,nan,nan,-300
1,0,-300,0,-300,300,-600,600,300,-10.332000000000001,0,nan,nan,nan,nan,nan,nan,-10.332000000000001
0,0,-300,0,-300,300,-600,600,300,20.664000000000001,nan,-0,-997.83034900372661,-997.83034900372661,-300,nan,nan,-300
1,0,-300,0,-300,300,-600,600,300,20.664000000000001,0,nan,nan,nan,nan,nan,nan,20.664000000000001
0,0,-300,0,-300,300,-600,600,300,-20.664000000000001,nan,-0,-997.88620248192547,-997.88620248192547,-300,nan,nan,-300
1,0,-300,0,-300,300,-600,600,300,-20.664000000000001,0,nan,nan,nan,nan,nan,nan,-20.664000000000001
0,0,-300,0,-300,300,-600,600,300,30.996000000000002,nan,-0,-997.90807275522502,-997.90807275522502,-300,nan,nan,-300
1,0,-300,0,-300,300,-600,600,300,30.996000000000002,0,nan,nan,nan,nan,nan,nan,30.996000000000002
0,0,-300,0,-300,300,-600,600,300,10.332000000000003,nan,-0,-998.04385357451395,-998.04385357451395,-300,nan,nan,-300
1,0,-300,0,-300,300,-600,600,300,10.332000000000003,0,nan,nan,nan,nan,nan,nan,10.332000000000003
0,0,-300,0,-300,300,-600,600,300,10.331999999999999,nan,-0,-997.85489521189231,-997.85489521189231,-300,nan,nan,-300
1,0,-300,0,-300,300,-600,600,300,10.331999999999999,0,nan,nan,nan,nan,nan,nan,10.331999999999999
0,0,-300,0,-300,300,-600,600,300,10.331999999989669,nan,-0,-997.94758008639837,-997.94758008639837,-300,nan,nan,-300
1,0,-300,0,-300,300,-600,600,300,10.331999999989669,0,nan,nan,nan,nan,nan,nan,10.331999999989669
0,0,-300,0,-300,300,-600,600,300,14.51,nan,-0,-997.96363567160688,-997.96363567160688,-300,nan,nan,-300
1,0,-300,0,-300,300,-600,600,300,14.51,0,nan,nan,nan,nan,nan,nan,14.51
0,0,-300,0,-300,300,-600,600,300,-14.51,nan,-0,-997.80519908991675,-997.80519908991675,-300,nan,nan,-300
1,0,-300,0,-300,300,-600,600,300,-14.51,0,nan,nan,nan,nan,nan,nan,-14.51
0,0,-300,0,-300,300,-600,600,300,29.02,nan,-0,-998.00514871249288,-998.00514871249288,-300,nan,nan,-300
1,0,-300,0,-300,300,-600,600,300,29.02,0,nan,nan,nan,nan,nan,nan,29.02
0,0,-300,0,-300,300,-600,600,300,-29.02,nan,-0,-998.00243032235289,-998.00243032235289,-300,nan,nan,-300
1,0,-300,0,-300,300,-600,600,300,-29.02,0,nan,nan,nan,nan,nan,nan,-29.02
0,0,-300,0,-300,300,-600,600,300,43.530000000000001,nan,-0,-998.03143726230485,-998.03143726230485,-300,nan,nan,-300
1,0,-300,0,-300,300,-600,600,300,43.530000000000001,0,nan,nan,nan,nan,nan,nan,43.530000000000001
0,0,-300,0,-300,300,-600,600,300,14.510000000000002,nan,-0,-997.87730409200583,-997.87730409200583,-300,nan,nan,-300
1,0,-300,0,-300,300,-600,600,300,14.510000000000002,0,nan,nan,nan,nan,nan,nan,14.510000000000002
0,0,-300,0,-300,300,-600,600,300,14.509999999999998,nan,-0,-997.86434665739841,-997.86434665739841,-300,nan,nan,-300
1,0,-300,0,-300,300,-600,600,300,14.509999999999998,0,nan,nan,nan,nan,nan,nan,14.509999999999998
0,0,-300,0,-300,300,-600,600,300,14.509999999985491,nan,-0,-998.0338893024217,-998.0338893024217,-300,nan,nan,-300
1,0,-300,0,-300,300,-600,600,300,14.509999999985491,0,nan,nan,nan,nan,nan,nan,14.509999999985491
0,0,-300,0,-300,300,-600,600,300,42,nan,-0,-998.04074720200219,-998.04074720200219,-300,nan,nan,-300
1,0,-300,0,-300,300,-600,600,300,42,0,nan,nan,nan,nan,nan,nan,42
0,0,-300,0,-300,300,-600,600,300,-42,nan,-0,-997.92821773862966,-997.92821773862966,-300,nan,nan,-300
1,0,-300,0,-300,300,-600,600,300,-42,0,nan,nan,nan,nan,nan,nan,-42
0,0,-300,0,-300,300,-600,600,300,84,nan,-0,-997.80627935247617,-997.80627935247617,-300,nan,nan,-300
1,0,-300,0,-300,300,-600,600,300,84,0,nan,nan,nan,nan,nan,nan,84
0,0,-300,0,-300,300,-600,600,300,-84,nan,-0,-997.81491606376244,-997.81491606376244,-300,nan,nan,-300
1,0,-300,0,-300,300,-600,600,300,-84,0,nan,nan,nan,nan,nan,nan,-84
0,0,-300,0,-300,300,-600,600,300,126,nan,-0,-997.97480875463009,-997.97480875463009,-300,nan,nan,-300
1,0,-300,0,-300,300,-600,600,300,126,0,nan,nan,nan,nan,nan,nan,126
0,0,-300,0,-300,300,-600,600,300,42.000000000000007,nan,-0,-998.02298054685457,-998.02298054685457,-300,nan,nan,-300
1,0,-300,0,-300,300,-600,600,300,42.000000000000007,0,nan,nan,nan,nan,nan,nan,42.000000000000007
0,0,-300,0,-300,300,-600,600,300,41.999999999999993,nan,-0,-998.01335882412775,-998.01335882412775,-300,nan,nan,-300
1,0,-300,0,-300,300,-600,600,300,41.999999999999993,0,nan,nan,nan,nan,nan,nan,41.999999999999993
0,0,-300,0,-300,300,-600,600,300,41.999999999958,nan,-0,-997.87150881033006,-997.87150881033006,-300,nan,nan,-300
1,0,-300,0,-300,300,-600,600,300,41.999999999958,0,nan,nan,nan,nan,nan,nan,41.999999999958
0,0,-300,0,-300,300,-600,600,300,43,nan,-0,-997.99739153633732,-997.99739153633732,-300,nan,nan,-300
1,0,-300,0,-300,300,-600,600,300,43,0,nan,nan,nan,nan,nan,nan,43
0,0,-300,0,-300,300,-600,600,300,-43,nan,-0,-998.0357437068019,-998.0357437068019,-300,nan,nan,-300
1,0,-300,0,-300,300,-600,600,300,-43,0,nan,nan,nan,nan,nan,nan,-43
0,0,-300,0,-300,300,-600,600,300,86,nan,-0,-997.8979667227585,-997.8979667227585,-300,nan,nan,-300
1,0,-300,0,-300,300,-600,600,300,86,0,nan,nan,nan,nan,nan,nan,86
0,0,-300,0,-300,300,-600,600,300,-86,nan,-0,-997.81145831685888,-997.81145831685888,-300,nan,nan,-300
1,0,-300,0,-300,300,-600,600,300,-86,0,nan,nan,nan,nan,nan,nan,-86
0,0,-300,0,-300,300,-600,600,300,129,nan,-0,-997.8595193086245,-997.8595193086245,-300,nan,nan,-300
1,0,-300,0,-300,300,-600,600,300,129,0,nan,nan,nan,nan,nan,nan,129
0,0,-300,0,-300,300,-600,600,300,43.000000000000007,nan,-0,-997.95340032821287,-997.95340032821287,-300,nan,nan,-300
1,0,-300,0,-300,300,-600,600,300,43.000000000000007,0,nan,nan,nan,nan,nan,nan,43.000000000000007
0,0,-300,0,-300,300,-600,600,300,42.999999999999993,nan,-0,-997.90565716769686,-997.90565716769686,-300,nan,nan,-300
1,0,-300,0,-300,300,-600,600,300,42.999999999999993,0,nan,nan,nan,nan,nan,nan,42.999999999999993
0,0,-300,0,-300,300,-600,600,300,42.999999999956998,nan,-0,-998.0142339403202,-998.0142339403202,-300,nan,nan,-300
1,0,-300,0,-300,300,-600,600,300,42.999999999956998,0,nan,nan,nan,nan,nan,nan,42.999999999956998
0,0,-300,0,-300,300,-600,600,300,44,nan,-0,-997.85532400430213,-997.85532400430213,-300,nan,nan,-300
1,0,-300,0,-300,300,-600,600,300,44,0,nan,nan,nan,nan,nan,nan,44
0,0,-300,0,-300,300,-600,600,300,-44,nan,-0,-998.01079817981326,-998.01079817981326,-300,nan,nan,-300
1,0,-300,0,-300,300,-600,600,300,-44,0,nan,nan,nan,nan,nan,nan,-44
0,0,-300,0,-300,300,-600,600,300,88,nan,-0,-997.95385387815668,-997.95385387815668,-300,nan,nan,-300
1,0,-300,0,-300,300,-600,600,300,88,0,nan,nan,nan,nan,nan,nan,88
0,0,-300,0,-300,300,-600,600,300,-88,nan,-0,-997.90165203984134,-997.90165203984134,-300,nan,nan,-300
1,0,-300,0,-300,300,-600,600,300,-88,0,nan,nan,nan,nan,nan,nan,-88
0,0,-300,0,-300,300,-600,600,300,132,nan,-0,-997.97430489676697,-997.97430489676697,-300,nan,nan,-300
1,0,-300,0,-300,300,-600,600,300,132,0,nan,nan,nan,nan,nan,nan,132
0,0,-300,0,-300,300,-600,600,300,44.000000000000007,nan,-0,-997.79606365249072,-997.79606365249072,-300,nan,nan,-300
1,0,-300,0,-300,300,-600,600,300,44.000000000000007,0,nan,nan,nan,nan,nan,nan,44.000000000000007
0,0,-300,0,-300,300,-600,600,300,43.999999999999993,nan,-0,-998.01386725885743,-998.01386725885743,-300,nan,nan,-300
1,0,-300,0,-300,300,-600,600,300,43.999999999999993,0,nan,nan,nan,nan,nan,nan,43.999999999999993
0,0,-300,0,-300,300,-600,600,300,43.999999999956003,nan,-0,-997.98811403146533,-997.98811403146533,-300,nan,nan,-300
1,0,-300,0,-300,300,-600,600,300,43.999999999956003,0,nan,nan,nan,nan,nan,nan,43.999999999956003
0,0,-300,0,-300,300,-600,600,300,45,nan,-0,-997.93739340680202,-997.93739340680202,-300,nan,nan,-300
1,0,-300,0,-300,300,-600,600,300,45,0,nan,nan,nan,nan,nan,nan,45
0,0,-300,0,-300,300,-600,600,300,-45,nan,-0,-997.8477359252563,-997.8477359252563,-300,nan,nan,-300
1,0,-300,0,-300,300,-600,600,300,-45,0,nan,nan,nan,nan,nan,nan,-45
0,0,-300,0,-300,300,-600,600,300,90,nan,-0,-997.83369444870266,-997.83369444870266,-300,nan,nan,-300
1,0,-300,0,-300,300,-600,600,300,90,0,nan,nan,nan,nan,nan,nan,90
0,0,-300,0,-300,300,-600,600,300,-90,nan,-0,-997.82182130498472,-997.82182130498472,-300,nan,nan,-300
1,0,-300,0,-300,300,-600,600,300,-90,0,nan,nan,nan,nan,nan,nan,-90
0,0,-300,0,-300,300,-600,600,300,135,nan,-0,-998.04057957557018,-998.04057957557018,-300,nan,nan,-300
1,0,-300,0,-300,300,-600,600,300,135,0,nan,nan,nan,nan,nan,nan,135
0,0,-300,0,-300,300,-600,600,300,45.000000000000007,nan,-0,-997.89069476784425,-997.89069476784425,-300,nan,nan,-300
1,0,-300,0,-300,300,-600,600,300,45.000000000000007,0,nan,nan,nan,nan,nan,nan,45.000000000000007
0,0,-300,0,-300,300,-600,600,300,44.999999999999993,nan,-0,-997.86828858339072,-997.86828858339072,-300,nan,nan,-300
1,0,-300,0,-300,300,-600,600,300,44.999999999999993,0,nan,nan,nan,nan,nan,nan,44.999999999999993
0,0,-300,0,-300,300,-600,600,300,44.999999999955001,nan,-0,-998.00984224790284,-998.00984224790284,-300,nan,nan,-300
1,0,-300,0,-300,300,-600,600,300,44.999999999955001,0,nan,nan,nan,nan,nan,nan,44.999999999955001
0,0,-300,0,-300,300,-600,600,300,47,nan,-0,-998.0269946712516,-998.0269946712516,-300,nan,nan,-300
1,0,-300,0,-300,300,-600,600,300,47,0,nan,nan,nan,nan,nan,nan,47
0,0,-300,0,-300,300,-600,600,300,-47,nan,-0,-997.98400976760411,-997.98400976760411,-300,nan,nan,-300
1,0,-300,0,-300,300,-600,600,300,-47,0,nan,nan,nan,nan,nan,nan,-47
0,0,-300,0,-300,300,-600,600,300,94,nan,-0,-997.96479658905366,-997.96479658905366,-300,nan,nan,-300
1,0,-300,0,-300,300,-600,600,300,94,0,nan,nan,nan,nan,nan,nan,94
0,0,-300,0,-300,300,-600,600,300,-94,nan,-0,-997.85719411184778,-997.85719411184778,-300,nan,nan,-300
1,0,-300,0,-300,300,-600,600,300,-94,0,nan,nan,nan,nan,nan,nan,-94
0,0,-300,0,-300,300,-600,600,300,141,nan,-0,-997.88824090525543,-997.88824090525543,-300,nan,nan,-300
1,0,-300,0,-300,300,-600,600,300,141,0,nan,nan,nan,nan,nan,nan,141
0,0,-300,0,-300,300,-600,600,300,47.000000000000007,nan,-0,-997.93726410986824,-997.93726410986824,-300,nan,nan,-300
1,0,-300,0,-300,300,-600,600,300,47.000000000000007,0,nan,nan,nan,nan,nan,nan,47.000000000000007
0,0,-300,0,-300,300,-600,600,300,46.999999999999993,nan,-0,-997.90120549744324,-997.90120549744324,-300,nan,nan,-300
1,0,-300,0,-300,300,-600,600,300,46.999999999999993,0,nan,nan,nan,nan,nan,nan,46.999999999999993
0,0,-300,0,-300,300,-600,600,300,46.999999999952998,nan,-0,-997.93729982924356,-997.93729982924356,-300,nan,nan,-300
1,0,-300,0,-300,300,-600,600,300,46.999999999952998,0,nan,nan,nan,nan,nan,nan,46.999999999952998
0,0,-300,0,-300,300,-600,600,300,48,nan,-0,-997.97256754616797,-997.97256754616797,-300,nan,nan,-300
1,0,-300,0,-300,300,-600,600,300,48,0,nan,nan,nan,nan,nan,nan,48
0,0,-300,0,-300,300,-600,600,300,-48,nan,-0,-997.88271707457136,-997.88271707457136,-300,nan,nan,-300
1,0,-300,0,-300,300,-600,600,300,-48,0,nan,nan,nan,nan,nan,nan,-48
0,0,-300,0,-300,300,-600,600,300,96,nan,-0,-997.94143059493103,-997.94143059493103,-300,nan,nan,-300
1,0,-300,0,-300,300,-600,600,300,96,0,nan,nan,nan,nan,nan,nan,96
0,0,-300,0,-300,300,-600,600,300,-96,nan,-0,-997.89762098231404,-997.89762098231404,-300,nan,nan,-300
1,0,-300,0,-300,300,-600,600,300,-96,0,nan,nan,nan,nan,nan,nan,-96
0,0,-300,0,-300,300,-600,600,300,144,nan,-0,-997.85530866728732,-997.85530866728732,-300,nan,nan,-300
1,0,-300,0,-300,300,-600,600,300,144,0,nan,nan,nan,nan,nan,nan,144
0,0,-300,0,-300,300,-600,600,300,48.000000000000007,nan,-0,-997.8221539328099,-997.8221539328099,-300,nan,nan,-300
1,0,-300,0,-300,300,-600,600,300,48.000000000000007,0,nan,nan,nan,nan,nan,nan,48.000000000000007
0,0,-300,0,-300,300,-600,600,300,47.999999999999993,nan,-0,-997.91605301790014,-997.91605301790014,-300,nan,nan,-300
1,0,-300,0,-300,300,-600,600,300,47.999999999999993,0,nan,nan,nan,nan,nan,nan,47.999999999999993
0,0,-300,0,-300,300,-600,600,300,47.999999999952003,nan,-0,-997.79930492511733,-997.79930492511733,-300,nan,nan,-300
1,0,-300,0,-300,300,-600,600,300,47.999999999952003,0,nan,nan,nan,nan,nan,nan,47.999999999952003
0,0,-300,0,-300,300,-600,600,300,100,nan,-0,-997.99960442167333,-997.99960442167333,-300,nan,nan,-300
1,0,-300,0,-300,300,-600,600,300,100,0,nan,nan,nan,nan,nan,nan,100
0,0,-300,0,-300,300,-600,600,300,-100,nan,-0,-997.80783433256954,-997.80783433256954,-300,nan,nan,-300
1,0,-300,0,-300,300,-600,600,300,-100,0,nan,nan,nan,nan,nan,nan,-100
0,0,-300,0,-300,300,-600,600,300,200,nan,-0,-997.95117177034251,-997.95117177034251,-300,nan,nan,-300
1,0,-300,0,-300,300,-600,600,300,200,0,nan,nan,nan,nan,nan,nan,200
0,0,-300,0,-300,300,-600,600,300,-200,nan,-0,-998.00418217405502,-998.00418217405502,-300,nan,nan,-300
1,0,-300,0,-300,300,-600,600,300,-200,0,nan,nan,nan,nan,nan,nan,-200
0,0,-300,0,-300,300,-600,600,300,300,nan,-0,-998.00664063105876,-998.00664063105876,-300,nan,nan,-300
1,0,-300,0,-300,300,-600,600,300,300,0,nan,nan,nan,nan,nan,nan,300
0,0,-300,0,-300,300,-600,600,300,100.00000000000001,nan,-0,-997.86144124411089,-997.86144124411089,-300,nan,nan,-300
1,0,-300,0,-300,300,-600,600,300,100.00000000000001,0,nan,nan,nan,nan,nan,nan,100.00000000000001
0,0,-300,0,-300,300,-600,600,300,99.999999999999986,nan,-0,-997.98563289696881,-997.98563289696881,-300,nan,nan,-300
1,0,-300,0,-300,300,-600,600,300,99.999999999999986,0,nan,nan,nan,nan,nan,nan,99.999999999999986
0,0,-300,0,-300,300,-600,600,300,99.999999999899998,nan,-0,-998.03198209209938,-998.03198209209938,-300,nan,nan,-300
1,0,-300,0,-300,300,-600,600,300,99.999999999899998,0,nan,nan,nan,nan,nan,nan,99.999999999899998
0,0,-300,0,-300,300,-600,600,300,120,nan,-0,-997.8326315912916,-997.8326315912916,-300,nan,nan,-300
1,0,-300,0,-300,300,-600,600,300,120,0,nan,nan,nan,nan,nan,nan,120
0,0,-300,0,-300,300,-600,600,300,-120,nan,-0,-997.82813563710999,-997.82813563710999,-300,nan,nan,-300
1,0,-300,0,-300,300,-600,600,300,-120,0,nan,nan,nan,nan,nan,nan,-120
0,0,-300,0,-300,300,-600,600,300,240,nan,-0,-997.82230093868588,-997.82230093868588,-300,nan,nan,-300
1,0,-300,0,-300,300,-600,600,300,240,0,nan,nan,nan,nan,nan,nan,240
0,0,-300,0,-300,300,-600,600,300,-240,nan,-0,-997.93072558146503,-997.93072558146503,-300,nan,nan,-300
1,0,-300,0,-300,300,-600,600,300,-240,0,nan,nan,nan,nan,nan,nan,-240
0,0,-300,0,-300,300,-600,600,300,360,nan,-0,-998.0412256640185,-998.0412256640185,-300,nan,nan,-300
1,0,-300,0,-300,300,-600,600,300,360,0,nan,nan,nan,nan,nan,nan,360
0,0,-300,0,-300,300,-600,600,300,120.00000000000001,nan,-0,-997.79927270837902,-997.79927270837902,-300,nan,nan,-300
1,0,-300,0,-300,300,-600,600,300,120.00000000000001,0,nan,nan,nan,nan,nan,nan,120.00000000000001
0,0,-300,0,-300,300,-600,600,300,119.99999999999999,nan,-0,-997.87547918672794,-997.87547918672794,-300,nan,nan,-300
1,0,-300,0,-300,300,-600,600,300,119.99999999999999,0,nan,nan,nan,nan,nan,nan,119.99999999999999
0,0,-300,0,-300,300,-600,600,300,119.99999999988,nan,-0,-998.02440516154036,-998.02440516154036,-300,nan,nan,-300
1,0,-300,0,-300,300,-600,600,300,119.99999999988,0,nan,nan,nan,nan,nan,nan,119.99999999988
0,0,-300,0,-300,300,-600,600,300,121,nan,-0,-997.79867888345984,-997.79867888345984,-300,nan,nan,-300
1,0,-300,0,-300,300,-600,600,300,121,0,nan,nan,nan,nan,nan,nan,121
0,0,-300,0,-300,300,-600,600,300,-121,nan,-0,-997.93944884631412,-997.93944884631412,-300,nan,nan,-300
1,0,-300,0,-300,300,-600,600,300,-121,0,nan,nan,nan,nan,nan,nan,-121
0,0,-300,0,-300,300,-600,600,300,242,nan,-0,-997.90053034761911,-997.90053034761911,-300,nan,nan,-300
1,0,-300,0,-300,300,-600,600,300,242,0,nan,nan,nan,nan,nan,nan,242
0,0,-300,0,-300,300,-600,600,300,-242,nan,-0,-997.9025004425007,-997.9025004425007,-300,nan,nan,-300
1,0,-300,0,-300,300,-600,600,300,-242,0,nan,nan,nan,nan,nan,nan,-242
0,0,-300,0,-300,300,-600,600,300,363,nan,-0,-998.01683045736263,-998.01683045736263,-300,nan,nan,-300
1,0,-300,0,-300,300,-600,600,300,363,0,nan,nan,nan,nan,nan,nan,363
0,0,-300,0,-300,300,-600,600,300,121.00000000000001,nan,-0,-997.96230428245406,-997.96230428245406,-300,nan,nan,-300
1,0,-300,0,-300,300,-600,600,300,121.00000000000001,0,nan,nan,nan,nan,nan,nan,121.00000000000001
0,0,-300,0,-300,300,-600,600,300,120.99999999999999,nan,-0,-997.89432793250819,-997.89432793250819,-300,nan,nan,-300
1,0,-300,0,-300,300,-600,600,300,120.99999999999999,0,nan,nan,nan,nan,nan,nan,120.99999999999999
0,0,-300,0,-300,300,-600,600,300,120.99999999987899,nan,-0,-997.95268596751191,-997.95268596751191,-300,nan,nan,-300
1,0,-300,0,-300,300,-600,600,300,120.99999999987899,0,nan,nan,nan,nan,nan,nan,120.99999999987899
0,0,-300,0,-300,300,-600,600,300,122,nan,-0,-997.95326857779901,-997.95326857779901,-300,nan,nan,-300
1,0,-300,0,-300,300,-600,600,300,122,0,nan,nan,nan,nan,nan,nan,122
0,0,-300,0,-300,300,-600,600,300,-122,nan,-0,-998.03154364563295,-998.03154364563295,-300,nan,nan,-300
1,0,-300,0,-300,300,-600,600,300,-122,0,nan,nan,nan,nan,nan,nan,-122
0,0,-300,0,-300,300,-600,600,300,244,nan,-0,-997.95503304413239,-997.95503304413239,-300,nan,nan,-300
1,0,-300,0,-300,300,-600,600,300,244,0,nan,nan,nan,nan,nan,nan,244
0,0,-300,0,-300,300,-600,600,300,-244,nan,-0,-998.03839091650445,-998.03839091650445,-300,nan,nan,-300
1,0,-300,0,-300,300,-600,600,300,-244,0,nan,nan,nan,nan,nan,nan,-244
0,0,-300,0,-300,300,-600,600,300,366,nan,-0,-998.03240820876431,-998.03240820876431,-300,nan,nan,-300
1,0,-300,0,-300,300,-600,600,300,366,0,nan,nan,nan,nan,nan,nan,366
0,0,-300,0,-300,300,-600,600,300,122.00000000000001,nan,-0,-997.90782316798777,-997.90782316798777,-300,nan,nan,-300
1,0,-300,0,-300,300,-600,600,300,122.00000000000001,0,nan,nan,nan,nan,nan,nan,122.00000000000001
0,0,-300,0,-300,300,-600,600,300,121.99999999999999,nan,-0,-997.86559835374385,-997.86559835374385,-300,nan,nan,-300
1,0,-300,0,-300,300,-600,600,300,121.99999999999999,0,nan,nan,nan,nan,nan,nan,121.99999999999999
0,0,-300,0,-300,300,-600,600,300,121.999999999878,nan,-0,-998.01584344530215,-998.01584344530215,-300,nan,nan,-300
1,0,-300,0,-300,300,-600,600,300,121.999999999878,0,nan,nan,nan,nan,nan,nan,121.999999999878
0,0,-300,0,-300,300,-600,600,300,-360,nan,-0,-997.84858971935819,-997.84858971935819,-300,nan,nan,-300
1,0,-300,0,-300,300,-600,600,300,-360,0,nan,nan,nan,nan,nan,nan,-360
0,0,-300,0,-300,300,-600,600,300,720,nan,-0,-997.92824016981979,-997.92824016981979,-300,nan,nan,-300
1,0,-300,0,-300,300,-600,600,300,720,0,nan,nan,nan,nan,nan,nan,720
0,0,-300,0,-300,300,-600,600,300,-720,nan,-0,-998.00169819667792,-998.00169819667792,-300,nan,nan,-300
1,0,-300,0,-300,300,-600,600,300,-720,0,nan,nan,nan,nan,nan,nan,-720
0,0,-300,0,-300,300,-600,600,300,360.00000000000006,nan,-0,-997.84403399208725,-997.84403399208725,-300,nan,nan,-300
1,0,-300,0,-300,300,-600,600,300,360.00000000000006,0,nan,nan,nan,nan,nan,nan,360.00000000000006
0,0,-300,0,-300,300,-600,600,300,359.99999999999994,nan,-0,-997.86786448800854,-997.86786448800854,-300,nan,nan,-300
1,0,-300,0,-300,300,-600,600,300,359.99999999999994,0,nan,nan,nan,nan,nan,nan,359.99999999999994
0,0,-300,0,-300,300,-600,600,300,359.99999999964001,nan,-0,-997.91395504521859,-997.91395504521859,-300,nan,nan,-300
1,0,-300,0,-300,300,-600,600,300,359.99999999964001,0,nan,nan,nan,nan,nan,nan,359.99999999964001
0,0,-300,0,-300,300,-600,600,300,500,nan,-0,-997.93887417195174,-997.93887417195174,-300,nan,nan,-300
1,0,-300,0,-300,300,-600,600,300,500,0,nan,nan,nan,nan,nan,nan,500
0,0,-300,0,-300,300,-600,600,300,-500,nan,-0,-997.90900190439811,-997.90900190439811,-300,nan,nan,-300
1,0,-300,0,-300,300,-600,600,300,-500,0,nan,nan,nan,nan,nan,nan,-500
0,0,-300,0,-300,300,-600,600,300,1000,nan,-0,-997.99561947763084,-997.99561947763084,-300,nan,nan,-300
1,0,-300,0,-300,300,-600,600,300,1000,0,nan,nan,nan,nan,nan,nan,1000
0,0,-300,0,-300,300,-600,600,300,-1000,nan,-0,-997.91788971086112,-997.91788971086112,-300,nan,nan,-300
1,0,-300,0,-300,300,-600,600,300,-1000,0,nan,nan,nan,nan,nan,nan,-1000
0,0,-300,0,-300,300,-600,600,300,500.00000000000006,nan,-0,-997.82652589902284,-997.82652589902284,-300,nan,nan,-300
1,0,-300,0,-300,300,-600,600,300,500.00000000000006,0,nan,nan,nan,nan,nan,nan,500.00000000000006
0,0,-300,0,-300,300,-600,600,300,499.99999999999994,nan,-0,-997.84086123336147,-997.84086123336147,-300,nan,nan,-300
1,0,-300,0,-300,300,-600,600,300,499.99999999999994,0,nan,nan,nan,nan,nan,nan,499.99999999999994
0,0,-300,0,-300,300,-600,600,300,499.99999999950001,nan,-0,-997.89011014653045,-997.89011014653045,-300,nan,nan,-300
1,0,-300,0,-300,300,-600,600,300,499.99999999950001,0,nan,nan,nan,nan,nan,nan,499.99999999950001
0,0,-300,0,-300,300,-600,600,300,-600,0,-0,-997.88617494096366,-997.88617494096366,-300,-1995.6881880843864,-2295.6881880843866,-300
1,0,-300,0,-300,300,-600,600,300,-600,0,nan,nan,nan,nan,nan,nan,-600
0,0,-300,0,-300,300,-600,600,300,-600,nan,-0,-997.92896139853735,-997.92896139853735,-300,nan,nan,-300
1,0,-300,0,-300,300,-600,600,300,-600,0,nan,nan,nan,nan,nan,nan,-600
0,0,-300,0,-300,300,-600,600,300,-600,nan,-0,-997.95735384800287,-997.95735384800287,-300,nan,nan,-300
1,0,-300,0,-300,300,-600,600,300,-600,0,nan,nan,nan,nan,nan,nan,-600
0,0,-300,0,-300,300,-600,600,300,-600,nan,-0,-998.04723073325385,-998.04723073325385,-300,nan,nan,-300
1,0,-300,0,-300,300,-600,600,300,-600,0,nan,nan,nan,nan,nan,nan,-600
0,0,-300,0,-300,300,-600,600,300,-600,nan,-0,-998.04577176545581,-998.04577176545581,-300,nan,nan,-300
1,0,-300,0,-300,300,-600,600,300,-600,0,nan,nan,nan,nan,nan,nan,-600
0,0,-300,0,-300,300,-600,600,300,-600,nan,-0,-997.95157151787623,-997.95157151787623,-300,nan,nan,-300
1,0,-300,0,-300,300,-600,600,300,-600,0,nan,nan,nan,nan,nan,nan,-600
0,0,-300,0,-300,300,-600,600,300,-600,nan,-0,-997.94137637479309,-997.94137637479309,-300,nan,nan,-300
1,0,-300,0,-300,300,-600,600,300,-600,0,nan,nan,nan,nan,nan,nan,-600
0,0,-300,0,-300,300,-600,600,300,-600,nan,-0,-997.83382210049319,-997.83382210049319,-300,nan,nan,-300
1,0,-300,0,-300,300,-600,600,300,-600,0,nan,nan,nan,nan,nan,nan,-600
0,0,-300,0,-300,300,-600,600,300,-600,nan,-0,-997.929382788098,-997.929382788098,-300,nan,nan,-300
1,0,-300,0,-300,300,-600,600,300,-600,0,nan,nan,nan,nan,nan,nan,-600
0,0,-300,0,-300,300,-600,600,300,-600,nan,-0,-997.98619153225388,-997.98619153225388,-300,nan,nan,-300
1,0,-300,0,-300,300,-600,600,300,-600,0,nan,nan,nan,nan,nan,nan,-600
0,0,-300,0,-300,300,-600,600,300,-600,nan,-0,-997.91707442444101,-997.91707442444101,-300,nan,nan,-300
1,0,-300,0,-300,300,-600,600,300,-600,0,nan,nan,nan,nan,nan,nan,-600
0,0,-300,0,-300,300,-600,600,300,-600,nan,-0,-997.95167805431493,-997.95167805431493,-300,nan,nan,-300
1,0,-300,0,-300,300,-600,600,300,-600,0,nan,nan,nan,nan,nan,nan,-600
0,0,-300,0,-300,300,-600,600,300,-600,nan,-0,-997.95921043565727,-997.95921043565727,-300,nan,nan,-300
1,0,-300,0,-300,300,-600,600,300,-600,0,nan,nan,nan,nan,nan,nan,-600
0,0,-300,0,-300,300,-600,600,300,-600,nan,-0,-997.88211246124092,-997.88211246124092,-300,nan,nan,-300
1,0,-300,0,-300,300,-600,600,300,-600,0,nan,nan,nan,nan,nan,nan,-600
0,0,-300,0,-300,300,-600,600,300,-600,nan,-0,-997.89542707062651,-997.89542707062651,-300,nan,nan,-300
1,0,-300,0,-300,300,-600,600,300,-600,0,nan,nan,nan,nan,nan,nan,-600
0,0,-300,0,-300,300,-600,600,300,-600,nan,-0,-997.97365476700918,-997.97365476700918,-300,nan,nan,-300
1,0,-300,0,-300,300,-600,600,300,-600,0,nan,nan,nan,nan,nan,nan,-600
0,0,-300,0,-300,300,-600,600,300,-600,nan,-0,-997.92017164654544,-997.92017164654544,-300,nan,nan,-300
1,0,-300,0,-300,300,-600,600,300,-600,0,nan,nan,nan,nan,nan,nan,-600
0,0,-300,0,-300,300,-600,600,300,-600,nan,-0,-997.81485131157308,-997.81485131157308,-300,nan,nan,-300
1,0,-300,0,-300,300,-600,600,300,-600,0,nan,nan,nan,nan,nan,nan,-600
0,0,-300,0,-300,300,-600,600,300,-600,nan,-0,-997.87716121232415,-997.87716121232415,-300,nan,nan,-300
1,0,-300,0,-300,300,-600,600,300,-600,0,nan,nan,nan,nan,nan,nan,-600
0,0,-300,0,-300,300,-600,600,300,-600,nan,-0,-997.95737412052256,-997.95737412052256,-300,nan,nan,-300
1,0,-300,0,-300,300,-600,600,300,-600,0,nan,nan,nan,nan,nan,nan,-600
0,0,-300,0,-300,300,-600,600,300,-600,nan,-0,-997.82527621077259,-997.82527621077259,-300,nan,nan,-300
1,0,-300,0,-300,300,-600,600,300,-600,0,nan,nan,nan,nan,nan,nan,-600
0,0,-300,0,-300,300,-600,600,300,-600,nan,-0,-997.9659909425967,-997.9659909425967,-300,nan,nan,-300
1,0,-300,0,-300,300,-600,600,300,-600,0,nan,nan,nan,nan,nan,nan,-600
0,0,-300,0,-300,300,-600,600,300,-600,nan,-0,-997.88528606131445,-997.88528606131445,-300,nan,nan,-300
1,0,-300,0,-300,300,-600,600,300,-600,0,nan,nan,nan,nan,nan,nan,-600
0,0,-300,0,-300,300,-600,600,300,-600,nan,-0,-997.84699652642007,-997.84699652642007,-300,nan,nan,-300
1,0,-300,0,-300,300,-600,600,300,-600,0,nan,nan,nan,nan,nan,nan,-600
0,0,-300,0,-300,300,-600,600,300,-600,nan,-0,-997.86510010713721,-997.86510010713721,-300,nan,nan,-300
1,0,-300,0,-300,300,-600,600,300,-600,0,nan,nan,nan,nan,nan,nan,-600
0,0,-300,0,-300,300,-600,600,300,-600,nan,-0,-998.0446968800311,-998.0446968800311,-300,nan,nan,-300
1,0,-300,0,-300,300,-600,600,300,-600,0,nan,nan,nan,nan,nan,nan,-600
0,0,-300,0,-300,300,-600,600,300,-600,nan,-0,-997.90910135720969,-997.90910135720969,-300,nan,nan,-300
1,0,-300,0,-300,300,-600,600,300,-600,0,nan,nan,nan,nan,nan,nan,-600
0,0,-300,0,-300,300,-600,600,300,-600,nan,-0,-997.81687402511363,-997.81687402511363,-300,nan,nan,-300
1,0,-300,0,-300,300,-600,600,300,-600,0,nan,nan,nan,nan,nan,nan,-600
0,0,-300,0,-300,300,-600,600,300,-600,nan,-0,-997.83395859175403,-997.83395859175403,-300,nan,nan,-300
1,0,-300,0,-300,300,-600,600,300,-600,0,nan,nan,nan,nan,nan,nan,-600
0,0,-300,0,-300,300,-600,600,300,-600,nan,-0,-998.04555810785473,-998.04555810785473,-300,nan,nan,-300
1,0,-300,0,-300,300,-600,600,300,-600,0,nan,nan,nan,nan,nan,nan,-600
0,0,-300,0,-300,300,-600,600,300,-600,nan,-0,-997.8395909205409,-997.8395909205409,-300,nan,nan,-300
1,0,-300,0,-300,300,-600,600,300,-600,0,nan,nan,nan,nan,nan,nan,-600
0,0,-300,0,-300,300,-600,600,300,-600,nan,-0,-997.91307042391747,-997.91307042391747,-300,nan,nan,-300
1,0,-300,0,-300,300,-600,600,300,-600,0,nan,nan,nan,nan,nan,nan,-600
0,0,-300,0,-300,300,-600,600,300,-600,nan,-0,-997.83478154825195,-997.83478154825195,-300,nan,nan,-300
1,0,-300,0,-300,300,-600,600,300,-600,0,nan,nan,nan,nan,nan,nan,-600
0,0,-300,0,-300,300,-600,600,300,-600,nan,-0,-997.87167871447446,-997.87167871447446,-300,nan,nan,-300
1,0,-300,0,-300,300,-600,600,300,-600,0,nan,nan,nan,nan,nan,nan,-600
0,0,-300,0,-300,300,-600,600,300,-600,nan,-0,-997.87273444473851,-997.87273444473851,-300,nan,nan,-300
1,0,-300,0,-300,300,-600,600,300,-600,0,nan,nan,nan,nan,nan,nan,-600
0,0,-300,0,-300,300,-600,600,300,-600,nan,-0,-997.89483021833769,-997.89483021833769,-300,nan,nan,-300
1,0,-300,0,-300,300,-600,600,300,-600,0,nan,nan,nan,nan,nan,nan,-600
0,0,-300,0,-300,300,-600,600,300,-600,nan,-0,-997.80085676713134,-997.80085676713134,-300,nan,nan,-300
1,0,-300,0,-300,300,-600,600,300,-600,0,nan,nan,nan,nan,nan,nan,-600
0,0,-300,0,-300,300,-600,600,300,-600,nan,-0,-997.92379824525335,-997.92379824525335,-300,nan,nan,-300
1,0,-300,0,-300,300,-600,600,300,-600,0,nan,nan,nan,nan,nan,nan,-600
0,0,-300,0,-300,300,-600,600,300,-600,nan,-0,-997.93089998664459,-997.93089998664459,-300,nan,nan,-300
1,0,-300,0,-300,300,-600,600,300,-600,0,nan,nan,nan,nan,nan,nan,-600
0,0,-300,0,-300,300,-600,600,300,-600,nan,-0,-997.99475129236578,-997.99475129236578,-300,nan,nan,-300
1,0,-300,0,-300,300,-600,600,300,-600,0,nan,nan,nan,nan,nan,nan,-600
0,0,-300,0,-300,300,-600,600,300,-600,nan,-0,-997.86841543971025,-997.86841543971025,-300,nan,nan,-300
1,0,-300,0,-300,300,-600,600,300,-600,0,nan,nan,nan,nan,nan,nan,-600
0,0,-300,0,-300,300,-600,600,300,-600,nan,-0,-998.00570145668689,-998.00570145668689,-300,nan,nan,-300
1,0,-300,0,-300,300,-600,600,300,-600,0,nan,nan,nan,nan,nan,nan,-600
0,0,-300,1,-300,300,-600,600,300,-600,nan,-300,-997.93030246642456,89002.069697533574,-300,nan,nan,-300
1,0,-300,1,-300,300,-600,600,300,-600,1,nan,nan,nan,nan,nan,nan,-600
0,0,-300,-1,-300,300,-600,600,300,-600,nan,300,-997.97020366888933,-90997.970203668883,-300,nan,nan,-300
1,0,-300,-1,-300,300,-600,600,300,-600,-1,nan,nan,nan,nan,nan,nan,-600
0,0,-300,0.5,-300,300,-600,600,300,-600,nan,-150,-997.8065819729278,44002.193418027069,-300,nan,nan,-300
1,0,-300,0.5,-300,300,-600,600,300,-600,0.5,nan,nan,nan,nan,nan,nan,-600
0,0,-300,-0.5,-300,300,-600,600,300,-600,nan,150,-997.8136246928882,-45997.813624692892,-300,nan,nan,-300
1,0,-300,-0.5,-300,300,-600,600,300,-600,-0.5,nan,nan,nan,nan,nan,nan,-600
0,0,-300,1.4916681462400413e-154,-300,300,-600,600,300,-600,nan,-4.475004438720124e-152,-997.87768092412398,-997.87768092412398,-300,nan,nan,-300
1,0,-300,1.4916681462400413e-154,-300,300,-600,600,300,-600,1.4916681462400413e-154,nan,nan,nan,nan,nan,nan,-600
0,0,-300,-1.4916681462400413e-154,-300,300,-600,600,300,-600,nan,4.475004438720124e-152,-997.83755910372486,-997.83755910372486,-300,nan,nan,-300
1,0,-300,-1.4916681462400413e-154,-300,300,-600,600,300,-600,-1.4916681462400413e-154,nan,nan,nan,nan,nan,nan,-600
0,0,-300,2.2227587494850775e-162,-300,300,-600,600,300,-600,nan,-6.6682762484552325e-160,-998.0264061614962,-998.0264061614962,-300,nan,nan,-300
1,0,-300,2.2227587494850775e-162,-300,300,-600,600,300,-600,2.2227587494850775e-162,nan,nan,nan,nan,nan,nan,-600
0,0,-300,-2.2227587494850775e-162,-300,300,-600,600,300,-600,nan,6.6682762484552325e-160,-997.85870784053509,-997.85870784053509,-300,nan,nan,-300
1,0,-300,-2.2227587494850775e-162,-300,300,-600,600,300,-600,-2.2227587494850775e-162,nan,nan,nan,nan,nan,nan,-600
0,0,-300,1.3407807929942596e+154,-300,300,-600,600,300,-600,nan,-4.0223423789827784e+156,-998.03169369811826,1.2067027136948335e+159,-300,nan,nan,-300
1,0,-300,1.3407807929942596e+154,-300,300,-600,600,300,-600,1.3407807929942594e+154,nan,nan,nan,nan,nan,nan,-600
0,0,-300,-1.3407807929942596e+154,-300,300,-600,600,300,-600,nan,4.0223423789827784e+156,-997.91503918767364,-1.2067027136948335e+159,-300,nan,nan,-300
1,0,-300,-1.3407807929942596e+154,-300,300,-600,600,300,-600,-1.3407807929942594e+154,nan,nan,nan,nan,nan,nan,-600
0,0,-300,2.2250738585072014e-308,-300,300,-600,600,300,-600,nan,-6.6752215755216041e-306,-997.98109592895776,-997.98109592895776,-300,nan,nan,-300
1,0,-300,2.2250738585072014e-308,-300,300,-600,600,300,-600,2.2250738585072014e-308,nan,nan,nan,nan,nan,nan,-600
0,0,-300,-2.2250738585072014e-308,-300,300,-600,600,300,-600,nan,6.6752215755216041e-306,-997.83604061518361,-997.83604061518361,-300,nan,nan,-300
1,0,-300,-2.2250738585072014e-308,-300,300,-600,600,300,-600,-2.2250738585072014e-308,nan,nan,nan,nan,nan,nan,-600
0,0,-300,4.9406564584124654e-324,-300,300,-600,600,300,-600,nan,-1.4821969375237396e-321,-997.84781899436382,-997.84781899436382,-300,nan,nan,-300
1,0,-300,4.9406564584124654e-324,-300,300,-600,600,300,-600,4.9406564584124654e-324,nan,nan,nan,nan,nan,nan,-600
0,0,-300,-4.9406564584124654e-324,-300,300,-600,600,300,-600,nan,1.4821969375237396e-321,-997.88315638651943,-997.88315638651943,-300,nan,nan,-300
1,0,-300,-4.9406564584124654e-324,-300,300,-600,600,300,-600,-4.9406564584124654e-324,nan,nan,nan,nan,nan,nan,-600
0,0,-300,1.7976931348623157e+308,-300,300,-600,600,300,-600,nan,-inf,-997.79521625998086,inf,-300,nan,nan,-300
1,0,-300,1.7976931348623157e+308,-300,300,-600,600,300,-600,nan,nan,nan,nan,nan,nan,nan,-600
0,0,-300,-1.7976931348623157e+308,-300,300,-600,600,300,-600,nan,inf,-997.81108527081369,-inf,-300,nan,nan,-300
1,0,-300,-1.7976931348623157e+308,-300,300,-600,600,300,-600,nan,nan,nan,nan,nan,nan,nan,-600
0,0,-300,1e-300,-300,300,-600,600,300,-600,nan,-2.9999999999999999e-298,-997.85403199508505,-997.85403199508505,-300,nan,nan,-300
1,0,-300,1e-300,-300,300,-600,600,300,-600,1e-300,nan,nan,nan,nan,nan,nan,-600
0,0,-300,-1e-300,-300,300,-600,600,300,-600,nan,2.9999999999999999e-298,-997.80593640066604,-997.80593640066604,-300,nan,nan,-300
1,0,-300,-1e-300,-300,300,-600,600,300,-600,-1e-300,nan,nan,nan,nan,nan,nan,-600
0,0,-300,1e-155,-300,300,-600,600,300,-600,nan,-3e-153,-997.9114744448018,-997.9114744448018,-300,nan,nan,-300
1,0,-300,1e-155,-300,300,-600,600,300,-600,1e-155,nan,nan,nan,nan,nan,nan,-600
0,0,-300,-1e-155,-300,300,-600,600,300,-600,nan,3e-153,-997.84090791231256,-997.84090791231256,-300,nan,nan,-300
1,0,-300,-1e-155,-300,300,-600,600,300,-600,-1e-155,nan,nan,nan,nan,nan,nan,-600
0,0,-300,1e-100,-300,300,-600,600,300,-600,nan,-3e-98,-997.95741626985011,-997.95741626985011,-300,nan,nan,-300
1,0,-300,1e-100,-300,300,-600,600,300,-600,1e-100,nan,nan,nan,nan,nan,nan,-600
0,0,-300,-1e-100,-300,300,-600,600,300,-600,nan,3e-98,-997.89150603774431,-997.89150603774431,-300,nan,nan,-300
1,0,-300,-1e-100,-300,300,-600,600,300,-600,-1e-100,nan,nan,nan,nan,nan,nan,-600
0,0,-300,1e-10,-300,300,-600,600,300,-600,nan,-3.0000000000000004e-08,-997.95999464117256,-997.95998564117258,-300,nan,nan,-300
1,0,-300,1e-10,-300,300,-600,600,300,-600,1e-10,nan,nan,nan,nan,nan,nan,-600
0,0,-300,-1e-10,-300,300,-600,600,300,-600,nan,3.0000000000000004e-08,-998.02090497470545,-998.02091397470542,-300,nan,nan,-300
1,0,-300,-1e-10,-300,300,-600,600,300,-600,-1e-10,nan,nan,nan,nan,nan,nan,-600
0,0,-300,10000000000,-300,300,-600,600,300,-600,nan,-3000000000000,-998.02076239993983,899999999999002,-300,nan,nan,-300
1,0,-300,10000000000,-300,300,-600,600,300,-600,10000000000,nan,nan,nan,nan,nan,nan,-600
0,0,-300,-10000000000,-300,300,-600,600,300,-600,nan,3000000000000,-997.96513056537299,-900000000000998,-300,nan,nan,-300
1,0,-300,-10000000000,-300,300,-600,600,300,-600,-10000000000,nan,nan,nan,nan,nan,nan,-600
0,0,-300,1e+100,-300,300,-600,600,300,-600,nan,-2.9999999999999998e+102,-997.91477675586111,8.9999999999999997e+104,-300,nan,nan,-300
1,0,-300,1e+100,-300,300,-600,600,300,-600,9.9999999999999982e+99,nan,nan,nan,nan,nan,nan,-600
0,0,-300,-1e+100,-300,300,-600,600,300,-600,nan,2.9999999999999998e+102,-997.80606974399041,-8.9999999999999997e+104,-300,nan,nan,-300
1,0,-300,-1e+100,-300,300,-600,600,300,-600,-9.9999999999999982e+99,nan,nan,nan,nan,nan,nan,-600
0,0,-300,1e+155,-300,300,-600,600,300,-600,nan,-3.0000000000000001e+157,-997.95920792177969,9.0000000000000005e+159,-300,nan,nan,-300
1,0,-300,1e+155,-300,300,-600,600,300,-600,1.0000000000000001e+155,nan,nan,nan,nan,nan,nan,-600
0,0,-300,-1e+155,-300,300,-600,600,300,-600,nan,3.0000000000000001e+157,-997.86830389640738,-9.0000000000000005e+159,-300,nan,nan,-300
1,0,-300,-1e+155,-300,300,-600,600,300,-600,-1.0000000000000001e+155,nan,nan,nan,nan,nan,nan,-600
0,0,-300,1.0000000000000001e+300,-300,300,-600,600,300,-600,nan,-3.0000000000000002e+302,-997.88917364404892,9.0000000000000014e+304,-300,nan,nan,-300
1,0,-300,1.0000000000000001e+300,-300,300,-600,600,300,-600,1.0000000000000003e+300,nan,nan,nan,nan,nan,nan,-600
0,0,-300,-1.0000000000000001e+300,-300,300,-600,600,300,-600,nan,3.0000000000000002e+302,-997.85159411403413,-9.0000000000000014e+304,-300,nan,nan,-300
1,0,-300,-1.0000000000000001e+300,-300,300,-600,600,300,-600,-1.0000000000000003e+300,nan,nan,nan,nan,nan,nan,-600
0,0,-300,0,0,300,-600,600,300,-600,nan,0,-997.9239317861485,-997.9239317861485,-300,nan,nan,-300
1,0,-300,0,0,300,-600,600,300,-600,0,nan,nan,nan,nan,nan,nan,-600
0,0,-300,0,1,300,-600,600,300,-600,nan,0,-997.93199331663504,-997.93199331663504,-300,nan,nan,-300
1,0,-300,0,1,300,-600,600,300,-600,0,nan,nan,nan,nan,nan,nan,-600
0,0,-300,0,-1,300,-600,600,300,-600,nan,-0,-998.01579976892742,-998.01579976892742,-300,nan,nan,-300
1,0,-300,0,-1,300,-600,600,300,-600,0,nan,nan,nan,nan,nan,nan,-600
0,0,-300,0,0.5,300,-600,600,300,-600,nan,0,-998.02258675891699,-998.02258675891699,-300,nan,nan,-300
1,0,-300,0,0.5,300,-600,600,300,-600,0,nan,nan,nan,nan,nan,nan,-600
0,0,-300,0,-0.5,300,-600,600,300,-600,nan,-0,-997.98285909507831,-997.98285909507831,-300,nan,nan,-300
1,0,-300,0,-0.5,300,-600,600,300,-600,0,nan,nan,nan,nan,nan,nan,-600
0,0,-300,0,1.4916681462400413e-154,300,-600,600,300,-600,nan,0,-998.00531503129639,-998.00531503129639,-300,nan,nan,-300
1,0,-300,0,1.4916681462400413e-154,300,-600,600,300,-600,0,nan,nan,nan,nan,nan,nan,-600
0,0,-300,0,-1.4916681462400413e-154,300,-600,600,300,-600,nan,-0,-998.02254623462215,-998.02254623462215,-300,nan,nan,-300
1,0,-300,0,-1.4916681462400413e-154,300,-600,600,300,-600,0,nan,nan,nan,nan,nan,nan,-600
0,0,-300,0,2.2227587494850775e-162,300,-600,600,300,-600,nan,0,-997.93302776293785,-997.93302776293785,-300,nan,nan,-300
1,0,-300,0,2.2227587494850775e-162,300,-600,600,300,-600,0,nan,nan,nan,nan,nan,nan,-600
0,0,-300,0,-2.2227587494850775e-162,300,-600,600,300,-600,nan,-0,-997.93464693389285,-997.93464693389285,-300,nan,nan,-300
1,0,-300,0,-2.2227587494850775e-162,300,-600,600,300,-600,0,nan,nan,nan,nan,nan,nan,-600
0,0,-300,0,1.3407807929942596e+154,300,-600,600,300,-600,nan,0,-998.02953861225069,-998.02953861225069,-300,nan,nan,-300
1,0,-300,0,1.3407807929942596e+154,300,-600,600,300,-600,0,nan,nan,nan,nan,nan,nan,-600
0,0,-300,0,-1.3407807929942596e+154,300,-600,600,300,-600,nan,-0,-997.93368904550096,-997.93368904550096,-300,nan,nan,-300
1,0,-300,0,-1.3407807929942596e+154,300,-600,600,300,-600,0,nan,nan,nan,nan,nan,nan,-600
0,0,-300,0,2.2250738585072014e-308,300,-600,600,300,-600,nan,0,-997.84303964168498,-997.84303964168498,-300,nan,nan,-300
1,0,-300,0,2.2250738585072014e-308,300,-600,600,300,-600,0,nan,nan,nan,nan,nan,nan,-600
0,0,-300,0,-2.2250738585072014e-308,300,-600,600,300,-600,nan,-0,-997.8402161970871,-997.8402161970871,-300,nan,nan,-300
1,0,-300,0,-2.2250738585072014e-308,300,-600,600,300,-600,0,nan,nan,nan,nan,nan,nan,-600
0,0,-300,0,4.9406564584124654e-324,300,-600,600,300,-600,nan,0,-997.82344069614521,-997.82344069614521,-300,nan,nan,-300
1,0,-300,0,4.9406564584124654e-324,300,-600,600,300,-600,0,nan,nan,nan,nan,nan,nan,-600
0,0,-300,0,-4.9406564584124654e-324,300,-600,600,300,-600,nan,-0,-997.84545775833192,-997.84545775833192,-300,nan,nan,-300
1,0,-300,0,-4.9406564584124654e-324,300,-600,600,300,-600,0,nan,nan,nan,nan,nan,nan,-600
0,0,-300,0,1.7976931348623157e+308,300,-600,600,300,-600,nan,0,-997.81749742332352,-997.81749742332352,-300,nan,nan,-300
1,0,-300,0,1.7976931348623157e+308,300,-600,600,300,-600,0,nan,nan,nan,nan,nan,nan,-600
0,0,-300,0,-1.7976931348623157e+308,300,-600,600,300,-600,nan,-0,-997.95485112221115,-997.95485112221115,-300,nan,nan,-300
1,0,-300,0,-1.7976931348623157e+308,300,-600,600,300,-600,0,nan,nan,nan,nan,nan,nan,-600
0,0,-300,0,1e-300,300,-600,600,300,-600,nan,0,-997.84695712034363,-997.84695712034363,-300,nan,nan,-300
1,0,-300,0,1e-300,300,-600,600,300,-600,0,nan,nan,nan,nan,nan,nan,-600
0,0,-300,0,-1e-300,300,-600,600,300,-600,nan,-0,-997.87296014565629,-997.87296014565629,-300,nan,nan,-300
1,0,-300,0,-1e-300,300,-600,600,300,-600,0,nan,nan,nan,nan,nan,nan,-600
0,0,-300,0,1e-155,300,-600,600,300,-600,nan,0,-997.81561166554195,-997.81561166554195,-300,nan,nan,-300
1,0,-300,0,1e-155,300,-600,600,300,-600,0,nan,nan,nan,nan,nan,nan,-600
0,0,-300,0,-1e-155,300,-600,600,300,-600,nan,-0,-997.96146416321972,-997.96146416321972,-300,nan,nan,-300
1,0,-300,0,-1e-155,300,-600,600,300,-600,0,nan,nan,nan,nan,nan,nan,-600
0,0,-300,0,1e-100,300,-600,600,300,-600,nan,0,-997.7988792645823,-997.7988792645823,-300,nan,nan,-300
1,0,-300,0,1e-100,300,-600,600,300,-600,0,nan,nan,nan,nan,nan,nan,-600
0,0,-300,0,-1e-100,300,-600,600,300,-600,nan,-0,-997.79937573629218,-997.79937573629218,-300,nan,nan,-300
1,0,-300,0,-1e-100,300,-600,600,300,-600,0,nan,nan,nan,nan,nan,nan,-600
0,0,-300,0,1e-10,300,-600,600,300,-600,nan,0,-997.86292887330023,-997.86292887330023,-300,nan,nan,-300
1,0,-300,0,1e-10,300,-600,600,300,-600,0,nan,nan,nan,nan,nan,nan,-600
0,0,-300,0,-1e-10,300,-600,600,300,-600,nan,-0,-998.0169697594107,-998.0169697594107,-300,nan,nan,-300
1,0,-300,0,-1e-10,300,-600,600,300,-600,0,nan,nan,nan,nan,nan,nan,-600
0,0,-300,0,10000000000,300,-600,600,300,-600,nan,0,-997.84616131299776,-997.84616131299776,-300,nan,nan,-300
1,0,-300,0,10000000000,300,-600,600,300,-600,0,nan,nan,nan,nan,nan,nan,-600
0,0,-300,0,-10000000000,300,-600,600,300,-600,nan,-0,-998.03775906440887,-998.03775906440887,-300,nan,nan,-300
1,0,-300,0,-10000000000,300,-600,600,300,-600,0,nan,nan,nan,nan,nan,nan,-600
0,0,-300,0,1e+100,300,-600,600,300,-600,nan,0,-997.87378718584591,-997.87378718584591,-300,nan,nan,-300
1,0,-300,0,1e+100,300,-600,600,300,-600,0,nan,nan,nan,nan,nan,nan,-600
0,0,-300,0,-1e+100,300,-600,600,300,-600,nan,-0,-997.8892313833054,-997.8892313833054,-300,nan,nan,-300
1,0,-300,0,-1e+100,300,-600,600,300,-600,0,nan,nan,nan,nan,nan,nan,-600
0,0,-300,0,1e+155,300,-600,600,300,-600,nan,0,-998.0380016329201,-998.0380016329201,-300,nan,nan,-300
1,0,-300,0,1e+155,300,-600,600,300,-600,0,nan,nan,nan,nan,nan,nan,-600
0,0,-300,0,-1e+155,300,-600,600,300,-600,nan,-0,-997.92654609114834,-997.92654609114834,-300,nan,nan,-300
1,0,-300,0,-1e+155,300,-600,600,300,-600,0,nan,nan,nan,nan,nan,nan,-600
0,0,-300,0,1.0000000000000001e+300,300,-600,600,300,-600,nan,0,-997.98690790294427,-997.98690790294427,-300,nan,nan,-300
1,0,-300,0,1.0000000000000001e+300,300,-600,600,300,-600,0,nan,nan,nan,nan,nan,nan,-600
0,0,-300,0,-1.0000000000000001e+300,300,-600,600,300,-600,nan,-0,-997.8922861551373,-997.8922861551373,-300,nan,nan,-300
1,0,-300,0,-1.0000000000000001e+300,300,-600,600,300,-600,0,nan,nan,nan,nan,nan,nan,-600
0,0,-300,0,-300,0,-600,600,300,-600,nan,-0,-997.93024451296014,-997.93024451296014,-300,nan,nan,-300
1,0,-300,0,-300,0,-600,600,300,-600,0,nan,nan,nan,nan,nan,nan,-600
0,0,-300,0,-300,1,-600,600,300,-600,nan,-0,-997.83922727044353,-997.83922727044353,-300,nan,nan,-300
1,0,-300,0,-300,1,-600,600,300,-600,0,nan,nan,nan,nan,nan,nan,-600
0,0,-300,0,-300,-1,-600,600,300,-600,nan,-0,-998.02609864215526,-998.02609864215526,-300,nan,nan,-300
1,0,-300,0,-300,-1,-600,600,300,-600,0,nan,nan,nan,nan,nan,nan,-600
0,0,-300,0,-300,0.5,-600,600,300,-600,nan,-0,-998.02617085717975,-998.02617085717975,-300,nan,nan,-300
1,0,-300,0,-300,0.5,-600,600,300,-600,0,nan,nan,nan,nan,nan,nan,-600
0,0,-300,0,-300,-0.5,-600,600,300,-600,nan,-0,-997.91183193249947,-997.91183193249947,-300,nan,nan,-300
1,0,-300,0,-300,-0.5,-600,600,300,-600,0,nan,nan,nan,nan,nan,nan,-600
0,0,-300,0,-300,1.4916681462400413e-154,-600,600,300,-600,nan,-0,-997.99616475386892,-997.99616475386892,-300,nan,nan,-300
1,0,-300,0,-300,1.4916681462400413e-154,-600,600,300,-600,0,nan,nan,nan,nan,nan,nan,-600
0,0,-300,0,-300,-1.4916681462400413e-154,-600,600,300,-600,nan,-0,-997.79645167127001,-997.79645167127001,-300,nan,nan,-300
1,0,-300,0,-300,-1.4916681462400413e-154,-600,600,300,-600,0,nan,nan,nan,nan,nan,nan,-600
0,0,-300,0,-300,2.2227587494850775e-162,-600,600,300,-600,nan,-0,-997.89546374400072,-997.89546374400072,-300,nan,nan,-300
1,0,-300,0,-300,2.2227587494850775e-162,-600,600,300,-600,0,nan,nan,nan,nan,nan,nan,-600
0,0,-300,0,-300,-2.2227587494850775e-162,-600,600,300,-600,nan,-0,-997.99618044192516,-997.99618044192516,-300,nan,nan,-300
1,0,-300,0,-300,-2.2227587494850775e-162,-600,600,300,-600,0,nan,nan,nan,nan,nan,nan,-600
0,0,-300,0,-300,1.3407807929942596e+154,-600,600,300,-600,nan,-0,-997.93189580203443,-997.93189580203443,-300,nan,nan,-300
1,0,-300,0,-300,1.3407807929942596e+154,-600,600,300,-600,0,nan,nan,nan,nan,nan,nan,-600
0,0,-300,0,-300,-1.3407807929942596e+154,-600,600,300,-600,nan,-0,-997.96022146199289,-997.96022146199289,-300,nan,nan,-300
1,0,-300,0,-300,-1.3407807929942596e+154,-600,600,300,-600,0,nan,nan,nan,nan,nan,nan,-600
0,0,-300,0,-300,2.2250738585072014e-308,-600,600,300,-600,nan,-0,-998.02607314398142,-998.02607314398142,-300,nan,nan,-300
1,0,-300,0,-300,2.2250738585072014e-308,-600,600,300,-600,0,nan,nan,nan,nan,nan,nan,-600
0,0,-300,0,-300,-2.2250738585072014e-308,-600,600,300,-600,nan,-0,-997.80442521371083,-997.80442521371083,-300,nan,nan,-300
1,0,-300,0,-300,-2.2250738585072014e-308,-600,600,300,-600,0,nan,nan,nan,nan,nan,nan,-600
0,0,-300,0,-300,4.9406564584124654e-324,-600,600,300,-600,nan,-0,-998.04613706505404,-998.04613706505404,-300,nan,nan,-300
1,0,-300,0,-300,4.9406564584124654e-324,-600,600,300,-600,0,nan,nan,nan,nan,nan,nan,-600
0,0,-300,0,-300,-4.9406564584124654e-324,-600,600,300,-600,nan,-0,-998.02752877069827,-998.02752877069827,-300,nan,nan,-300
1,0,-300,0,-300,-4.9406564584124654e-324,-600,600,300,-600,0,nan,nan,nan,nan,nan,nan,-600
0,0,-300,0,-300,1.7976931348623157e+308,-600,600,300,-600,nan,-0,-998.03894256726278,nan,-300,nan,nan,-300
1,0,-300,0,-300,1.7976931348623157e+308,-600,600,300,-600,0,nan,nan,nan,nan,nan,nan,-600
0,0,-300,0,-300,-1.7976931348623157e+308,-600,600,300,-600,nan,-0,-997.90040356519762,nan,-300,nan,nan,-300
1,0,-300,0,-300,-1.7976931348623157e+308,-600,600,300,-600,0,nan,nan,nan,nan,nan,nan,-600
0,0,-300,0,-300,1e-300,-600,600,300,-600,nan,-0,-998.0294581216051,-998.0294581216051,-300,nan,nan,-300
1,0,-300,0,-300,1e-300,-600,600,300,-600,0,nan,nan,nan,nan,nan,nan,-600
0,0,-300,0,-300,-1e-300,-600,600,300,-600,nan,-0,-998.03222520718452,-998.03222520718452,-300,nan,nan,-300
1,0,-300,0,-300,-1e-300,-600,600,300,-600,0,nan,nan,nan,nan,nan,nan,-600
0,0,-300,0,-300,1e-155,-600,600,300,-600,nan,-0,-997.86818030709298,-997.86818030709298,-300,nan,nan,-300
1,0,-300,0,-300,1e-155,-600,600,300,-600,0,nan,nan,nan,nan,nan,nan,-600
0,0,-300,0,-300,-1e-155,-600,600,300,-600,nan,-0,-997.96275564016514,-997.96275564016514,-300,nan,nan,-300
1,0,-300,0,-300,-1e-155,-600,600,300,-600,0,nan,nan,nan,nan,nan,nan,-600
0,0,-300,0,-300,1e-100,-600,600,300,-600,nan,-0,-997.95722999073632,-997.95722999073632,-300,nan,nan,-300
1,0,-300,0,-300,1e-100,-600,600,300,-600,0,nan,nan,nan,nan,nan,nan,-600
0,0,-300,0,-300,-1e-100,-600,600,300,-600,nan,-0,-997.91543724221788,-997.91543724221788,-300,nan,nan,-300
1,0,-300,0,-300,-1e-100,-600,600,300,-600,0,nan,nan,nan,nan,nan,nan,-600
0,0,-300,0,-300,1e-10,-600,600,300,-600,nan,-0,-997.86903381972832,-997.86903381972832,-300,nan,nan,-300
1,0,-300,0,-300,1e-10,-600,600,300,-600,0,nan,nan,nan,nan,nan,nan,-600
0,0,-300,0,-300,-1e-10,-600,600,300,-600,nan,-0,-997.96900184290791,-997.96900184290791,-300,nan,nan,-300
1,0,-300,0,-300,-1e-10,-600,600,300,-600,0,nan,nan,nan,nan,nan,nan,-600
0,0,-300,0,-300,10000000000,-600,600,300,-600,nan,-0,-997.94149906661778,-997.94149906661778,-300,nan,nan,-300
1,0,-300,0,-300,10000000000,-600,600,300,-600,0,nan,nan,nan,nan,nan,nan,-600
0,0,-300,0,-300,-10000000000,-600,600,300,-600,nan,-0,-997.79843298442313,-997.79843298442313,-300,nan,nan,-300
1,0,-300,0,-300,-10000000000,-600,600,300,-600,0,nan,nan,nan,nan,nan,nan,-600
0,0,-300,0,-300,1e+100,-600,600,300,-600,nan,-0,-997.82087623618224,-997.82087623618224,-300,nan,nan,-300
1,0,-300,0,-300,1e+100,-600,600,300,-600,0,nan,nan,nan,nan,nan,nan,-600
0,0,-300,0,-300,-1e+100,-600,600,300,-600,nan,-0,-998.01423559312389,-998.01423559312389,-300,nan,nan,-300
1,0,-300,0,-300,-1e+100,-600,600,300,-600,0,nan,nan,nan,nan,nan,nan,-600
0,0,-300,0,-300,1e+155,-600,600,300,-600,nan,-0,-997.98379882775646,-997.98379882775646,-300,nan,nan,-300
1,0,-300,0,-300,1e+155,-600,600,300,-600,0,nan,nan,nan,nan,nan,nan,-600
0,0,-300,0,-300,-1e+155,-600,600,300,-600,nan,-0,-997.85864323376802,-997.85864323376802,-300,nan,nan,-300
1,0,-300,0,-300,-1e+155,-600,600,300,-600,0,nan,nan,nan,nan,nan,nan,-600
0,0,-300,0,-300,1.0000000000000001e+300,-600,600,300,-600,nan,-0,-997.99844740301444,-997.99844740301444,-300,nan,nan,-300
1,0,-300,0,-300,1.0000000000000001e+300,-600,600,300,-600,0,nan,nan,nan,nan,nan,nan,-600
0,0,-300,0,-300,-1.0000000000000001e+300,-600,600,300,-600,nan,-0,-997.85122406114533,-997.85122406114533,-300,nan,nan,-300
1,0,-300,0,-300,-1.0000000000000001e+300,-600,600,300,-600,0,nan,nan,nan,nan,nan,nan,-600
0,0,-300,0,-300,300,0,600,300,-600,nan,-0,-998.02966205115558,-998.02966205115558,-300,nan,nan,-300
1,0,-300,0,-300,300,0,600,300,-600,0,nan,nan,nan,nan,nan,nan,-600
0,0,-300,0,-300,300,1,600,300,-600,nan,-0,-997.89293049947253,-997.89293049947253,-300,nan,nan,-300
1,0,-300,0,-300,300,1,600,300,-600,0,nan,nan,nan,nan,nan,nan,-600
0,0,-300,0,-300,300,-1,600,300,-600,nan,-0,-998.00146351321246,-998.00146351321246,-300,nan,nan,-300
1,0,-300,0,-300,300,-1,600,300,-600,0,nan,nan,nan,nan,nan,nan,-600
0,0,-300,0,-300,300,0.5,600,300,-600,nan,-0,-998.02181847362317,-998.02181847362317,-300,nan,nan,-300
1,0,-300,0,-300,300,0.5,600,300,-600,0,nan,nan,nan,nan,nan,nan,-600
0,0,-300,0,-300,300,-0.5,600,300,-600,nan,-0,-998.02893874661663,-998.02893874661663,-300,nan,nan,-300
1,0,-300,0,-300,300,-0.5,600,300,-600,0,nan,nan,nan,nan,nan,nan,-600
0,0,-300,0,-300,300,1.4916681462400413e-154,600,300,-600,nan,-0,-997.79883066368495,-997.79883066368495,-300,nan,nan,-300
1,0,-300,0,-300,300,1.4916681462400413e-154,600,300,-600,0,nan,nan,nan,nan,nan,nan,-600
0,0,-300,0,-300,300,-1.4916681462400413e-154,600,300,-600,nan,-0,-998.01123325072103,-998.01123325072103,-300,nan,nan,-300
1,0,-300,0,-300,300,-1.4916681462400413e-154,600,300,-600,0,nan,nan,nan,nan,nan,nan,-600
0,0,-300,0,-300,300,2.2227587494850775e-162,600,300,-600,nan,-0,-997.91319550469734,-997.91319550469734,-300,nan,nan,-300
1,0,-300,0,-300,300,2.2227587494850775e-162,600,300,-600,0,nan,nan,nan,nan,nan,nan,-600
0,0,-300,0,-300,300,-2.2227587494850775e-162,600,300,-600,nan,-0,-998.00465261377542,-998.00465261377542,-300,nan,nan,-300
1,0,-300,0,-300,300,-2.2227587494850775e-162,600,300,-600,0,nan,nan,nan,nan,nan,nan,-600
0,0,-300,0,-300,300,1.3407807929942596e+154,600,300,-600,nan,-0,-997.87880449541842,-997.87880449541842,-300,nan,nan,-300
1,0,-300,0,-300,300,1.3407807929942596e+154,600,300,-600,0,nan,nan,nan,nan,nan,nan,-600
0,0,-300,0,-300,300,-1.3407807929942596e+154,600,300,-600,nan,-0,-998.04754584084094,-998.04754584084094,-300,nan,nan,-300
1,0,-300,0,-300,300,-1.3407807929942596e+154,600,300,-600,0,nan,nan,nan,nan,nan,nan,-600
0,0,-300,0,-300,300,2.2250738585072014e-308,600,300,-600,nan,-0,-997.8745866723682,-997.8745866723682,-300,nan,nan,-300
1,0,-300,0,-300,300,2.2250738585072014e-308,600,300,-600,0,nan,nan,nan,nan,nan,nan,-600
0,0,-300,0,-300,300,-2.2250738585072014e-308,600,300,-600,nan,-0,-998.04317625601755,-998.04317625601755,-300,nan,nan,-300
1,0,-300,0,-300,300,-2.2250738585072014e-308,600,300,-600,0,nan,nan,nan,nan,nan,nan,-600
0,0,-300,0,-300,300,4.9406564584124654e-324,600,300,-600,nan,-0,-997.94015615235378,-997.94015615235378,-300,nan,nan,-300
1,0,-300,0,-300,300,4.9406564584124654e-324,600,300,-600,0,nan,nan,nan,nan,nan,nan,-600
0,0,-300,0,-300,300,-4.9406564584124654e-324,600,300,-600,nan,-0,-997.84998026805363,-997.84998026805363,-300,nan,nan,-300
1,0,-300,0,-300,300,-4.9406564584124654e-324,600,300,-600,0,nan,nan,nan,nan,nan,nan,-600
0,0,-300,0,-300,300,1.7976931348623157e+308,600,300,-600,nan,-0,-997.97077659774448,-997.97077659774448,-300,nan,nan,-300
1,0,-300,0,-300,300,1.7976931348623157e+308,600,300,-600,0,nan,nan,nan,nan,nan,nan,-600
0,0,-300,0,-300,300,-1.7976931348623157e+308,600,300,-600,nan,-0,-997.94580622692513,-997.94580622692513,-300,nan,nan,-300
1,0,-300,0,-300,300,-1.7976931348623157e+308,600,300,-600,0,nan,nan,nan,nan,nan,nan,-600
0,0,-300,0,-300,300,1e-300,600,300,-600,nan,-0,-997.87374488631269,-997.87374488631269,-300,nan,nan,-300
1,0,-300,0,-300,300,1e-300,600,300,-600,0,nan,nan,nan,nan,nan,nan,-600
0,0,-300,0,-300,300,-1e-300,600,300,-600,nan,-0,-998.04761016011958,-998.04761016011958,-300,nan,nan,-300
1,0,-300,0,-300,300,-1e-300,600,300,-600,0,nan,nan,nan,nan,nan,nan,-600
0,0,-300,0,-300,300,1e-155,600,300,-600,nan,-0,-997.93448016032062,-997.93448016032062,-300,nan,nan,-300
1,0,-300,0,-300,300,1e-155,600,300,-600,0,nan,nan,nan,nan,nan,nan,-600
0,0,-300,0,-300,300,-1e-155,600,300,-600,nan,-0,-997.88893515277243,-997.88893515277243,-300,nan,nan,-300
1,0,-300,0,-300,300,-1e-155,600,300,-600,0,nan,nan,nan,nan,nan,nan,-600
0,0,-300,0,-300,300,1e-100,600,300,-600,nan,-0,-997.80312474084712,-997.80312474084712,-300,nan,nan,-300
1,0,-300,0,-300,300,1e-100,600,300,-600,0,nan,nan,nan,nan,nan,nan,-600
0,0,-300,0,-300,300,-1e-100,600,300,-600,nan,-0,-997.91901204226781,-997.91901204226781,-300,nan,nan,-300
1,0,-300,0,-300,300,-1e-100,600,300,-600,0,nan,nan,nan,nan,nan,nan,-600
0,0,-300,0,-300,300,1e-10,600,300,-600,nan,-0,-997.87899773120932,-997.87899773120932,-300,nan,nan,-300
1,0,-300,0,-300,300,1e-10,600,300,-600,0,nan,nan,nan,nan,nan,nan,-600
0,0,-300,0,-300,300,-1e-10,600,300,-600,nan,-0,-997.96732415761926,-997.96732415761926,-300,nan,nan,-300
1,0,-300,0,-300,300,-1e-10,600,300,-600,0,nan,nan,nan,nan,nan,nan,-600
0,0,-300,0,-300,300,10000000000,600,300,-600,nan,-0,-997.88934906529732,-997.88934906529732,-300,nan,nan,-300
1,0,-300,0,-300,300,10000000000,600,300,-600,0,nan,nan,nan,nan,nan,nan,-600
0,0,-300,0,-300,300,-10000000000,600,300,-600,nan,-0,-997.9913876256179,-997.9913876256179,-300,nan,nan,-300
1,0,-300,0,-300,300,-10000000000,600,300,-600,0,nan,nan,nan,nan,nan,nan,-600
0,0,-300,0,-300,300,1e+100,600,300,-600,nan,-0,-997.97167578978906,-997.97167578978906,-300,nan,nan,-300
1,0,-300,0,-300,300,1e+100,600,300,-600,0,nan,nan,nan,nan,nan,nan,-600
0,0,-300,0,-300,300,-1e+100,600,300,-600,nan,-0,-997.8396745839666,-997.8396745839666,-300,nan,nan,-300
1,0,-300,0,-300,300,-1e+100,600,300,-600,0,nan,nan,nan,nan,nan,nan,-600
0,0,-300,0,-300,300,1e+155,600,300,-600,nan,-0,-997.99937231071692,-997.99937231071692,-300,nan,nan,-300
1,0,-300,0,-300,300,1e+155,600,300,-600,0,nan,nan,nan,nan,nan,nan,-600
0,0,-300,0,-300,300,-1e+155,600,300,-600,nan,-0,-997.82166911331694,-997.82166911331694,-300,nan,nan,-300
1,0,-300,0,-300,300,-1e+155,600,300,-600,0,nan,nan,nan,nan,nan,nan,-600
0,0,-300,0,-300,300,1.0000000000000001e+300,600,300,-600,nan,-0,-998.03904239163103,-998.03904239163103,-300,nan,nan,-300
1,0,-300,0,-300,300,1.0000000000000001e+300,600,300,-600,0,nan,nan,nan,nan,nan,nan,-600
0,0,-300,0,-300,300,-1.0000000000000001e+300,600,300,-600,nan,-0,-997.91910912051196,-997.91910912051196,-300,nan,nan,-300
1,0,-300,0,-300,300,-1.0000000000000001e+300,600,300,-600,0,nan,nan,nan,nan,nan,nan,-600
0,0,-300,0,-300,300,-600,0,300,-600,nan,-0,-997.97349304984687,-997.97349304984687,-300,nan,nan,-300
1,0,-300,0,-300,300,-600,0,300,-600,0,nan,nan,nan,nan,nan,nan,-600
0,0,-300,0,-300,300,-600,1,300,-600,nan,-0,-997.99646206666444,-997.99646206666444,-300,nan,nan,-300
1,0,-300,0,-300,300,-600,1,300,-600,0,nan,nan,nan,nan,nan,nan,-600
0,0,-300,0,-300,300,-600,-1,300,-600,nan,-0,-998.02829833789406,-998.02829833789406,-300,nan,nan,-300
1,0,-300,0,-300,300,-600,-1,300,-600,-0,nan,nan,nan,nan,nan,nan,-600
0,0,-300,0,-300,300,-600,0.5,300,-600,nan,-0,-997.90488046859718,-997.90488046859718,-300,nan,nan,-300
1,0,-300,0,-300,300,-600,0.5,300,-600,0,nan,nan,nan,nan,nan,nan,-600
0,0,-300,0,-300,300,-600,-0.5,300,-600,nan,-0,-997.88171662117213,-997.88171662117213,-300,nan,nan,-300
1,0,-300,0,-300,300,-600,-0.5,300,-600,-0,nan,nan,nan,nan,nan,nan,-600
0,0,-300,0,-300,300,-600,1.4916681462400413e-154,300,-600,nan,-0,-997.91642735976006,-997.91642735976006,-300,nan,nan,-300
1,0,-300,0,-300,300,-600,1.4916681462400413e-154,300,-600,0,nan,nan,nan,nan,nan,nan,-600
0,0,-300,0,-300,300,-600,-1.4916681462400413e-154,300,-600,nan,-0,-998.04840068702686,-998.04840068702686,-300,nan,nan,-300
1,0,-300,0,-300,300,-600,-1.4916681462400413e-154,300,-600,0,nan,nan,nan,nan,nan,nan,-600
0,0,-300,0,-300,300,-600,2.2227587494850775e-162,300,-600,nan,-0,-997.8810828550495,-997.8810828550495,-300,nan,nan,-300
1,0,-300,0,-300,300,-600,2.2227587494850775e-162,300,-600,0,nan,nan,nan,nan,nan,nan,-600
0,0,-300,0,-300,300,-600,-2.2227587494850775e-162,300,-600,nan,-0,-997.8609896371911,-997.8609896371911,-300,nan,nan,-300
1,0,-300,0,-300,300,-600,-2.2227587494850775e-162,300,-600,0,nan,nan,nan,nan,nan,nan,-600
0,0,-300,0,-300,300,-600,1.3407807929942596e+154,300,-600,nan,-0,-997.95097554606377,-997.95097554606377,-300,nan,nan,-300
1,0,-300,0,-300,300,-600,1.3407807929942596e+154,300,-600,0,nan,nan,nan,nan,nan,nan,-600
0,0,-300,0,-300,300,-600,-1.3407807929942596e+154,300,-600,nan,-0,-997.82948728666804,-997.82948728666804,-300,nan,nan,-300
1,0,-300,0,-300,300,-600,-1.3407807929942596e+154,300,-600,-0,nan,nan,nan,nan,nan,nan,-600
0,0,-300,0,-300,300,-600,2.2250738585072014e-308,300,-600,nan,-0,-997.88482769295672,-997.88482769295672,-300,nan,nan,-300
1,0,-300,0,-300,300,-600,2.2250738585072014e-308,300,-600,0,nan,nan,nan,nan,nan,nan,-600
0,0,-300,0,-300,300,-600,-2.2250738585072014e-308,300,-600,nan,-0,-997.87937523834808,-997.87937523834808,-300,nan,nan,-300
1,0,-300,0,-300,300,-600,-2.2250738585072014e-308,300,-600,0,nan,nan,nan,nan,nan,nan,-600
0,0,-300,0,-300,300,-600,4.9406564584124654e-324,300,-600,nan,-0,-997.9333652791031,-997.9333652791031,-300,nan,nan,-300
1,0,-300,0,-300,300,-600,4.9406564584124654e-324,300,-600,0,nan,nan,nan,nan,nan,nan,-600
0,0,-300,0,-300,300,-600,-4.9406564584124654e-324,300,-600,nan,-0,-997.84702772270532,-997.84702772270532,-300,nan,nan,-300
1,0,-300,0,-300,300,-600,-4.9406564584124654e-324,300,-600,0,nan,nan,nan,nan,nan,nan,-600
0,0,-300,0,-300,300,-600,1.7976931348623157e+308,300,-600,nan,-0,-997.95601757910083,-997.95601757910083,-300,nan,nan,-300
1,0,-300,0,-300,300,-600,1.7976931348623157e+308,300,-600,nan,nan,nan,nan,nan,nan,nan,-600
0,0,-300,0,-300,300,-600,-1.7976931348623157e+308,300,-600,nan,-0,-998.00190363413344,-998.00190363413344,-300,nan,nan,-300
1,0,-300,0,-300,300,-600,-1.7976931348623157e+308,300,-600,nan,nan,nan,nan,nan,nan,nan,-600
0,0,-300,0,-300,300,-600,1e-300,300,-600,nan,-0,-997.98789367209054,-997.98789367209054,-300,nan,nan,-300
1,0,-300,0,-300,300,-600,1e-300,300,-600,0,nan,nan,nan,nan,nan,nan,-600
0,0,-300,0,-300,300,-600,-1e-300,300,-600,nan,-0,-997.93054585474329,-997.93054585474329,-300,nan,nan,-300
1,0,-300,0,-300,300,-600,-1e-300,300,-600,0,nan,nan,nan,nan,nan,nan,-600
0,0,-300,0,-300,300,-600,1e-155,300,-600,nan,-0,-997.86566001987478,-997.86566001987478,-300,nan,nan,-300
1,0,-300,0,-300,300,-600,1e-155,300,-600,0,nan,nan,nan,nan,nan,nan,-600
0,0,-300,0,-300,300,-600,-1e-155,300,-600,nan,-0,-998.02234409426615,-998.02234409426615,-300,nan,nan,-300
1,0,-300,0,-300,300,-600,-1e-155,300,-600,0,nan,nan,nan,nan,nan,nan,-600
0,0,-300,0,-300,300,-600,1e-100,300,-600,nan,-0,-997.81772482187819,-997.81772482187819,-300,nan,nan,-300
1,0,-300,0,-300,300,-600,1e-100,300,-600,0,nan,nan,nan,nan,nan,nan,-600
0,0,-300,0,-300,300,-600,-1e-100,300,-600,nan,-0,-997.92857433022584,-997.92857433022584,-300,nan,nan,-300
1,0,-300,0,-300,300,-600,-1e-100,300,-600,0,nan,nan,nan,nan,nan,nan,-600
0,0,-300,0,-300,300,-600,1e-10,300,-600,nan,-0,-997.80921950558013,-997.80921950558013,-300,nan,nan,-300
1,0,-300,0,-300,300,-600,1e-10,300,-600,0,nan,nan,nan,nan,nan,nan,-600
0,0,-300,0,-300,300,-600,-1e-10,300,-600,nan,-0,-997.97059385993191,-997.97059385993191,-300,nan,nan,-300
1,0,-300,0,-300,300,-600,-1e-10,300,-600,0,nan,nan,nan,nan,nan,nan,-600
0,0,-300,0,-300,300,-600,10000000000,300,-600,nan,-0,-998.02304704558981,-998.02304704558981,-300,nan,nan,-300
1,0,-300,0,-300,300,-600,10000000000,300,-600,0,nan,nan,nan,nan,nan,nan,-600
0,0,-300,0,-300,300,-600,-10000000000,300,-600,nan,-0,-998.02323698498446,-998.02323698498446,-300,nan,nan,-300
1,0,-300,0,-300,300,-600,-10000000000,300,-600,-0,nan,nan,nan,nan,nan,nan,-600
0,0,-300,0,-300,300,-600,1e+100,300,-600,nan,-0,-997.87334566054767,-997.87334566054767,-300,nan,nan,-300
1,0,-300,0,-300,300,-600,1e+100,300,-600,0,nan,nan,nan,nan,nan,nan,-600
0,0,-300,0,-300,300,-600,-1e+100,300,-600,nan,-0,-997.98898467750189,-997.98898467750189,-300,nan,nan,-300
1,0,-300,0,-300,300,-600,-1e+100,300,-600,-0,nan,nan,nan,nan,nan,nan,-600
0,0,-300,0,-300,300,-600,1e+155,300,-600,nan,-0,-997.80362656178431,-997.80362656178431,-300,nan,nan,-300
1,0,-300,0,-300,300,-600,1e+155,300,-600,0,nan,nan,nan,nan,nan,nan,-600
0,0,-300,0,-300,300,-600,-1e+155,300,-600,nan,-0,-998.020692207352,-998.020692207352,-300,nan,nan,-300
1,0,-300,0,-300,300,-600,-1e+155,300,-600,-0,nan,nan,nan,nan,nan,nan,-600
0,0,-300,0,-300,300,-600,1.0000000000000001e+300,300,-600,nan,-0,-997.92434651479482,-997.92434651479482,-300,nan,nan,-300
1,0,-300,0,-300,300,-600,1.0000000000000001e+300,300,-600,0,nan,nan,nan,nan,nan,nan,-600
0,0,-300,0,-300,300,-600,-1.0000000000000001e+300,300,-600,nan,-0,-998.04022848268278,-998.04022848268278,-300,nan,nan,-300
1,0,-300,0,-300,300,-600,-1.0000000000000001e+300,300,-600,-0,nan,nan,nan,nan,nan,nan,-600
0,0,-300,0,-300,300,-600,600,300,-600,nan,-0,-997.94605141282466,-997.94605141282466,-300,nan,nan,-300
1,0,-300,0,-300,300,-600,600,300,-600,0,nan,nan,nan,nan,nan,nan,-600
0,1,-300,0,-300,300,-600,600,300,-600,nan,-0,-997.7974895423713,-997.7974895423713,-300,nan,nan,-300
1,1,-300,0,-300,300,-600,600,300,-600,0,nan,nan,nan,nan,nan,nan,-600
0,-1,-300,0,-300,300,-600,600,300,-600,nan,-0,-997.92821371764035,-997.92821371764035,-300,nan,nan,-300
1,-1,-300,0,-300,300,-600,600,300,-600,0,nan,nan,nan,nan,nan,nan,-600
0,0.5,-300,0,-300,300,-600,600,300,-600,nan,-0,-997.97441687115247,-997.97441687115247,-300,nan,nan,-300
1,0.5,-300,0,-300,300,-600,600,300,-600,0,nan,nan,nan,nan,nan,nan,-600
0,-0.5,-300,0,-300,300,-600,600,300,-600,nan,-0,-997.91637579704809,-997.91637579704809,-300,nan,nan,-300
1,-0.5,-300,0,-300,300,-600,600,300,-600,0,nan,nan,nan,nan,nan,nan,-600
0,1.4916681462400413e-154,-300,0,-300,300,-600,600,300,-600,nan,-0,-997.98916558869905,-997.98916558869905,-300,nan,nan,-300
1,1.4916681462400413e-154,-300,0,-300,300,-600,600,300,-600,0,nan,nan,nan,nan,nan,nan,-600
0,-1.4916681462400413e-154,-300,0,-300,300,-600,600,300,-600,nan,-0,-997.87268150291175,-997.87268150291175,-300,nan,nan,-300
1,-1.4916681462400413e-154,-300,0,-300,300,-600,600,300,-600,0,nan,nan,nan,nan,nan,nan,-600
0,2.2227587494850775e-162,-300,0,-300,300,-600,600,300,-600,nan,-0,-997.83459263467296,-997.83459263467296,-300,nan,nan,-300
1,2.2227587494850775e-162,-300,0,-300,300,-600,600,300,-600,0,nan,nan,nan,nan,nan,nan,-600
0,-2.2227587494850775e-162,-300,0,-300,300,-600,600,300,-600,nan,-0,-997.83707746908283,-997.83707746908283,-300,nan,nan,-300
1,-2.2227587494850775e-162,-300,0,-300,300,-600,600,300,-600,0,nan,nan,nan,nan,nan,nan,-600
0,1.3407807929942596e+154,-300,0,-300,300,-600,600,300,-600,nan,-0,-997.88973047046227,-997.88973047046227,-300,nan,nan,-300
1,1.3407807929942596e+154,-300,0,-300,300,-600,600,300,-600,0,nan,nan,nan,nan,nan,nan,-600
0,-1.3407807929942596e+154,-300,0,-300,300,-600,600,300,-600,nan,-0,-997.79656826743337,-997.79656826743337,-997.79656826743337,nan,nan,-1.3407807929942596e+154
1,-1.3407807929942596e+154,-300,0,-300,300,-600,600,300,-600,0,nan,nan,nan,nan,nan,nan,-600
0,2.2250738585072014e-308,-300,0,-300,300,-600,600,300,-600,nan,-0,-997.84188742765468,-997.84188742765468,-300,nan,nan,-300
1,2.2250738585072014e-308,-300,0,-300,300,-600,600,300,-600,0,nan,nan,nan,nan,nan,nan,-600
0,-2.2250738585072014e-308,-300,0,-300,300,-600,600,300,-600,nan,-0,-997.93694622922578,-997.93694622922578,-300,nan,nan,-300
1,-2.2250738585072014e-308,-300,0,-300,300,-600,600,300,-600,0,nan,nan,nan,nan,nan,nan,-600
0,4.9406564584124654e-324,-300,0,-300,300,-600,600,300,-600,nan,-0,-997.98664355220853,-997.98664355220853,-300,nan,nan,-300
1,4.9406564584124654e-324,-300,0,-300,300,-600,600,300,-600,0,nan,nan,nan,nan,nan,nan,-600
0,-4.9406564584124654e-324,-300,0,-300,300,-600,600,300,-600,nan,-0,-997.8901439643455,-997.8901439643455,-300,nan,nan,-300
1,-4.9406564584124654e-324,-300,0,-300,300,-600,600,300,-600,0,nan,nan,nan,nan,nan,nan,-600
0,1.7976931348623157e+308,-300,0,-300,300,-600,600,300,-600,nan,-0,-997.93399925192421,-997.93399925192421,-300,nan,nan,-300
1,1.7976931348623157e+308,-300,0,-300,300,-600,600,300,-600,0,nan,nan,nan,nan,nan,nan,-600
0,-1.7976931348623157e+308,-300,0,-300,300,-600,600,300,-600,nan,-0,-997.81283519736905,-997.81283519736905,-997.81283519736905,nan,nan,-1.7976931348623157e+308
1,-1.7976931348623157e+308,-300,0,-300,300,-600,600,300,-600,0,nan,nan,nan,nan,nan,nan,-600
0,1e-300,-300,0,-300,300,-600,600,300,-600,nan,-0,-997.81389183787712,-997.81389183787712,-300,nan,nan,-300
1,1e-300,-300,0,-300,300,-600,600,300,-600,0,nan,nan,nan,nan,nan,nan,-600
0,-1e-300,-300,0,-300,300,-600,600,300,-600,nan,-0,-997.85417529915082,-997.85417529915082,-300,nan,nan,-300
1,-1e-300,-300,0,-300,300,-600,600,300,-600,0,nan,nan,nan,nan,nan,nan,-600
0,1e-155,-300,0,-300,300,-600,600,300,-600,nan,-0,-997.90440407054984,-997.90440407054984,-300,nan,nan,-300
1,1e-155,-300,0,-300,300,-600,600,300,-600,0,nan,nan,nan,nan,nan,nan,-600
0,-1e-155,-300,0,-300,300,-600,600,300,-600,nan,-0,-997.92151207921177,-997.92151207921177,-300,nan,nan,-300
1,-1e-155,-300,0,-300,300,-600,600,300,-600,0,nan,nan,nan,nan,nan,nan,-600
0,1e-100,-300,0,-300,300,-600,600,300,-600,nan,-0,-997.94195947797641,-997.94195947797641,-300,nan,nan,-300
1,1e-100,-300,0,-300,300,-600,600,300,-600,0,nan,nan,nan,nan,nan,nan,-600
0,-1e-100,-300,0,-300,300,-600,600,300,-600,nan,-0,-997.98232484227503,-997.98232484227503,-300,nan,nan,-300
1,-1e-100,-300,0,-300,300,-600,600,300,-600,0,nan,nan,nan,nan,nan,nan,-600
0,1e-10,-300,0,-300,300,-600,600,300,-600,nan,-0,-997.81750665812683,-997.81750665812683,-300,nan,nan,-300
1,1e-10,-300,0,-300,300,-600,600,300,-600,0,nan,nan,nan,nan,nan,nan,-600
0,-1e-10,-300,0,-300,300,-600,600,300,-600,nan,-0,-997.8962426445986,-997.8962426445986,-300,nan,nan,-300
1,-1e-10,-300,0,-300,300,-600,600,300,-600,0,nan,nan,nan,nan,nan,nan,-600
0,10000000000,-300,0,-300,300,-600,600,300,-600,nan,-0,-997.99875757488053,-997.99875757488053,-300,nan,nan,-300
1,10000000000,-300,0,-300,300,-600,600,300,-600,0,nan,nan,nan,nan,nan,nan,-600
0,-10000000000,-300,0,-300,300,-600,600,300,-600,nan,-0,-997.94791996302706,-997.94791996302706,-997.94791996302706,nan,nan,-10000000000
1,-10000000000,-300,0,-300,300,-600,600,300,-600,0,nan,nan,nan,nan,nan,nan,-600
0,1e+100,-300,0,-300,300,-600,600,300,-600,nan,-0,-997.90398533539872,-997.90398533539872,-300,nan,nan,-300
1,1e+100,-300,0,-300,300,-600,600,300,-600,0,nan,nan,nan,nan,nan,nan,-600
0,-1e+100,-300,0,-300,300,-600,600,300,-600,nan,-0,-998.0255692508922,-998.0255692508922,-998.0255692508922,nan,nan,-1e+100
1,-1e+100,-300,0,-300,300,-600,600,300,-600,0,nan,nan,nan,nan,nan,nan,-600
0,1e+155,-300,0,-300,300,-600,600,300,-600,nan,-0,-998.00208490516366,-998.00208490516366,-300,nan,nan,-300
1,1e+155,-300,0,-300,300,-600,600,300,-600,0,nan,nan,nan,nan,nan,nan,-600
0,-1e+155,-300,0,-300,300,-600,600,300,-600,nan,-0,-997.96620424501748,-997.96620424501748,-997.96620424501748,nan,nan,-1e+155
1,-1e+155,-300,0,-300,300,-600,600,300,-600,0,nan,nan,nan,nan,nan,nan,-600
0,1.0000000000000001e+300,-300,0,-300,300,-600,600,300,-600,nan,-0,-997.80372272917589,-997.80372272917589,-300,nan,nan,-300
1,1.0000000000000001e+300,-300,0,-300,300,-600,600,300,-600,0,nan,nan,nan,nan,nan,nan,-600
0,-1.0000000000000001e+300,-300,0,-300,300,-600,600,300,-600,nan,-0,-998.0219402594322,-998.0219402594322,-998.0219402594322,nan,nan,-1.0000000000000001e+300
1,-1.0000000000000001e+300,-300,0,-300,300,-600,600,300,-600,0,nan,nan,nan,nan,nan,nan,-600
0,0,0,0,-300,300,-600,600,300,-600,nan,-0,-997.93794337186625,-997.93794337186625,0,nan,nan,0
1,0,0,0,-300,300,-600,600,300,-600,0,nan,nan,nan,nan,nan,nan,-600
0,0,1,0,-300,300,-600,600,300,-600,nan,-0,-998.00133633526548,-998.00133633526548,0,nan,nan,0
1,0,1,0,-300,300,-600,600,300,-600,0,nan,nan,nan,nan,nan,nan,-600
0,0,-1,0,-300,300,-600,600,300,-600,nan,-0,-997.88640727899281,-997.88640727899281,-1,nan,nan,-1
1,0,-1,0,-300,300,-600,600,300,-600,0,nan,nan,nan,nan,nan,nan,-600
0,0,0.5,0,-300,300,-600,600,300,-600,nan,-0,-997.82712282360592,-997.82712282360592,0,nan,nan,0
1,0,0.5,0,-300,300,-600,600,300,-600,0,nan,nan,nan,nan,nan,nan,-600
0,0,-0.5,0,-300,300,-600,600,300,-600,nan,-0,-997.82680543132142,-997.82680543132142,-0.5,nan,nan,-0.5
1,0,-0.5,0,-300,300,-600,600,300,-600,0,nan,nan,nan,nan,nan,nan,-600
0,0,1.4916681462400413e-154,0,-300,300,-600,600,300,-600,nan,-0,-997.89772256523349,-997.89772256523349,0,nan,nan,0
1,0,1.4916681462400413e-154,0,-300,300,-600,600,300,-600,0,nan,nan,nan,nan,nan,nan,-600
0,0,-1.4916681462400413e-154,0,-300,300,-600,600,300,-600,nan,-0,-997.81383580998806,-997.81383580998806,-1.4916681462400413e-154,nan,nan,-1.4916681462400413e-154
1,0,-1.4916681462400413e-154,0,-300,300,-600,600,300,-600,0,nan,nan,nan,nan,nan,nan,-600
0,0,2.2227587494850775e-162,0,-300,300,-600,600,300,-600,nan,-0,-997.82913444353596,-997.82913444353596,0,nan,nan,0
1,0,2.2227587494850775e-162,0,-300,300,-600,600,300,-600,0,nan,nan,nan,nan,nan,nan,-600
0,0,-2.2227587494850775e-162,0,-300,300,-600,600,300,-600,nan,-0,-997.81082714959837,-997.81082714959837,-2.2227587494850775e-162,nan,nan,-2.2227587494850775e-162
1,0,-2.2227587494850775e-162,0,-300,300,-600,600,300,-600,0,nan,nan,nan,nan,nan,nan,-600
0,0,1.3407807929942596e+154,0,-300,300,-600,600,300,-600,nan,-0,-997.9900301952805,-997.9900301952805,0,nan,nan,0
1,0,1.3407807929942596e+154,0,-300,300,-600,600,300,-600,0,nan,nan,nan,nan,nan,nan,-600
0,0,-1.3407807929942596e+154,0,-300,300,-600,600,300,-600,nan,-0,-997.94782632299416,-997.94782632299416,-1.3407807929942596e+154,nan,nan,-1.3407807929942596e+154
1,0,-1.3407807929942596e+154,0,-300,300,-600,600,300,-600,0,nan,nan,nan,nan,nan,nan,-600
0,0,2.2250738585072014e-308,0,-300,300,-600,600,300,-600,nan,-0,-997.87242621621522,-997.87242621621522,0,nan,nan,0
1,0,2.2250738585072014e-308,0,-300,300,-600,600,300,-600,0,nan,nan,nan,nan,nan,nan,-600
0,0,-2.2250738585072014e-308,0,-300,300,-600,600,300,-600,nan,-0,-997.82894665577862,-997.82894665577862,-2.2250738585072014e-308,nan,nan,-2.2250738585072014e-308
1,0,-2.2250738585072014e-308,0,-300,300,-600,600,300,-600,0,nan,nan,nan,nan,nan,nan,-600
0,0,4.9406564584124654e-324,0,-300,300,-600,600,300,-600,nan,-0,-997.94399598066218,-997.94399598066218,0,nan,nan,0
1,0,4.9406564584124654e-324,0,-300,300,-600,600,300,-600,0,nan,nan,nan,nan,nan,nan,-600
0,0,-4.9406564584124654e-324,0,-300,300,-600,600,300,-600,nan,-0,-997.88069029622648,-997.88069029622648,-4.9406564584124654e-324,nan,nan,-4.9406564584124654e-324
1,0,-4.9406564584124654e-324,0,-300,300,-600,600,300,-600,0,nan,nan,nan,nan,nan,nan,-600
0,0,1.7976931348623157e+308,0,-300,300,-600,600,300,-600,nan,-0,-997.95189626753609,-997.95189626753609,0,nan,nan,0
1,0,1.7976931348623157e+308,0,-300,300,-600,600,300,-600,0,nan,nan,nan,nan,nan,nan,-600
0,0,-1.7976931348623157e+308,0,-300,300,-600,600,300,-600,nan,-0,-998.0152455093687,-998.0152455093687,-1.7976931348623157e+308,nan,nan,-1.7976931348623157e+308
1,0,-1.7976931348623157e+308,0,-300,300,-600,600,300,-600,0,nan,nan,nan,nan,nan,nan,-600
0,0,1e-300,0,-300,300,-600,600,300,-600,nan,-0,-997.85524286766554,-997.85524286766554,0,nan,nan,0
1,0,1e-300,0,-300,300,-600,600,300,-600,0,nan,nan,nan,nan,nan,nan,-600
0,0,-1e-300,0,-300,300,-600,600,300,-600,nan,-0,-997.83994817525104,-997.83994817525104,-1e-300,nan,nan,-1e-300
1,0,-1e-300,0,-300,300,-600,600,300,-600,0,nan,nan,nan,nan,nan,nan,-600
0,0,1e-155,0,-300,300,-600,600,300,-600,nan,-0,-997.90037739583966,-997.90037739583966,0,nan,nan,0
1,0,1e-155,0,-300,300,-600,600,300,-600,0,nan,nan,nan,nan,nan,nan,-600
0,0,-1e-155,0,-300,300,-600,600,300,-600,nan,-0,-997.85821948175976,-997.85821948175976,-1e-155,nan,nan,-1e-155
1,0,-1e-155,0,-300,300,-600,600,300,-600,0,nan,nan,nan,nan,nan,nan,-600
0,0,1e-100,0,-300,300,-600,600,300,-600,nan,-0,-997.85262891483444,-997.85262891483444,0,nan,nan,0
1,0,1e-100,0,-300,300,-600,600,300,-600,0,nan,nan,nan,nan,nan,nan,-600
0,0,-1e-100,0,-300,300,-600,600,300,-600,nan,-0,-997.80746837968809,-997.80746837968809,-1e-100,nan,nan,-1e-100
1,0,-1e-100,0,-300,300,-600,600,300,-600,0,nan,nan,nan,nan,nan,nan,-600
0,0,1e-10,0,-300,300,-600,600,300,-600,nan,-0,-997.8919025483757,-997.8919025483757,0,nan,nan,0
1,0,1e-10,0,-300,300,-600,600,300,-600,0,nan,nan,nan,nan,nan,nan,-600
0,0,-1e-10,0,-300,300,-600,600,300,-600,nan,-0,-997.96661634512122,-997.96661634512122,-1e-10,nan,nan,-1e-10
1,0,-1e-10,0,-300,300,-600,600,300,-600,0,nan,nan,nan,nan,nan,nan,-600
0,0,10000000000,0,-300,300,-600,600,300,-600,nan,-0,-997.92279735597037,-997.92279735597037,0,nan,nan,0
1,0,10000000000,0,-300,300,-600,600,300,-600,0,nan,nan,nan,nan,nan,nan,-600
0,0,-10000000000,0,-300,300,-600,600,300,-600,nan,-0,-997.88486854172595,-997.88486854172595,-10000000000,nan,nan,-10000000000
1,0,-10000000000,0,-300,300,-600,600,300,-600,0,nan,nan,nan,nan,nan,nan,-600
0,0,1e+100,0,-300,300,-600,600,300,-600,nan,-0,-998.03953353268855,-998.03953353268855,0,nan,nan,0
1,0,1e+100,0,-300,300,-600,600,300,-600,0,nan,nan,nan,nan,nan,nan,-600
0,0,-1e+100,0,-300,300,-600,600,300,-600,nan,-0,-997.79778602185206,-997.79778602185206,-1e+100,nan,nan,-1e+100
1,0,-1e+100,0,-300,300,-600,600,300,-600,0,nan,nan,nan,nan,nan,nan,-600
0,0,1e+155,0,-300,300,-600,600,300,-600,nan,-0,-997.82617149887653,-997.82617149887653,0,nan,nan,0
1,0,1e+155,0,-300,300,-600,600,300,-600,0,nan,nan,nan,nan,nan,nan,-600
0,0,-1e+155,0,-300,300,-600,600,300,-600,nan,-0,-997.81740890255048,-997.81740890255048,-1e+155,nan,nan,-1e+155
1,0,-1e+155,0,-300,300,-600,600,300,-600,0,nan,nan,nan,nan,nan,nan,-600
0,0,1.0000000000000001e+300,0,-300,300,-600,600,300,-600,nan,-0,-997.89314652444398,-997.89314652444398,0,nan,nan,0
1,0,1.0000000000000001e+300,0,-300,300,-600,600,300,-600,0,nan,nan,nan,nan,nan,nan,-600
0,0,-1.0000000000000001e+300,0,-300,300,-600,600,300,-600,nan,-0,-998.0474686407872,-998.0474686407872,-1.0000000000000001e+300,nan,nan,-1.0000000000000001e+300
1,0,-1.0000000000000001e+300,0,-300,300,-600,600,300,-600,0,nan,nan,nan,nan,nan,nan,-600
0,0,-300,0,-300,300,-600,600,0,-600,nan,-0,-997.95359034848275,-997.95359034848275,-300,nan,nan,-300
1,0,-300,0,-300,300,-600,600,0,-600,0,nan,nan,nan,nan,nan,nan,-600
0,0,-300,0,-300,300,-600,600,1,-600,nan,-0,-997.90088074819278,-997.90088074819278,-300,nan,nan,-300
1,0,-300,0,-300,300,-600,600,1,-600,0,nan,nan,nan,nan,nan,nan,-600
0,0,-300,0,-300,300,-600,600,-1,-600,nan,-0,-997.92364333829721,-997.92364333829721,-300,nan,nan,-300
1,0,-300,0,-300,300,-600,600,-1,-600,-0,nan,nan,nan,nan,nan,nan,-600
0,0,-300,0,-300,300,-600,600,0.5,-600,nan,-0,-998.02284044469548,-998.02284044469548,-300,nan,nan,-300
1,0,-300,0,-300,300,-600,600,0.5,-600,0,nan,nan,nan,nan,nan,nan,-600
0,0,-300,0,-300,300,-600,600,-0.5,-600,nan,-0,-997.92719265017922,-997.92719265017922,-300,nan,nan,-300
1,0,-300,0,-300,300,-600,600,-0.5,-600,-0,nan,nan,nan,nan,nan,nan,-600
0,0,-300,0,-300,300,-600,600,1.4916681462400413e-154,-600,nan,-0,-997.80694978136478,-997.80694978136478,-300,nan,nan,-300
1,0,-300,0,-300,300,-600,600,1.4916681462400413e-154,-600,0,nan,nan,nan,nan,nan,nan,-600
0,0,-300,0,-300,300,-600,600,-1.4916681462400413e-154,-600,nan,-0,-997.79662199262339,-997.79662199262339,-300,nan,nan,-300
1,0,-300,0,-300,300,-600,600,-1.4916681462400413e-154,-600,0,nan,nan,nan,nan,nan,nan,-600
0,0,-300,0,-300,300,-600,600,2.2227587494850775e-162,-600,nan,-0,-997.91605930485161,-997.91605930485161,-300,nan,nan,-300
1,0,-300,0,-300,300,-600,600,2.2227587494850775e-162,-600,0,nan,nan,nan,nan,nan,nan,-600
0,0,-300,0,-300,300,-600,600,-2.2227587494850775e-162,-600,nan,-0,-997.9851757574296,-997.9851757574296,-300,nan,nan,-300
1,0,-300,0,-300,300,-600,600,-2.2227587494850775e-162,-600,0,nan,nan,nan,nan,nan,nan,-600
0,0,-300,0,-300,300,-600,600,1.3407807929942596e+154,-600,nan,-0,-998.04619366674069,-998.04619366674069,-300,nan,nan,-300
1,0,-300,0,-300,300,-600,600,1.3407807929942596e+154,-600,0,nan,nan,nan,nan,nan,nan,-600
0,0,-300,0,-300,300,-600,600,-1.3407807929942596e+154,-600,nan,-0,-997.85830577196441,-997.85830577196441,-300,nan,nan,-300
1,0,-300,0,-300,300,-600,600,-1.3407807929942596e+154,-600,-0,nan,nan,nan,nan,nan,nan,-600
0,0,-300,0,-300,300,-600,600,2.2250738585072014e-308,-600,nan,-0,-997.95206639522598,-997.95206639522598,-300,nan,nan,-300
1,0,-300,0,-300,300,-600,600,2.2250738585072014e-308,-600,0,nan,nan,nan,nan,nan,nan,-600
0,0,-300,0,-300,300,-600,600,-2.2250738585072014e-308,-600,nan,-0,-997.97425119251113,-997.97425119251113,-300,nan,nan,-300
1,0,-300,0,-300,300,-600,600,-2.2250738585072014e-308,-600,0,nan,nan,nan,nan,nan,nan,-600
0,0,-300,0,-300,300,-600,600,4.9406564584124654e-324,-600,nan,-0,-997.95403674015017,-997.95403674015017,-300,nan,nan,-300
1,0,-300,0,-300,300,-600,600,4.9406564584124654e-324,-600,0,nan,nan,nan,nan,nan,nan,-600
0,0,-300,0,-300,300,-600,600,-4.9406564584124654e-324,-600,nan,-0,-998.03533866471219,-998.03533866471219,-300,nan,nan,-300
1,0,-300,0,-300,300,-600,600,-4.9406564584124654e-324,-600,0,nan,nan,nan,nan,nan,nan,-600
0,0,-300,0,-300,300,-600,600,1.7976931348623157e+308,-600,nan,-0,-997.93926410771223,nan,-300,nan,nan,-300
1,0,-300,0,-300,300,-600,600,1.7976931348623157e+308,-600,nan,nan,nan,nan,nan,nan,nan,-600
0,0,-300,0,-300,300,-600,600,-1.7976931348623157e+308,-600,nan,-0,-998.00807392834747,nan,-300,nan,nan,-300
1,0,-300,0,-300,300,-600,600,-1.7976931348623157e+308,-600,nan,nan,nan,nan,nan,nan,nan,-600
0,0,-300,0,-300,300,-600,600,1e-300,-600,nan,-0,-997.81705165549306,-997.81705165549306,-300,nan,nan,-300
1,0,-300,0,-300,300,-600,600,1e-300,-600,0,nan,nan,nan,nan,nan,nan,-600
0,0,-300,0,-300,300,-600,600,-1e-300,-600,nan,-0,-997.93429302161587,-997.93429302161587,-300,nan,nan,-300
1,0,-300,0,-300,300,-600,600,-1e-300,-600,0,nan,nan,nan,nan,nan,nan,-600
0,0,-300,0,-300,300,-600,600,1e-155,-600,nan,-0,-997.8475772534598,-997.8475772534598,-300,nan,nan,-300
1,0,-300,0,-300,300,-600,600,1e-155,-600,0,nan,nan,nan,nan,nan,nan,-600
0,0,-300,0,-300,300,-600,600,-1e-155,-600,nan,-0,-997.97931886732067,-997.97931886732067,-300,nan,nan,-300
1,0,-300,0,-300,300,-600,600,-1e-155,-600,0,nan,nan,nan,nan,nan,nan,-600
0,0,-300,0,-300,300,-600,600,1e-100,-600,nan,-0,-997.94749379409666,-997.94749379409666,-300,nan,nan,-300
1,0,-300,0,-300,300,-600,600,1e-100,-600,0,nan,nan,nan,nan,nan,nan,-600
0,0,-300,0,-300,300,-600,600,-1e-100,-600,nan,-0,-997.8979369707431,-997.8979369707431,-300,nan,nan,-300
1,0,-300,0,-300,300,-600,600,-1e-100,-600,0,nan,nan,nan,nan,nan,nan,-600
0,0,-300,0,-300,300,-600,600,1e-10,-600,nan,-0,-997.92434214798448,-997.92434214798448,-300,nan,nan,-300
1,0,-300,0,-300,300,-600,600,1e-10,-600,0,nan,nan,nan,nan,nan,nan,-600
0,0,-300,0,-300,300,-600,600,-1e-10,-600,nan,-0,-997.84200360881732,-997.84200360881732,-300,nan,nan,-300
1,0,-300,0,-300,300,-600,600,-1e-10,-600,0,nan,nan,nan,nan,nan,nan,-600
0,0,-300,0,-300,300,-600,600,10000000000,-600,nan,-0,-997.86322089048224,-997.86322089048224,-300,nan,nan,-300
1,0,-300,0,-300,300,-600,600,10000000000,-600,0,nan,nan,nan,nan,nan,nan,-600
0,0,-300,0,-300,300,-600,600,-10000000000,-600,nan,-0,-997.81741691360628,-997.81741691360628,-300,nan,nan,-300
1,0,-300,0,-300,300,-600,600,-10000000000,-600,-0,nan,nan,nan,nan,nan,nan,-600
0,0,-300,0,-300,300,-600,600,1e+100,-600,nan,-0,-997.95561374671365,-997.95561374671365,-300,nan,nan,-300
1,0,-300,0,-300,300,-600,600,1e+100,-600,0,nan,nan,nan,nan,nan,nan,-600
0,0,-300,0,-300,300,-600,600,-1e+100,-600,nan,-0,-997.83528660391971,-997.83528660391971,-300,nan,nan,-300
1,0,-300,0,-300,300,-600,600,-1e+100,-600,-0,nan,nan,nan,nan,nan,nan,-600
0,0,-300,0,-300,300,-600,600,1e+155,-600,nan,-0,-997.89571327995566,-997.89571327995566,-300,nan,nan,-300
1,0,-300,0,-300,300,-600,600,1e+155,-600,0,nan,nan,nan,nan,nan,nan,-600
0,0,-300,0,-300,300,-600,600,-1e+155,-600,nan,-0,-997.9843333298345,-997.9843333298345,-300,nan,nan,-300
1,0,-300,0,-300,300,-600,600,-1e+155,-600,-0,nan,nan,nan,nan,nan,nan,-600
0,0,-300,0,-300,300,-600,600,1.0000000000000001e+300,-600,nan,-0,-997.91303557603544,-997.91303557603544,-300,nan,nan,-300
1,0,-300,0,-300,300,-600,600,1.0000000000000001e+300,-600,0,nan,nan,nan,nan,nan,nan,-600
0,0,-300,0,-300,300,-600,600,-1.0000000000000001e+300,-600,nan,-0,-997.97243847318339,-997.97243847318339,-300,nan,nan,-300
1,0,-300,0,-300,300,-600,600,-1.0000000000000001e+300,-600,-0,nan,nan,nan,nan,nan,nan,-600
0,0,-300,0,-300,300,-600,600,300,0,nan,-0,-997.96762624432279,-997.96762624432279,-300,nan,nan,-300
1,0,-300,0,-300,300,-600,600,300,0,0,nan,nan,nan,nan,nan,nan,0
0,0,-300,0,-300,300,-600,600,300,1,nan,-0,-997.9070041987585,-997.9070041987585,-300,nan,nan,-300
1,0,-300,0,-300,300,-600,600,300,1,0,nan,nan,nan,nan,nan,nan,1
0,0,-300,0,-300,300,-600,600,300,-1,nan,-0,-997.91493238194573,-997.91493238194573,-300,nan,nan,-300
1,0,-300,0,-300,300,-600,600,300,-1,0,nan,nan,nan,nan,nan,nan,-1
0,0,-300,0,-300,300,-600,600,300,0.5,nan,-0,-997.98274304953202,-997.98274304953202,-300,nan,nan,-300
1,0,-300,0,-300,300,-600,600,300,0.5,0,nan,nan,nan,nan,nan,nan,0.5
0,0,-300,0,-300,300,-600,600,300,-0.5,nan,-0,-998.01601996717022,-998.01601996717022,-300,nan,nan,-300
1,0,-300,0,-300,300,-600,600,300,-0.5,0,nan,nan,nan,nan,nan,nan,-0.5
0,0,-300,0,-300,300,-600,600,300,1.4916681462400413e-154,nan,-0,-997.94124379718835,-997.94124379718835,-300,nan,nan,-300
1,0,-300,0,-300,300,-600,600,300,1.4916681462400413e-154,0,nan,nan,nan,nan,nan,nan,1.4916681462400413e-154
0,0,-300,0,-300,300,-600,600,300,-1.4916681462400413e-154,nan,-0,-997.94224980984916,-997.94224980984916,-300,nan,nan,-300
1,0,-300,0,-300,300,-600,600,300,-1.4916681462400413e-154,0,nan,nan,nan,nan,nan,nan,-1.4916681462400413e-154
0,0,-300,0,-300,300,-600,600,300,2.2227587494850775e-162,nan,-0,-998.03078116699317,-998.03078116699317,-300,nan,nan,-300
1,0,-300,0,-300,300,-600,600,300,2.2227587494850775e-162,0,nan,nan,nan,nan,nan,nan,2.2227587494850775e-162
0,0,-300,0,-300,300,-600,600,300,-2.2227587494850775e-162,nan,-0,-997.93484724285713,-997.93484724285713,-300,nan,nan,-300
1,0,-300,0,-300,300,-600,600,300,-2.2227587494850775e-162,0,nan,nan,nan,nan,nan,nan,-2.2227587494850775e-162
0,0,-300,0,-300,300,-600,600,300,1.3407807929942596e+154,nan,-0,-997.99519734010971,-997.99519734010971,-300,nan,nan,-300
1,0,-300,0,-300,300,-600,600,300,1.3407807929942596e+154,0,nan,nan,nan,nan,nan,nan,1.3407807929942596e+154
0,0,-300,0,-300,300,-600,600,300,-1.3407807929942596e+154,nan,-0,-997.87998890190784,-997.87998890190784,-300,nan,nan,-300
1,0,-300,0,-300,300,-600,600,300,-1.3407807929942596e+154,0,nan,nan,nan,nan,nan,nan,-1.3407807929942596e+154
0,0,-300,0,-300,300,-600,600,300,2.2250738585072014e-308,nan,-0,-997.90888042816255,-997.90888042816255,-300,nan,nan,-300
1,0,-300,0,-300,300,-600,600,300,2.2250738585072014e-308,0,nan,nan,nan,nan,nan,nan,2.2250738585072014e-308
0,0,-300,0,-300,300,-600,600,300,-2.2250738585072014e-308,nan,-0,-997.97726184364012,-997.97726184364012,-300,nan,nan,-300
1,0,-300,0,-300,300,-600,600,300,-2.2250738585072014e-308,0,nan,nan,nan,nan,nan,nan,-2.2250738585072014e-308
0,0,-300,0,-300,300,-600,600,300,4.9406564584124654e-324,nan,-0,-998.00503338424198,-998.00503338424198,-300,nan,nan,-300
1,0,-300,0,-300,300,-600,600,300,4.9406564584124654e-324,0,nan,nan,nan,nan,nan,nan,4.9406564584124654e-324
0,0,-300,0,-300,300,-600,600,300,-4.9406564584124654e-324,nan,-0,-997.86385926906132,-997.86385926906132,-300,nan,nan,-300
1,0,-300,0,-300,300,-600,600,300,-4.9406564584124654e-324,0,nan,nan,nan,nan,nan,nan,-4.9406564584124654e-324
0,0,-300,0,-300,300,-600,600,300,1.7976931348623157e+308,nan,-0,-997.87922227952527,-997.87922227952527,-300,nan,nan,-300
1,0,-300,0,-300,300,-600,600,300,1.7976931348623157e+308,0,nan,nan,nan,nan,nan,nan,1.7976931348623157e+308
0,0,-300,0,-300,300,-600,600,300,-1.7976931348623157e+308,nan,-0,-998.0187710937164,-998.0187710937164,-300,nan,nan,-300
1,0,-300,0,-300,300,-600,600,300,-1.7976931348623157e+308,0,nan,nan,nan,nan,nan,nan,-1.7976931348623157e+308
0,0,-300,0,-300,300,-600,600,300,1e-300,nan,-0,-997.97406722085009,-997.97406722085009,-300,nan,nan,-300
1,0,-300,0,-300,300,-600,600,300,1e-300,0,nan,nan,nan,nan,nan,nan,1e-300
0,0,-300,0,-300,300,-600,600,300,-1e-300,nan,-0,-997.81611559973726,-997.81611559973726,-300,nan,nan,-300
1,0,-300,0,-300,300,-600,600,300,-1e-300,0,nan,nan,nan,nan,nan,nan,-1e-300
0,0,-300,0,-300,300,-600,600,300,1e-155,nan,-0,-997.89300762770995,-997.89300762770995,-300,nan,nan,-300
1,0,-300,0,-300,300,-600,600,300,1e-155,0,nan,nan,nan,nan,nan,nan,1e-155
0,0,-300,0,-300,300,-600,600,300,-1e-155,nan,-0,-997.87057847920016,-997.87057847920016,-300,nan,nan,-300
1,0,-300,0,-300,300,-600,600,300,-1e-155,0,nan,nan,nan,nan,nan,nan,-1e-155
0,0,-300,0,-300,300,-600,600,300,1e-100,nan,-0,-997.94145970334705,-997.94145970334705,-300,nan,nan,-300
1,0,-300,0,-300,300,-600,600,300,1e-100,0,nan,nan,nan,nan,nan,nan,1e-100
0,0,-300,0,-300,300,-600,600,300,-1e-100,nan,-0,-997.88242535152631,-997.88242535152631,-300,nan,nan,-300
1,0,-300,0,-300,300,-600,600,300,-1e-100,0,nan,nan,nan,nan,nan,nan,-1e-100
0,0,-300,0,-300,300,-600,600,300,1e-10,nan,-0,-997.94413914549853,-997.94413914549853,-300,nan,nan,-300
1,0,-300,0,-300,300,-600,600,300,1e-10,0,nan,nan,nan,nan,nan,nan,1e-10
0,0,-300,0,-300,300,-600,600,300,-1e-10,nan,-0,-997.96740010952931,-997.96740010952931,-300,nan,nan,-300
1,0,-300,0,-300,300,-600,600,300,-1e-10,0,nan,nan,nan,nan,nan,nan,-1e-10
0,0,-300,0,-300,300,-600,600,300,10000000000,nan,-0,-997.9895194045888,-997.9895194045888,-300,nan,nan,-300
1,0,-300,0,-300,300,-600,600,300,10000000000,0,nan,nan,nan,nan,nan,nan,10000000000
0,0,-300,0,-300,300,-600,600,300,-10000000000,nan,-0,-997.83314550814237,-997.83314550814237,-300,nan,nan,-300
1,0,-300,0,-300,300,-600,600,300,-10000000000,0,nan,nan,nan,nan,nan,nan,-10000000000
0,0,-300,0,-300,300,-600,600,300,1e+100,nan,-0,-997.85776693385799,-997.85776693385799,-300,nan,nan,-300
1,0,-300,0,-300,300,-600,600,300,1e+100,0,nan,nan,nan,nan,nan,nan,1e+100
0,0,-300,0,-300,300,-600,600,300,-1e+100,nan,-0,-997.89890186773312,-997.89890186773312,-300,nan,nan,-300
1,0,-300,0,-300,300,-600,600,300,-1e+100,0,nan,nan,nan,nan,nan,nan,-1e+100
0,0,-300,0,-300,300,-600,600,300,1e+155,nan,-0,-997.83351608111423,-997.83351608111423,-300,nan,nan,-300
1,0,-300,0,-300,300,-600,600,300,1e+155,0,nan,nan,nan,nan,nan,nan,1e+155
0,0,-300,0,-300,300,-600,600,300,-1e+155,nan,-0,-997.92790409100689,-997.92790409100689,-300,nan,nan,-300
1,0,-300,0,-300,300,-600,600,300,-1e+155,0,nan,nan,nan,nan,nan,nan,-1e+155
0,0,-300,0,-300,300,-600,600,300,1.0000000000000001e+300,nan,-0,-997.85717940938798,-997.85717940938798,-300,nan,nan,-300
1,0,-300,0,-300,300,-600,600,300,1.0000000000000001e+300,0,nan,nan,nan,nan,nan,nan,1.0000000000000001e+300
0,0,-300,0,-300,300,-600,600,300,-1.0000000000000001e+300,nan,-0,-997.87365377971128,-997.87365377971128,-300,nan,nan,-300
1,0,-300,0,-300,300,-600,600,300,-1.0000000000000001e+300,0,nan,nan,nan,nan,nan,nan,-1.0000000000000001e+300
0,0,0,1e-156,0,0,0,0,0,0,nan,0,-997.86826788392602,-997.86826788392602,0,nan,nan,0
1,0,0,1e-156,0,0,0,0,0,0,1e-156,nan,nan,nan,nan,nan,nan,0
0,1.0000000000000001e+300,1.0000000000000001e+300,1e-156,1.0000000000000001e+300,1.0000000000000001e+300,1.0000000000000001e+300,1.0000000000000001e+300,1.0000000000000001e+300,1.0000000000000001e+300,nan,1e+144,-997.9368832733162,inf,1.0000000000000001e+300,nan,nan,1.0000000000000001e+300
1,1.0000000000000001e+300,1.0000000000000001e+300,1e-156,1.0000000000000001e+300,1.0000000000000001e+300,1.0000000000000001e+300,1.0000000000000001e+300,1.0000000000000001e+300,1.0000000000000001e+300,nan,nan,nan,nan,nan,nan,nan,1.0000000000000001e+300
0,1.3407807929942596e+154,1.3407807929942596e+154,1e-156,1.3407807929942596e+154,1.3407807929942596e+154,1.3407807929942596e+154,1.3407807929942596e+154,1.3407807929942596e+154,1.3407807929942596e+154,nan,0.013407807929942596,-997.92732977414948,1.7976931348623155e+152,1.3407807929942596e+154,nan,nan,1.3407807929942596e+154
1,1.3407807929942596e+154,1.3407807929942596e+154,1e-156,1.3407807929942596e+154,1.3407807929942596e+154,1.3407807929942596e+154,1.3407807929942596e+154,1.3407807929942596e+154,1.3407807929942596e+154,9.9999999999999978e-157,nan,nan,nan,nan,nan,nan,1.3407807929942596e+154
0,-1.3407807929942596e+154,-1.3407807929942596e+154,1e-156,-1.3407807929942596e+154,-1.3407807929942596e+154,-1.3407807929942596e+154,-1.3407807929942596e+154,-1.3407807929942596e+154,-1.3407807929942596e+154,nan,-0.013407807929942596,-997.83317580566097,1.7976931348623155e+152,-1.3407807929942596e+154,nan,nan,-1.3407807929942596e+154
1,-1.3407807929942596e+154,-1.3407807929942596e+154,1e-156,-1.3407807929942596e+154,-1.3407807929942596e+154,-1.3407807929942596e+154,-1.3407807929942596e+154,-1.3407807929942596e+154,-1.3407807929942596e+154,9.9999999999999978e-157,nan,nan,nan,nan,nan,nan,-1.3407807929942596e+154
0,0,0,1.0000000000000001e-158,0,0,0,0,0,0,nan,0,-997.90282391868311,-997.90282391868311,0,nan,nan,0
1,0,0,1.0000000000000001e-158,0,0,0,0,0,0,1.0000000000000001e-158,nan,nan,nan,nan,nan,nan,0
0,1.0000000000000001e+300,1.0000000000000001e+300,1.0000000000000001e-158,1.0000000000000001e+300,1.0000000000000001e+300,1.0000000000000001e+300,1.0000000000000001e+300,1.0000000000000001e+300,1.0000000000000001e+300,nan,1.0000000000000001e+142,-997.92066013481337,inf,1.0000000000000001e+300,nan,nan,1.0000000000000001e+300
1,1.0000000000000001e+300,1.0000000000000001e+300,1.0000000000000001e-158,1.0000000000000001e+300,1.0000000000000001e+300,1.0000000000000001e+300,1.0000000000000001e+300,1.0000000000000001e+300,1.0000000000000001e+300,nan,nan,nan,nan,nan,nan,nan,1.0000000000000001e+300
0,1.3407807929942596e+154,1.3407807929942596e+154,1.0000000000000001e-158,1.3407807929942596e+154,1.3407807929942596e+154,1.3407807929942596e+154,1.3407807929942596e+154,1.3407807929942596e+154,1.3407807929942596e+154,nan,0.00013407807929942595,-998.00270741953182,1.7976931348623157e+150,1.3407807929942596e+154,nan,nan,1.3407807929942596e+154
1,1.3407807929942596e+154,1.3407807929942596e+154,1.0000000000000001e-158,1.3407807929942596e+154,1.3407807929942596e+154,1.3407807929942596e+154,1.3407807929942596e+154,1.3407807929942596e+154,1.3407807929942596e+154,9.9999999999999986e-159,nan,nan,nan,nan,nan,nan,1.3407807929942596e+154
0,-1.3407807929942596e+154,-1.3407807929942596e+154,1.0000000000000001e-158,-1.3407807929942596e+154,-1.3407807929942596e+154,-1.3407807929942596e+154,-1.3407807929942596e+154,-1.3407807929942596e+154,-1.3407807929942596e+154,nan,-0.00013407807929942595,-998.04768298704676,1.7976931348623157e+150,-1.3407807929942596e+154,nan,nan,-1.3407807929942596e+154
1,-1.3407807929942596e+154,-1.3407807929942596e+154,1.0000000000000001e-158,-1.3407807929942596e+154,-1.3407807929942596e+154,-1.3407807929942596e+154,-1.3407807929942596e+154,-1.3407807929942596e+154,-1.3407807929942596e+154,9.9999999999999986e-159,nan,nan,nan,nan,nan,nan,-1.3407807929942596e+154
0,0,0,9.9999999999999999e-161,0,0,0,0,0,0,nan,0,-998.01698585002259,-998.01698585002259,0,nan,nan,0
1,0,0,9.9999999999999999e-161,0,0,0,0,0,0,9.9999999999999999e-161,nan,nan,nan,nan,nan,nan,0
0,1.0000000000000001e+300,1.0000000000000001e+300,9.9999999999999999e-161,1.0000000000000001e+300,1.0000000000000001e+300,1.0000000000000001e+300,1.0000000000000001e+300,1.0000000000000001e+300,1.0000000000000001e+300,nan,1.0000000000000001e+140,-997.95945125814512,inf,1.0000000000000001e+300,nan,nan,1.0000000000000001e+300
1,1.0000000000000001e+300,1.0000000000000001e+300,9.9999999999999999e-161,1.0000000000000001e+300,1.0000000000000001e+300,1.0000000000000001e+300,1.0000000000000001e+300,1.0000000000000001e+300,1.0000000000000001e+300,nan,nan,nan,nan,nan,nan,nan,1.0000000000000001e+300
0,1.3407807929942596e+154,1.3407807929942596e+154,9.9999999999999999e-161,1.3407807929942596e+154,1.3407807929942596e+154,1.3407807929942596e+154,1.3407807929942596e+154,1.3407807929942596e+154,1.3407807929942596e+154,nan,1.3407807929942595e-06,-997.94292620128635,1.7976931348623156e+148,1.3407807929942596e+154,nan,nan,1.3407807929942596e+154
1,1.3407807929942596e+154,1.3407807929942596e+154,9.9999999999999999e-161,1.3407807929942596e+154,1.3407807929942596e+154,1.3407807929942596e+154,1.3407807929942596e+154,1.3407807929942596e+154,1.3407807929942596e+154,9.9999999999999983e-161,nan,nan,nan,nan,nan,nan,1.3407807929942596e+154
0,-1.3407807929942596e+154,-1.3407807929942596e+154,9.9999999999999999e-161,-1.3407807929942596e+154,-1.3407807929942596e+154,-1.3407807929942596e+154,-1.3407807929942596e+154,-1.3407807929942596e+154,-1.3407807929942596e+154,nan,-1.3407807929942595e-06,-997.81326808039285,1.7976931348623156e+148,-1.3407807929942596e+154,nan,nan,-1.3407807929942596e+154
1,-1.3407807929942596e+154,-1.3407807929942596e+154,9.9999999999999999e-161,-1.3407807929942596e+154,-1.3407807929942596e+154,-1.3407807929942596e+154,-1.3407807929942596e+154,-1.3407807929942596e+154,-1.3407807929942596e+154,9.9999999999999983e-161,nan,nan,nan,nan,nan,nan,-1.3407807929942596e+154
0,0,0,-1.0000000000000001e-158,0,0,0,0,0,0,nan,-0,-998.03246972124657,-998.03246972124657,0,nan,nan,0
1,0,0,-1.0000000000000001e-158,0,0,0,0,0,0,-1.0000000000000001e-158,nan,nan,nan,nan,nan,nan,0
0,1.0000000000000001e+300,1.0000000000000001e+300,-1.0000000000000001e-158,1.0000000000000001e+300,1.0000000000000001e+300,1.0000000000000001e+300,1.0000000000000001e+300,1.0000000000000001e+300,1.0000000000000001e+300,nan,-1.0000000000000001e+142,-997.92111439573262,-inf,1.0000000000000001e+300,nan,nan,1.0000000000000001e+300
1,1.0000000000000001e+300,1.0000000000000001e+300,-1.0000000000000001e-158,1.0000000000000001e+300,1.0000000000000001e+300,1.0000000000000001e+300,1.0000000000000001e+300,1.0000000000000001e+300,1.0000000000000001e+300,nan,nan,nan,nan,nan,nan,nan,1.0000000000000001e+300
0,1.3407807929942596e+154,1.3407807929942596e+154,-1.0000000000000001e-158,1.3407807929942596e+154,1.3407807929942596e+154,1.3407807929942596e+154,1.3407807929942596e+154,1.3407807929942596e+154,1.3407807929942596e+154,nan,-0.00013407807929942595,-997.83296517557653,-1.7976931348623157e+150,1.3407807929942596e+154,nan,nan,1.3407807929942596e+154
1,1.3407807929942596e+154,1.3407807929942596e+154,-1.0000000000000001e-158,1.3407807929942596e+154,1.3407807929942596e+154,1.3407807929942596e+154,1.3407807929942596e+154,1.3407807929942596e+154,1.3407807929942596e+154,-9.9999999999999986e-159,nan,nan,nan,nan,nan,nan,1.3407807929942596e+154
0,-1.3407807929942596e+154,-1.3407807929942596e+154,-1.0000000000000001e-158,-1.3407807929942596e+154,-1.3407807929942596e+154,-1.3407807929942596e+154,-1.3407807929942596e+154,-1.3407807929942596e+154,-1.3407807929942596e+154,nan,0.00013407807929942595,-997.85521739764476,-1.7976931348623157e+150,-1.3407807929942596e+154,nan,nan,-1.3407807929942596e+154
1,-1.3407807929942596e+154,-1.3407807929942596e+154,-1.0000000000000001e-158,-1.3407807929942596e+154,-1.3407807929942596e+154,-1.3407807929942596e+154,-1.3407807929942596e+154,-1.3407807929942596e+154,-1.3407807929942596e+154,-9.9999999999999986e-159,nan,nan,nan,nan,nan,nan,-1.3407807929942596e+154
0,0,0,9.9999999999999998e+155,0,0,0,0,0,0,nan,0,-997.94209271715374,-997.94209271715374,0,nan,nan,0
1,0,0,9.9999999999999998e+155,0,0,0,0,0,0,9.9999999999999998e+155,nan,nan,nan,nan,nan,nan,0
0,1.0000000000000001e+300,1.0000000000000001e+300,9.9999999999999998e+155,1.0000000000000001e+300,1.0000000000000001e+300,1.0000000000000001e+300,1.0000000000000001e+300,1.0000000000000001e+300,1.0000000000000001e+300,nan,inf,-998.04736560120705,inf,1.0000000000000001e+300,nan,nan,1.0000000000000001e+300
1,1.0000000000000001e+300,1.0000000000000001e+300,9.9999999999999998e+155,1.0000000000000001e+300,1.0000000000000001e+300,1.0000000000000001e+300,1.0000000000000001e+300,1.0000000000000001e+300,1.0000000000000001e+300,nan,nan,nan,nan,nan,nan,nan,1.0000000000000001e+300
0,1.3407807929942596e+154,1.3407807929942596e+154,9.9999999999999998e+155,1.3407807929942596e+154,1.3407807929942596e+154,1.3407807929942596e+154,1.3407807929942596e+154,1.3407807929942596e+154,1.3407807929942596e+154,nan,inf,-997.99660482189495,inf,1.3407807929942596e+154,nan,nan,1.3407807929942596e+154
1,1.3407807929942596e+154,1.3407807929942596e+154,9.9999999999999998e+155,1.3407807929942596e+154,1.3407807929942596e+154,1.3407807929942596e+154,1.3407807929942596e+154,1.3407807929942596e+154,1.3407807929942596e+154,nan,nan,nan,nan,nan,nan,nan,1.3407807929942596e+154
0,-1.3407807929942596e+154,-1.3407807929942596e+154,9.9999999999999998e+155,-1.3407807929942596e+154,-1.3407807929942596e+154,-1.3407807929942596e+154,-1.3407807929942596e+154,-1.3407807929942596e+154,-1.3407807929942596e+154,nan,-inf,-997.989484708551,inf,-1.3407807929942596e+154,nan,nan,-1.3407807929942596e+154
1,-1.3407807929942596e+154,-1.3407807929942596e+154,9.9999999999999998e+155,-1.3407807929942596e+154,-1.3407807929942596e+154,-1.3407807929942596e+154,-1.3407807929942596e+154,-1.3407807929942596e+154,-1.3407807929942596e+154,nan,nan,nan,nan,nan,nan,nan,-1.3407807929942596e+154
0,0,0,9.9999999999999995e+157,0,0,0,0,0,0,nan,0,-997.94603240699041,-997.94603240699041,0,nan,nan,0
1,0,0,9.9999999999999995e+157,0,0,0,0,0,0,9.9999999999999995e+157,nan,nan,nan,nan,nan,nan,0
0,1.0000000000000001e+300,1.0000000000000001e+300,9.9999999999999995e+157,1.0000000000000001e+300,1.0000000000000001e+300,1.0000000000000001e+300,1.0000000000000001e+300,1.0000000000000001e+300,1.0000000000000001e+300,nan,inf,-997.94242597601146,inf,1.0000000000000001e+300,nan,nan,1.0000000000000001e+300
1,1.0000000000000001e+300,1.0000000000000001e+300,9.9999999999999995e+157,1.0000000000000001e+300,1.0000000000000001e+300,1.0000000000000001e+300,1.0000000000000001e+300,1.0000000000000001e+300,1.0000000000000001e+300,nan,nan,nan,nan,nan,nan,nan,1.0000000000000001e+300
0,1.3407807929942596e+154,1.3407807929942596e+154,9.9999999999999995e+157,1.3407807929942596e+154,1.3407807929942596e+154,1.3407807929942596e+154,1.3407807929942596e+154,1.3407807929942596e+154,1.3407807929942596e+154,nan,inf,-997.85863785099673,inf,1.3407807929942596e+154,nan,nan,1.3407807929942596e+154
1,1.3407807929942596e+154,1.3407807929942596e+154,9.9999999999999995e+157,1.3407807929942596e+154,1.3407807929942596e+154,1.3407807929942596e+154,1.3407807929942596e+154,1.3407807929942596e+154,1.3407807929942596e+154,nan,nan,nan,nan,nan,nan,nan,1.3407807929942596e+154
0,-1.3407807929942596e+154,-1.3407807929942596e+154,9.9999999999999995e+157,-1.3407807929942596e+154,-1.3407807929942596e+154,-1.3407807929942596e+154,-1.3407807929942596e+154,-1.3407807929942596e+154,-1.3407807929942596e+154,nan,-inf,-998.01388359859266,inf,-1.3407807929942596e+154,nan,nan,-1.3407807929942596e+154
1,-1.3407807929942596e+154,-1.3407807929942596e+154,9.9999999999999995e+157,-1.3407807929942596e+154,-1.3407807929942596e+154,-1.3407807929942596e+154,-1.3407807929942596e+154,-1.3407807929942596e+154,-1.3407807929942596e+154,nan,nan,nan,nan,nan,nan,nan,-1.3407807929942596e+154
0,0,0,1e+160,0,0,0,0,0,0,nan,0,-998.00854664384497,-998.00854664384497,0,nan,nan,0
1,0,0,1e+160,0,0,0,0,0,0,1e+160,nan,nan,nan,nan,nan,nan,0
0,1.0000000000000001e+300,1.0000000000000001e+300,1e+160,1.0000000000000001e+300,1.0000000000000001e+300,1.0000000000000001e+300,1.0000000000000001e+300,1.0000000000000001e+300,1.0000000000000001e+300,nan,inf,-998.02322851553174,inf,1.0000000000000001e+300,nan,nan,1.0000000000000001e+300
1,1.0000000000000001e+300,1.0000000000000001e+300,1e+160,1.0000000000000001e+300,1.0000000000000001e+300,1.0000000000000001e+300,1.0000000000000001e+300,1.0000000000000001e+300,1.0000000000000001e+300,nan,nan,nan,nan,nan,nan,nan,1.0000000000000001e+300
0,1.3407807929942596e+154,1.3407807929942596e+154,1e+160,1.3407807929942596e+154,1.3407807929942596e+154,1.3407807929942596e+154,1.3407807929942596e+154,1.3407807929942596e+154,1.3407807929942596e+154,nan,inf,-997.82400421962325,inf,1.3407807929942596e+154,nan,nan,1.3407807929942596e+154
1,1.3407807929942596e+154,1.3407807929942596e+154,1e+160,1.3407807929942596e+154,1.3407807929942596e+154,1.3407807929942596e+154,1.3407807929942596e+154,1.3407807929942596e+154,1.3407807929942596e+154,nan,nan,nan,nan,nan,nan,nan,1.3407807929942596e+154
0,-1.3407807929942596e+154,-1.3407807929942596e+154,1e+160,-1.3407807929942596e+154,-1.3407807929942596e+154,-1.3407807929942596e+154,-1.3407807929942596e+154,-1.3407807929942596e+154,-1.3407807929942596e+154,nan,-inf,-997.86642317562769,inf,-1.3407807929942596e+154,nan,nan,-1.3407807929942596e+154
1,-1.3407807929942596e+154,-1.3407807929942596e+154,1e+160,-1.3407807929942596e+154,-1.3407807929942596e+154,-1.3407807929942596e+154,-1.3407807929942596e+154,-1.3407807929942596e+154,-1.3407807929942596e+154,nan,nan,nan,nan,nan,nan,nan,-1.3407807929942596e+154
0,0,0,1e+161,0,0,0,0,0,0,nan,0,-997.85384759621195,-997.85384759621195,0,nan,nan,0
1,0,0,1e+161,0,0,0,0,0,0,1e+161,nan,nan,nan,nan,nan,nan,0
0,1.0000000000000001e+300,1.0000000000000001e+300,1e+161,1.0000000000000001e+300,1.0000000000000001e+300,1.0000000000000001e+300,1.0000000000000001e+300,1.0000000000000001e+300,1.0000000000000001e+300,nan,inf,-997.96245679926017,inf,1.0000000000000001e+300,nan,nan,1.0000000000000001e+300
1,1.0000000000000001e+300,1.0000000000000001e+300,1e+161,1.0000000000000001e+300,1.0000000000000001e+300,1.0000000000000001e+300,1.0000000000000001e+300,1.0000000000000001e+300,1.0000000000000001e+300,nan,nan,nan,nan,nan,nan,nan,1.0000000000000001e+300
0,1.3407807929942596e+154,1.3407807929942596e+154,1e+161,1.3407807929942596e+154,1.3407807929942596e+154,1.3407807929942596e+154,1.3407807929942596e+154,1.3407807929942596e+154,1.3407807929942596e+154,nan,inf,-997.92586803704751,inf,1.3407807929942596e+154,nan,nan,1.3407807929942596e+154
1,1.3407807929942596e+154,1.3407807929942596e+154,1e+161,1.3407807929942596e+154,1.3407807929942596e+154,1.3407807929942596e+154,1.3407807929942596e+154,1.3407807929942596e+154,1.3407807929942596e+154,nan,nan,nan,nan,nan,nan,nan,1.3407807929942596e+154
0,-1.3407807929942596e+154,-1.3407807929942596e+154,1e+161,-1.3407807929942596e+154,-1.3407807929942596e+154,-1.3407807929942596e+154,-1.3407807929942596e+154,-1.3407807929942596e+154,-1.3407807929942596e+154,nan,-inf,-998.02073600268284,inf,-1.3407807929942596e+154,nan,nan,-1.3407807929942596e+154
1,-1.3407807929942596e+154,-1.3407807929942596e+154,1e+161,-1.3407807929942596e+154,-1.3407807929942596e+154,-1.3407807929942596e+154,-1.3407807929942596e+154,-1.3407807929942596e+154,-1.3407807929942596e+154,nan,nan,nan,nan,nan,nan,nan,-1.3407807929942596e+154
0,0,0,9.9999999999999999e+203,0,0,0,0,0,0,nan,0,-997.85576897894589,-997.85576897894589,0,nan,nan,0
1,0,0,9.9999999999999999e+203,0,0,0,0,0,0,9.9999999999999999e+203,nan,nan,nan,nan,nan,nan,0
0,1.0000000000000001e+300,1.0000000000000001e+300,9.9999999999999999e+203,1.0000000000000001e+300,1.0000000000000001e+300,1.0000000000000001e+300,1.0000000000000001e+300,1.0000000000000001e+300,1.0000000000000001e+300,nan,inf,-997.85266199124533,inf,1.0000000000000001e+300,nan,nan,1.0000000000000001e+300
1,1.0000000000000001e+300,1.0000000000000001e+300,9.9999999999999999e+203,1.0000000000000001e+300,1.0000000000000001e+300,1.0000000000000001e+300,1.0000000000000001e+300,1.0000000000000001e+300,1.0000000000000001e+300,nan,nan,nan,nan,nan,nan,nan,1.0000000000000001e+300
0,1.3407807929942596e+154,1.3407807929942596e+154,9.9999999999999999e+203,1.3407807929942596e+154,1.3407807929942596e+154,1.3407807929942596e+154,1.3407807929942596e+154,1.3407807929942596e+154,1.3407807929942596e+154,nan,inf,-997.98269237817169,inf,1.3407807929942596e+154,nan,nan,1.3407807929942596e+154
1,1.3407807929942596e+154,1.3407807929942596e+154,9.9999999999999999e+203,1.3407807929942596e+154,1.3407807929942596e+154,1.3407807929942596e+154,1.3407807929942596e+154,1.3407807929942596e+154,1.3407807929942596e+154,nan,nan,nan,nan,nan,nan,nan,1.3407807929942596e+154
0,-1.3407807929942596e+154,-1.3407807929942596e+154,9.9999999999999999e+203,-1.3407807929942596e+154,-1.3407807929942596e+154,-1.3407807929942596e+154,-1.3407807929942596e+154,-1.3407807929942596e+154,-1.3407807929942596e+154,nan,-inf,-997.82221174315134,inf,-1.3407807929942596e+154,nan,nan,-1.3407807929942596e+154
1,-1.3407807929942596e+154,-1.3407807929942596e+154,9.9999999999999999e+203,-1.3407807929942596e+154,-1.3407807929942596e+154,-1.3407807929942596e+154,-1.3407807929942596e+154,-1.3407807929942596e+154,-1.3407807929942596e+154,nan,nan,nan,nan,nan,nan,nan,-1.3407807929942596e+154
0,0,0,1.0000000000000001e+300,0,0,0,0,0,0,nan,0,-998.01963711867791,-998.01963711867791,0,nan,nan,0
1,0,0,1.0000000000000001e+300,0,0,0,0,0,0,1.0000000000000001e+300,nan,nan,nan,nan,nan,nan,0
0,1.0000000000000001e+300,1.0000000000000001e+300,1.0000000000000001e+300,1.0000000000000001e+300,1.0000000000000001e+300,1.0000000000000001e+300,1.0000000000000001e+300,1.0000000000000001e+300,1.0000000000000001e+300,nan,inf,-997.84369818160076,inf,1.0000000000000001e+300,nan,nan,1.0000000000000001e+300
1,1.0000000000000001e+300,1.0000000000000001e+300,1.0000000000000001e+300,1.0000000000000001e+300,1.0000000000000001e+300,1.0000000000000001e+300,1.0000000000000001e+300,1.0000000000000001e+300,1.0000000000000001e+300,nan,nan,nan,nan,nan,nan,nan,1.0000000000000001e+300
0,1.3407807929942596e+154,1.3407807929942596e+154,1.0000000000000001e+300,1.3407807929942596e+154,1.3407807929942596e+154,1.3407807929942596e+154,1.3407807929942596e+154,1.3407807929942596e+154,1.3407807929942596e+154,nan,inf,-997.89182193717602,inf,1.3407807929942596e+154,nan,nan,1.3407807929942596e+154
1,1.3407807929942596e+154,1.3407807929942596e+154,1.0000000000000001e+300,1.3407807929942596e+154,1.3407807929942596e+154,1.3407807929942596e+154,1.3407807929942596e+154,1.3407807929942596e+154,1.3407807929942596e+154,nan,nan,nan,nan,nan,nan,nan,1.3407807929942596e+154
0,-1.3407807929942596e+154,-1.3407807929942596e+154,1.0000000000000001e+300,-1.3407807929942596e+154,-1.3407807929942596e+154,-1.3407807929942596e+154,-1.3407807929942596e+154,-1.3407807929942596e+154,-1.3407807929942596e+154,nan,-inf,-997.99221032545279,inf,-1.3407807929942596e+154,nan,nan,-1.3407807929942596e+154
1,-1.3407807929942596e+154,-1.3407807929942596e+154,1.0000000000000001e+300,-1.3407807929942596e+154,-1.3407807929942596e+154,-1.3407807929942596e+154,-1.3407807929942596e+154,-1.3407807929942596e+154,-1.3407807929942596e+154,nan,nan,nan,nan,nan,nan,nan,-1.3407807929942596e+154
0,0,0,0,1e-156,0,0,0,0,0,nan,0,-997.88964578528362,-997.88964578528362,0,nan,nan,0
1,0,0,0,1e-156,0,0,0,0,0,0,nan,nan,nan,nan,nan,nan,0
0,1.0000000000000001e+300,1.0000000000000001e+300,1.0000000000000001e+300,1e-156,1.0000000000000001e+300,1.0000000000000001e+300,1.0000000000000001e+300,1.0000000000000001e+300,1.0000000000000001e+300,nan,1e+144,-997.84427972435572,inf,1.0000000000000001e+300,nan,nan,1.0000000000000001e+300
1,1.0000000000000001e+300,1.0000000000000001e+300,1.0000000000000001e+300,1e-156,1.0000000000000001e+300,1.0000000000000001e+300,1.0000000000000001e+300,1.0000000000000001e+300,1.0000000000000001e+300,nan,nan,nan,nan,nan,nan,nan,1.0000000000000001e+300
0,1.3407807929942596e+154,1.3407807929942596e+154,1.3407807929942596e+154,1e-156,1.3407807929942596e+154,1.3407807929942596e+154,1.3407807929942596e+154,1.3407807929942596e+154,1.3407807929942596e+154,nan,0.013407807929942596,-997.8629045647981,inf,1.3407807929942596e+154,nan,nan,1.3407807929942596e+154
1,1.3407807929942596e+154,1.3407807929942596e+154,1.3407807929942596e+154,1e-156,1.3407807929942596e+154,1.3407807929942596e+154,1.3407807929942596e+154,1.3407807929942596e+154,1.3407807929942596e+154,nan,nan,nan,nan,nan,nan,nan,1.3407807929942596e+154
0,-1.3407807929942596e+154,-1.3407807929942596e+154,-1.3407807929942596e+154,1e-156,-1.3407807929942596e+154,-1.3407807929942596e+154,-1.3407807929942596e+154,-1.3407807929942596e+154,-1.3407807929942596e+154,nan,-0.013407807929942596,-998.03669888166439,-inf,-1.3407807929942596e+154,nan,nan,-1.3407807929942596e+154
1,-1.3407807929942596e+154,-1.3407807929942596e+154,-1.3407807929942596e+154,1e-156,-1.3407807929942596e+154,-1.3407807929942596e+154,-1.3407807929942596e+154,-1.3407807929942596e+154,-1.3407807929942596e+154,nan,nan,nan,nan,nan,nan,nan,-1.3407807929942596e+154
0,0,0,0,1.0000000000000001e-158,0,0,0,0,0,nan,0,-997.85761732521382,-997.85761732521382,0,nan,nan,0
1,0,0,0,1.0000000000000001e-158,0,0,0,0,0,0,nan,nan,nan,nan,nan,nan,0
0,1.0000000000000001e+300,1.0000000000000001e+300,1.0000000000000001e+300,1.0000000000000001e-158,1.0000000000000001e+300,1.0000000000000001e+300,1.0000000000000001e+300,1.0000000000000001e+300,1.0000000000000001e+300,nan,1.0000000000000001e+142,-997.86565424202342,inf,1.0000000000000001e+300,nan,nan,1.0000000000000001e+300
1,1.0000000000000001e+300,1.0000000000000001e+300,1.0000000000000001e+300,1.0000000000000001e-158,1.0000000000000001e+300,1.0000000000000001e+300,1.0000000000000001e+300,1.0000000000000001e+300,1.0000000000000001e+300,nan,nan,nan,nan,nan,nan,nan,1.0000000000000001e+300
0,1.3407807929942596e+154,1.3407807929942596e+154,1.3407807929942596e+154,1.0000000000000001e-158,1.3407807929942596e+154,1.3407807929942596e+154,1.3407807929942596e+154,1.3407807929942596e+154,1.3407807929942596e+154,nan,0.00013407807929942595,-997.98156333053237,inf,1.3407807929942596e+154,nan,nan,1.3407807929942596e+154
1,1.3407807929942596e+154,1.3407807929942596e+154,1.3407807929942596e+154,1.0000000000000001e-158,1.3407807929942596e+154,1.3407807929942596e+154,1.3407807929942596e+154,1.3407807929942596e+154,1.3407807929942596e+154,nan,nan,nan,nan,nan,nan,nan,1.3407807929942596e+154
0,-1.3407807929942596e+154,-1.3407807929942596e+154,-1.3407807929942596e+154,1.0000000000000001e-158,-1.3407807929942596e+154,-1.3407807929942596e+154,-1.3407807929942596e+154,-1.3407807929942596e+154,-1.3407807929942596e+154,nan,-0.00013407807929942595,-998.02075023835698,-inf,-1.3407807929942596e+154,nan,nan,-1.3407807929942596e+154
1,-1.3407807929942596e+154,-1.3407807929942596e+154,-1.3407807929942596e+154,1.0000000000000001e-158,-1.3407807929942596e+154,-1.3407807929942596e+154,-1.3407807929942596e+154,-1.3407807929942596e+154,-1.3407807929942596e+154,nan,nan,nan,nan,nan,nan,nan,-1.3407807929942596e+154
0,0,0,0,9.9999999999999999e-161,0,0,0,0,0,nan,0,-997.96812524926543,-997.96812524926543,0,nan,nan,0
1,0,0,0,9.9999999999999999e-161,0,0,0,0,0,0,nan,nan,nan,nan,nan,nan,0
0,1.0000000000000001e+300,1.0000000000000001e+300,1.0000000000000001e+300,9.9999999999999999e-161,1.0000000000000001e+300,1.0000000000000001e+300,1.0000000000000001e+300,1.0000000000000001e+300,1.0000000000000001e+300,nan,1.0000000000000001e+140,-997.84435077301202,inf,1.0000000000000001e+300,nan,nan,1.0000000000000001e+300
1,1.0000000000000001e+300,1.0000000000000001e+300,1.0000000000000001e+300,9.9999999999999999e-161,1.0000000000000001e+300,1.0000000000000001e+300,1.0000000000000001e+300,1.0000000000000001e+300,1.0000000000000001e+300,nan,nan,nan,nan,nan,nan,nan,1.0000000000000001e+300
0,1.3407807929942596e+154,1.3407807929942596e+154,1.3407807929942596e+154,9.9999999999999999e-161,1.3407807929942596e+154,1.3407807929942596e+154,1.3407807929942596e+154,1.3407807929942596e+154,1.3407807929942596e+154,nan,1.3407807929942595e-06,-997.79793809194359,inf,1.3407807929942596e+154,nan,nan,1.3407807929942596e+154
1,1.3407807929942596e+154,1.3407807929942596e+154,1.3407807929942596e+154,9.9999999999999999e-161,1.3407807929942596e+154,1.3407807929942596e+154,1.3407807929942596e+154,1.3407807929942596e+154,1.3407807929942596e+154,nan,nan,nan,nan,nan,nan,nan,1.3407807929942596e+154
0,-1.3407807929942596e+154,-1.3407807929942596e+154,-1.3407807929942596e+154,9.9999999999999999e-161,-1.3407807929942596e+154,-1.3407807929942596e+154,-1.3407807929942596e+154,-1.3407807929942596e+154,-1.3407807929942596e+154,nan,-1.3407807929942595e-06,-997.91091351877185,-inf,-1.3407807929942596e+154,nan,nan,-1.3407807929942596e+154
1,-1.3407807929942596e+154,-1.3407807929942596e+154,-1.3407807929942596e+154,9.9999999999999999e-161,-1.3407807929942596e+154,-1.3407807929942596e+154,-1.3407807929942596e+154,-1.3407807929942596e+154,-1.3407807929942596e+154,nan,nan,nan,nan,nan,nan,nan,-1.3407807929942596e+154
0,0,0,0,-1.0000000000000001e-158,0,0,0,0,0,nan,-0,-997.90473285482722,-997.90473285482722,0,nan,nan,0
1,0,0,0,-1.0000000000000001e-158,0,0,0,0,0,0,nan,nan,nan,nan,nan,nan,0
0,1.0000000000000001e+300,1.0000000000000001e+300,1.0000000000000001e+300,-1.0000000000000001e-158,1.0000000000000001e+300,1.0000000000000001e+300,1.0000000000000001e+300,1.0000000000000001e+300,1.0000000000000001e+300,nan,-1.0000000000000001e+142,-997.81396173565963,inf,1.0000000000000001e+300,nan,nan,1.0000000000000001e+300
1,1.0000000000000001e+300,1.0000000000000001e+300,1.0000000000000001e+300,-1.0000000000000001e-158,1.0000000000000001e+300,1.0000000000000001e+300,1.0000000000000001e+300,1.0000000000000001e+300,1.0000000000000001e+300,nan,nan,nan,nan,nan,nan,nan,1.0000000000000001e+300
0,1.3407807929942596e+154,1.3407807929942596e+154,1.3407807929942596e+154,-1.0000000000000001e-158,1.3407807929942596e+154,1.3407807929942596e+154,1.3407807929942596e+154,1.3407807929942596e+154,1.3407807929942596e+154,nan,-0.00013407807929942595,-997.8095346892236,inf,1.3407807929942596e+154,nan,nan,1.3407807929942596e+154
1,1.3407807929942596e+154,1.3407807929942596e+154,1.3407807929942596e+154,-1.0000000000000001e-158,1.3407807929942596e+154,1.3407807929942596e+154,1.3407807929942596e+154,1.3407807929942596e+154,1.3407807929942596e+154,nan,nan,nan,nan,nan,nan,nan,1.3407807929942596e+154
0,-1.3407807929942596e+154,-1.3407807929942596e+154,-1.3407807929942596e+154,-1.0000000000000001e-158,-1.3407807929942596e+154,-1.3407807929942596e+154,-1.3407807929942596e+154,-1.3407807929942596e+154,-1.3407807929942596e+154,nan,0.00013407807929942595,-997.99078406473234,-inf,-1.3407807929942596e+154,nan,nan,-1.3407807929942596e+154
1,-1.3407807929942596e+154,-1.3407807929942596e+154,-1.3407807929942596e+154,-1.0000000000000001e-158,-1.3407807929942596e+154,-1.3407807929942596e+154,-1.3407807929942596e+154,-1.3407807929942596e+154,-1.3407807929942596e+154,nan,nan,nan,nan,nan,nan,nan,-1.3407807929942596e+154
0,0,0,0,9.9999999999999998e+155,0,0,0,0,0,nan,0,-997.84272657500992,-997.84272657500992,0,nan,nan,0
1,0,0,0,9.9999999999999998e+155,0,0,0,0,0,0,nan,nan,nan,nan,nan,nan,0
0,1.0000000000000001e+300,1.0000000000000001e+300,1.0000000000000001e+300,9.9999999999999998e+155,1.0000000000000001e+300,1.0000000000000001e+300,1.0000000000000001e+300,1.0000000000000001e+300,1.0000000000000001e+300,nan,inf,-997.99581935942149,inf,1.0000000000000001e+300,nan,nan,1.0000000000000001e+300
1,1.0000000000000001e+300,1.0000000000000001e+300,1.0000000000000001e+300,9.9999999999999998e+155,1.0000000000000001e+300,1.0000000000000001e+300,1.0000000000000001e+300,1.0000000000000001e+300,1.0000000000000001e+300,nan,nan,nan,nan,nan,nan,nan,1.0000000000000001e+300
0,1.3407807929942596e+154,1.3407807929942596e+154,1.3407807929942596e+154,9.9999999999999998e+155,1.3407807929942596e+154,1.3407807929942596e+154,1.3407807929942596e+154,1.3407807929942596e+154,1.3407807929942596e+154,nan,inf,-997.93312655501893,inf,1.3407807929942596e+154,nan,nan,1.3407807929942596e+154
1,1.3407807929942596e+154,1.3407807929942596e+154,1.3407807929942596e+154,9.9999999999999998e+155,1.3407807929942596e+154,1.3407807929942596e+154,1.3407807929942596e+154,1.3407807929942596e+154,1.3407807929942596e+154,nan,nan,nan,nan,nan,nan,nan,1.3407807929942596e+154
0,-1.3407807929942596e+154,-1.3407807929942596e+154,-1.3407807929942596e+154,9.9999999999999998e+155,-1.3407807929942596e+154,-1.3407807929942596e+154,-1.3407807929942596e+154,-1.3407807929942596e+154,-1.3407807929942596e+154,nan,-inf,-997.9320445330028,-inf,-1.3407807929942596e+154,nan,nan,-1.3407807929942596e+154
1,-1.3407807929942596e+154,-1.3407807929942596e+154,-1.3407807929942596e+154,9.9999999999999998e+155,-1.3407807929942596e+154,-1.3407807929942596e+154,-1.3407807929942596e+154,-1.3407807929942596e+154,-1.3407807929942596e+154,nan,nan,nan,nan,nan,nan,nan,-1.3407807929942596e+154
0,0,0,0,9.9999999999999995e+157,0,0,0,0,0,nan,0,-997.96667240141892,-997.96667240141892,0,nan,nan,0
1,0,0,0,9.9999999999999995e+157,0,0,0,0,0,0,nan,nan,nan,nan,nan,nan,0
0,1.0000000000000001e+300,1.0000000000000001e+300,1.0000000000000001e+300,9.9999999999999995e+157,1.0000000000000001e+300,1.0000000000000001e+300,1.0000000000000001e+300,1.0000000000000001e+300,1.0000000000000001e+300,nan,inf,-997.97412589607882,inf,1.0000000000000001e+300,nan,nan,1.0000000000000001e+300
1,1.0000000000000001e+300,1.0000000000000001e+300,1.0000000000000001e+300,9.9999999999999995e+157,1.0000000000000001e+300,1.0000000000000001e+300,1.0000000000000001e+300,1.0000000000000001e+300,1.0000000000000001e+300,nan,nan,nan,nan,nan,nan,nan,1.0000000000000001e+300
0,1.3407807929942596e+154,1.3407807929942596e+154,1.3407807929942596e+154,9.9999999999999995e+157,1.3407807929942596e+154,1.3407807929942596e+154,1.3407807929942596e+154,1.3407807929942596e+154,1.3407807929942596e+154,nan,inf,-997.79779712140805,inf,1.3407807929942596e+154,nan,nan,1.3407807929942596e+154
1,1.3407807929942596e+154,1.3407807929942596e+154,1.3407807929942596e+154,9.9999999999999995e+157,1.3407807929942596e+154,1.3407807929942596e+154,1.3407807929942596e+154,1.3407807929942596e+154,1.3407807929942596e+154,nan,nan,nan,nan,nan,nan,nan,1.3407807929942596e+154
0,-1.3407807929942596e+154,-1.3407807929942596e+154,-1.3407807929942596e+154,9.9999999999999995e+157,-1.3407807929942596e+154,-1.3407807929942596e+154,-1.3407807929942596e+154,-1.3407807929942596e+154,-1.3407807929942596e+154,nan,-inf,-997.80752584537538,-inf,-1.3407807929942596e+154,nan,nan,-1.3407807929942596e+154
1,-1.3407807929942596e+154,-1.3407807929942596e+154,-1.3407807929942596e+154,9.9999999999999995e+157,-1.3407807929942596e+154,-1.3407807929942596e+154,-1.3407807929942596e+154,-1.3407807929942596e+154,-1.3407807929942596e+154,nan,nan,nan,nan,nan,nan,nan,-1.3407807929942596e+154
0,0,0,0,1e+160,0,0,0,0,0,nan,0,-997.85477797487601,-997.85477797487601,0,nan,nan,0
1,0,0,0,1e+160,0,0,0,0,0,0,nan,nan,nan,nan,nan,nan,0
0,1.0000000000000001e+300,1.0000000000000001e+300,1.0000000000000001e+300,1e+160,1.0000000000000001e+300,1.0000000000000001e+300,1.0000000000000001e+300,1.0000000000000001e+300,1.0000000000000001e+300,nan,inf,-998.00010029421446,inf,1.0000000000000001e+300,nan,nan,1.0000000000000001e+300
1,1.0000000000000001e+300,1.0000000000000001e+300,1.0000000000000001e+300,1e+160,1.0000000000000001e+300,1.0000000000000001e+300,1.0000000000000001e+300,1.0000000000000001e+300,1.0000000000000001e+300,nan,nan,nan,nan,nan,nan,nan,1.0000000000000001e+300
0,1.3407807929942596e+154,1.3407807929942596e+154,1.3407807929942596e+154,1e+160,1.3407807929942596e+154,1.3407807929942596e+154,1.3407807929942596e+154,1.3407807929942596e+154,1.3407807929942596e+154,nan,inf,-997.91398764253768,inf,1.3407807929942596e+154,nan,nan,1.3407807929942596e+154
1,1.3407807929942596e+154,1.3407807929942596e+154,1.3407807929942596e+154,1e+160,1.3407807929942596e+154,1.3407807929942596e+154,1.3407807929942596e+154,1.3407807929942596e+154,1.3407807929942596e+154,nan,nan,nan,nan,nan,nan,nan,1.3407807929942596e+154
0,-1.3407807929942596e+154,-1.3407807929942596e+154,-1.3407807929942596e+154,1e+160,-1.3407807929942596e+154,-1.3407807929942596e+154,-1.3407807929942596e+154,-1.3407807929942596e+154,-1.3407807929942596e+154,nan,-inf,-997.92468687782491,-inf,-1.3407807929942596e+154,nan,nan,-1.3407807929942596e+154
1,-1.3407807929942596e+154,-1.3407807929942596e+154,-1.3407807929942596e+154,1e+160,-1.3407807929942596e+154,-1.3407807929942596e+154,-1.3407807929942596e+154,-1.3407807929942596e+154,-1.3407807929942596e+154,nan,nan,nan,nan,nan,nan,nan,-1.3407807929942596e+154
0,0,0,0,1e+161,0,0,0,0,0,nan,0,-997.86795531602365,-997.86795531602365,0,nan,nan,0
1,0,0,0,1e+161,0,0,0,0,0,0,nan,nan,nan,nan,nan,nan,0
0,1.0000000000000001e+300,1.0000000000000001e+300,1.0000000000000001e+300,1e+161,1.0000000000000001e+300,1.0000000000000001e+300,1.0000000000000001e+300,1.0000000000000001e+300,1.0000000000000001e+300,nan,inf,-997.96915272507749,inf,1.0000000000000001e+300,nan,nan,1.0000000000000001e+300
1,1.0000000000000001e+300,1.0000000000000001e+300,1.0000000000000001e+300,1e+161,1.0000000000000001e+300,1.0000000000000001e+300,1.0000000000000001e+300,1.0000000000000001e+300,1.0000000000000001e+300,nan,nan,nan,nan,nan,nan,nan,1.0000000000000001e+300
0,1.3407807929942596e+154,1.3407807929942596e+154,1.3407807929942596e+154,1e+161,1.3407807929942596e+154,1.3407807929942596e+154,1.3407807929942596e+154,1.3407807929942596e+154,1.3407807929942596e+154,nan,inf,-997.96478190352548,inf,1.3407807929942596e+154,nan,nan,1.3407807929942596e+154
1,1.3407807929942596e+154,1.3407807929942596e+154,1.3407807929942596e+154,1e+161,1.3407807929942596e+154,1.3407807929942596e+154,1.3407807929942596e+154,1.3407807929942596e+154,1.3407807929942596e+154,nan,nan,nan,nan,nan,nan,nan,1.3407807929942596e+154
0,-1.3407807929942596e+154,-1.3407807929942596e+154,-1.3407807929942596e+154,1e+161,-1.3407807929942596e+154,-1.3407807929942596e+154,-1.3407807929942596e+154,-1.3407807929942596e+154,-1.3407807929942596e+154,nan,-inf,-998.04201046787887,-inf,-1.3407807929942596e+154,nan,nan,-1.3407807929942596e+154
1,-1.3407807929942596e+154,-1.3407807929942596e+154,-1.3407807929942596e+154,1e+161,-1.3407807929942596e+154,-1.3407807929942596e+154,-1.3407807929942596e+154,-1.3407807929942596e+154,-1.3407807929942596e+154,nan,nan,nan,nan,nan,nan,nan,-1.3407807929942596e+154
0,0,0,0,9.9999999999999999e+203,0,0,0,0,0,nan,0,-997.79880407416658,-997.79880407416658,0,nan,nan,0
1,0,0,0,9.9999999999999999e+203,0,0,0,0,0,0,nan,nan,nan,nan,nan,nan,0
0,1.0000000000000001e+300,1.0000000000000001e+300,1.0000000000000001e+300,9.9999999999999999e+203,1.0000000000000001e+300,1.0000000000000001e+300,1.0000000000000001e+300,1.0000000000000001e+300,1.0000000000000001e+300,nan,inf,-997.87384920758154,inf,1.0000000000000001e+300,nan,nan,1.0000000000000001e+300
1,1.0000000000000001e+300,1.0000000000000001e+300,1.0000000000000001e+300,9.9999999999999999e+203,1.0000000000000001e+300,1.0000000000000001e+300,1.0000000000000001e+300,1.0000000000000001e+300,1.0000000000000001e+300,nan,nan,nan,nan,nan,nan,nan,1.0000000000000001e+300
0,1.3407807929942596e+154,1.3407807929942596e+154,1.3407807929942596e+154,9.9999999999999999e+203,1.3407807929942596e+154,1.3407807929942596e+154,1.3407807929942596e+154,1.3407807929942596e+154,1.3407807929942596e+154,nan,inf,-997.80895767127447,inf,1.3407807929942596e+154,nan,nan,1.3407807929942596e+154
1,1.3407807929942596e+154,1.3407807929942596e+154,1.3407807929942596e+154,9.9999999999999999e+203,1.3407807929942596e+154,1.3407807929942596e+154,1.3407807929942596e+154,1.3407807929942596e+154,1.3407807929942596e+154,nan,nan,nan,nan,nan,nan,nan,1.3407807929942596e+154
0,-1.3407807929942596e+154,-1.3407807929942596e+154,-1.3407807929942596e+154,9.9999999999999999e+203,-1.3407807929942596e+154,-1.3407807929942596e+154,-1.3407807929942596e+154,-1.3407807929942596e+154,-1.3407807929942596e+154,nan,-inf,-997.95176384009244,-inf,-1.3407807929942596e+154,nan,nan,-1.3407807929942596e+154
1,-1.3407807929942596e+154,-1.3407807929942596e+154,-1.3407807929942596e+154,9.9999999999999999e+203,-1.3407807929942596e+154,-1.3407807929942596e+154,-1.3407807929942596e+154,-1.3407807929942596e+154,-1.3407807929942596e+154,nan,nan,nan,nan,nan,nan,nan,-1.3407807929942596e+154
0,0,0,0,1.0000000000000001e+300,0,0,0,0,0,nan,0,-998.03520418947346,-998.03520418947346,0,nan,nan,0
1,0,0,0,1.0000000000000001e+300,0,0,0,0,0,0,nan,nan,nan,nan,nan,nan,0
0,1.0000000000000001e+300,1.0000000000000001e+300,1.0000000000000001e+300,1.0000000000000001e+300,1.0000000000000001e+300,1.0000000000000001e+300,1.0000000000000001e+300,1.0000000000000001e+300,1.0000000000000001e+300,nan,inf,-997.96742303271742,inf,1.0000000000000001e+300,nan,nan,1.0000000000000001e+300
1,1.0000000000000001e+300,1.0000000000000001e+300,1.0000000000000001e+300,1.0000000000000001e+300,1.0000000000000001e+300,1.0000000000000001e+300,1.0000000000000001e+300,1.0000000000000001e+300,1.0000000000000001e+300,nan,nan,nan,nan,nan,nan,nan,1.0000000000000001e+300
0,1.3407807929942596e+154,1.3407807929942596e+154,1.3407807929942596e+154,1.0000000000000001e+300,1.3407807929942596e+154,1.3407807929942596e+154,1.3407807929942596e+154,1.3407807929942596e+154,1.3407807929942596e+154,nan,inf,-997.81799644592695,inf,1.3407807929942596e+154,nan,nan,1.3407807929942596e+154
1,1.3407807929942596e+154,1.3407807929942596e+154,1.3407807929942596e+154,1.0000000000000001e+300,1.3407807929942596e+154,1.3407807929942596e+154,1.3407807929942596e+154,1.3407807929942596e+154,1.3407807929942596e+154,nan,nan,nan,nan,nan,nan,nan,1.3407807929942596e+154
0,-1.3407807929942596e+154,-1.3407807929942596e+154,-1.3407807929942596e+154,1.0000000000000001e+300,-1.3407807929942596e+154,-1.3407807929942596e+154,-1.3407807929942596e+154,-1.3407807929942596e+154,-1.3407807929942596e+154,nan,-inf,-997.92731369577064,-inf,-1.3407807929942596e+154,nan,nan,-1.3407807929942596e+154
1,-1.3407807929942596e+154,-1.3407807929942596e+154,-1.3407807929942596e+154,1.0000000000000001e+300,-1.3407807929942596e+154,-1.3407807929942596e+154,-1.3407807929942596e+154,-1.3407807929942596e+154,-1.3407807929942596e+154,nan,nan,nan,nan,nan,nan,nan,-1.3407807929942596e+154
0,0,0,0,0,1e-156,0,0,0,0,nan,0,-997.92737105258948,-997.92737105258948,0,nan,nan,0
1,0,0,0,0,1e-156,0,0,0,0,0,nan,nan,nan,nan,nan,nan,0
0,1.0000000000000001e+300,1.0000000000000001e+300,1.0000000000000001e+300,1.0000000000000001e+300,1e-156,1.0000000000000001e+300,1.0000000000000001e+300,1.0000000000000001e+300,1.0000000000000001e+300,nan,inf,-997.84069382084067,inf,1.0000000000000001e+300,nan,nan,1.0000000000000001e+300
1,1.0000000000000001e+300,1.0000000000000001e+300,1.0000000000000001e+300,1.0000000000000001e+300,1e-156,1.0000000000000001e+300,1.0000000000000001e+300,1.0000000000000001e+300,1.0000000000000001e+300,nan,nan,nan,nan,nan,nan,nan,1.0000000000000001e+300
0,1.3407807929942596e+154,1.3407807929942596e+154,1.3407807929942596e+154,1.3407807929942596e+154,1e-156,1.3407807929942596e+154,1.3407807929942596e+154,1.3407807929942596e+154,1.3407807929942596e+154,nan,1.7976931348623155e+308,-997.92446830295626,1.7976931348623155e+152,1.3407807929942596e+154,nan,nan,1.3407807929942596e+154
1,1.3407807929942596e+154,1.3407807929942596e+154,1.3407807929942596e+154,1.3407807929942596e+154,1e-156,1.3407807929942596e+154,1.3407807929942596e+154,1.3407807929942596e+154,1.3407807929942596e+154,nan,nan,nan,nan,nan,nan,nan,1.3407807929942596e+154
0,-1.3407807929942596e+154,-1.3407807929942596e+154,-1.3407807929942596e+154,-1.3407807929942596e+154,1e-156,-1.3407807929942596e+154,-1.3407807929942596e+154,-1.3407807929942596e+154,-1.3407807929942596e+154,nan,1.7976931348623155e+308,-997.96724373200993,1.7976931348623155e+152,-1.3407807929942596e+154,nan,nan,-1.3407807929942596e+154
1,-1.3407807929942596e+154,-1.3407807929942596e+154,-1.3407807929942596e+154,-1.3407807929942596e+154,1e-156,-1.3407807929942596e+154,-1.3407807929942596e+154,-1.3407807929942596e+154,-1.3407807929942596e+154,nan,nan,nan,nan,nan,nan,nan,-1.3407807929942596e+154
0,0,0,0,0,1.0000000000000001e-158,0,0,0,0,nan,0,-998.03523321032401,-998.03523321032401,0,nan,nan,0
1,0,0,0,0,1.0000000000000001e-158,0,0,0,0,0,nan,nan,nan,nan,nan,nan,0
0,1.0000000000000001e+300,1.0000000000000001e+300,1.0000000000000001e+300,1.0000000000000001e+300,1.0000000000000001e-158,1.0000000000000001e+300,1.0000000000000001e+300,1.0000000000000001e+300,1.0000000000000001e+300,nan,inf,-997.99712780232471,inf,1.0000000000000001e+300,nan,nan,1.0000000000000001e+300
1,1.0000000000000001e+300,1.0000000000000001e+300,1.0000000000000001e+300,1.0000000000000001e+300,1.0000000000000001e-158,1.0000000000000001e+300,1.0000000000000001e+300,1.0000000000000001e+300,1.0000000000000001e+300,nan,nan,nan,nan,nan,nan,nan,1.0000000000000001e+300
0,1.3407807929942596e+154,1.3407807929942596e+154,1.3407807929942596e+154,1.3407807929942596e+154,1.0000000000000001e-158,1.3407807929942596e+154,1.3407807929942596e+154,1.3407807929942596e+154,1.3407807929942596e+154,nan,1.7976931348623155e+308,-997.85946440172495,1.7976931348623153e+150,1.3407807929942596e+154,nan,nan,1.3407807929942596e+154
1,1.3407807929942596e+154,1.3407807929942596e+154,1.3407807929942596e+154,1.3407807929942596e+154,1.0000000000000001e-158,1.3407807929942596e+154,1.3407807929942596e+154,1.3407807929942596e+154,1.3407807929942596e+154,nan,nan,nan,nan,nan,nan,nan,1.3407807929942596e+154
0,-1.3407807929942596e+154,-1.3407807929942596e+154,-1.3407807929942596e+154,-1.3407807929942596e+154,1.0000000000000001e-158,-1.3407807929942596e+154,-1.3407807929942596e+154,-1.3407807929942596e+154,-1.3407807929942596e+154,nan,1.7976931348623155e+308,-998.02673261945995,1.7976931348623153e+150,-1.3407807929942596e+154,nan,nan,-1.3407807929942596e+154
1,-1.3407807929942596e+154,-1.3407807929942596e+154,-1.3407807929942596e+154,-1.3407807929942596e+154,1.0000000000000001e-158,-1.3407807929942596e+154,-1.3407807929942596e+154,-1.3407807929942596e+154,-1.3407807929942596e+154,nan,nan,nan,nan,nan,nan,nan,-1.3407807929942596e+154
0,0,0,0,0,9.9999999999999999e-161,0,0,0,0,nan,0,-997.90514732697864,-997.90514732697864,0,nan,nan,0
1,0,0,0,0,9.9999999999999999e-161,0,0,0,0,0,nan,nan,nan,nan,nan,nan,0
0,1.0000000000000001e+300,1.0000000000000001e+300,1.0000000000000001e+300,1.0000000000000001e+300,9.9999999999999999e-161,1.0000000000000001e+300,1.0000000000000001e+300,1.0000000000000001e+300,1.0000000000000001e+300,nan,inf,-997.93195923395524,inf,1.0000000000000001e+300,nan,nan,1.0000000000000001e+300
1,1.0000000000000001e+300,1.0000000000000001e+300,1.0000000000000001e+300,1.0000000000000001e+300,9.9999999999999999e-161,1.0000000000000001e+300,1.0000000000000001e+300,1.0000000000000001e+300,1.0000000000000001e+300,nan,nan,nan,nan,nan,nan,nan,1.0000000000000001e+300
0,1.3407807929942596e+154,1.3407807929942596e+154,1.3407807929942596e+154,1.3407807929942596e+154,9.9999999999999999e-161,1.3407807929942596e+154,1.3407807929942596e+154,1.3407807929942596e+154,1.3407807929942596e+154,nan,1.7976931348623155e+308,-997.98501800194867,1.7976931348623153e+148,1.3407807929942596e+154,nan,nan,1.3407807929942596e+154
1,1.3407807929942596e+154,1.3407807929942596e+154,1.3407807929942596e+154,1.3407807929942596e+154,9.9999999999999999e-161,1.3407807929942596e+154,1.3407807929942596e+154,1.3407807929942596e+154,1.3407807929942596e+154,nan,nan,nan,nan,nan,nan,nan,1.3407807929942596e+154
0,-1.3407807929942596e+154,-1.3407807929942596e+154,-1.3407807929942596e+154,-1.3407807929942596e+154,9.9999999999999999e-161,-1.3407807929942596e+154,-1.3407807929942596e+154,-1.3407807929942596e+154,-1.3407807929942596e+154,nan,1.7976931348623155e+308,-998.02456958085463,1.7976931348623153e+148,-1.3407807929942596e+154,nan,nan,-1.3407807929942596e+154
1,-1.3407807929942596e+154,-1.3407807929942596e+154,-1.3407807929942596e+154,-1.3407807929942596e+154,9.9999999999999999e-161,-1.3407807929942596e+154,-1.3407807929942596e+154,-1.3407807929942596e+154,-1.3407807929942596e+154,nan,nan,nan,nan,nan,nan,nan,-1.3407807929942596e+154
0,0,0,0,0,-1.0000000000000001e-158,0,0,0,0,nan,0,-998.02396712359155,-998.02396712359155,0,nan,nan,0
1,0,0,0,0,-1.0000000000000001e-158,0,0,0,0,0,nan,nan,nan,nan,nan,nan,0
0,1.0000000000000001e+300,1.0000000000000001e+300,1.0000000000000001e+300,1.0000000000000001e+300,-1.0000000000000001e-158,1.0000000000000001e+300,1.0000000000000001e+300,1.0000000000000001e+300,1.0000000000000001e+300,nan,inf,-997.8431878746585,-inf,1.0000000000000001e+300,nan,nan,1.0000000000000001e+300
1,1.0000000000000001e+300,1.0000000000000001e+300,1.0000000000000001e+300,1.0000000000000001e+300,-1.0000000000000001e-158,1.0000000000000001e+300,1.0000000000000001e+300,1.0000000000000001e+300,1.0000000000000001e+300,nan,nan,nan,nan,nan,nan,nan,1.0000000000000001e+300
0,1.3407807929942596e+154,1.3407807929942596e+154,1.3407807929942596e+154,1.3407807929942596e+154,-1.0000000000000001e-158,1.3407807929942596e+154,1.3407807929942596e+154,1.3407807929942596e+154,1.3407807929942596e+154,nan,1.7976931348623155e+308,-997.85006156865211,-1.7976931348623153e+150,1.3407807929942596e+154,nan,nan,1.3407807929942596e+154
1,1.3407807929942596e+154,1.3407807929942596e+154,1.3407807929942596e+154,1.3407807929942596e+154,-1.0000000000000001e-158,1.3407807929942596e+154,1.3407807929942596e+154,1.3407807929942596e+154,1.3407807929942596e+154,nan,nan,nan,nan,nan,nan,nan,1.3407807929942596e+154
0,-1.3407807929942596e+154,-1.3407807929942596e+154,-1.3407807929942596e+154,-1.3407807929942596e+154,-1.0000000000000001e-158,-1.3407807929942596e+154,-1.3407807929942596e+154,-1.3407807929942596e+154,-1.3407807929942596e+154,nan,1.7976931348623155e+308,-997.9827523840861,-1.7976931348623153e+150,-1.3407807929942596e+154,nan,nan,-1.3407807929942596e+154
1,-1.3407807929942596e+154,-1.3407807929942596e+154,-1.3407807929942596e+154,-1.3407807929942596e+154,-1.0000000000000001e-158,-1.3407807929942596e+154,-1.3407807929942596e+154,-1.3407807929942596e+154,-1.3407807929942596e+154,nan,nan,nan,nan,nan,nan,nan,-1.3407807929942596e+154
0,0,0,0,0,9.9999999999999998e+155,0,0,0,0,nan,0,-997.85051519352851,-997.85051519352851,0,nan,nan,0
1,0,0,0,0,9.9999999999999998e+155,0,0,0,0,0,nan,nan,nan,nan,nan,nan,0
0,1.0000000000000001e+300,1.0000000000000001e+300,1.0000000000000001e+300,1.0000000000000001e+300,9.9999999999999998e+155,1.0000000000000001e+300,1.0000000000000001e+300,1.0000000000000001e+300,1.0000000000000001e+300,nan,inf,-997.80217449894667,inf,1.0000000000000001e+300,nan,nan,1.0000000000000001e+300
1,1.0000000000000001e+300,1.0000000000000001e+300,1.0000000000000001e+300,1.0000000000000001e+300,9.9999999999999998e+155,1.0000000000000001e+300,1.0000000000000001e+300,1.0000000000000001e+300,1.0000000000000001e+300,nan,nan,nan,nan,nan,nan,nan,1.0000000000000001e+300
0,1.3407807929942596e+154,1.3407807929942596e+154,1.3407807929942596e+154,1.3407807929942596e+154,9.9999999999999998e+155,1.3407807929942596e+154,1.3407807929942596e+154,1.3407807929942596e+154,1.3407807929942596e+154,nan,1.7976931348623155e+308,-997.95554259598987,inf,1.3407807929942596e+154,nan,nan,1.3407807929942596e+154
1,1.3407807929942596e+154,1.3407807929942596e+154,1.3407807929942596e+154,1.3407807929942596e+154,9.9999999999999998e+155,1.3407807929942596e+154,1.3407807929942596e+154,1.3407807929942596e+154,1.3407807929942596e+154,nan,nan,nan,nan,nan,nan,nan,1.3407807929942596e+154
0,-1.3407807929942596e+154,-1.3407807929942596e+154,-1.3407807929942596e+154,-1.3407807929942596e+154,9.9999999999999998e+155,-1.3407807929942596e+154,-1.3407807929942596e+154,-1.3407807929942596e+154,-1.3407807929942596e+154,nan,1.7976931348623155e+308,-997.87790230644123,inf,-1.3407807929942596e+154,nan,nan,-1.3407807929942596e+154
1,-1.3407807929942596e+154,-1.3407807929942596e+154,-1.3407807929942596e+154,-1.3407807929942596e+154,9.9999999999999998e+155,-1.3407807929942596e+154,-1.3407807929942596e+154,-1.3407807929942596e+154,-1.3407807929942596e+154,nan,nan,nan,nan,nan,nan,nan,-1.3407807929942596e+154
0,0,0,0,0,9.9999999999999995e+157,0,0,0,0,nan,0,-997.94645908892755,-997.94645908892755,0,nan,nan,0
1,0,0,0,0,9.9999999999999995e+157,0,0,0,0,0,nan,nan,nan,nan,nan,nan,0
0,1.0000000000000001e+300,1.0000000000000001e+300,1.0000000000000001e+300,1.0000000000000001e+300,9.9999999999999995e+157,1.0000000000000001e+300,1.0000000000000001e+300,1.0000000000000001e+300,1.0000000000000001e+300,nan,inf,-997.90253395114394,inf,1.0000000000000001e+300,nan,nan,1.0000000000000001e+300
1,1.0000000000000001e+300,1.0000000000000001e+300,1.0000000000000001e+300,1.0000000000000001e+300,9.9999999999999995e+157,1.0000000000000001e+300,1.0000000000000001e+300,1.0000000000000001e+300,1.0000000000000001e+300,nan,nan,nan,nan,nan,nan,nan,1.0000000000000001e+300
0,1.3407807929942596e+154,1.3407807929942596e+154,1.3407807929942596e+154,1.3407807929942596e+154,9.9999999999999995e+157,1.3407807929942596e+154,1.3407807929942596e+154,1.3407807929942596e+154,1.3407807929942596e+154,nan,1.7976931348623155e+308,-997.88427467252723,inf,1.3407807929942596e+154,nan,nan,1.3407807929942596e+154
1,1.3407807929942596e+154,1.3407807929942596e+154,1.3407807929942596e+154,1.3407807929942596e+154,9.9999999999999995e+157,1.3407807929942596e+154,1.3407807929942596e+154,1.3407807929942596e+154,1.3407807929942596e+154,nan,nan,nan,nan,nan,nan,nan,1.3407807929942596e+154
0,-1.3407807929942596e+154,-1.3407807929942596e+154,-1.3407807929942596e+154,-1.3407807929942596e+154,9.9999999999999995e+157,-1.3407807929942596e+154,-1.3407807929942596e+154,-1.3407807929942596e+154,-1.3407807929942596e+154,nan,1.7976931348623155e+308,-998.00945802738363,inf,-1.3407807929942596e+154,nan,nan,-1.3407807929942596e+154
1,-1.3407807929942596e+154,-1.3407807929942596e+154,-1.3407807929942596e+154,-1.3407807929942596e+154,9.9999999999999995e+157,-1.3407807929942596e+154,-1.3407807929942596e+154,-1.3407807929942596e+154,-1.3407807929942596e+154,nan,nan,nan,nan,nan,nan,nan,-1.3407807929942596e+154
0,0,0,0,0,1e+160,0,0,0,0,nan,0,-998.0323633591554,-998.0323633591554,0,nan,nan,0
1,0,0,0,0,1e+160,0,0,0,0,0,nan,nan,nan,nan,nan,nan,0
0,1.0000000000000001e+300,1.0000000000000001e+300,1.0000000000000001e+300,1.0000000000000001e+300,1e+160,1.0000000000000001e+300,1.0000000000000001e+300,1.0000000000000001e+300,1.0000000000000001e+300,nan,inf,-998.01438233849842,inf,1.0000000000000001e+300,nan,nan,1.0000000000000001e+300
1,1.0000000000000001e+300,1.0000000000000001e+300,1.0000000000000001e+300,1.0000000000000001e+300,1e+160,1.0000000000000001e+300,1.0000000000000001e+300,1.0000000000000001e+300,1.0000000000000001e+300,nan,nan,nan,nan,nan,nan,nan,1.0000000000000001e+300
0,1.3407807929942596e+154,1.3407807929942596e+154,1.3407807929942596e+154,1.3407807929942596e+154,1e+160,1.3407807929942596e+154,1.3407807929942596e+154,1.3407807929942596e+154,1.3407807929942596e+154,nan,1.7976931348623155e+308,-997.9591084682778,inf,1.3407807929942596e+154,nan,nan,1.3407807929942596e+154
1,1.3407807929942596e+154,1.3407807929942596e+154,1.3407807929942596e+154,1.3407807929942596e+154,1e+160,1.3407807929942596e+154,1.3407807929942596e+154,1.3407807929942596e+154,1.3407807929942596e+154,nan,nan,nan,nan,nan,nan,nan,1.3407807929942596e+154
0,-1.3407807929942596e+154,-1.3407807929942596e+154,-1.3407807929942596e+154,-1.3407807929942596e+154,1e+160,-1.3407807929942596e+154,-1.3407807929942596e+154,-1.3407807929942596e+154,-1.3407807929942596e+154,nan,1.7976931348623155e+308,-997.86580594324948,inf,-1.3407807929942596e+154,nan,nan,-1.3407807929942596e+154
1,-1.3407807929942596e+154,-1.3407807929942596e+154,-1.3407807929942596e+154,-1.3407807929942596e+154,1e+160,-1.3407807929942596e+154,-1.3407807929942596e+154,-1.3407807929942596e+154,-1.3407807929942596e+154,nan,nan,nan,nan,nan,nan,nan,-1.3407807929942596e+154
0,0,0,0,0,1e+161,0,0,0,0,nan,0,-997.9294699644073,-997.9294699644073,0,nan,nan,0
1,0,0,0,0,1e+161,0,0,0,0,0,nan,nan,nan,nan,nan,nan,0
0,1.0000000000000001e+300,1.0000000000000001e+300,1.0000000000000001e+300,1.0000000000000001e+300,1e+161,1.0000000000000001e+300,1.0000000000000001e+300,1.0000000000000001e+300,1.0000000000000001e+300,nan,inf,-997.81132482699229,inf,1.0000000000000001e+300,nan,nan,1.0000000000000001e+300
1,1.0000000000000001e+300,1.0000000000000001e+300,1.0000000000000001e+300,1.0000000000000001e+300,1e+161,1.0000000000000001e+300,1.0000000000000001e+300,1.0000000000000001e+300,1.0000000000000001e+300,nan,nan,nan,nan,nan,nan,nan,1.0000000000000001e+300
0,1.3407807929942596e+154,1.3407807929942596e+154,1.3407807929942596e+154,1.3407807929942596e+154,1e+161,1.3407807929942596e+154,1.3407807929942596e+154,1.3407807929942596e+154,1.3407807929942596e+154,nan,1.7976931348623155e+308,-997.93218541453678,inf,1.3407807929942596e+154,nan,nan,1.3407807929942596e+154
1,1.3407807929942596e+154,1.3407807929942596e+154,1.3407807929942596e+154,1.3407807929942596e+154,1e+161,1.3407807929942596e+154,1.3407807929942596e+154,1.3407807929942596e+154,1.3407807929942596e+154,nan,nan,nan,nan,nan,nan,nan,1.3407807929942596e+154
0,-1.3407807929942596e+154,-1.3407807929942596e+154,-1.3407807929942596e+154,-1.3407807929942596e+154,1e+161,-1.3407807929942596e+154,-1.3407807929942596e+154,-1.3407807929942596e+154,-1.3407807929942596e+154,nan,1.7976931348623155e+308,-997.92587675522407,inf,-1.3407807929942596e+154,nan,nan,-1.3407807929942596e+154
1,-1.3407807929942596e+154,-1.3407807929942596e+154,-1.3407807929942596e+154,-1.3407807929942596e+154,1e+161,-1.3407807929942596e+154,-1.3407807929942596e+154,-1.3407807929942596e+154,-1.3407807929942596e+154,nan,nan,nan,nan,nan,nan,nan,-1.3407807929942596e+154
0,0,0,0,0,9.9999999999999999e+203,0,0,0,0,nan,0,-997.9367540565089,-997.9367540565089,0,nan,nan,0
1,0,0,0,0,9.9999999999999999e+203,0,0,0,0,0,nan,nan,nan,nan,nan,nan,0
0,1.0000000000000001e+300,1.0000000000000001e+300,1.0000000000000001e+300,1.0000000000000001e+300,9.9999999999999999e+203,1.0000000000000001e+300,1.0000000000000001e+300,1.0000000000000001e+300,1.0000000000000001e+300,nan,inf,-997.82109626984993,inf,1.0000000000000001e+300,nan,nan,1.0000000000000001e+300
1,1.0000000000000001e+300,1.0000000000000001e+300,1.0000000000000001e+300,1.0000000000000001e+300,9.9999999999999999e+203,1.0000000000000001e+300,1.0000000000000001e+300,1.0000000000000001e+300,1.0000000000000001e+300,nan,nan,nan,nan,nan,nan,nan,1.0000000000000001e+300
0,1.3407807929942596e+154,1.3407807929942596e+154,1.3407807929942596e+154,1.3407807929942596e+154,9.9999999999999999e+203,1.3407807929942596e+154,1.3407807929942596e+154,1.3407807929942596e+154,1.3407807929942596e+154,nan,1.7976931348623155e+308,-998.0303587953988,inf,1.3407807929942596e+154,nan,nan,1.3407807929942596e+154
1,1.3407807929942596e+154,1.3407807929942596e+154,1.3407807929942596e+154,1.3407807929942596e+154,9.9999999999999999e+203,1.3407807929942596e+154,1.3407807929942596e+154,1.3407807929942596e+154,1.3407807929942596e+154,nan,nan,nan,nan,nan,nan,nan,1.3407807929942596e+154
0,-1.3407807929942596e+154,-1.3407807929942596e+154,-1.3407807929942596e+154,-1.3407807929942596e+154,9.9999999999999999e+203,-1.3407807929942596e+154,-1.3407807929942596e+154,-1.3407807929942596e+154,-1.3407807929942596e+154,nan,1.7976931348623155e+308,-997.98044377598683,inf,-1.3407807929942596e+154,nan,nan,-1.3407807929942596e+154
1,-1.3407807929942596e+154,-1.3407807929942596e+154,-1.3407807929942596e+154,-1.3407807929942596e+154,9.9999999999999999e+203,-1.3407807929942596e+154,-1.3407807929942596e+154,-1.3407807929942596e+154,-1.3407807929942596e+154,nan,nan,nan,nan,nan,nan,nan,-1.3407807929942596e+154
0,0,0,0,0,1.0000000000000001e+300,0,0,0,0,nan,0,-997.94714662032163,-997.94714662032163,0,nan,nan,0
1,0,0,0,0,1.0000000000000001e+300,0,0,0,0,0,nan,nan,nan,nan,nan,nan,0
0,1.0000000000000001e+300,1.0000000000000001e+300,1.0000000000000001e+300,1.0000000000000001e+300,1.0000000000000001e+300,1.0000000000000001e+300,1.0000000000000001e+300,1.0000000000000001e+300,1.0000000000000001e+300,nan,inf,-998.00479867754393,inf,1.0000000000000001e+300,nan,nan,1.0000000000000001e+300
1,1.0000000000000001e+300,1.0000000000000001e+300,1.0000000000000001e+300,1.0000000000000001e+300,1.0000000000000001e+300,1.0000000000000001e+300,1.0000000000000001e+300,1.0000000000000001e+300,1.0000000000000001e+300,nan,nan,nan,nan,nan,nan,nan,1.0000000000000001e+300
0,1.3407807929942596e+154,1.3407807929942596e+154,1.3407807929942596e+154,1.3407807929942596e+154,1.0000000000000001e+300,1.3407807929942596e+154,1.3407807929942596e+154,1.3407807929942596e+154,1.3407807929942596e+154,nan,1.7976931348623155e+308,-997.98110040492486,inf,1.3407807929942596e+154,nan,nan,1.3407807929942596e+154
1,1.3407807929942596e+154,1.3407807929942596e+154,1.3407807929942596e+154,1.3407807929942596e+154,1.0000000000000001e+300,1.3407807929942596e+154,1.3407807929942596e+154,1.3407807929942596e+154,1.3407807929942596e+154,nan,nan,nan,nan,nan,nan,nan,1.3407807929942596e+154
0,-1.3407807929942596e+154,-1.3407807929942596e+154,-1.3407807929942596e+154,-1.3407807929942596e+154,1.0000000000000001e+300,-1.3407807929942596e+154,-1.3407807929942596e+154,-1.3407807929942596e+154,-1.3407807929942596e+154,nan,1.7976931348623155e+308,-997.81709508621339,inf,-1.3407807929942596e+154,nan,nan,-1.3407807929942596e+154
1,-1.3407807929942596e+154,-1.3407807929942596e+154,-1.3407807929942596e+154,-1.3407807929942596e+154,1.0000000000000001e+300,-1.3407807929942596e+154,-1.3407807929942596e+154,-1.3407807929942596e+154,-1.3407807929942596e+154,nan,nan,nan,nan,nan,nan,nan,-1.3407807929942596e+154
0,0,0,0,0,0,1e-156,0,0,0,nan,0,-997.99392260216962,-997.99392260216962,0,nan,nan,0
1,0,0,0,0,0,1e-156,0,0,0,0,nan,nan,nan,nan,nan,nan,0
0,1.0000000000000001e+300,1.0000000000000001e+300,1.0000000000000001e+300,1.0000000000000001e+300,1.0000000000000001e+300,1e-156,1.0000000000000001e+300,1.0000000000000001e+300,1.0000000000000001e+300,nan,inf,-998.03617044874534,inf,1.0000000000000001e+300,nan,nan,1.0000000000000001e+300
1,1.0000000000000001e+300,1.0000000000000001e+300,1.0000000000000001e+300,1.0000000000000001e+300,1.0000000000000001e+300,1e-156,1.0000000000000001e+300,1.0000000000000001e+300,1.0000000000000001e+300,nan,nan,nan,nan,nan,nan,nan,1.0000000000000001e+300
0,1.3407807929942596e+154,1.3407807929942596e+154,1.3407807929942596e+154,1.3407807929942596e+154,1.3407807929942596e+154,1e-156,1.3407807929942596e+154,1.3407807929942596e+154,1.3407807929942596e+154,nan,1.7976931348623155e+308,-997.8062021451326,inf,1.3407807929942596e+154,nan,nan,1.3407807929942596e+154
1,1.3407807929942596e+154,1.3407807929942596e+154,1.3407807929942596e+154,1.3407807929942596e+154,1.3407807929942596e+154,1e-156,1.3407807929942596e+154,1.3407807929942596e+154,1.3407807929942596e+154,nan,nan,nan,nan,nan,nan,nan,1.3407807929942596e+154
0,-1.3407807929942596e+154,-1.3407807929942596e+154,-1.3407807929942596e+154,-1.3407807929942596e+154,-1.3407807929942596e+154,1e-156,-1.3407807929942596e+154,-1.3407807929942596e+154,-1.3407807929942596e+154,nan,1.7976931348623155e+308,-998.04710309088944,-inf,-1.3407807929942596e+154,nan,nan,-1.3407807929942596e+154
1,-1.3407807929942596e+154,-1.3407807929942596e+154,-1.3407807929942596e+154,-1.3407807929942596e+154,-1.3407807929942596e+154,1e-156,-1.3407807929942596e+154,-1.3407807929942596e+154,-1.3407807929942596e+154,nan,nan,nan,nan,nan,nan,nan,-1.3407807929942596e+154
0,0,0,0,0,0,1.0000000000000001e-158,0,0,0,nan,0,-997.79751180080825,-997.79751180080825,0,nan,nan,0
1,0,0,0,0,0,1.0000000000000001e-158,0,0,0,0,nan,nan,nan,nan,nan,nan,0
0,1.0000000000000001e+300,1.0000000000000001e+300,1.0000000000000001e+300,1.0000000000000001e+300,1.0000000000000001e+300,1.0000000000000001e-158,1.0000000000000001e+300,1.0000000000000001e+300,1.0000000000000001e+300,nan,inf,-997.94383350459134,inf,1.0000000000000001e+300,nan,nan,1.0000000000000001e+300
1,1.0000000000000001e+300,1.0000000000000001e+300,1.0000000000000001e+300,1.0000000000000001e+300,1.0000000000000001e+300,1.0000000000000001e-158,1.0000000000000001e+300,1.0000000000000001e+300,1.0000000000000001e+300,nan,nan,nan,nan,nan,nan,nan,1.0000000000000001e+300
0,1.3407807929942596e+154,1.3407807929942596e+154,1.3407807929942596e+154,1.3407807929942596e+154,1.3407807929942596e+154,1.0000000000000001e-158,1.3407807929942596e+154,1.3407807929942596e+154,1.3407807929942596e+154,nan,1.7976931348623155e+308,-997.97659115910915,inf,1.3407807929942596e+154,nan,nan,1.3407807929942596e+154
1,1.3407807929942596e+154,1.3407807929942596e+154,1.3407807929942596e+154,1.3407807929942596e+154,1.3407807929942596e+154,1.0000000000000001e-158,1.3407807929942596e+154,1.3407807929942596e+154,1.3407807929942596e+154,nan,nan,nan,nan,nan,nan,nan,1.3407807929942596e+154
0,-1.3407807929942596e+154,-1.3407807929942596e+154,-1.3407807929942596e+154,-1.3407807929942596e+154,-1.3407807929942596e+154,1.0000000000000001e-158,-1.3407807929942596e+154,-1.3407807929942596e+154,-1.3407807929942596e+154,nan,1.7976931348623155e+308,-997.86072991325784,-inf,-1.3407807929942596e+154,nan,nan,-1.3407807929942596e+154
1,-1.3407807929942596e+154,-1.3407807929942596e+154,-1.3407807929942596e+154,-1.3407807929942596e+154,-1.3407807929942596e+154,1.0000000000000001e-158,-1.3407807929942596e+154,-1.3407807929942596e+154,-1.3407807929942596e+154,nan,nan,nan,nan,nan,nan,nan,-1.3407807929942596e+154
0,0,0,0,0,0,9.9999999999999999e-161,0,0,0,nan,0,-997.9429689687729,-997.9429689687729,0,nan,nan,0
1,0,0,0,0,0,9.9999999999999999e-161,0,0,0,0,nan,nan,nan,nan,nan,nan,0
0,1.0000000000000001e+300,1.0000000000000001e+300,1.0000000000000001e+300,1.0000000000000001e+300,1.0000000000000001e+300,9.9999999999999999e-161,1.0000000000000001e+300,1.0000000000000001e+300,1.0000000000000001e+300,nan,inf,-997.90564065138415,inf,1.0000000000000001e+300,nan,nan,1.0000000000000001e+300
1,1.0000000000000001e+300,1.0000000000000001e+300,1.0000000000000001e+300,1.0000000000000001e+300,1.0000000000000001e+300,9.9999999999999999e-161,1.0000000000000001e+300,1.0000000000000001e+300,1.0000000000000001e+300,nan,nan,nan,nan,nan,nan,nan,1.0000000000000001e+300
0,1.3407807929942596e+154,1.3407807929942596e+154,1.3407807929942596e+154,1.3407807929942596e+154,1.3407807929942596e+154,9.9999999999999999e-161,1.3407807929942596e+154,1.3407807929942596e+154,1.3407807929942596e+154,nan,1.7976931348623155e+308,-997.85652818848939,inf,1.3407807929942596e+154,nan,nan,1.3407807929942596e+154
1,1.3407807929942596e+154,1.3407807929942596e+154,1.3407807929942596e+154,1.3407807929942596e+154,1.3407807929942596e+154,9.9999999999999999e-161,1.3407807929942596e+154,1.3407807929942596e+154,1.3407807929942596e+154,nan,nan,nan,nan,nan,nan,nan,1.3407807929942596e+154
0,-1.3407807929942596e+154,-1.3407807929942596e+154,-1.3407807929942596e+154,-1.3407807929942596e+154,-1.3407807929942596e+154,9.9999999999999999e-161,-1.3407807929942596e+154,-1.3407807929942596e+154,-1.3407807929942596e+154,nan,1.7976931348623155e+308,-997.82805839284993,-inf,-1.3407807929942596e+154,nan,nan,-1.3407807929942596e+154
1,-1.3407807929942596e+154,-1.3407807929942596e+154,-1.3407807929942596e+154,-1.3407807929942596e+154,-1.3407807929942596e+154,9.9999999999999999e-161,-1.3407807929942596e+154,-1.3407807929942596e+154,-1.3407807929942596e+154,nan,nan,nan,nan,nan,nan,nan,-1.3407807929942596e+154
0,0,0,0,0,0,-1.0000000000000001e-158,0,0,0,nan,0,-997.93389852354278,-997.93389852354278,0,nan,nan,0
1,0,0,0,0,0,-1.0000000000000001e-158,0,0,0,0,nan,nan,nan,nan,nan,nan,0
0,1.0000000000000001e+300,1.0000000000000001e+300,1.0000000000000001e+300,1.0000000000000001e+300,1.0000000000000001e+300,-1.0000000000000001e-158,1.0000000000000001e+300,1.0000000000000001e+300,1.0000000000000001e+300,nan,inf,-997.8702382153715,inf,1.0000000000000001e+300,nan,nan,1.0000000000000001e+300
1,1.0000000000000001e+300,1.0000000000000001e+300,1.0000000000000001e+300,1.0000000000000001e+300,1.0000000000000001e+300,-1.0000000000000001e-158,1.0000000000000001e+300,1.0000000000000001e+300,1.0000000000000001e+300,nan,nan,nan,nan,nan,nan,nan,1.0000000000000001e+300
0,1.3407807929942596e+154,1.3407807929942596e+154,1.3407807929942596e+154,1.3407807929942596e+154,1.3407807929942596e+154,-1.0000000000000001e-158,1.3407807929942596e+154,1.3407807929942596e+154,1.3407807929942596e+154,nan,1.7976931348623155e+308,-998.03345046450386,inf,1.3407807929942596e+154,nan,nan,1.3407807929942596e+154
1,1.3407807929942596e+154,1.3407807929942596e+154,1.3407807929942596e+154,1.3407807929942596e+154,1.3407807929942596e+154,-1.0000000000000001e-158,1.3407807929942596e+154,1.3407807929942596e+154,1.3407807929942596e+154,nan,nan,nan,nan,nan,nan,nan,1.3407807929942596e+154
0,-1.3407807929942596e+154,-1.3407807929942596e+154,-1.3407807929942596e+154,-1.3407807929942596e+154,-1.3407807929942596e+154,-1.0000000000000001e-158,-1.3407807929942596e+154,-1.3407807929942596e+154,-1.3407807929942596e+154,nan,1.7976931348623155e+308,-998.04207765665842,-inf,-1.3407807929942596e+154,nan,nan,-1.3407807929942596e+154
1,-1.3407807929942596e+154,-1.3407807929942596e+154,-1.3407807929942596e+154,-1.3407807929942596e+154,-1.3407807929942596e+154,-1.0000000000000001e-158,-1.3407807929942596e+154,-1.3407807929942596e+154,-1.3407807929942596e+154,nan,nan,nan,nan,nan,nan,nan,-1.3407807929942596e+154
0,0,0,0,0,0,9.9999999999999998e+155,0,0,0,nan,0,-997.92981676356283,-997.92981676356283,0,nan,nan,0
1,0,0,0,0,0,9.9999999999999998e+155,0,0,0,0,nan,nan,nan,nan,nan,nan,0
0,1.0000000000000001e+300,1.0000000000000001e+300,1.0000000000000001e+300,1.0000000000000001e+300,1.0000000000000001e+300,9.9999999999999998e+155,1.0000000000000001e+300,1.0000000000000001e+300,1.0000000000000001e+300,nan,inf,-997.93628036436564,inf,1.0000000000000001e+300,nan,nan,1.0000000000000001e+300
1,1.0000000000000001e+300,1.0000000000000001e+300,1.0000000000000001e+300,1.0000000000000001e+300,1.0000000000000001e+300,9.9999999999999998e+155,1.0000000000000001e+300,1.0000000000000001e+300,1.0000000000000001e+300,nan,nan,nan,nan,nan,nan,nan,1.0000000000000001e+300
0,1.3407807929942596e+154,1.3407807929942596e+154,1.3407807929942596e+154,1.3407807929942596e+154,1.3407807929942596e+154,9.9999999999999998e+155,1.3407807929942596e+154,1.3407807929942596e+154,1.3407807929942596e+154,nan,1.7976931348623155e+308,-997.99580072336857,inf,1.3407807929942596e+154,nan,nan,1.3407807929942596e+154
1,1.3407807929942596e+154,1.3407807929942596e+154,1.3407807929942596e+154,1.3407807929942596e+154,1.3407807929942596e+154,9.9999999999999998e+155,1.3407807929942596e+154,1.3407807929942596e+154,1.3407807929942596e+154,nan,nan,nan,nan,nan,nan,nan,1.3407807929942596e+154
0,-1.3407807929942596e+154,-1.3407807929942596e+154,-1.3407807929942596e+154,-1.3407807929942596e+154,-1.3407807929942596e+154,9.9999999999999998e+155,-1.3407807929942596e+154,-1.3407807929942596e+154,-1.3407807929942596e+154,nan,1.7976931348623155e+308,-997.96610199091219,-inf,-1.3407807929942596e+154,nan,nan,-1.3407807929942596e+154
1,-1.3407807929942596e+154,-1.3407807929942596e+154,-1.3407807929942596e+154,-1.3407807929942596e+154,-1.3407807929942596e+154,9.9999999999999998e+155,-1.3407807929942596e+154,-1.3407807929942596e+154,-1.3407807929942596e+154,nan,nan,nan,nan,nan,nan,nan,-1.3407807929942596e+154
0,0,0,0,0,0,9.9999999999999995e+157,0,0,0,nan,0,-997.86378380038764,-997.86378380038764,0,nan,nan,0
1,0,0,0,0,0,9.9999999999999995e+157,0,0,0,0,nan,nan,nan,nan,nan,nan,0
0,1.0000000000000001e+300,1.0000000000000001e+300,1.0000000000000001e+300,1.0000000000000001e+300,1.0000000000000001e+300,9.9999999999999995e+157,1.0000000000000001e+300,1.0000000000000001e+300,1.0000000000000001e+300,nan,inf,-997.88719414980244,inf,1.0000000000000001e+300,nan,nan,1.0000000000000001e+300
1,1.0000000000000001e+300,1.0000000000000001e+300,1.0000000000000001e+300,1.0000000000000001e+300,1.0000000000000001e+300,9.9999999999999995e+157,1.0000000000000001e+300,1.0000000000000001e+300,1.0000000000000001e+300,nan,nan,nan,nan,nan,nan,nan,1.0000000000000001e+300
0,1.3407807929942596e+154,1.3407807929942596e+154,1.3407807929942596e+154,1.3407807929942596e+154,1.3407807929942596e+154,9.9999999999999995e+157,1.3407807929942596e+154,1.3407807929942596e+154,1.3407807929942596e+154,nan,1.7976931348623155e+308,-997.84209963452247,inf,1.3407807929942596e+154,nan,nan,1.3407807929942596e+154
1,1.3407807929942596e+154,1.3407807929942596e+154,1.3407807929942596e+154,1.3407807929942596e+154,1.3407807929942596e+154,9.9999999999999995e+157,1.3407807929942596e+154,1.3407807929942596e+154,1.3407807929942596e+154,nan,nan,nan,nan,nan,nan,nan,1.3407807929942596e+154
0,-1.3407807929942596e+154,-1.3407807929942596e+154,-1.3407807929942596e+154,-1.3407807929942596e+154,-1.3407807929942596e+154,9.9999999999999995e+157,-1.3407807929942596e+154,-1.3407807929942596e+154,-1.3407807929942596e+154,nan,1.7976931348623155e+308,-997.99713092255899,-inf,-1.3407807929942596e+154,nan,nan,-1.3407807929942596e+154
1,-1.3407807929942596e+154,-1.3407807929942596e+154,-1.3407807929942596e+154,-1.3407807929942596e+154,-1.3407807929942596e+154,9.9999999999999995e+157,-1.3407807929942596e+154,-1.3407807929942596e+154,-1.3407807929942596e+154,nan,nan,nan,nan,nan,nan,nan,-1.3407807929942596e+154
0,0,0,0,0,0,1e+160,0,0,0,nan,0,-997.82594526481728,-997.82594526481728,0,nan,nan,0
1,0,0,0,0,0,1e+160,0,0,0,0,nan,nan,nan,nan,nan,nan,0
0,1.0000000000000001e+300,1.0000000000000001e+300,1.0000000000000001e+300,1.0000000000000001e+300,1.0000000000000001e+300,1e+160,1.0000000000000001e+300,1.0000000000000001e+300,1.0000000000000001e+300,nan,inf,-997.823762572031,inf,1.0000000000000001e+300,nan,nan,1.0000000000000001e+300
1,1.0000000000000001e+300,1.0000000000000001e+300,1.0000000000000001e+300,1.0000000000000001e+300,1.0000000000000001e+300,1e+160,1.0000000000000001e+300,1.0000000000000001e+300,1.0000000000000001e+300,nan,nan,nan,nan,nan,nan,nan,1.0000000000000001e+300
0,1.3407807929942596e+154,1.3407807929942596e+154,1.3407807929942596e+154,1.3407807929942596e+154,1.3407807929942596e+154,1e+160,1.3407807929942596e+154,1.3407807929942596e+154,1.3407807929942596e+154,nan,1.7976931348623155e+308,-997.99538635656154,inf,1.3407807929942596e+154,nan,nan,1.3407807929942596e+154
1,1.3407807929942596e+154,1.3407807929942596e+154,1.3407807929942596e+154,1.3407807929942596e+154,1.3407807929942596e+154,1e+160,1.3407807929942596e+154,1.3407807929942596e+154,1.3407807929942596e+154,nan,nan,nan,nan,nan,nan,nan,1.3407807929942596e+154
0,-1.3407807929942596e+154,-1.3407807929942596e+154,-1.3407807929942596e+154,-1.3407807929942596e+154,-1.3407807929942596e+154,1e+160,-1.3407807929942596e+154,-1.3407807929942596e+154,-1.3407807929942596e+154,nan,1.7976931348623155e+308,-997.79717417039888,-inf,-1.3407807929942596e+154,nan,nan,-1.3407807929942596e+154
1,-1.3407807929942596e+154,-1.3407807929942596e+154,-1.3407807929942596e+154,-1.3407807929942596e+154,-1.3407807929942596e+154,1e+160,-1.3407807929942596e+154,-1.3407807929942596e+154,-1.3407807929942596e+154,nan,nan,nan,nan,nan,nan,nan,-1.3407807929942596e+154
0,0,0,0,0,0,1e+161,0,0,0,nan,0,-997.91018325843561,-997.91018325843561,0,nan,nan,0
1,0,0,0,0,0,1e+161,0,0,0,0,nan,nan,nan,nan,nan,nan,0
0,1.0000000000000001e+300,1.0000000000000001e+300,1.0000000000000001e+300,1.0000000000000001e+300,1.0000000000000001e+300,1e+161,1.0000000000000001e+300,1.0000000000000001e+300,1.0000000000000001e+300,nan,inf,-997.90264856250758,inf,1.0000000000000001e+300,nan,nan,1.0000000000000001e+300
1,1.0000000000000001e+300,1.0000000000000001e+300,1.0000000000000001e+300,1.0000000000000001e+300,1.0000000000000001e+300,1e+161,1.0000000000000001e+300,1.0000000000000001e+300,1.0000000000000001e+300,nan,nan,nan,nan,nan,nan,nan,1.0000000000000001e+300
0,1.3407807929942596e+154,1.3407807929942596e+154,1.3407807929942596e+154,1.3407807929942596e+154,1.3407807929942596e+154,1e+161,1.3407807929942596e+154,1.3407807929942596e+154,1.3407807929942596e+154,nan,1.7976931348623155e+308,-997.93425794065672,inf,1.3407807929942596e+154,nan,nan,1.3407807929942596e+154
1,1.3407807929942596e+154,1.3407807929942596e+154,1.3407807929942596e+154,1.3407807929942596e+154,1.3407807929942596e+154,1e+161,1.3407807929942596e+154,1.3407807929942596e+154,1.3407807929942596e+154,nan,nan,nan,nan,nan,nan,nan,1.3407807929942596e+154
0,-1.3407807929942596e+154,-1.3407807929942596e+154,-1.3407807929942596e+154,-1.3407807929942596e+154,-1.3407807929942596e+154,1e+161,-1.3407807929942596e+154,-1.3407807929942596e+154,-1.3407807929942596e+154,nan,1.7976931348623155e+308,-997.92753271709876,-inf,-1.3407807929942596e+154,nan,nan,-1.3407807929942596e+154
1,-1.3407807929942596e+154,-1.3407807929942596e+154,-1.3407807929942596e+154,-1.3407807929942596e+154,-1.3407807929942596e+154,1e+161,-1.3407807929942596e+154,-1.3407807929942596e+154,-1.3407807929942596e+154,nan,nan,nan,nan,nan,nan,nan,-1.3407807929942596e+154
0,0,0,0,0,0,9.9999999999999999e+203,0,0,0,nan,0,-997.91617098822712,-997.91617098822712,0,nan,nan,0
1,0,0,0,0,0,9.9999999999999999e+203,0,0,0,0,nan,nan,nan,nan,nan,nan,0
0,1.0000000000000001e+300,1.0000000000000001e+300,1.0000000000000001e+300,1.0000000000000001e+300,1.0000000000000001e+300,9.9999999999999999e+203,1.0000000000000001e+300,1.0000000000000001e+300,1.0000000000000001e+300,nan,inf,-997.96296121458988,inf,1.0000000000000001e+300,nan,nan,1.0000000000000001e+300
1,1.0000000000000001e+300,1.0000000000000001e+300,1.0000000000000001e+300,1.0000000000000001e+300,1.0000000000000001e+300,9.9999999999999999e+203,1.0000000000000001e+300,1.0000000000000001e+300,1.0000000000000001e+300,nan,nan,nan,nan,nan,nan,nan,1.0000000000000001e+300
0,1.3407807929942596e+154,1.3407807929942596e+154,1.3407807929942596e+154,1.3407807929942596e+154,1.3407807929942596e+154,9.9999999999999999e+203,1.3407807929942596e+154,1.3407807929942596e+154,1.3407807929942596e+154,nan,1.7976931348623155e+308,-998.00528353259733,inf,1.3407807929942596e+154,nan,nan,1.3407807929942596e+154
1,1.3407807929942596e+154,1.3407807929942596e+154,1.3407807929942596e+154,1.3407807929942596e+154,1.3407807929942596e+154,9.9999999999999999e+203,1.3407807929942596e+154,1.3407807929942596e+154,1.3407807929942596e+154,nan,nan,nan,nan,nan,nan,nan,1.3407807929942596e+154
0,-1.3407807929942596e+154,-1.3407807929942596e+154,-1.3407807929942596e+154,-1.3407807929942596e+154,-1.3407807929942596e+154,9.9999999999999999e+203,-1.3407807929942596e+154,-1.3407807929942596e+154,-1.3407807929942596e+154,nan,1.7976931348623155e+308,-997.83569938657797,-inf,-1.3407807929942596e+154,nan,nan,-1.3407807929942596e+154
1,-1.3407807929942596e+154,-1.3407807929942596e+154,-1.3407807929942596e+154,-1.3407807929942596e+154,-1.3407807929942596e+154,9.9999999999999999e+203,-1.3407807929942596e+154,-1.3407807929942596e+154,-1.3407807929942596e+154,nan,nan,nan,nan,nan,nan,nan,-1.3407807929942596e+154
0,0,0,0,0,0,1.0000000000000001e+300,0,0,0,nan,0,-997.83068982413943,-997.83068982413943,0,nan,nan,0
1,0,0,0,0,0,1.0000000000000001e+300,0,0,0,0,nan,nan,nan,nan,nan,nan,0
0,1.0000000000000001e+300,1.0000000000000001e+300,1.0000000000000001e+300,1.0000000000000001e+300,1.0000000000000001e+300,1.0000000000000001e+300,1.0000000000000001e+300,1.0000000000000001e+300,1.0000000000000001e+300,nan,inf,-997.9509561577338,inf,1.0000000000000001e+300,nan,nan,1.0000000000000001e+300
1,1.0000000000000001e+300,1.0000000000000001e+300,1.0000000000000001e+300,1.0000000000000001e+300,1.0000000000000001e+300,1.0000000000000001e+300,1.0000000000000001e+300,1.0000000000000001e+300,1.0000000000000001e+300,nan,nan,nan,nan,nan,nan,nan,1.0000000000000001e+300
0,1.3407807929942596e+154,1.3407807929942596e+154,1.3407807929942596e+154,1.3407807929942596e+154,1.3407807929942596e+154,1.0000000000000001e+300,1.3407807929942596e+154,1.3407807929942596e+154,1.3407807929942596e+154,nan,1.7976931348623155e+308,-997.8847018693325,inf,1.3407807929942596e+154,nan,nan,1.3407807929942596e+154
1,1.3407807929942596e+154,1.3407807929942596e+154,1.3407807929942596e+154,1.3407807929942596e+154,1.3407807929942596e+154,1.0000000000000001e+300,1.3407807929942596e+154,1.3407807929942596e+154,1.3407807929942596e+154,nan,nan,nan,nan,nan,nan,nan,1.3407807929942596e+154
0,-1.3407807929942596e+154,-1.3407807929942596e+154,-1.3407807929942596e+154,-1.3407807929942596e+154,-1.3407807929942596e+154,1.0000000000000001e+300,-1.3407807929942596e+154,-1.3407807929942596e+154,-1.3407807929942596e+154,nan,1.7976931348623155e+308,-997.83825292053996,-inf,-1.3407807929942596e+154,nan,nan,-1.3407807929942596e+154
1,-1.3407807929942596e+154,-1.3407807929942596e+154,-1.3407807929942596e+154,-1.3407807929942596e+154,-1.3407807929942596e+154,1.0000000000000001e+300,-1.3407807929942596e+154,-1.3407807929942596e+154,-1.3407807929942596e+154,nan,nan,nan,nan,nan,nan,nan,-1.3407807929942596e+154
0,0,0,0,0,0,0,1e-156,0,0,nan,0,-997.86904821337191,-997.86904821337191,0,nan,nan,0
1,0,0,0,0,0,0,1e-156,0,0,0,nan,nan,nan,nan,nan,nan,0
0,1.0000000000000001e+300,1.0000000000000001e+300,1.0000000000000001e+300,1.0000000000000001e+300,1.0000000000000001e+300,1.0000000000000001e+300,1e-156,1.0000000000000001e+300,1.0000000000000001e+300,nan,inf,-997.82375621475217,inf,1.0000000000000001e+300,nan,nan,1.0000000000000001e+300
1,1.0000000000000001e+300,1.0000000000000001e+300,1.0000000000000001e+300,1.0000000000000001e+300,1.0000000000000001e+300,1.0000000000000001e+300,1e-156,1.0000000000000001e+300,1.0000000000000001e+300,nan,nan,nan,nan,nan,nan,nan,1.0000000000000001e+300
0,1.3407807929942596e+154,1.3407807929942596e+154,1.3407807929942596e+154,1.3407807929942596e+154,1.3407807929942596e+154,1.3407807929942596e+154,1e-156,1.3407807929942596e+154,1.3407807929942596e+154,nan,1.7976931348623155e+308,-997.98422449713644,inf,1.3407807929942596e+154,nan,nan,1.3407807929942596e+154
1,1.3407807929942596e+154,1.3407807929942596e+154,1.3407807929942596e+154,1.3407807929942596e+154,1.3407807929942596e+154,1.3407807929942596e+154,1e-156,1.3407807929942596e+154,1.3407807929942596e+154,1.3407807929942597e+154,nan,nan,nan,nan,nan,nan,1.3407807929942596e+154
0,-1.3407807929942596e+154,-1.3407807929942596e+154,-1.3407807929942596e+154,-1.3407807929942596e+154,-1.3407807929942596e+154,-1.3407807929942596e+154,1e-156,-1.3407807929942596e+154,-1.3407807929942596e+154,nan,1.7976931348623155e+308,-997.96598382440197,-inf,-1.3407807929942596e+154,nan,nan,-1.3407807929942596e+154
1,-1.3407807929942596e+154,-1.3407807929942596e+154,-1.3407807929942596e+154,-1.3407807929942596e+154,-1.3407807929942596e+154,-1.3407807929942596e+154,1e-156,-1.3407807929942596e+154,-1.3407807929942596e+154,-1.3407807929942593e+154,nan,nan,nan,nan,nan,nan,-1.3407807929942596e+154
0,0,0,0,0,0,0,1.0000000000000001e-158,0,0,nan,0,-997.92693501217627,-997.92693501217627,0,nan,nan,0
1,0,0,0,0,0,0,1.0000000000000001e-158,0,0,0,nan,nan,nan,nan,nan,nan,0
0,1.0000000000000001e+300,1.0000000000000001e+300,1.0000000000000001e+300,1.0000000000000001e+300,1.0000000000000001e+300,1.0000000000000001e+300,1.0000000000000001e-158,1.0000000000000001e+300,1.0000000000000001e+300,nan,inf,-998.00439759766584,inf,1.0000000000000001e+300,nan,nan,1.0000000000000001e+300
1,1.0000000000000001e+300,1.0000000000000001e+300,1.0000000000000001e+300,1.0000000000000001e+300,1.0000000000000001e+300,1.0000000000000001e+300,1.0000000000000001e-158,1.0000000000000001e+300,1.0000000000000001e+300,nan,nan,nan,nan,nan,nan,nan,1.0000000000000001e+300
0,1.3407807929942596e+154,1.3407807929942596e+154,1.3407807929942596e+154,1.3407807929942596e+154,1.3407807929942596e+154,1.3407807929942596e+154,1.0000000000000001e-158,1.3407807929942596e+154,1.3407807929942596e+154,nan,1.7976931348623155e+308,-997.96641165339611,inf,1.3407807929942596e+154,nan,nan,1.3407807929942596e+154
1,1.3407807929942596e+154,1.3407807929942596e+154,1.3407807929942596e+154,1.3407807929942596e+154,1.3407807929942596e+154,1.3407807929942596e+154,1.0000000000000001e-158,1.3407807929942596e+154,1.3407807929942596e+154,1.3407807929942594e+154,nan,nan,nan,nan,nan,nan,1.3407807929942596e+154
0,-1.3407807929942596e+154,-1.3407807929942596e+154,-1.3407807929942596e+154,-1.3407807929942596e+154,-1.3407807929942596e+154,-1.3407807929942596e+154,1.0000000000000001e-158,-1.3407807929942596e+154,-1.3407807929942596e+154,nan,1.7976931348623155e+308,-997.98132837527692,-inf,-1.3407807929942596e+154,nan,nan,-1.3407807929942596e+154
1,-1.3407807929942596e+154,-1.3407807929942596e+154,-1.3407807929942596e+154,-1.3407807929942596e+154,-1.3407807929942596e+154,-1.3407807929942596e+154,1.0000000000000001e-158,-1.3407807929942596e+154,-1.3407807929942596e+154,-1.3407807929942596e+154,nan,nan,nan,nan,nan,nan,-1.3407807929942596e+154
0,0,0,0,0,0,0,9.9999999999999999e-161,0,0,nan,0,-997.99529877032228,-997.99529877032228,0,nan,nan,0
1,0,0,0,0,0,0,9.9999999999999999e-161,0,0,0,nan,nan,nan,nan,nan,nan,0
0,1.0000000000000001e+300,1.0000000000000001e+300,1.0000000000000001e+300,1.0000000000000001e+300,1.0000000000000001e+300,1.0000000000000001e+300,9.9999999999999999e-161,1.0000000000000001e+300,1.0000000000000001e+300,nan,inf,-997.86866109954644,inf,1.0000000000000001e+300,nan,nan,1.0000000000000001e+300
1,1.0000000000000001e+300,1.0000000000000001e+300,1.0000000000000001e+300,1.0000000000000001e+300,1.0000000000000001e+300,1.0000000000000001e+300,9.9999999999999999e-161,1.0000000000000001e+300,1.0000000000000001e+300,nan,nan,nan,nan,nan,nan,nan,1.0000000000000001e+300
0,1.3407807929942596e+154,1.3407807929942596e+154,1.3407807929942596e+154,1.3407807929942596e+154,1.3407807929942596e+154,1.3407807929942596e+154,9.9999999999999999e-161,1.3407807929942596e+154,1.3407807929942596e+154,nan,1.7976931348623155e+308,-997.82684623799651,inf,1.3407807929942596e+154,nan,nan,1.3407807929942596e+154
1,1.3407807929942596e+154,1.3407807929942596e+154,1.3407807929942596e+154,1.3407807929942596e+154,1.3407807929942596e+154,1.3407807929942596e+154,9.9999999999999999e-161,1.3407807929942596e+154,1.3407807929942596e+154,1.3407807929942594e+154,nan,nan,nan,nan,nan,nan,1.3407807929942596e+154
0,-1.3407807929942596e+154,-1.3407807929942596e+154,-1.3407807929942596e+154,-1.3407807929942596e+154,-1.3407807929942596e+154,-1.3407807929942596e+154,9.9999999999999999e-161,-1.3407807929942596e+154,-1.3407807929942596e+154,nan,1.7976931348623155e+308,-997.9202448242545,-inf,-1.3407807929942596e+154,nan,nan,-1.3407807929942596e+154
1,-1.3407807929942596e+154,-1.3407807929942596e+154,-1.3407807929942596e+154,-1.3407807929942596e+154,-1.3407807929942596e+154,-1.3407807929942596e+154,9.9999999999999999e-161,-1.3407807929942596e+154,-1.3407807929942596e+154,-1.3407807929942594e+154,nan,nan,nan,nan,nan,nan,-1.3407807929942596e+154
0,0,0,0,0,0,0,-1.0000000000000001e-158,0,0,nan,0,-998.03523614290452,-998.03523614290452,0,nan,nan,0
1,0,0,0,0,0,0,-1.0000000000000001e-158,0,0,0,nan,nan,nan,nan,nan,nan,0
0,1.0000000000000001e+300,1.0000000000000001e+300,1.0000000000000001e+300,1.0000000000000001e+300,1.0000000000000001e+300,1.0000000000000001e+300,-1.0000000000000001e-158,1.0000000000000001e+300,1.0000000000000001e+300,nan,inf,-998.01941136875928,inf,1.0000000000000001e+300,nan,nan,1.0000000000000001e+300
1,1.0000000000000001e+300,1.0000000000000001e+300,1.0000000000000001e+300,1.0000000000000001e+300,1.0000000000000001e+300,1.0000000000000001e+300,-1.0000000000000001e-158,1.0000000000000001e+300,1.0000000000000001e+300,nan,nan,nan,nan,nan,nan,nan,1.0000000000000001e+300
0,1.3407807929942596e+154,1.3407807929942596e+154,1.3407807929942596e+154,1.3407807929942596e+154,1.3407807929942596e+154,1.3407807929942596e+154,-1.0000000000000001e-158,1.3407807929942596e+154,1.3407807929942596e+154,nan,1.7976931348623155e+308,-997.96154357869284,inf,1.3407807929942596e+154,nan,nan,1.3407807929942596e+154
1,1.3407807929942596e+154,1.3407807929942596e+154,1.3407807929942596e+154,1.3407807929942596e+154,1.3407807929942596e+154,1.3407807929942596e+154,-1.0000000000000001e-158,1.3407807929942596e+154,1.3407807929942596e+154,1.3407807929942596e+154,nan,nan,nan,nan,nan,nan,1.3407807929942596e+154
0,-1.3407807929942596e+154,-1.3407807929942596e+154,-1.3407807929942596e+154,-1.3407807929942596e+154,-1.3407807929942596e+154,-1.3407807929942596e+154,-1.0000000000000001e-158,-1.3407807929942596e+154,-1.3407807929942596e+154,nan,1.7976931348623155e+308,-997.90011995269253,-inf,-1.3407807929942596e+154,nan,nan,-1.3407807929942596e+154
1,-1.3407807929942596e+154,-1.3407807929942596e+154,-1.3407807929942596e+154,-1.3407807929942596e+154,-1.3407807929942596e+154,-1.3407807929942596e+154,-1.0000000000000001e-158,-1.3407807929942596e+154,-1.3407807929942596e+154,-1.3407807929942594e+154,nan,nan,nan,nan,nan,nan,-1.3407807929942596e+154
0,0,0,0,0,0,0,9.9999999999999998e+155,0,0,nan,0,-997.99375425795245,-997.99375425795245,0,nan,nan,0
1,0,0,0,0,0,0,9.9999999999999998e+155,0,0,0,nan,nan,nan,nan,nan,nan,0
0,1.0000000000000001e+300,1.0000000000000001e+300,1.0000000000000001e+300,1.0000000000000001e+300,1.0000000000000001e+300,1.0000000000000001e+300,9.9999999999999998e+155,1.0000000000000001e+300,1.0000000000000001e+300,nan,inf,-998.04824416098631,inf,1.0000000000000001e+300,nan,nan,1.0000000000000001e+300
1,1.0000000000000001e+300,1.0000000000000001e+300,1.0000000000000001e+300,1.0000000000000001e+300,1.0000000000000001e+300,1.0000000000000001e+300,9.9999999999999998e+155,1.0000000000000001e+300,1.0000000000000001e+300,nan,nan,nan,nan,nan,nan,nan,1.0000000000000001e+300
0,1.3407807929942596e+154,1.3407807929942596e+154,1.3407807929942596e+154,1.3407807929942596e+154,1.3407807929942596e+154,1.3407807929942596e+154,9.9999999999999998e+155,1.3407807929942596e+154,1.3407807929942596e+154,nan,1.7976931348623155e+308,-997.94934332473622,inf,1.3407807929942596e+154,nan,nan,1.3407807929942596e+154
1,1.3407807929942596e+154,1.3407807929942596e+154,1.3407807929942596e+154,1.3407807929942596e+154,1.3407807929942596e+154,1.3407807929942596e+154,9.9999999999999998e+155,1.3407807929942596e+154,1.3407807929942596e+154,nan,nan,nan,nan,nan,nan,nan,1.3407807929942596e+154
0,-1.3407807929942596e+154,-1.3407807929942596e+154,-1.3407807929942596e+154,-1.3407807929942596e+154,-1.3407807929942596e+154,-1.3407807929942596e+154,9.9999999999999998e+155,-1.3407807929942596e+154,-1.3407807929942596e+154,nan,1.7976931348623155e+308,-997.84615186466544,-inf,-1.3407807929942596e+154,nan,nan,-1.3407807929942596e+154
1,-1.3407807929942596e+154,-1.3407807929942596e+154,-1.3407807929942596e+154,-1.3407807929942596e+154,-1.3407807929942596e+154,-1.3407807929942596e+154,9.9999999999999998e+155,-1.3407807929942596e+154,-1.3407807929942596e+154,nan,nan,nan,nan,nan,nan,nan,-1.3407807929942596e+154
0,0,0,0,0,0,0,9.9999999999999995e+157,0,0,nan,0,-998.03722463146732,-998.03722463146732,0,nan,nan,0
1,0,0,0,0,0,0,9.9999999999999995e+157,0,0,0,nan,nan,nan,nan,nan,nan,0
0,1.0000000000000001e+300,1.0000000000000001e+300,1.0000000000000001e+300,1.0000000000000001e+300,1.0000000000000001e+300,1.0000000000000001e+300,9.9999999999999995e+157,1.0000000000000001e+300,1.0000000000000001e+300,nan,inf,-998.04425476142296,inf,1.0000000000000001e+300,nan,nan,1.0000000000000001e+300
1,1.0000000000000001e+300,1.0000000000000001e+300,1.0000000000000001e+300,1.0000000000000001e+300,1.0000000000000001e+300,1.0000000000000001e+300,9.9999999999999995e+157,1.0000000000000001e+300,1.0000000000000001e+300,nan,nan,nan,nan,nan,nan,nan,1.0000000000000001e+300
0,1.3407807929942596e+154,1.3407807929942596e+154,1.3407807929942596e+154,1.3407807929942596e+154,1.3407807929942596e+154,1.3407807929942596e+154,9.9999999999999995e+157,1.3407807929942596e+154,1.3407807929942596e+154,nan,1.7976931348623155e+308,-997.83941522098712,inf,1.3407807929942596e+154,nan,nan,1.3407807929942596e+154
1,1.3407807929942596e+154,1.3407807929942596e+154,1.3407807929942596e+154,1.3407807929942596e+154,1.3407807929942596e+154,1.3407807929942596e+154,9.9999999999999995e+157,1.3407807929942596e+154,1.3407807929942596e+154,nan,nan,nan,nan,nan,nan,nan,1.3407807929942596e+154
0,-1.3407807929942596e+154,-1.3407807929942596e+154,-1.3407807929942596e+154,-1.3407807929942596e+154,-1.3407807929942596e+154,-1.3407807929942596e+154,9.9999999999999995e+157,-1.3407807929942596e+154,-1.3407807929942596e+154,nan,1.7976931348623155e+308,-997.87320549420201,-inf,-1.3407807929942596e+154,nan,nan,-1.3407807929942596e+154
1,-1.3407807929942596e+154,-1.3407807929942596e+154,-1.3407807929942596e+154,-1.3407807929942596e+154,-1.3407807929942596e+154,-1.3407807929942596e+154,9.9999999999999995e+157,-1.3407807929942596e+154,-1.3407807929942596e+154,nan,nan,nan,nan,nan,nan,nan,-1.3407807929942596e+154
0,0,0,0,0,0,0,1e+160,0,0,nan,0,-997.80288159803899,-997.80288159803899,0,nan,nan,0
1,0,0,0,0,0,0,1e+160,0,0,0,nan,nan,nan,nan,nan,nan,0
0,1.0000000000000001e+300,1.0000000000000001e+300,1.0000000000000001e+300,1.0000000000000001e+300,1.0000000000000001e+300,1.0000000000000001e+300,1e+160,1.0000000000000001e+300,1.0000000000000001e+300,nan,inf,-997.82175093855324,inf,1.0000000000000001e+300,nan,nan,1.0000000000000001e+300
1,1.0000000000000001e+300,1.0000000000000001e+300,1.0000000000000001e+300,1.0000000000000001e+300,1.0000000000000001e+300,1.0000000000000001e+300,1e+160,1.0000000000000001e+300,1.0000000000000001e+300,nan,nan,nan,nan,nan,nan,nan,1.0000000000000001e+300
0,1.3407807929942596e+154,1.3407807929942596e+154,1.3407807929942596e+154,1.3407807929942596e+154,1.3407807929942596e+154,1.3407807929942596e+154,1e+160,1.3407807929942596e+154,1.3407807929942596e+154,nan,1.7976931348623155e+308,-997.81960077360247,inf,1.3407807929942596e+154,nan,nan,1.3407807929942596e+154
1,1.3407807929942596e+154,1.3407807929942596e+154,1.3407807929942596e+154,1.3407807929942596e+154,1.3407807929942596e+154,1.3407807929942596e+154,1e+160,1.3407807929942596e+154,1.3407807929942596e+154,nan,nan,nan,nan,nan,nan,nan,1.3407807929942596e+154
0,-1.3407807929942596e+154,-1.3407807929942596e+154,-1.3407807929942596e+154,-1.3407807929942596e+154,-1.3407807929942596e+154,-1.3407807929942596e+154,1e+160,-1.3407807929942596e+154,-1.3407807929942596e+154,nan,1.7976931348623155e+308,-998.00065250310104,-inf,-1.3407807929942596e+154,nan,nan,-1.3407807929942596e+154
1,-1.3407807929942596e+154,-1.3407807929942596e+154,-1.3407807929942596e+154,-1.3407807929942596e+154,-1.3407807929942596e+154,-1.3407807929942596e+154,1e+160,-1.3407807929942596e+154,-1.3407807929942596e+154,nan,nan,nan,nan,nan,nan,nan,-1.3407807929942596e+154
0,0,0,0,0,0,0,1e+161,0,0,nan,0,-997.90476070857585,-997.90476070857585,0,nan,nan,0
1,0,0,0,0,0,0,1e+161,0,0,0,nan,nan,nan,nan,nan,nan,0
0,1.0000000000000001e+300,1.0000000000000001e+300,1.0000000000000001e+300,1.0000000000000001e+300,1.0000000000000001e+300,1.0000000000000001e+300,1e+161,1.0000000000000001e+300,1.0000000000000001e+300,nan,inf,-998.0476043759968,inf,1.0000000000000001e+300,nan,nan,1.0000000000000001e+300
1,1.0000000000000001e+300,1.0000000000000001e+300,1.0000000000000001e+300,1.0000000000000001e+300,1.0000000000000001e+300,1.0000000000000001e+300,1e+161,1.0000000000000001e+300,1.0000000000000001e+300,nan,nan,nan,nan,nan,nan,nan,1.0000000000000001e+300
0,1.3407807929942596e+154,1.3407807929942596e+154,1.3407807929942596e+154,1.3407807929942596e+154,1.3407807929942596e+154,1.3407807929942596e+154,1e+161,1.3407807929942596e+154,1.3407807929942596e+154,nan,1.7976931348623155e+308,-997.942790060059,inf,1.3407807929942596e+154,nan,nan,1.3407807929942596e+154
1,1.3407807929942596e+154,1.3407807929942596e+154,1.3407807929942596e+154,1.3407807929942596e+154,1.3407807929942596e+154,1.3407807929942596e+154,1e+161,1.3407807929942596e+154,1.3407807929942596e+154,nan,nan,nan,nan,nan,nan,nan,1.3407807929942596e+154
0,-1.3407807929942596e+154,-1.3407807929942596e+154,-1.3407807929942596e+154,-1.3407807929942596e+154,-1.3407807929942596e+154,-1.3407807929942596e+154,1e+161,-1.3407807929942596e+154,-1.3407807929942596e+154,nan,1.7976931348623155e+308,-997.99783573480215,-inf,-1.3407807929942596e+154,nan,nan,-1.3407807929942596e+154
1,-1.3407807929942596e+154,-1.3407807929942596e+154,-1.3407807929942596e+154,-1.3407807929942596e+154,-1.3407807929942596e+154,-1.3407807929942596e+154,1e+161,-1.3407807929942596e+154,-1.3407807929942596e+154,nan,nan,nan,nan,nan,nan,nan,-1.3407807929942596e+154
0,0,0,0,0,0,0,9.9999999999999999e+203,0,0,nan,0,-997.99559987398038,-997.99559987398038,0,nan,nan,0
1,0,0,0,0,0,0,9.9999999999999999e+203,0,0,0,nan,nan,nan,nan,nan,nan,0
0,1.0000000000000001e+300,1.0000000000000001e+300,1.0000000000000001e+300,1.0000000000000001e+300,1.0000000000000001e+300,1.0000000000000001e+300,9.9999999999999999e+203,1.0000000000000001e+300,1.0000000000000001e+300,nan,inf,-997.90987070025369,inf,1.0000000000000001e+300,nan,nan,1.0000000000000001e+300
1,1.0000000000000001e+300,1.0000000000000001e+300,1.0000000000000001e+300,1.0000000000000001e+300,1.0000000000000001e+300,1.0000000000000001e+300,9.9999999999999999e+203,1.0000000000000001e+300,1.0000000000000001e+300,nan,nan,nan,nan,nan,nan,nan,1.0000000000000001e+300
0,1.3407807929942596e+154,1.3407807929942596e+154,1.3407807929942596e+154,1.3407807929942596e+154,1.3407807929942596e+154,1.3407807929942596e+154,9.9999999999999999e+203,1.3407807929942596e+154,1.3407807929942596e+154,nan,1.7976931348623155e+308,-997.82956329659862,inf,1.3407807929942596e+154,nan,nan,1.3407807929942596e+154
1,1.3407807929942596e+154,1.3407807929942596e+154,1.3407807929942596e+154,1.3407807929942596e+154,1.3407807929942596e+154,1.3407807929942596e+154,9.9999999999999999e+203,1.3407807929942596e+154,1.3407807929942596e+154,nan,nan,nan,nan,nan,nan,nan,1.3407807929942596e+154
0,-1.3407807929942596e+154,-1.3407807929942596e+154,-1.3407807929942596e+154,-1.3407807929942596e+154,-1.3407807929942596e+154,-1.3407807929942596e+154,9.9999999999999999e+203,-1.3407807929942596e+154,-1.3407807929942596e+154,nan,1.7976931348623155e+308,-997.90348459167444,-inf,-1.3407807929942596e+154,nan,nan,-1.3407807929942596e+154
1,-1.3407807929942596e+154,-1.3407807929942596e+154,-1.3407807929942596e+154,-1.3407807929942596e+154,-1.3407807929942596e+154,-1.3407807929942596e+154,9.9999999999999999e+203,-1.3407807929942596e+154,-1.3407807929942596e+154,nan,nan,nan,nan,nan,nan,nan,-1.3407807929942596e+154
0,0,0,0,0,0,0,1.0000000000000001e+300,0,0,nan,0,-998.00151395555167,-998.00151395555167,0,nan,nan,0
1,0,0,0,0,0,0,1.0000000000000001e+300,0,0,0,nan,nan,nan,nan,nan,nan,0
0,1.0000000000000001e+300,1.0000000000000001e+300,1.0000000000000001e+300,1.0000000000000001e+300,1.0000000000000001e+300,1.0000000000000001e+300,1.0000000000000001e+300,1.0000000000000001e+300,1.0000000000000001e+300,nan,inf,-998.00142964053543,inf,1.0000000000000001e+300,nan,nan,1.0000000000000001e+300
1,1.0000000000000001e+300,1.0000000000000001e+300,1.0000000000000001e+300,1.0000000000000001e+300,1.0000000000000001e+300,1.0000000000000001e+300,1.0000000000000001e+300,1.0000000000000001e+300,1.0000000000000001e+300,nan,nan,nan,nan,nan,nan,nan,1.0000000000000001e+300
0,1.3407807929942596e+154,1.3407807929942596e+154,1.3407807929942596e+154,1.3407807929942596e+154,1.3407807929942596e+154,1.3407807929942596e+154,1.0000000000000001e+300,1.3407807929942596e+154,1.3407807929942596e+154,nan,1.7976931348623155e+308,-997.96855199735774,inf,1.3407807929942596e+154,nan,nan,1.3407807929942596e+154
1,1.3407807929942596e+154,1.3407807929942596e+154,1.3407807929942596e+154,1.3407807929942596e+154,1.3407807929942596e+154,1.3407807929942596e+154,1.0000000000000001e+300,1.3407807929942596e+154,1.3407807929942596e+154,nan,nan,nan,nan,nan,nan,nan,1.3407807929942596e+154
0,-1.3407807929942596e+154,-1.3407807929942596e+154,-1.3407807929942596e+154,-1.3407807929942596e+154,-1.3407807929942596e+154,-1.3407807929942596e+154,1.0000000000000001e+300,-1.3407807929942596e+154,-1.3407807929942596e+154,nan,1.7976931348623155e+308,-997.97459628748754,-inf,-1.3407807929942596e+154,nan,nan,-1.3407807929942596e+154
1,-1.3407807929942596e+154,-1.3407807929942596e+154,-1.3407807929942596e+154,-1.3407807929942596e+154,-1.3407807929942596e+154,-1.3407807929942596e+154,1.0000000000000001e+300,-1.3407807929942596e+154,-1.3407807929942596e+154,nan,nan,nan,nan,nan,nan,nan,-1.3407807929942596e+154
0,1e-156,0,0,0,0,0,0,0,0,nan,0,-997.87937829098348,-997.87937829098348,0,nan,nan,0
1,1e-156,0,0,0,0,0,0,0,0,0,nan,nan,nan,nan,nan,nan,0
0,1e-156,1.0000000000000001e+300,1.0000000000000001e+300,1.0000000000000001e+300,1.0000000000000001e+300,1.0000000000000001e+300,1.0000000000000001e+300,1.0000000000000001e+300,1.0000000000000001e+300,nan,inf,-998.0334155084488,inf,1.0000000000000001e+300,nan,nan,1e-156
1,1e-156,1.0000000000000001e+300,1.0000000000000001e+300,1.0000000000000001e+300,1.0000000000000001e+300,1.0000000000000001e+300,1.0000000000000001e+300,1.0000000000000001e+300,1.0000000000000001e+300,nan,nan,nan,nan,nan,nan,nan,1.0000000000000001e+300
0,1e-156,1.3407807929942596e+154,1.3407807929942596e+154,1.3407807929942596e+154,1.3407807929942596e+154,1.3407807929942596e+154,1.3407807929942596e+154,1.3407807929942596e+154,1.3407807929942596e+154,nan,1.7976931348623155e+308,-997.8131093490581,inf,1.3407807929942596e+154,nan,nan,1e-156
1,1e-156,1.3407807929942596e+154,1.3407807929942596e+154,1.3407807929942596e+154,1.3407807929942596e+154,1.3407807929942596e+154,1.3407807929942596e+154,1.3407807929942596e+154,1.3407807929942596e+154,nan,nan,nan,nan,nan,nan,nan,1.3407807929942596e+154
0,1e-156,-1.3407807929942596e+154,-1.3407807929942596e+154,-1.3407807929942596e+154,-1.3407807929942596e+154,-1.3407807929942596e+154,-1.3407807929942596e+154,-1.3407807929942596e+154,-1.3407807929942596e+154,nan,1.7976931348623155e+308,-998.04746214388115,-inf,-1.3407807929942596e+154,nan,nan,-1.3407807929942596e+154
1,1e-156,-1.3407807929942596e+154,-1.3407807929942596e+154,-1.3407807929942596e+154,-1.3407807929942596e+154,-1.3407807929942596e+154,-1.3407807929942596e+154,-1.3407807929942596e+154,-1.3407807929942596e+154,nan,nan,nan,nan,nan,nan,nan,-1.3407807929942596e+154
0,1.0000000000000001e-158,0,0,0,0,0,0,0,0,nan,0,-998.0295853694513,-998.0295853694513,0,nan,nan,0
1,1.0000000000000001e-158,0,0,0,0,0,0,0,0,0,nan,nan,nan,nan,nan,nan,0
0,1.0000000000000001e-158,1.0000000000000001e+300,1.0000000000000001e+300,1.0000000000000001e+300,1.0000000000000001e+300,1.0000000000000001e+300,1.0000000000000001e+300,1.0000000000000001e+300,1.0000000000000001e+300,nan,inf,-997.91024523818737,inf,1.0000000000000001e+300,nan,nan,1.0000000000000001e-158
1,1.0000000000000001e-158,1.0000000000000001e+300,1.0000000000000001e+300,1.0000000000000001e+300,1.0000000000000001e+300,1.0000000000000001e+300,1.0000000000000001e+300,1.0000000000000001e+300,1.0000000000000001e+300,nan,nan,nan,nan,nan,nan,nan,1.0000000000000001e+300
0,1.0000000000000001e-158,1.3407807929942596e+154,1.3407807929942596e+154,1.3407807929942596e+154,1.3407807929942596e+154,1.3407807929942596e+154,1.3407807929942596e+154,1.3407807929942596e+154,1.3407807929942596e+154,nan,1.7976931348623155e+308,-997.97121100484298,inf,1.3407807929942596e+154,nan,nan,1.0000000000000001e-158
1,1.0000000000000001e-158,1.3407807929942596e+154,1.3407807929942596e+154,1.3407807929942596e+154,1.3407807929942596e+154,1.3407807929942596e+154,1.3407807929942596e+154,1.3407807929942596e+154,1.3407807929942596e+154,nan,nan,nan,nan,nan,nan,nan,1.3407807929942596e+154
0,1.0000000000000001e-158,-1.3407807929942596e+154,-1.3407807929942596e+154,-1.3407807929942596e+154,-1.3407807929942596e+154,-1.3407807929942596e+154,-1.3407807929942596e+154,-1.3407807929942596e+154,-1.3407807929942596e+154,nan,1.7976931348623155e+308,-997.95653347418977,-inf,-1.3407807929942596e+154,nan,nan,-1.3407807929942596e+154
1,1.0000000000000001e-158,-1.3407807929942596e+154,-1.3407807929942596e+154,-1.3407807929942596e+154,-1.3407807929942596e+154,-1.3407807929942596e+154,-1.3407807929942596e+154,-1.3407807929942596e+154,-1.3407807929942596e+154,nan,nan,nan,nan,nan,nan,nan,-1.3407807929942596e+154
0,9.9999999999999999e-161,0,0,0,0,0,0,0,0,nan,0,-997.8611618905669,-997.8611618905669,0,nan,nan,0
1,9.9999999999999999e-161,0,0,0,0,0,0,0,0,0,nan,nan,nan,nan,nan,nan,0
0,9.9999999999999999e-161,1.0000000000000001e+300,1.0000000000000001e+300,1.0000000000000001e+300,1.0000000000000001e+300,1.0000000000000001e+300,1.0000000000000001e+300,1.0000000000000001e+300,1.0000000000000001e+300,nan,inf,-997.83998683029779,inf,1.0000000000000001e+300,nan,nan,9.9999999999999999e-161
1,9.9999999999999999e-161,1.0000000000000001e+300,1.0000000000000001e+300,1.0000000000000001e+300,1.0000000000000001e+300,1.0000000000000001e+300,1.0000000000000001e+300,1.0000000000000001e+300,1.0000000000000001e+300,nan,nan,nan,nan,nan,nan,nan,1.0000000000000001e+300
0,9.9999999999999999e-161,1.3407807929942596e+154,1.3407807929942596e+154,1.3407807929942596e+154,1.3407807929942596e+154,1.3407807929942596e+154,1.3407807929942596e+154,1.3407807929942596e+154,1.3407807929942596e+154,nan,1.7976931348623155e+308,-997.99948109703053,inf,1.3407807929942596e+154,nan,nan,9.9999999999999999e-161
1,9.9999999999999999e-161,1.3407807929942596e+154,1.3407807929942596e+154,1.3407807929942596e+154,1.3407807929942596e+154,1.3407807929942596e+154,1.3407807929942596e+154,1.3407807929942596e+154,1.3407807929942596e+154,nan,nan,nan,nan,nan,nan,nan,1.3407807929942596e+154
0,9.9999999999999999e-161,-1.3407807929942596e+154,-1.3407807929942596e+154,-1.3407807929942596e+154,-1.3407807929942596e+154,-1.3407807929942596e+154,-1.3407807929942596e+154,-1.3407807929942596e+154,-1.3407807929942596e+154,nan,1.7976931348623155e+308,-997.85952095304685,-inf,-1.3407807929942596e+154,nan,nan,-1.3407807929942596e+154
1,9.9999999999999999e-161,-1.3407807929942596e+154,-1.3407807929942596e+154,-1.3407807929942596e+154,-1.3407807929942596e+154,-1.3407807929942596e+154,-1.3407807929942596e+154,-1.3407807929942596e+154,-1.3407807929942596e+154,nan,nan,nan,nan,nan,nan,nan,-1.3407807929942596e+154
0,-1.0000000000000001e-158,0,0,0,0,0,0,0,0,nan,0,-997.97497228039742,-997.97497228039742,-1.0000000000000001e-158,nan,nan,-1.0000000000000001e-158
1,-1.0000000000000001e-158,0,0,0,0,0,0,0,0,0,nan,nan,nan,nan,nan,nan,0
0,-1.0000000000000001e-158,1.0000000000000001e+300,1.0000000000000001e+300,1.0000000000000001e+300,1.0000000000000001e+300,1.0000000000000001e+300,1.0000000000000001e+300,1.0000000000000001e+300,1.0000000000000001e+300,nan,inf,-997.97044554828528,inf,1.0000000000000001e+300,nan,nan,-1.0000000000000001e-158
1,-1.0000000000000001e-158,1.0000000000000001e+300,1.0000000000000001e+300,1.0000000000000001e+300,1.0000000000000001e+300,1.0000000000000001e+300,1.0000000000000001e+300,1.0000000000000001e+300,1.0000000000000001e+300,nan,nan,nan,nan,nan,nan,nan,1.0000000000000001e+300
0,-1.0000000000000001e-158,1.3407807929942596e+154,1.3407807929942596e+154,1.3407807929942596e+154,1.3407807929942596e+154,1.3407807929942596e+154,1.3407807929942596e+154,1.3407807929942596e+154,1.3407807929942596e+154,nan,1.7976931348623155e+308,-997.97801741443368,inf,1.3407807929942596e+154,nan,nan,-1.0000000000000001e-158
1,-1.0000000000000001e-158,1.3407807929942596e+154,1.3407807929942596e+154,1.3407807929942596e+154,1.3407807929942596e+154,1.3407807929942596e+154,1.3407807929942596e+154,1.3407807929942596e+154,1.3407807929942596e+154,nan,nan,nan,nan,nan,nan,nan,1.3407807929942596e+154
0,-1.0000000000000001e-158,-1.3407807929942596e+154,-1.3407807929942596e+154,-1.3407807929942596e+154,-1.3407807929942596e+154,-1.3407807929942596e+154,-1.3407807929942596e+154,-1.3407807929942596e+154,-1.3407807929942596e+154,nan,1.7976931348623155e+308,-997.80689597794083,-inf,-1.3407807929942596e+154,nan,nan,-1.3407807929942596e+154
1,-1.0000000000000001e-158,-1.3407807929942596e+154,-1.3407807929942596e+154,-1.3407807929942596e+154,-1.3407807929942596e+154,-1.3407807929942596e+154,-1.3407807929942596e+154,-1.3407807929942596e+154,-1.3407807929942596e+154,nan,nan,nan,nan,nan,nan,nan,-1.3407807929942596e+154
0,9.9999999999999998e+155,0,0,0,0,0,0,0,0,nan,0,-997.97339074908552,-997.97339074908552,0,nan,nan,0
1,9.9999999999999998e+155,0,0,0,0,0,0,0,0,0,nan,nan,nan,nan,nan,nan,0
0,9.9999999999999998e+155,1.0000000000000001e+300,1.0000000000000001e+300,1.0000000000000001e+300,1.0000000000000001e+300,1.0000000000000001e+300,1.0000000000000001e+300,1.0000000000000001e+300,1.0000000000000001e+300,nan,inf,-997.89189312027929,inf,1.0000000000000001e+300,nan,nan,9.9999999999999998e+155
1,9.9999999999999998e+155,1.0000000000000001e+300,1.0000000000000001e+300,1.0000000000000001e+300,1.0000000000000001e+300,1.0000000000000001e+300,1.0000000000000001e+300,1.0000000000000001e+300,1.0000000000000001e+300,nan,nan,nan,nan,nan,nan,nan,1.0000000000000001e+300
0,9.9999999999999998e+155,1.3407807929942596e+154,1.3407807929942596e+154,1.3407807929942596e+154,1.3407807929942596e+154,1.3407807929942596e+154,1.3407807929942596e+154,1.3407807929942596e+154,1.3407807929942596e+154,nan,1.7976931348623155e+308,-997.8052423044237,inf,1.3407807929942596e+154,nan,nan,1.3407807929942596e+154
1,9.9999999999999998e+155,1.3407807929942596e+154,1.3407807929942596e+154,1.3407807929942596e+154,1.3407807929942596e+154,1.3407807929942596e+154,1.3407807929942596e+154,1.3407807929942596e+154,1.3407807929942596e+154,nan,nan,nan,nan,nan,nan,nan,1.3407807929942596e+154
0,9.9999999999999998e+155,-1.3407807929942596e+154,-1.3407807929942596e+154,-1.3407807929942596e+154,-1.3407807929942596e+154,-1.3407807929942596e+154,-1.3407807929942596e+154,-1.3407807929942596e+154,-1.3407807929942596e+154,nan,1.7976931348623155e+308,-997.84625164479326,-inf,-1.3407807929942596e+154,nan,nan,-1.3407807929942596e+154
1,9.9999999999999998e+155,-1.3407807929942596e+154,-1.3407807929942596e+154,-1.3407807929942596e+154,-1.3407807929942596e+154,-1.3407807929942596e+154,-1.3407807929942596e+154,-1.3407807929942596e+154,-1.3407807929942596e+154,nan,nan,nan,nan,nan,nan,nan,-1.3407807929942596e+154
0,9.9999999999999995e+157,0,0,0,0,0,0,0,0,nan,0,-997.94652585235292,-997.94652585235292,0,nan,nan,0
1,9.9999999999999995e+157,0,0,0,0,0,0,0,0,0,nan,nan,nan,nan,nan,nan,0
0,9.9999999999999995e+157,1.0000000000000001e+300,1.0000000000000001e+300,1.0000000000000001e+300,1.0000000000000001e+300,1.0000000000000001e+300,1.0000000000000001e+300,1.0000000000000001e+300,1.0000000000000001e+300,nan,inf,-997.95114609172856,inf,1.0000000000000001e+300,nan,nan,9.9999999999999995e+157
1,9.9999999999999995e+157,1.0000000000000001e+300,1.0000000000000001e+300,1.0000000000000001e+300,1.0000000000000001e+300,1.0000000000000001e+300,1.0000000000000001e+300,1.0000000000000001e+300,1.0000000000000001e+300,nan,nan,nan,nan,nan,nan,nan,1.0000000000000001e+300
0,9.9999999999999995e+157,1.3407807929942596e+154,1.3407807929942596e+154,1.3407807929942596e+154,1.3407807929942596e+154,1.3407807929942596e+154,1.3407807929942596e+154,1.3407807929942596e+154,1.3407807929942596e+154,nan,1.7976931348623155e+308,-997.84242221812428,inf,1.3407807929942596e+154,nan,nan,1.3407807929942596e+154
1,9.9999999999999995e+157,1.3407807929942596e+154,1.3407807929942596e+154,1.3407807929942596e+154,1.3407807929942596e+154,1.3407807929942596e+154,1.3407807929942596e+154,1.3407807929942596e+154,1.3407807929942596e+154,nan,nan,nan,nan,nan,nan,nan,1.3407807929942596e+154
0,9.9999999999999995e+157,-1.3407807929942596e+154,-1.3407807929942596e+154,-1.3407807929942596e+154,-1.3407807929942596e+154,-1.3407807929942596e+154,-1.3407807929942596e+154,-1.3407807929942596e+154,-1.3407807929942596e+154,nan,1.7976931348623155e+308,-997.95866569916393,-inf,-1.3407807929942596e+154,nan,nan,-1.3407807929942596e+154
1,9.9999999999999995e+157,-1.3407807929942596e+154,-1.3407807929942596e+154,-1.3407807929942596e+154,-1.3407807929942596e+154,-1.3407807929942596e+154,-1.3407807929942596e+154,-1.3407807929942596e+154,-1.3407807929942596e+154,nan,nan,nan,nan,nan,nan,nan,-1.3407807929942596e+154
0,1e+160,0,0,0,0,0,0,0,0,nan,0,-997.86071961632604,-997.86071961632604,0,nan,nan,0
1,1e+160,0,0,0,0,0,0,0,0,0,nan,nan,nan,nan,nan,nan,0
0,1e+160,1.0000000000000001e+300,1.0000000000000001e+300,1.0000000000000001e+300,1.0000000000000001e+300,1.0000000000000001e+300,1.0000000000000001e+300,1.0000000000000001e+300,1.0000000000000001e+300,nan,inf,-998.01762340241112,inf,1.0000000000000001e+300,nan,nan,1e+160
1,1e+160,1.0000000000000001e+300,1.0000000000000001e+300,1.0000000000000001e+300,1.0000000000000001e+300,1.0000000000000001e+300,1.0000000000000001e+300,1.0000000000000001e+300,1.0000000000000001e+300,nan,nan,nan,nan,nan,nan,nan,1.0000000000000001e+300
0,1e+160,1.3407807929942596e+154,1.3407807929942596e+154,1.3407807929942596e+154,1.3407807929942596e+154,1.3407807929942596e+154,1.3407807929942596e+154,1.3407807929942596e+154,1.3407807929942596e+154,nan,1.7976931348623155e+308,-997.93505996901911,inf,1.3407807929942596e+154,nan,nan,1.3407807929942596e+154
1,1e+160,1.3407807929942596e+154,1.3407807929942596e+154,1.3407807929942596e+154,1.3407807929942596e+154,1.3407807929942596e+154,1.3407807929942596e+154,1.3407807929942596e+154,1.3407807929942596e+154,nan,nan,nan,nan,nan,nan,nan,1.3407807929942596e+154
0,1e+160,-1.3407807929942596e+154,-1.3407807929942596e+154,-1.3407807929942596e+154,-1.3407807929942596e+154,-1.3407807929942596e+154,-1.3407807929942596e+154,-1.3407807929942596e+154,-1.3407807929942596e+154,nan,1.7976931348623155e+308,-997.91291870039584,-inf,-1.3407807929942596e+154,nan,nan,-1.3407807929942596e+154
1,1e+160,-1.3407807929942596e+154,-1.3407807929942596e+154,-1.3407807929942596e+154,-1.3407807929942596e+154,-1.3407807929942596e+154,-1.3407807929942596e+154,-1.3407807929942596e+154,-1.3407807929942596e+154,nan,nan,nan,nan,nan,nan,nan,-1.3407807929942596e+154
0,1e+161,0,0,0,0,0,0,0,0,nan,0,-997.93851618100825,-997.93851618100825,0,nan,nan,0
1,1e+161,0,0,0,0,0,0,0,0,0,nan,nan,nan,nan,nan,nan,0
0,1e+161,1.0000000000000001e+300,1.0000000000000001e+300,1.0000000000000001e+300,1.0000000000000001e+300,1.0000000000000001e+300,1.0000000000000001e+300,1.0000000000000001e+300,1.0000000000000001e+300,nan,inf,-997.95981944368714,inf,1.0000000000000001e+300,nan,nan,1e+161
1,1e+161,1.0000000000000001e+300,1.0000000000000001e+300,1.0000000000000001e+300,1.0000000000000001e+300,1.0000000000000001e+300,1.0000000000000001e+300,1.0000000000000001e+300,1.0000000000000001e+300,nan,nan,nan,nan,nan,nan,nan,1.0000000000000001e+300
0,1e+161,1.3407807929942596e+154,1.3407807929942596e+154,1.3407807929942596e+154,1.3407807929942596e+154,1.3407807929942596e+154,1.3407807929942596e+154,1.3407807929942596e+154,1.3407807929942596e+154,nan,1.7976931348623155e+308,-997.80631084406025,inf,1.3407807929942596e+154,nan,nan,1.3407807929942596e+154
1,1e+161,1.3407807929942596e+154,1.3407807929942596e+154,1.3407807929942596e+154,1.3407807929942596e+154,1.3407807929942596e+154,1.3407807929942596e+154,1.3407807929942596e+154,1.3407807929942596e+154,nan,nan,nan,nan,nan,nan,nan,1.3407807929942596e+154
0,1e+161,-1.3407807929942596e+154,-1.3407807929942596e+154,-1.3407807929942596e+154,-1.3407807929942596e+154,-1.3407807929942596e+154,-1.3407807929942596e+154,-1.3407807929942596e+154,-1.3407807929942596e+154,nan,1.7976931348623155e+308,-997.97940097965932,-inf,-1.3407807929942596e+154,nan,nan,-1.3407807929942596e+154
1,1e+161,-1.3407807929942596e+154,-1.3407807929942596e+154,-1.3407807929942596e+154,-1.3407807929942596e+154,-1.3407807929942596e+154,-1.3407807929942596e+154,-1.3407807929942596e+154,-1.3407807929942596e+154,nan,nan,nan,nan,nan,nan,nan,-1.3407807929942596e+154
0,9.9999999999999999e+203,0,0,0,0,0,0,0,0,nan,0,-997.79680571535641,-997.79680571535641,0,nan,nan,0
1,9.9999999999999999e+203,0,0,0,0,0,0,0,0,0,nan,nan,nan,nan,nan,nan,0
0,9.9999999999999999e+203,1.0000000000000001e+300,1.0000000000000001e+300,1.0000000000000001e+300,1.0000000000000001e+300,1.0000000000000001e+300,1.0000000000000001e+300,1.0000000000000001e+300,1.0000000000000001e+300,nan,inf,-997.88192198713489,inf,1.0000000000000001e+300,nan,nan,9.9999999999999999e+203
1,9.9999999999999999e+203,1.0000000000000001e+300,1.0000000000000001e+300,1.0000000000000001e+300,1.0000000000000001e+300,1.0000000000000001e+300,1.0000000000000001e+300,1.0000000000000001e+300,1.0000000000000001e+300,nan,nan,nan,nan,nan,nan,nan,1.0000000000000001e+300
0,9.9999999999999999e+203,1.3407807929942596e+154,1.3407807929942596e+154,1.3407807929942596e+154,1.3407807929942596e+154,1.3407807929942596e+154,1.3407807929942596e+154,1.3407807929942596e+154,1.3407807929942596e+154,nan,1.7976931348623155e+308,-997.82130811024717,inf,1.3407807929942596e+154,nan,nan,1.3407807929942596e+154
1,9.9999999999999999e+203,1.3407807929942596e+154,1.3407807929942596e+154,1.3407807929942596e+154,1.3407807929942596e+154,1.3407807929942596e+154,1.3407807929942596e+154,1.3407807929942596e+154,1.3407807929942596e+154,nan,nan,nan,nan,nan,nan,nan,1.3407807929942596e+154
0,9.9999999999999999e+203,-1.3407807929942596e+154,-1.3407807929942596e+154,-1.3407807929942596e+154,-1.3407807929942596e+154,-1.3407807929942596e+154,-1.3407807929942596e+154,-1.3407807929942596e+154,-1.3407807929942596e+154,nan,1.7976931348623155e+308,-997.9688230263946,-inf,-1.3407807929942596e+154,nan,nan,-1.3407807929942596e+154
1,9.9999999999999999e+203,-1.3407807929942596e+154,-1.3407807929942596e+154,-1.3407807929942596e+154,-1.3407807929942596e+154,-1.3407807929942596e+154,-1.3407807929942596e+154,-1.3407807929942596e+154,-1.3407807929942596e+154,nan,nan,nan,nan,nan,nan,nan,-1.3407807929942596e+154
0,1.0000000000000001e+300,0,0,0,0,0,0,0,0,nan,0,-997.87968897096982,-997.87968897096982,0,nan,nan,0
1,1.0000000000000001e+300,0,0,0,0,0,0,0,0,0,nan,nan,nan,nan,nan,nan,0
0,1.0000000000000001e+300,1.0000000000000001e+300,1.0000000000000001e+300,1.0000000000000001e+300,1.0000000000000001e+300,1.0000000000000001e+300,1.0000000000000001e+300,1.0000000000000001e+300,1.0000000000000001e+300,nan,inf,-997.9714429517345,inf,1.0000000000000001e+300,nan,nan,1.0000000000000001e+300
1,1.0000000000000001e+300,1.0000000000000001e+300,1.0000000000000001e+300,1.0000000000000001e+300,1.0000000000000001e+300,1.0000000000000001e+300,1.0000000000000001e+300,1.0000000000000001e+300,1.0000000000000001e+300,nan,nan,nan,nan,nan,nan,nan,1.0000000000000001e+300
0,1.0000000000000001e+300,1.3407807929942596e+154,1.3407807929942596e+154,1.3407807929942596e+154,1.3407807929942596e+154,1.3407807929942596e+154,1.3407807929942596e+154,1.3407807929942596e+154,1.3407807929942596e+154,nan,1.7976931348623155e+308,-997.98755971131118,inf,1.3407807929942596e+154,nan,nan,1.3407807929942596e+154
1,1.0000000000000001e+300,1.3407807929942596e+154,1.3407807929942596e+154,1.3407807929942596e+154,1.3407807929942596e+154,1.3407807929942596e+154,1.3407807929942596e+154,1.3407807929942596e+154,1.3407807929942596e+154,nan,nan,nan,nan,nan,nan,nan,1.3407807929942596e+154
0,1.0000000000000001e+300,-1.3407807929942596e+154,-1.3407807929942596e+154,-1.3407807929942596e+154,-1.3407807929942596e+154,-1.3407807929942596e+154,-1.3407807929942596e+154,-1.3407807929942596e+154,-1.3407807929942596e+154,nan,1.7976931348623155e+308,-997.84794705582692,-inf,-1.3407807929942596e+154,nan,nan,-1.3407807929942596e+154
1,1.0000000000000001e+300,-1.3407807929942596e+154,-1.3407807929942596e+154,-1.3407807929942596e+154,-1.3407807929942596e+154,-1.3407807929942596e+154,-1.3407807929942596e+154,-1.3407807929942596e+154,-1.3407807929942596e+154,nan,nan,nan,nan,nan,nan,nan,-1.3407807929942596e+154
0,0,1e-156,0,0,0,0,0,0,0,nan,0,-998.0228929343308,-998.0228929343308,0,nan,nan,0
1,0,1e-156,0,0,0,0,0,0,0,0,nan,nan,nan,nan,nan,nan,0
0,1.0000000000000001e+300,1e-156,1.0000000000000001e+300,1.0000000000000001e+300,1.0000000000000001e+300,1.0000000000000001e+300,1.0000000000000001e+300,1.0000000000000001e+300,1.0000000000000001e+300,nan,inf,-997.85721364828942,inf,1e-156,nan,nan,1e-156
1,1.0000000000000001e+300,1e-156,1.0000000000000001e+300,1.0000000000000001e+300,1.0000000000000001e+300,1.0000000000000001e+300,1.0000000000000001e+300,1.0000000000000001e+300,1.0000000000000001e+300,nan,nan,nan,nan,nan,nan,nan,1.0000000000000001e+300
0,1.3407807929942596e+154,1e-156,1.3407807929942596e+154,1.3407807929942596e+154,1.3407807929942596e+154,1.3407807929942596e+154,1.3407807929942596e+154,1.3407807929942596e+154,1.3407807929942596e+154,nan,1.7976931348623155e+308,-998.02611243905585,inf,1e-156,nan,nan,1e-156
1,1.3407807929942596e+154,1e-156,1.3407807929942596e+154,1.3407807929942596e+154,1.3407807929942596e+154,1.3407807929942596e+154,1.3407807929942596e+154,1.3407807929942596e+154,1.3407807929942596e+154,nan,nan,nan,nan,nan,nan,nan,1.3407807929942596e+154
0,-1.3407807929942596e+154,1e-156,-1.3407807929942596e+154,-1.3407807929942596e+154,-1.3407807929942596e+154,-1.3407807929942596e+154,-1.3407807929942596e+154,-1.3407807929942596e+154,-1.3407807929942596e+154,nan,1.7976931348623155e+308,-997.94216640338777,-inf,-1.3407807929942596e+154,nan,nan,-1.3407807929942596e+154
1,-1.3407807929942596e+154,1e-156,-1.3407807929942596e+154,-1.3407807929942596e+154,-1.3407807929942596e+154,-1.3407807929942596e+154,-1.3407807929942596e+154,-1.3407807929942596e+154,-1.3407807929942596e+154,nan,nan,nan,nan,nan,nan,nan,-1.3407807929942596e+154
0,0,1.0000000000000001e-158,0,0,0,0,0,0,0,nan,0,-997.9732698319774,-997.9732698319774,0,nan,nan,0
1,0,1.0000000000000001e-158,0,0,0,0,0,0,0,0,nan,nan,nan,nan,nan,nan,0
0,1.0000000000000001e+300,1.0000000000000001e-158,1.0000000000000001e+300,1.0000000000000001e+300,1.0000000000000001e+300,1.0000000000000001e+300,1.0000000000000001e+300,1.0000000000000001e+300,1.0000000000000001e+300,nan,inf,-997.92589434590786,inf,1.0000000000000001e-158,nan,nan,1.0000000000000001e-158
1,1.0000000000000001e+300,1.0000000000000001e-158,1.0000000000000001e+300,1.0000000000000001e+300,1.0000000000000001e+300,1.0000000000000001e+300,1.0000000000000001e+300,1.0000000000000001e+300,1.0000000000000001e+300,nan,nan,nan,nan,nan,nan,nan,1.0000000000000001e+300
0,1.3407807929942596e+154,1.0000000000000001e-158,1.3407807929942596e+154,1.3407807929942596e+154,1.3407807929942596e+154,1.3407807929942596e+154,1.3407807929942596e+154,1.3407807929942596e+154,1.3407807929942596e+154,nan,1.7976931348623155e+308,-998.01150558125858,inf,1.0000000000000001e-158,nan,nan,1.0000000000000001e-158
1,1.3407807929942596e+154,1.0000000000000001e-158,1.3407807929942596e+154,1.3407807929942596e+154,1.3407807929942596e+154,1.3407807929942596e+154,1.3407807929942596e+154,1.3407807929942596e+154,1.3407807929942596e+154,nan,nan,nan,nan,nan,nan,nan,1.3407807929942596e+154
0,-1.3407807929942596e+154,1.0000000000000001e-158,-1.3407807929942596e+154,-1.3407807929942596e+154,-1.3407807929942596e+154,-1.3407807929942596e+154,-1.3407807929942596e+154,-1.3407807929942596e+154,-1.3407807929942596e+154,nan,1.7976931348623155e+308,-997.95581210101045,-inf,-1.3407807929942596e+154,nan,nan,-1.3407807929942596e+154
1,-1.3407807929942596e+154,1.0000000000000001e-158,-1.3407807929942596e+154,-1.3407807929942596e+154,-1.3407807929942596e+154,-1.3407807929942596e+154,-1.3407807929942596e+154,-1.3407807929942596e+154,-1.3407807929942596e+154,nan,nan,nan,nan,nan,nan,nan,-1.3407807929942596e+154
0,0,9.9999999999999999e-161,0,0,0,0,0,0,0,nan,0,-997.85662707947756,-997.85662707947756,0,nan,nan,0
1,0,9.9999999999999999e-161,0,0,0,0,0,0,0,0,nan,nan,nan,nan,nan,nan,0
0,1.0000000000000001e+300,9.9999999999999999e-161,1.0000000000000001e+300,1.0000000000000001e+300,1.0000000000000001e+300,1.0000000000000001e+300,1.0000000000000001e+300,1.0000000000000001e+300,1.0000000000000001e+300,nan,inf,-997.94383237544218,inf,9.9999999999999999e-161,nan,nan,9.9999999999999999e-161
1,1.0000000000000001e+300,9.9999999999999999e-161,1.0000000000000001e+300,1.0000000000000001e+300,1.0000000000000001e+300,1.0000000000000001e+300,1.0000000000000001e+300,1.0000000000000001e+300,1.0000000000000001e+300,nan,nan,nan,nan,nan,nan,nan,1.0000000000000001e+300
0,1.3407807929942596e+154,9.9999999999999999e-161,1.3407807929942596e+154,1.3407807929942596e+154,1.3407807929942596e+154,1.3407807929942596e+154,1.3407807929942596e+154,1.3407807929942596e+154,1.3407807929942596e+154,nan,1.7976931348623155e+308,-998.03436756076815,inf,9.9999999999999999e-161,nan,nan,9.9999999999999999e-161
1,1.3407807929942596e+154,9.9999999999999999e-161,1.3407807929942596e+154,1.3407807929942596e+154,1.3407807929942596e+154,1.3407807929942596e+154,1.3407807929942596e+154,1.3407807929942596e+154,1.3407807929942596e+154,nan,nan,nan,nan,nan,nan,nan,1.3407807929942596e+154
0,-1.3407807929942596e+154,9.9999999999999999e-161,-1.3407807929942596e+154,-1.3407807929942596e+154,-1.3407807929942596e+154,-1.3407807929942596e+154,-1.3407807929942596e+154,-1.3407807929942596e+154,-1.3407807929942596e+154,nan,1.7976931348623155e+308,-997.95597830227541,-inf,-1.3407807929942596e+154,nan,nan,-1.3407807929942596e+154
1,-1.3407807929942596e+154,9.9999999999999999e-161,-1.3407807929942596e+154,-1.3407807929942596e+154,-1.3407807929942596e+154,-1.3407807929942596e+154,-1.3407807929942596e+154,-1.3407807929942596e+154,-1.3407807929942596e+154,nan,nan,nan,nan,nan,nan,nan,-1.3407807929942596e+154
0,0,-1.0000000000000001e-158,0,0,0,0,0,0,0,nan,0,-998.02640188612838,-998.02640188612838,-1.0000000000000001e-158,nan,nan,-1.0000000000000001e-158
1,0,-1.0000000000000001e-158,0,0,0,0,0,0,0,0,nan,nan,nan,nan,nan,nan,0
0,1.0000000000000001e+300,-1.0000000000000001e-158,1.0000000000000001e+300,1.0000000000000001e+300,1.0000000000000001e+300,1.0000000000000001e+300,1.0000000000000001e+300,1.0000000000000001e+300,1.0000000000000001e+300,nan,inf,-997.90429898415016,inf,-1.0000000000000001e-158,nan,nan,-1.0000000000000001e-158
1,1.0000000000000001e+300,-1.0000000000000001e-158,1.0000000000000001e+300,1.0000000000000001e+300,1.0000000000000001e+300,1.0000000000000001e+300,1.0000000000000001e+300,1.0000000000000001e+300,1.0000000000000001e+300,nan,nan,nan,nan,nan,nan,nan,1.0000000000000001e+300
0,1.3407807929942596e+154,-1.0000000000000001e-158,1.3407807929942596e+154,1.3407807929942596e+154,1.3407807929942596e+154,1.3407807929942596e+154,1.3407807929942596e+154,1.3407807929942596e+154,1.3407807929942596e+154,nan,1.7976931348623155e+308,-997.91837067089944,inf,-1.0000000000000001e-158,nan,nan,-1.0000000000000001e-158
1,1.3407807929942596e+154,-1.0000000000000001e-158,1.3407807929942596e+154,1.3407807929942596e+154,1.3407807929942596e+154,1.3407807929942596e+154,1.3407807929942596e+154,1.3407807929942596e+154,1.3407807929942596e+154,nan,nan,nan,nan,nan,nan,nan,1.3407807929942596e+154
0,-1.3407807929942596e+154,-1.0000000000000001e-158,-1.3407807929942596e+154,-1.3407807929942596e+154,-1.3407807929942596e+154,-1.3407807929942596e+154,-1.3407807929942596e+154,-1.3407807929942596e+154,-1.3407807929942596e+154,nan,1.7976931348623155e+308,-997.84735095748272,-inf,-1.3407807929942596e+154,nan,nan,-1.3407807929942596e+154
1,-1.3407807929942596e+154,-1.0000000000000001e-158,-1.3407807929942596e+154,-1.3407807929942596e+154,-1.3407807929942596e+154,-1.3407807929942596e+154,-1.3407807929942596e+154,-1.3407807929942596e+154,-1.3407807929942596e+154,nan,nan,nan,nan,nan,nan,nan,-1.3407807929942596e+154
0,0,9.9999999999999998e+155,0,0,0,0,0,0,0,nan,0,-997.97606479120032,-997.97606479120032,0,nan,nan,0
1,0,9.9999999999999998e+155,0,0,0,0,0,0,0,0,nan,nan,nan,nan,nan,nan,0
0,1.0000000000000001e+300,9.9999999999999998e+155,1.0000000000000001e+300,1.0000000000000001e+300,1.0000000000000001e+300,1.0000000000000001e+300,1.0000000000000001e+300,1.0000000000000001e+300,1.0000000000000001e+300,nan,inf,-998.02316402725069,inf,9.9999999999999998e+155,nan,nan,9.9999999999999998e+155
1,1.0000000000000001e+300,9.9999999999999998e+155,1.0000000000000001e+300,1.0000000000000001e+300,1.0000000000000001e+300,1.0000000000000001e+300,1.0000000000000001e+300,1.0000000000000001e+300,1.0000000000000001e+300,nan,nan,nan,nan,nan,nan,nan,1.0000000000000001e+300
0,1.3407807929942596e+154,9.9999999999999998e+155,1.3407807929942596e+154,1.3407807929942596e+154,1.3407807929942596e+154,1.3407807929942596e+154,1.3407807929942596e+154,1.3407807929942596e+154,1.3407807929942596e+154,nan,1.7976931348623155e+308,-997.81224895286016,inf,9.9999999999999998e+155,nan,nan,1.3407807929942596e+154
1,1.3407807929942596e+154,9.9999999999999998e+155,1.3407807929942596e+154,1.3407807929942596e+154,1.3407807929942596e+154,1.3407807929942596e+154,1.3407807929942596e+154,1.3407807929942596e+154,1.3407807929942596e+154,nan,nan,nan,nan,nan,nan,nan,1.3407807929942596e+154
0,-1.3407807929942596e+154,9.9999999999999998e+155,-1.3407807929942596e+154,-1.3407807929942596e+154,-1.3407807929942596e+154,-1.3407807929942596e+154,-1.3407807929942596e+154,-1.3407807929942596e+154,-1.3407807929942596e+154,nan,1.7976931348623155e+308,-997.95099834991652,-inf,-1.3407807929942596e+154,nan,nan,-1.3407807929942596e+154
1,-1.3407807929942596e+154,9.9999999999999998e+155,-1.3407807929942596e+154,-1.3407807929942596e+154,-1.3407807929942596e+154,-1.3407807929942596e+154,-1.3407807929942596e+154,-1.3407807929942596e+154,-1.3407807929942596e+154,nan,nan,nan,nan,nan,nan,nan,-1.3407807929942596e+154
0,0,9.9999999999999995e+157,0,0,0,0,0,0,0,nan,0,-997.8247790322871,-997.8247790322871,0,nan,nan,0
1,0,9.9999999999999995e+157,0,0,0,0,0,0,0,0,nan,nan,nan,nan,nan,nan,0
0,1.0000000000000001e+300,9.9999999999999995e+157,1.0000000000000001e+300,1.0000000000000001e+300,1.0000000000000001e+300,1.0000000000000001e+300,1.0000000000000001e+300,1.0000000000000001e+300,1.0000000000000001e+300,nan,inf,-997.92165827425458,inf,9.9999999999999995e+157,nan,nan,9.9999999999999995e+157
1,1.0000000000000001e+300,9.9999999999999995e+157,1.0000000000000001e+300,1.0000000000000001e+300,1.0000000000000001e+300,1.0000000000000001e+300,1.0000000000000001e+300,1.0000000000000001e+300,1.0000000000000001e+300,nan,nan,nan,nan,nan,nan,nan,1.0000000000000001e+300
0,1.3407807929942596e+154,9.9999999999999995e+157,1.3407807929942596e+154,1.3407807929942596e+154,1.3407807929942596e+154,1.3407807929942596e+154,1.3407807929942596e+154,1.3407807929942596e+154,1.3407807929942596e+154,nan,1.7976931348623155e+308,-997.88382442440263,inf,9.9999999999999995e+157,nan,nan,1.3407807929942596e+154
1,1.3407807929942596e+154,9.9999999999999995e+157,1.3407807929942596e+154,1.3407807929942596e+154,1.3407807929942596e+154,1.3407807929942596e+154,1.3407807929942596e+154,1.3407807929942596e+154,1.3407807929942596e+154,nan,nan,nan,nan,nan,nan,nan,1.3407807929942596e+154
0,-1.3407807929942596e+154,9.9999999999999995e+157,-1.3407807929942596e+154,-1.3407807929942596e+154,-1.3407807929942596e+154,-1.3407807929942596e+154,-1.3407807929942596e+154,-1.3407807929942596e+154,-1.3407807929942596e+154,nan,1.7976931348623155e+308,-997.92083095035071,-inf,-1.3407807929942596e+154,nan,nan,-1.3407807929942596e+154
1,-1.3407807929942596e+154,9.9999999999999995e+157,-1.3407807929942596e+154,-1.3407807929942596e+154,-1.3407807929942596e+154,-1.3407807929942596e+154,-1.3407807929942596e+154,-1.3407807929942596e+154,-1.3407807929942596e+154,nan,nan,nan,nan,nan,nan,nan,-1.3407807929942596e+154
0,0,1e+160,0,0,0,0,0,0,0,nan,0,-998.03099444597945,-998.03099444597945,0,nan,nan,0
1,0,1e+160,0,0,0,0,0,0,0,0,nan,nan,nan,nan,nan,nan,0
0,1.0000000000000001e+300,1e+160,1.0000000000000001e+300,1.0000000000000001e+300,1.0000000000000001e+300,1.0000000000000001e+300,1.0000000000000001e+300,1.0000000000000001e+300,1.0000000000000001e+300,nan,inf,-997.98741882675188,inf,1e+160,nan,nan,1e+160
1,1.0000000000000001e+300,1e+160,1.0000000000000001e+300,1.0000000000000001e+300,1.0000000000000001e+300,1.0000000000000001e+300,1.0000000000000001e+300,1.0000000000000001e+300,1.0000000000000001e+300,nan,nan,nan,nan,nan,nan,nan,1.0000000000000001e+300
0,1.3407807929942596e+154,1e+160,1.3407807929942596e+154,1.3407807929942596e+154,1.3407807929942596e+154,1.3407807929942596e+154,1.3407807929942596e+154,1.3407807929942596e+154,1.3407807929942596e+154,nan,1.7976931348623155e+308,-997.99398166861397,inf,1e+160,nan,nan,1.3407807929942596e+154
1,1.3407807929942596e+154,1e+160,1.3407807929942596e+154,1.3407807929942596e+154,1.3407807929942596e+154,1.3407807929942596e+154,1.3407807929942596e+154,1.3407807929942596e+154,1.3407807929942596e+154,nan,nan,nan,nan,nan,nan,nan,1.3407807929942596e+154
0,-1.3407807929942596e+154,1e+160,-1.3407807929942596e+154,-1.3407807929942596e+154,-1.3407807929942596e+154,-1.3407807929942596e+154,-1.3407807929942596e+154,-1.3407807929942596e+154,-1.3407807929942596e+154,nan,1.7976931348623155e+308,-997.88996395124502,-inf,-1.3407807929942596e+154,nan,nan,-1.3407807929942596e+154
1,-1.3407807929942596e+154,1e+160,-1.3407807929942596e+154,-1.3407807929942596e+154,-1.3407807929942596e+154,-1.3407807929942596e+154,-1.3407807929942596e+154,-1.3407807929942596e+154,-1.3407807929942596e+154,nan,nan,nan,nan,nan,nan,nan,-1.3407807929942596e+154
0,0,1e+161,0,0,0,0,0,0,0,nan,0,-998.00726992347563,-998.00726992347563,0,nan,nan,0
1,0,1e+161,0,0,0,0,0,0,0,0,nan,nan,nan,nan,nan,nan,0
0,1.0000000000000001e+300,1e+161,1.0000000000000001e+300,1.0000000000000001e+300,1.0000000000000001e+300,1.0000000000000001e+300,1.0000000000000001e+300,1.0000000000000001e+300,1.0000000000000001e+300,nan,inf,-998.04305602700254,inf,1e+161,nan,nan,1e+161
1,1.0000000000000001e+300,1e+161,1.0000000000000001e+300,1.0000000000000001e+300,1.0000000000000001e+300,1.0000000000000001e+300,1.0000000000000001e+300,1.0000000000000001e+300,1.0000000000000001e+300,nan,nan,nan,nan,nan,nan,nan,1.0000000000000001e+300
0,1.3407807929942596e+154,1e+161,1.3407807929942596e+154,1.3407807929942596e+154,1.3407807929942596e+154,1.3407807929942596e+154,1.3407807929942596e+154,1.3407807929942596e+154,1.3407807929942596e+154,nan,1.7976931348623155e+308,-997.8722656568234,inf,1e+161,nan,nan,1.3407807929942596e+154
1,1.3407807929942596e+154,1e+161,1.3407807929942596e+154,1.3407807929942596e+154,1.3407807929942596e+154,1.3407807929942596e+154,1.3407807929942596e+154,1.3407807929942596e+154,1.3407807929942596e+154,nan,nan,nan,nan,nan,nan,nan,1.3407807929942596e+154
0,-1.3407807929942596e+154,1e+161,-1.3407807929942596e+154,-1.3407807929942596e+154,-1.3407807929942596e+154,-1.3407807929942596e+154,-1.3407807929942596e+154,-1.3407807929942596e+154,-1.3407807929942596e+154,nan,1.7976931348623155e+308,-997.85380919672332,-inf,-1.3407807929942596e+154,nan,nan,-1.3407807929942596e+154
1,-1.3407807929942596e+154,1e+161,-1.3407807929942596e+154,-1.3407807929942596e+154,-1.3407807929942596e+154,-1.3407807929942596e+154,-1.3407807929942596e+154,-1.3407807929942596e+154,-1.3407807929942596e+154,nan,nan,nan,nan,nan,nan,nan,-1.3407807929942596e+154
0,0,9.9999999999999999e+203,0,0,0,0,0,0,0,nan,0,-998.00932904320462,-998.00932904320462,0,nan,nan,0
1,0,9.9999999999999999e+203,0,0,0,0,0,0,0,0,nan,nan,nan,nan,nan,nan,0
0,1.0000000000000001e+300,9.9999999999999999e+203,1.0000000000000001e+300,1.0000000000000001e+300,1.0000000000000001e+300,1.0000000000000001e+300,1.0000000000000001e+300,1.0000000000000001e+300,1.0000000000000001e+300,nan,inf,-997.94813510613119,inf,9.9999999999999999e+203,nan,nan,9.9999999999999999e+203
1,1.0000000000000001e+300,9.9999999999999999e+203,1.0000000000000001e+300,1.0000000000000001e+300,1.0000000000000001e+300,1.0000000000000001e+300,1.0000000000000001e+300,1.0000000000000001e+300,1.0000000000000001e+300,nan,nan,nan,nan,nan,nan,nan,1.0000000000000001e+300
0,1.3407807929942596e+154,9.9999999999999999e+203,1.3407807929942596e+154,1.3407807929942596e+154,1.3407807929942596e+154,1.3407807929942596e+154,1.3407807929942596e+154,1.3407807929942596e+154,1.3407807929942596e+154,nan,1.7976931348623155e+308,-997.95036360149982,inf,9.9999999999999999e+203,nan,nan,1.3407807929942596e+154
1,1.3407807929942596e+154,9.9999999999999999e+203,1.3407807929942596e+154,1.3407807929942596e+154,1.3407807929942596e+154,1.3407807929942596e+154,1.3407807929942596e+154,1.3407807929942596e+154,1.3407807929942596e+154,nan,nan,nan,nan,nan,nan,nan,1.3407807929942596e+154
0,-1.3407807929942596e+154,9.9999999999999999e+203,-1.3407807929942596e+154,-1.3407807929942596e+154,-1.3407807929942596e+154,-1.3407807929942596e+154,-1.3407807929942596e+154,-1.3407807929942596e+154,-1.3407807929942596e+154,nan,1.7976931348623155e+308,-997.95153562384428,-inf,-1.3407807929942596e+154,nan,nan,-1.3407807929942596e+154
1,-1.3407807929942596e+154,9.9999999999999999e+203,-1.3407807929942596e+154,-1.3407807929942596e+154,-1.3407807929942596e+154,-1.3407807929942596e+154,-1.3407807929942596e+154,-1.3407807929942596e+154,-1.3407807929942596e+154,nan,nan,nan,nan,nan,nan,nan,-1.3407807929942596e+154
0,0,1.0000000000000001e+300,0,0,0,0,0,0,0,nan,0,-997.9073836270162,-997.9073836270162,0,nan,nan,0
1,0,1.0000000000000001e+300,0,0,0,0,0,0,0,0,nan,nan,nan,nan,nan,nan,0
0,1.0000000000000001e+300,1.0000000000000001e+300,1.0000000000000001e+300,1.0000000000000001e+300,1.0000000000000001e+300,1.0000000000000001e+300,1.0000000000000001e+300,1.0000000000000001e+300,1.0000000000000001e+300,nan,inf,-997.89922086432591,inf,1.0000000000000001e+300,nan,nan,1.0000000000000001e+300
1,1.0000000000000001e+300,1.0000000000000001e+300,1.0000000000000001e+300,1.0000000000000001e+300,1.0000000000000001e+300,1.0000000000000001e+300,1.0000000000000001e+300,1.0000000000000001e+300,1.0000000000000001e+300,nan,nan,nan,nan,nan,nan,nan,1.0000000000000001e+300
0,1.3407807929942596e+154,1.0000000000000001e+300,1.3407807929942596e+154,1.3407807929942596e+154,1.3407807929942596e+154,1.3407807929942596e+154,1.3407807929942596e+154,1.3407807929942596e+154,1.3407807929942596e+154,nan,1.7976931348623155e+308,-998.04112594303785,inf,1.0000000000000001e+300,nan,nan,1.3407807929942596e+154
1,1.3407807929942596e+154,1.0000000000000001e+300,1.3407807929942596e+154,1.3407807929942596e+154,1.3407807929942596e+154,1.3407807929942596e+154,1.3407807929942596e+154,1.3407807929942596e+154,1.3407807929942596e+154,nan,nan,nan,nan,nan,nan,nan,1.3407807929942596e+154
0,-1.3407807929942596e+154,1.0000000000000001e+300,-1.3407807929942596e+154,-1.3407807929942596e+154,-1.3407807929942596e+154,-1.3407807929942596e+154,-1.3407807929942596e+154,-1.3407807929942596e+154,-1.3407807929942596e+154,nan,1.7976931348623155e+308,-998.02826845274444,-inf,-1.3407807929942596e+154,nan,nan,-1.3407807929942596e+154
1,-1.3407807929942596e+154,1.0000000000000001e+300,-1.3407807929942596e+154,-1.3407807929942596e+154,-1.3407807929942596e+154,-1.3407807929942596e+154,-1.3407807929942596e+154,-1.3407807929942596e+154,-1.3407807929942596e+154,nan,nan,nan,nan,nan,nan,nan,-1.3407807929942596e+154
0,0,0,0,0,0,0,0,1e-156,0,nan,0,-998.00273901599451,-998.00273901599451,0,nan,nan,0
1,0,0,0,0,0,0,0,1e-156,0,0,nan,nan,nan,nan,nan,nan,0
0,1.0000000000000001e+300,1.0000000000000001e+300,1.0000000000000001e+300,1.0000000000000001e+300,1.0000000000000001e+300,1.0000000000000001e+300,1.0000000000000001e+300,1e-156,1.0000000000000001e+300,nan,inf,-997.87280559455303,inf,1.0000000000000001e+300,nan,nan,1.0000000000000001e+300
1,1.0000000000000001e+300,1.0000000000000001e+300,1.0000000000000001e+300,1.0000000000000001e+300,1.0000000000000001e+300,1.0000000000000001e+300,1.0000000000000001e+300,1e-156,1.0000000000000001e+300,nan,nan,nan,nan,nan,nan,nan,1.0000000000000001e+300
0,1.3407807929942596e+154,1.3407807929942596e+154,1.3407807929942596e+154,1.3407807929942596e+154,1.3407807929942596e+154,1.3407807929942596e+154,1.3407807929942596e+154,1e-156,1.3407807929942596e+154,nan,1.7976931348623155e+308,-997.8258879992178,1.7976931348623155e+152,1.3407807929942596e+154,nan,nan,1.3407807929942596e+154
1,1.3407807929942596e+154,1.3407807929942596e+154,1.3407807929942596e+154,1.3407807929942596e+154,1.3407807929942596e+154,1.3407807929942596e+154,1.3407807929942596e+154,1e-156,1.3407807929942596e+154,1.3407807929942597e+154,nan,nan,nan,nan,nan,nan,1.3407807929942596e+154
0,-1.3407807929942596e+154,-1.3407807929942596e+154,-1.3407807929942596e+154,-1.3407807929942596e+154,-1.3407807929942596e+154,-1.3407807929942596e+154,-1.3407807929942596e+154,1e-156,-1.3407807929942596e+154,nan,1.7976931348623155e+308,-997.90211361701085,1.7976931348623155e+152,-1.3407807929942596e+154,nan,nan,-1.3407807929942596e+154
1,-1.3407807929942596e+154,-1.3407807929942596e+154,-1.3407807929942596e+154,-1.3407807929942596e+154,-1.3407807929942596e+154,-1.3407807929942596e+154,-1.3407807929942596e+154,1e-156,-1.3407807929942596e+154,-1.3407807929942593e+154,nan,nan,nan,nan,nan,nan,-1.3407807929942596e+154
0,0,0,0,0,0,0,0,1.0000000000000001e-158,0,nan,0,-998.02995644947305,-998.02995644947305,0,nan,nan,0
1,0,0,0,0,0,0,0,1.0000000000000001e-158,0,0,nan,nan,nan,nan,nan,nan,0
0,1.0000000000000001e+300,1.0000000000000001e+300,1.0000000000000001e+300,1.0000000000000001e+300,1.0000000000000001e+300,1.0000000000000001e+300,1.0000000000000001e+300,1.0000000000000001e-158,1.0000000000000001e+300,nan,inf,-997.84785109006805,inf,1.0000000000000001e+300,nan,nan,1.0000000000000001e+300
1,1.0000000000000001e+300,1.0000000000000001e+300,1.0000000000000001e+300,1.0000000000000001e+300,1.0000000000000001e+300,1.0000000000000001e+300,1.0000000000000001e+300,1.0000000000000001e-158,1.0000000000000001e+300,nan,nan,nan,nan,nan,nan,nan,1.0000000000000001e+300
0,1.3407807929942596e+154,1.3407807929942596e+154,1.3407807929942596e+154,1.3407807929942596e+154,1.3407807929942596e+154,1.3407807929942596e+154,1.3407807929942596e+154,1.0000000000000001e-158,1.3407807929942596e+154,nan,1.7976931348623155e+308,-997.79748160780855,1.7976931348623153e+150,1.3407807929942596e+154,nan,nan,1.3407807929942596e+154
1,1.3407807929942596e+154,1.3407807929942596e+154,1.3407807929942596e+154,1.3407807929942596e+154,1.3407807929942596e+154,1.3407807929942596e+154,1.3407807929942596e+154,1.0000000000000001e-158,1.3407807929942596e+154,1.3407807929942594e+154,nan,nan,nan,nan,nan,nan,1.3407807929942596e+154
0,-1.3407807929942596e+154,-1.3407807929942596e+154,-1.3407807929942596e+154,-1.3407807929942596e+154,-1.3407807929942596e+154,-1.3407807929942596e+154,-1.3407807929942596e+154,1.0000000000000001e-158,-1.3407807929942596e+154,nan,1.7976931348623155e+308,-998.03217911604577,1.7976931348623153e+150,-1.3407807929942596e+154,nan,nan,-1.3407807929942596e+154
1,-1.3407807929942596e+154,-1.3407807929942596e+154,-1.3407807929942596e+154,-1.3407807929942596e+154,-1.3407807929942596e+154,-1.3407807929942596e+154,-1.3407807929942596e+154,1.0000000000000001e-158,-1.3407807929942596e+154,-1.3407807929942596e+154,nan,nan,nan,nan,nan,nan,-1.3407807929942596e+154
0,0,0,0,0,0,0,0,9.9999999999999999e-161,0,nan,0,-997.82862311184988,-997.82862311184988,0,nan,nan,0
1,0,0,0,0,0,0,0,9.9999999999999999e-161,0,0,nan,nan,nan,nan,nan,nan,0
0,1.0000000000000001e+300,1.0000000000000001e+300,1.0000000000000001e+300,1.0000000000000001e+300,1.0000000000000001e+300,1.0000000000000001e+300,1.0000000000000001e+300,9.9999999999999999e-161,1.0000000000000001e+300,nan,inf,-998.0100569239753,inf,1.0000000000000001e+300,nan,nan,1.0000000000000001e+300
1,1.0000000000000001e+300,1.0000000000000001e+300,1.0000000000000001e+300,1.0000000000000001e+300,1.0000000000000001e+300,1.0000000000000001e+300,1.0000000000000001e+300,9.9999999999999999e-161,1.0000000000000001e+300,nan,nan,nan,nan,nan,nan,nan,1.0000000000000001e+300
0,1.3407807929942596e+154,1.3407807929942596e+154,1.3407807929942596e+154,1.3407807929942596e+154,1.3407807929942596e+154,1.3407807929942596e+154,1.3407807929942596e+154,9.9999999999999999e-161,1.3407807929942596e+154,nan,1.7976931348623155e+308,-998.00835973758888,1.7976931348623153e+148,1.3407807929942596e+154,nan,nan,1.3407807929942596e+154
1,1.3407807929942596e+154,1.3407807929942596e+154,1.3407807929942596e+154,1.3407807929942596e+154,1.3407807929942596e+154,1.3407807929942596e+154,1.3407807929942596e+154,9.9999999999999999e-161,1.3407807929942596e+154,1.3407807929942594e+154,nan,nan,nan,nan,nan,nan,1.3407807929942596e+154
0,-1.3407807929942596e+154,-1.3407807929942596e+154,-1.3407807929942596e+154,-1.3407807929942596e+154,-1.3407807929942596e+154,-1.3407807929942596e+154,-1.3407807929942596e+154,9.9999999999999999e-161,-1.3407807929942596e+154,nan,1.7976931348623155e+308,-998.02754638000783,1.7976931348623153e+148,-1.3407807929942596e+154,nan,nan,-1.3407807929942596e+154
1,-1.3407807929942596e+154,-1.3407807929942596e+154,-1.3407807929942596e+154,-1.3407807929942596e+154,-1.3407807929942596e+154,-1.3407807929942596e+154,-1.3407807929942596e+154,9.9999999999999999e-161,-1.3407807929942596e+154,-1.3407807929942594e+154,nan,nan,nan,nan,nan,nan,-1.3407807929942596e+154
0,0,0,0,0,0,0,0,-1.0000000000000001e-158,0,nan,0,-998.03945864448394,-998.03945864448394,0,nan,nan,0
1,0,0,0,0,0,0,0,-1.0000000000000001e-158,0,0,nan,nan,nan,nan,nan,nan,0
0,1.0000000000000001e+300,1.0000000000000001e+300,1.0000000000000001e+300,1.0000000000000001e+300,1.0000000000000001e+300,1.0000000000000001e+300,1.0000000000000001e+300,-1.0000000000000001e-158,1.0000000000000001e+300,nan,inf,-997.83325704757362,-inf,1.0000000000000001e+300,nan,nan,1.0000000000000001e+300
1,1.0000000000000001e+300,1.0000000000000001e+300,1.0000000000000001e+300,1.0000000000000001e+300,1.0000000000000001e+300,1.0000000000000001e+300,1.0000000000000001e+300,-1.0000000000000001e-158,1.0000000000000001e+300,nan,nan,nan,nan,nan,nan,nan,1.0000000000000001e+300
0,1.3407807929942596e+154,1.3407807929942596e+154,1.3407807929942596e+154,1.3407807929942596e+154,1.3407807929942596e+154,1.3407807929942596e+154,1.3407807929942596e+154,-1.0000000000000001e-158,1.3407807929942596e+154,nan,1.7976931348623155e+308,-997.94617637432907,-1.7976931348623153e+150,1.3407807929942596e+154,nan,nan,1.3407807929942596e+154
1,1.3407807929942596e+154,1.3407807929942596e+154,1.3407807929942596e+154,1.3407807929942596e+154,1.3407807929942596e+154,1.3407807929942596e+154,1.3407807929942596e+154,-1.0000000000000001e-158,1.3407807929942596e+154,1.3407807929942596e+154,nan,nan,nan,nan,nan,nan,1.3407807929942596e+154
0,-1.3407807929942596e+154,-1.3407807929942596e+154,-1.3407807929942596e+154,-1.3407807929942596e+154,-1.3407807929942596e+154,-1.3407807929942596e+154,-1.3407807929942596e+154,-1.0000000000000001e-158,-1.3407807929942596e+154,nan,1.7976931348623155e+308,-997.83209778201069,-1.7976931348623153e+150,-1.3407807929942596e+154,nan,nan,-1.3407807929942596e+154
1,-1.3407807929942596e+154,-1.3407807929942596e+154,-1.3407807929942596e+154,-1.3407807929942596e+154,-1.3407807929942596e+154,-1.3407807929942596e+154,-1.3407807929942596e+154,-1.0000000000000001e-158,-1.3407807929942596e+154,-1.3407807929942594e+154,nan,nan,nan,nan,nan,nan,-1.3407807929942596e+154
0,0,0,0,0,0,0,0,9.9999999999999998e+155,0,nan,0,-997.91457478829375,-997.91457478829375,0,nan,nan,0
1,0,0,0,0,0,0,0,9.9999999999999998e+155,0,0,nan,nan,nan,nan,nan,nan,0
0,1.0000000000000001e+300,1.0000000000000001e+300,1.0000000000000001e+300,1.0000000000000001e+300,1.0000000000000001e+300,1.0000000000000001e+300,1.0000000000000001e+300,9.9999999999999998e+155,1.0000000000000001e+300,nan,inf,-997.8214949556467,inf,1.0000000000000001e+300,nan,nan,1.0000000000000001e+300
1,1.0000000000000001e+300,1.0000000000000001e+300,1.0000000000000001e+300,1.0000000000000001e+300,1.0000000000000001e+300,1.0000000000000001e+300,1.0000000000000001e+300,9.9999999999999998e+155,1.0000000000000001e+300,nan,nan,nan,nan,nan,nan,nan,1.0000000000000001e+300
0,1.3407807929942596e+154,1.3407807929942596e+154,1.3407807929942596e+154,1.3407807929942596e+154,1.3407807929942596e+154,1.3407807929942596e+154,1.3407807929942596e+154,9.9999999999999998e+155,1.3407807929942596e+154,nan,1.7976931348623155e+308,-997.81196013022156,inf,1.3407807929942596e+154,nan,nan,1.3407807929942596e+154
1,1.3407807929942596e+154,1.3407807929942596e+154,1.3407807929942596e+154,1.3407807929942596e+154,1.3407807929942596e+154,1.3407807929942596e+154,1.3407807929942596e+154,9.9999999999999998e+155,1.3407807929942596e+154,nan,nan,nan,nan,nan,nan,nan,1.3407807929942596e+154
0,-1.3407807929942596e+154,-1.3407807929942596e+154,-1.3407807929942596e+154,-1.3407807929942596e+154,-1.3407807929942596e+154,-1.3407807929942596e+154,-1.3407807929942596e+154,9.9999999999999998e+155,-1.3407807929942596e+154,nan,1.7976931348623155e+308,-997.81003814969404,inf,-1.3407807929942596e+154,nan,nan,-1.3407807929942596e+154
1,-1.3407807929942596e+154,-1.3407807929942596e+154,-1.3407807929942596e+154,-1.3407807929942596e+154,-1.3407807929942596e+154,-1.3407807929942596e+154,-1.3407807929942596e+154,9.9999999999999998e+155,-1.3407807929942596e+154,nan,nan,nan,nan,nan,nan,nan,-1.3407807929942596e+154
0,0,0,0,0,0,0,0,9.9999999999999995e+157,0,nan,0,-997.96031736171551,-997.96031736171551,0,nan,nan,0
1,0,0,0,0,0,0,0,9.9999999999999995e+157,0,0,nan,nan,nan,nan,nan,nan,0
0,1.0000000000000001e+300,1.0000000000000001e+300,1.0000000000000001e+300,1.0000000000000001e+300,1.0000000000000001e+300,1.0000000000000001e+300,1.0000000000000001e+300,9.9999999999999995e+157,1.0000000000000001e+300,nan,inf,-998.04090755988898,inf,1.0000000000000001e+300,nan,nan,1.0000000000000001e+300
1,1.0000000000000001e+300,1.0000000000000001e+300,1.0000000000000001e+300,1.0000000000000001e+300,1.0000000000000001e+300,1.0000000000000001e+300,1.0000000000000001e+300,9.9999999999999995e+157,1.0000000000000001e+300,nan,nan,nan,nan,nan,nan,nan,1.0000000000000001e+300
0,1.3407807929942596e+154,1.3407807929942596e+154,1.3407807929942596e+154,1.3407807929942596e+154,1.3407807929942596e+154,1.3407807929942596e+154,1.3407807929942596e+154,9.9999999999999995e+157,1.3407807929942596e+154,nan,1.7976931348623155e+308,-997.92754130100559,inf,1.3407807929942596e+154,nan,nan,1.3407807929942596e+154
1,1.3407807929942596e+154,1.3407807929942596e+154,1.3407807929942596e+154,1.3407807929942596e+154,1.3407807929942596e+154,1.3407807929942596e+154,1.3407807929942596e+154,9.9999999999999995e+157,1.3407807929942596e+154,nan,nan,nan,nan,nan,nan,nan,1.3407807929942596e+154
0,-1.3407807929942596e+154,-1.3407807929942596e+154,-1.3407807929942596e+154,-1.3407807929942596e+154,-1.3407807929942596e+154,-1.3407807929942596e+154,-1.3407807929942596e+154,9.9999999999999995e+157,-1.3407807929942596e+154,nan,1.7976931348623155e+308,-997.99454774131527,inf,-1.3407807929942596e+154,nan,nan,-1.3407807929942596e+154
1,-1.3407807929942596e+154,-1.3407807929942596e+154,-1.3407807929942596e+154,-1.3407807929942596e+154,-1.3407807929942596e+154,-1.3407807929942596e+154,-1.3407807929942596e+154,9.9999999999999995e+157,-1.3407807929942596e+154,nan,nan,nan,nan,nan,nan,nan,-1.3407807929942596e+154
0,0,0,0,0,0,0,0,1e+160,0,nan,0,-997.97267237121685,-997.97267237121685,0,nan,nan,0
1,0,0,0,0,0,0,0,1e+160,0,0,nan,nan,nan,nan,nan,nan,0
0,1.0000000000000001e+300,1.0000000000000001e+300,1.0000000000000001e+300,1.0000000000000001e+300,1.0000000000000001e+300,1.0000000000000001e+300,1.0000000000000001e+300,1e+160,1.0000000000000001e+300,nan,inf,-997.99702121703433,inf,1.0000000000000001e+300,nan,nan,1.0000000000000001e+300
1,1.0000000000000001e+300,1.0000000000000001e+300,1.0000000000000001e+300,1.0000000000000001e+300,1.0000000000000001e+300,1.0000000000000001e+300,1.0000000000000001e+300,1e+160,1.0000000000000001e+300,nan,nan,nan,nan,nan,nan,nan,1.0000000000000001e+300
0,1.3407807929942596e+154,1.3407807929942596e+154,1.3407807929942596e+154,1.3407807929942596e+154,1.3407807929942596e+154,1.3407807929942596e+154,1.3407807929942596e+154,1e+160,1.3407807929942596e+154,nan,1.7976931348623155e+308,-997.84419640967667,inf,1.3407807929942596e+154,nan,nan,1.3407807929942596e+154
1,1.3407807929942596e+154,1.3407807929942596e+154,1.3407807929942596e+154,1.3407807929942596e+154,1.3407807929942596e+154,1.3407807929942596e+154,1.3407807929942596e+154,1e+160,1.3407807929942596e+154,nan,nan,nan,nan,nan,nan,nan,1.3407807929942596e+154
0,-1.3407807929942596e+154,-1.3407807929942596e+154,-1.3407807929942596e+154,-1.3407807929942596e+154,-1.3407807929942596e+154,-1.3407807929942596e+154,-1.3407807929942596e+154,1e+160,-1.3407807929942596e+154,nan,1.7976931348623155e+308,-997.97708778586582,inf,-1.3407807929942596e+154,nan,nan,-1.3407807929942596e+154
1,-1.3407807929942596e+154,-1.3407807929942596e+154,-1.3407807929942596e+154,-1.3407807929942596e+154,-1.3407807929942596e+154,-1.3407807929942596e+154,-1.3407807929942596e+154,1e+160,-1.3407807929942596e+154,nan,nan,nan,nan,nan,nan,nan,-1.3407807929942596e+154
0,0,0,0,0,0,0,0,1e+161,0,nan,0,-998.03701508011022,-998.03701508011022,0,nan,nan,0
1,0,0,0,0,0,0,0,1e+161,0,0,nan,nan,nan,nan,nan,nan,0
0,1.0000000000000001e+300,1.0000000000000001e+300,1.0000000000000001e+300,1.0000000000000001e+300,1.0000000000000001e+300,1.0000000000000001e+300,1.0000000000000001e+300,1e+161,1.0000000000000001e+300,nan,inf,-997.91877650491779,inf,1.0000000000000001e+300,nan,nan,1.0000000000000001e+300
1,1.0000000000000001e+300,1.0000000000000001e+300,1.0000000000000001e+300,1.0000000000000001e+300,1.0000000000000001e+300,1.0000000000000001e+300,1.0000000000000001e+300,1e+161,1.0000000000000001e+300,nan,nan,nan,nan,nan,nan,nan,1.0000000000000001e+300
0,1.3407807929942596e+154,1.3407807929942596e+154,1.3407807929942596e+154,1.3407807929942596e+154,1.3407807929942596e+154,1.3407807929942596e+154,1.3407807929942596e+154,1e+161,1.3407807929942596e+154,nan,1.7976931348623155e+308,-997.84185107130486,inf,1.3407807929942596e+154,nan,nan,1.3407807929942596e+154
1,1.3407807929942596e+154,1.3407807929942596e+154,1.3407807929942596e+154,1.3407807929942596e+154,1.3407807929942596e+154,1.3407807929942596e+154,1.3407807929942596e+154,1e+161,1.3407807929942596e+154,nan,nan,nan,nan,nan,nan,nan,1.3407807929942596e+154
0,-1.3407807929942596e+154,-1.3407807929942596e+154,-1.3407807929942596e+154,-1.3407807929942596e+154,-1.3407807929942596e+154,-1.3407807929942596e+154,-1.3407807929942596e+154,1e+161,-1.3407807929942596e+154,nan,1.7976931348623155e+308,-997.94166938287617,inf,-1.3407807929942596e+154,nan,nan,-1.3407807929942596e+154
1,-1.3407807929942596e+154,-1.3407807929942596e+154,-1.3407807929942596e+154,-1.3407807929942596e+154,-1.3407807929942596e+154,-1.3407807929942596e+154,-1.3407807929942596e+154,1e+161,-1.3407807929942596e+154,nan,nan,nan,nan,nan,nan,nan,-1.3407807929942596e+154
0,0,0,0,0,0,0,0,9.9999999999999999e+203,0,nan,0,-998.02208882045875,-998.02208882045875,0,nan,nan,0
1,0,0,0,0,0,0,0,9.9999999999999999e+203,0,0,nan,nan,nan,nan,nan,nan,0
0,1.0000000000000001e+300,1.0000000000000001e+300,1.0000000000000001e+300,1.0000000000000001e+300,1.0000000000000001e+300,1.0000000000000001e+300,1.0000000000000001e+300,9.9999999999999999e+203,1.0000000000000001e+300,nan,inf,-997.929329847943,inf,1.0000000000000001e+300,nan,nan,1.0000000000000001e+300
1,1.0000000000000001e+300,1.0000000000000001e+300,1.0000000000000001e+300,1.0000000000000001e+300,1.0000000000000001e+300,1.0000000000000001e+300,1.0000000000000001e+300,9.9999999999999999e+203,1.0000000000000001e+300,nan,nan,nan,nan,nan,nan,nan,1.0000000000000001e+300
0,1.3407807929942596e+154,1.3407807929942596e+154,1.3407807929942596e+154,1.3407807929942596e+154,1.3407807929942596e+154,1.3407807929942596e+154,1.3407807929942596e+154,9.9999999999999999e+203,1.3407807929942596e+154,nan,1.7976931348623155e+308,-998.03774800248709,inf,1.3407807929942596e+154,nan,nan,1.3407807929942596e+154
1,1.3407807929942596e+154,1.3407807929942596e+154,1.3407807929942596e+154,1.3407807929942596e+154,1.3407807929942596e+154,1.3407807929942596e+154,1.3407807929942596e+154,9.9999999999999999e+203,1.3407807929942596e+154,nan,nan,nan,nan,nan,nan,nan,1.3407807929942596e+154
0,-1.3407807929942596e+154,-1.3407807929942596e+154,-1.3407807929942596e+154,-1.3407807929942596e+154,-1.3407807929942596e+154,-1.3407807929942596e+154,-1.3407807929942596e+154,9.9999999999999999e+203,-1.3407807929942596e+154,nan,1.7976931348623155e+308,-997.82535703197846,inf,-1.3407807929942596e+154,nan,nan,-1.3407807929942596e+154
1,-1.3407807929942596e+154,-1.3407807929942596e+154,-1.3407807929942596e+154,-1.3407807929942596e+154,-1.3407807929942596e+154,-1.3407807929942596e+154,-1.3407807929942596e+154,9.9999999999999999e+203,-1.3407807929942596e+154,nan,nan,nan,nan,nan,nan,nan,-1.3407807929942596e+154
0,0,0,0,0,0,0,0,1.0000000000000001e+300,0,nan,0,-997.93753779902636,-997.93753779902636,0,nan,nan,0
1,0,0,0,0,0,0,0,1.0000000000000001e+300,0,0,nan,nan,nan,nan,nan,nan,0
0,1.0000000000000001e+300,1.0000000000000001e+300,1.0000000000000001e+300,1.0000000000000001e+300,1.0000000000000001e+300,1.0000000000000001e+300,1.0000000000000001e+300,1.0000000000000001e+300,1.0000000000000001e+300,nan,inf,-997.87238311488238,inf,1.0000000000000001e+300,nan,nan,1.0000000000000001e+300
1,1.0000000000000001e+300,1.0000000000000001e+300,1.0000000000000001e+300,1.0000000000000001e+300,1.0000000000000001e+300,1.0000000000000001e+300,1.0000000000000001e+300,1.0000000000000001e+300,1.0000000000000001e+300,nan,nan,nan,nan,nan,nan,nan,1.0000000000000001e+300
0,1.3407807929942596e+154,1.3407807929942596e+154,1.3407807929942596e+154,1.3407807929942596e+154,1.3407807929942596e+154,1.3407807929942596e+154,1.3407807929942596e+154,1.0000000000000001e+300,1.3407807929942596e+154,nan,1.7976931348623155e+308,-997.99711344213279,inf,1.3407807929942596e+154,nan,nan,1.3407807929942596e+154
1,1.3407807929942596e+154,1.3407807929942596e+154,1.3407807929942596e+154,1.3407807929942596e+154,1.3407807929942596e+154,1.3407807929942596e+154,1.3407807929942596e+154,1.0000000000000001e+300,1.3407807929942596e+154,nan,nan,nan,nan,nan,nan,nan,1.3407807929942596e+154
0,-1.3407807929942596e+154,-1.3407807929942596e+154,-1.3407807929942596e+154,-1.3407807929942596e+154,-1.3407807929942596e+154,-1.3407807929942596e+154,-1.3407807929942596e+154,1.0000000000000001e+300,-1.3407807929942596e+154,nan,1.7976931348623155e+308,-997.7974173119967,inf,-1.3407807929942596e+154,nan,nan,-1.3407807929942596e+154
1,-1.3407807929942596e+154,-1.3407807929942596e+154,-1.3407807929942596e+154,-1.3407807929942596e+154,-1.3407807929942596e+154,-1.3407807929942596e+154,-1.3407807929942596e+154,1.0000000000000001e+300,-1.3407807929942596e+154,nan,nan,nan,nan,nan,nan,nan,-1.3407807929942596e+154
0,0,0,0,0,0,0,0,0,1e-156,nan,0,-997.82641290646382,-997.82641290646382,0,nan,nan,0
1,0,0,0,0,0,0,0,0,1e-156,0,nan,nan,nan,nan,nan,nan,1e-156
0,1.0000000000000001e+300,1.0000000000000001e+300,1.0000000000000001e+300,1.0000000000000001e+300,1.0000000000000001e+300,1.0000000000000001e+300,1.0000000000000001e+300,1.0000000000000001e+300,1e-156,nan,inf,-997.92623821914879,inf,1.0000000000000001e+300,nan,nan,1.0000000000000001e+300
1,1.0000000000000001e+300,1.0000000000000001e+300,1.0000000000000001e+300,1.0000000000000001e+300,1.0000000000000001e+300,1.0000000000000001e+300,1.0000000000000001e+300,1.0000000000000001e+300,1e-156,nan,nan,nan,nan,nan,nan,nan,1e-156
0,1.3407807929942596e+154,1.3407807929942596e+154,1.3407807929942596e+154,1.3407807929942596e+154,1.3407807929942596e+154,1.3407807929942596e+154,1.3407807929942596e+154,1.3407807929942596e+154,1e-156,nan,1.7976931348623155e+308,-997.8235108688317,inf,1.3407807929942596e+154,nan,nan,1.3407807929942596e+154
1,1.3407807929942596e+154,1.3407807929942596e+154,1.3407807929942596e+154,1.3407807929942596e+154,1.3407807929942596e+154,1.3407807929942596e+154,1.3407807929942596e+154,1.3407807929942596e+154,1e-156,nan,nan,nan,nan,nan,nan,nan,1e-156
0,-1.3407807929942596e+154,-1.3407807929942596e+154,-1.3407807929942596e+154,-1.3407807929942596e+154,-1.3407807929942596e+154,-1.3407807929942596e+154,-1.3407807929942596e+154,-1.3407807929942596e+154,1e-156,nan,1.7976931348623155e+308,-997.96147264132719,-inf,-1.3407807929942596e+154,nan,nan,-1.3407807929942596e+154
1,-1.3407807929942596e+154,-1.3407807929942596e+154,-1.3407807929942596e+154,-1.3407807929942596e+154,-1.3407807929942596e+154,-1.3407807929942596e+154,-1.3407807929942596e+154,-1.3407807929942596e+154,1e-156,nan,nan,nan,nan,nan,nan,nan,1e-156
0,0,0,0,0,0,0,0,0,1.0000000000000001e-158,nan,0,-997.94431685289589,-997.94431685289589,0,nan,nan,0
1,0,0,0,0,0,0,0,0,1.0000000000000001e-158,0,nan,nan,nan,nan,nan,nan,1.0000000000000001e-158
0,1.0000000000000001e+300,1.0000000000000001e+300,1.0000000000000001e+300,1.0000000000000001e+300,1.0000000000000001e+300,1.0000000000000001e+300,1.0000000000000001e+300,1.0000000000000001e+300,1.0000000000000001e-158,nan,inf,-997.93853559140814,inf,1.0000000000000001e+300,nan,nan,1.0000000000000001e+300
1,1.0000000000000001e+300,1.0000000000000001e+300,1.0000000000000001e+300,1.0000000000000001e+300,1.0000000000000001e+300,1.0000000000000001e+300,1.0000000000000001e+300,1.0000000000000001e+300,1.0000000000000001e-158,nan,nan,nan,nan,nan,nan,nan,1.0000000000000001e-158
0,1.3407807929942596e+154,1.3407807929942596e+154,1.3407807929942596e+154,1.3407807929942596e+154,1.3407807929942596e+154,1.3407807929942596e+154,1.3407807929942596e+154,1.3407807929942596e+154,1.0000000000000001e-158,nan,1.7976931348623155e+308,-997.99194720299704,inf,1.3407807929942596e+154,nan,nan,1.3407807929942596e+154
1,1.3407807929942596e+154,1.3407807929942596e+154,1.3407807929942596e+154,1.3407807929942596e+154,1.3407807929942596e+154,1.3407807929942596e+154,1.3407807929942596e+154,1.3407807929942596e+154,1.0000000000000001e-158,nan,nan,nan,nan,nan,nan,nan,1.0000000000000001e-158
0,-1.3407807929942596e+154,-1.3407807929942596e+154,-1.3407807929942596e+154,-1.3407807929942596e+154,-1.3407807929942596e+154,-1.3407807929942596e+154,-1.3407807929942596e+154,-1.3407807929942596e+154,1.0000000000000001e-158,nan,1.7976931348623155e+308,-997.96386774113751,-inf,-1.3407807929942596e+154,nan,nan,-1.3407807929942596e+154
1,-1.3407807929942596e+154,-1.3407807929942596e+154,-1.3407807929942596e+154,-1.3407807929942596e+154,-1.3407807929942596e+154,-1.3407807929942596e+154,-1.3407807929942596e+154,-1.3407807929942596e+154,1.0000000000000001e-158,nan,nan,nan,nan,nan,nan,nan,1.0000000000000001e-158
0,0,0,0,0,0,0,0,0,9.9999999999999999e-161,nan,0,-998.0179613665847,-998.0179613665847,0,nan,nan,0
1,0,0,0,0,0,0,0,0,9.9999999999999999e-161,0,nan,nan,nan,nan,nan,nan,9.9999999999999999e-161
0,1.0000000000000001e+300,1.0000000000000001e+300,1.0000000000000001e+300,1.0000000000000001e+300,1.0000000000000001e+300,1.0000000000000001e+300,1.0000000000000001e+300,1.0000000000000001e+300,9.9999999999999999e-161,nan,inf,-998.028863328385,inf,1.0000000000000001e+300,nan,nan,1.0000000000000001e+300
1,1.0000000000000001e+300,1.0000000000000001e+300,1.0000000000000001e+300,1.0000000000000001e+300,1.0000000000000001e+300,1.0000000000000001e+300,1.0000000000000001e+300,1.0000000000000001e+300,9.9999999999999999e-161,nan,nan,nan,nan,nan,nan,nan,9.9999999999999999e-161
0,1.3407807929942596e+154,1.3407807929942596e+154,1.3407807929942596e+154,1.3407807929942596e+154,1.3407807929942596e+154,1.3407807929942596e+154,1.3407807929942596e+154,1.3407807929942596e+154,9.9999999999999999e-161,nan,1.7976931348623155e+308,-997.99643741624072,inf,1.3407807929942596e+154,nan,nan,1.3407807929942596e+154
1,1.3407807929942596e+154,1.3407807929942596e+154,1.3407807929942596e+154,1.3407807929942596e+154,1.3407807929942596e+154,1.3407807929942596e+154,1.3407807929942596e+154,1.3407807929942596e+154,9.9999999999999999e-161,nan,nan,nan,nan,nan,nan,nan,9.9999999999999999e-161
0,-1.3407807929942596e+154,-1.3407807929942596e+154,-1.3407807929942596e+154,-1.3407807929942596e+154,-1.3407807929942596e+154,-1.3407807929942596e+154,-1.3407807929942596e+154,-1.3407807929942596e+154,9.9999999999999999e-161,nan,1.7976931348623155e+308,-997.86977294653536,-inf,-1.3407807929942596e+154,nan,nan,-1.3407807929942596e+154
1,-1.3407807929942596e+154,-1.3407807929942596e+154,-1.3407807929942596e+154,-1.3407807929942596e+154,-1.3407807929942596e+154,-1.3407807929942596e+154,-1.3407807929942596e+154,-1.3407807929942596e+154,9.9999999999999999e-161,nan,nan,nan,nan,nan,nan,nan,9.9999999999999999e-161
0,0,0,0,0,0,0,0,0,-1.0000000000000001e-158,nan,0,-998.02275058742998,-998.02275058742998,0,nan,nan,0
1,0,0,0,0,0,0,0,0,-1.0000000000000001e-158,0,nan,nan,nan,nan,nan,nan,-1.0000000000000001e-158
0,1.0000000000000001e+300,1.0000000000000001e+300,1.0000000000000001e+300,1.0000000000000001e+300,1.0000000000000001e+300,1.0000000000000001e+300,1.0000000000000001e+300,1.0000000000000001e+300,-1.0000000000000001e-158,nan,inf,-997.86279679034931,inf,1.0000000000000001e+300,nan,nan,1.0000000000000001e+300
1,1.0000000000000001e+300,1.0000000000000001e+300,1.0000000000000001e+300,1.0000000000000001e+300,1.0000000000000001e+300,1.0000000000000001e+300,1.0000000000000001e+300,1.0000000000000001e+300,-1.0000000000000001e-158,nan,nan,nan,nan,nan,nan,nan,-1.0000000000000001e-158
0,1.3407807929942596e+154,1.3407807929942596e+154,1.3407807929942596e+154,1.3407807929942596e+154,1.3407807929942596e+154,1.3407807929942596e+154,1.3407807929942596e+154,1.3407807929942596e+154,-1.0000000000000001e-158,nan,1.7976931348623155e+308,-997.86498661189853,inf,1.3407807929942596e+154,nan,nan,1.3407807929942596e+154
1,1.3407807929942596e+154,1.3407807929942596e+154,1.3407807929942596e+154,1.3407807929942596e+154,1.3407807929942596e+154,1.3407807929942596e+154,1.3407807929942596e+154,1.3407807929942596e+154,-1.0000000000000001e-158,nan,nan,nan,nan,nan,nan,nan,-1.0000000000000001e-158
0,-1.3407807929942596e+154,-1.3407807929942596e+154,-1.3407807929942596e+154,-1.3407807929942596e+154,-1.3407807929942596e+154,-1.3407807929942596e+154,-1.3407807929942596e+154,-1.3407807929942596e+154,-1.0000000000000001e-158,nan,1.7976931348623155e+308,-997.94569586499495,-inf,-1.3407807929942596e+154,nan,nan,-1.3407807929942596e+154
1,-1.3407807929942596e+154,-1.3407807929942596e+154,-1.3407807929942596e+154,-1.3407807929942596e+154,-1.3407807929942596e+154,-1.3407807929942596e+154,-1.3407807929942596e+154,-1.3407807929942596e+154,-1.0000000000000001e-158,nan,nan,nan,nan,nan,nan,nan,-1.0000000000000001e-158
0,0,0,0,0,0,0,0,0,9.9999999999999998e+155,nan,0,-997.98349587585926,-997.98349587585926,0,nan,nan,0
1,0,0,0,0,0,0,0,0,9.9999999999999998e+155,0,nan,nan,nan,nan,nan,nan,9.9999999999999998e+155
0,1.0000000000000001e+300,1.0000000000000001e+300,1.0000000000000001e+300,1.0000000000000001e+300,1.0000000000000001e+300,1.0000000000000001e+300,1.0000000000000001e+300,1.0000000000000001e+300,9.9999999999999998e+155,nan,inf,-997.88061345482208,inf,1.0000000000000001e+300,nan,nan,1.0000000000000001e+300
1,1.0000000000000001e+300,1.0000000000000001e+300,1.0000000000000001e+300,1.0000000000000001e+300,1.0000000000000001e+300,1.0000000000000001e+300,1.0000000000000001e+300,1.0000000000000001e+300,9.9999999999999998e+155,nan,nan,nan,nan,nan,nan,nan,9.9999999999999998e+155
0,1.3407807929942596e+154,1.3407807929942596e+154,1.3407807929942596e+154,1.3407807929942596e+154,1.3407807929942596e+154,1.3407807929942596e+154,1.3407807929942596e+154,1.3407807929942596e+154,9.9999999999999998e+155,nan,1.7976931348623155e+308,-997.90998217350875,inf,1.3407807929942596e+154,nan,nan,1.3407807929942596e+154
1,1.3407807929942596e+154,1.3407807929942596e+154,1.3407807929942596e+154,1.3407807929942596e+154,1.3407807929942596e+154,1.3407807929942596e+154,1.3407807929942596e+154,1.3407807929942596e+154,9.9999999999999998e+155,nan,nan,nan,nan,nan,nan,nan,9.9999999999999998e+155
0,-1.3407807929942596e+154,-1.3407807929942596e+154,-1.3407807929942596e+154,-1.3407807929942596e+154,-1.3407807929942596e+154,-1.3407807929942596e+154,-1.3407807929942596e+154,-1.3407807929942596e+154,9.9999999999999998e+155,nan,1.7976931348623155e+308,-997.84693560532685,-inf,-1.3407807929942596e+154,nan,nan,-1.3407807929942596e+154
1,-1.3407807929942596e+154,-1.3407807929942596e+154,-1.3407807929942596e+154,-1.3407807929942596e+154,-1.3407807929942596e+154,-1.3407807929942596e+154,-1.3407807929942596e+154,-1.3407807929942596e+154,9.9999999999999998e+155,nan,nan,nan,nan,nan,nan,nan,9.9999999999999998e+155
0,0,0,0,0,0,0,0,0,9.9999999999999995e+157,nan,0,-998.03883128950145,-998.03883128950145,0,nan,nan,0
1,0,0,0,0,0,0,0,0,9.9999999999999995e+157,0,nan,nan,nan,nan,nan,nan,9.9999999999999995e+157
0,1.0000000000000001e+300,1.0000000000000001e+300,1.0000000000000001e+300,1.0000000000000001e+300,1.0000000000000001e+300,1.0000000000000001e+300,1.0000000000000001e+300,1.0000000000000001e+300,9.9999999999999995e+157,nan,inf,-997.83916859566295,inf,1.0000000000000001e+300,nan,nan,1.0000000000000001e+300
1,1.0000000000000001e+300,1.0000000000000001e+300,1.0000000000000001e+300,1.0000000000000001e+300,1.0000000000000001e+300,1.0000000000000001e+300,1.0000000000000001e+300,1.0000000000000001e+300,9.9999999999999995e+157,nan,nan,nan,nan,nan,nan,nan,9.9999999999999995e+157
0,1.3407807929942596e+154,1.3407807929942596e+154,1.3407807929942596e+154,1.3407807929942596e+154,1.3407807929942596e+154,1.3407807929942596e+154,1.3407807929942596e+154,1.3407807929942596e+154,9.9999999999999995e+157,nan,1.7976931348623155e+308,-998.0204686017272,inf,1.3407807929942596e+154,nan,nan,1.3407807929942596e+154
1,1.3407807929942596e+154,1.3407807929942596e+154,1.3407807929942596e+154,1.3407807929942596e+154,1.3407807929942596e+154,1.3407807929942596e+154,1.3407807929942596e+154,1.3407807929942596e+154,9.9999999999999995e+157,nan,nan,nan,nan,nan,nan,nan,9.9999999999999995e+157
0,-1.3407807929942596e+154,-1.3407807929942596e+154,-1.3407807929942596e+154,-1.3407807929942596e+154,-1.3407807929942596e+154,-1.3407807929942596e+154,-1.3407807929942596e+154,-1.3407807929942596e+154,9.9999999999999995e+157,nan,1.7976931348623155e+308,-997.94927874685118,-inf,-1.3407807929942596e+154,nan,nan,-1.3407807929942596e+154
1,-1.3407807929942596e+154,-1.3407807929942596e+154,-1.3407807929942596e+154,-1.3407807929942596e+154,-1.3407807929942596e+154,-1.3407807929942596e+154,-1.3407807929942596e+154,-1.3407807929942596e+154,9.9999999999999995e+157,nan,nan,nan,nan,nan,nan,nan,9.9999999999999995e+157
0,0,0,0,0,0,0,0,0,1e+160,nan,0,-997.80030617269381,-997.80030617269381,0,nan,nan,0
1,0,0,0,0,0,0,0,0,1e+160,0,nan,nan,nan,nan,nan,nan,1e+160
0,1.0000000000000001e+300,1.0000000000000001e+300,1.0000000000000001e+300,1.0000000000000001e+300,1.0000000000000001e+300,1.0000000000000001e+300,1.0000000000000001e+300,1.0000000000000001e+300,1e+160,nan,inf,-997.94138344524936,inf,1.0000000000000001e+300,nan,nan,1.0000000000000001e+300
1,1.0000000000000001e+300,1.0000000000000001e+300,1.0000000000000001e+300,1.0000000000000001e+300,1.0000000000000001e+300,1.0000000000000001e+300,1.0000000000000001e+300,1.0000000000000001e+300,1e+160,nan,nan,nan,nan,nan,nan,nan,1e+160
0,1.3407807929942596e+154,1.3407807929942596e+154,1.3407807929942596e+154,1.3407807929942596e+154,1.3407807929942596e+154,1.3407807929942596e+154,1.3407807929942596e+154,1.3407807929942596e+154,1e+160,nan,1.7976931348623155e+308,-997.87781758050721,inf,1.3407807929942596e+154,nan,nan,1.3407807929942596e+154
1,1.3407807929942596e+154,1.3407807929942596e+154,1.3407807929942596e+154,1.3407807929942596e+154,1.3407807929942596e+154,1.3407807929942596e+154,1.3407807929942596e+154,1.3407807929942596e+154,1e+160,nan,nan,nan,nan,nan,nan,nan,1e+160
0,-1.3407807929942596e+154,-1.3407807929942596e+154,-1.3407807929942596e+154,-1.3407807929942596e+154,-1.3407807929942596e+154,-1.3407807929942596e+154,-1.3407807929942596e+154,-1.3407807929942596e+154,1e+160,nan,1.7976931348623155e+308,-998.03944955341069,-inf,-1.3407807929942596e+154,nan,nan,-1.3407807929942596e+154
1,-1.3407807929942596e+154,-1.3407807929942596e+154,-1.3407807929942596e+154,-1.3407807929942596e+154,-1.3407807929942596e+154,-1.3407807929942596e+154,-1.3407807929942596e+154,-1.3407807929942596e+154,1e+160,nan,nan,nan,nan,nan,nan,nan,1e+160
0,0,0,0,0,0,0,0,0,1e+161,nan,0,-997.93462950346623,-997.93462950346623,0,nan,nan,0
1,0,0,0,0,0,0,0,0,1e+161,0,nan,nan,nan,nan,nan,nan,1e+161
0,1.0000000000000001e+300,1.0000000000000001e+300,1.0000000000000001e+300,1.0000000000000001e+300,1.0000000000000001e+300,1.0000000000000001e+300,1.0000000000000001e+300,1.0000000000000001e+300,1e+161,nan,inf,-997.97441042218679,inf,1.0000000000000001e+300,nan,nan,1.0000000000000001e+300
1,1.0000000000000001e+300,1.0000000000000001e+300,1.0000000000000001e+300,1.0000000000000001e+300,1.0000000000000001e+300,1.0000000000000001e+300,1.0000000000000001e+300,1.0000000000000001e+300,1e+161,nan,nan,nan,nan,nan,nan,nan,1e+161
0,1.3407807929942596e+154,1.3407807929942596e+154,1.3407807929942596e+154,1.3407807929942596e+154,1.3407807929942596e+154,1.3407807929942596e+154,1.3407807929942596e+154,1.3407807929942596e+154,1e+161,nan,1.7976931348623155e+308,-997.92208116478446,inf,1.3407807929942596e+154,nan,nan,1.3407807929942596e+154
1,1.3407807929942596e+154,1.3407807929942596e+154,1.3407807929942596e+154,1.3407807929942596e+154,1.3407807929942596e+154,1.3407807929942596e+154,1.3407807929942596e+154,1.3407807929942596e+154,1e+161,nan,nan,nan,nan,nan,nan,nan,1e+161
0,-1.3407807929942596e+154,-1.3407807929942596e+154,-1.3407807929942596e+154,-1.3407807929942596e+154,-1.3407807929942596e+154,-1.3407807929942596e+154,-1.3407807929942596e+154,-1.3407807929942596e+154,1e+161,nan,1.7976931348623155e+308,-997.93062249690058,-inf,-1.3407807929942596e+154,nan,nan,-1.3407807929942596e+154
1,-1.3407807929942596e+154,-1.3407807929942596e+154,-1.3407807929942596e+154,-1.3407807929942596e+154,-1.3407807929942596e+154,-1.3407807929942596e+154,-1.3407807929942596e+154,-1.3407807929942596e+154,1e+161,nan,nan,nan,nan,nan,nan,nan,1e+161
0,0,0,0,0,0,0,0,0,9.9999999999999999e+203,nan,0,-998.0062111355445,-998.0062111355445,0,nan,nan,0
1,0,0,0,0,0,0,0,0,9.9999999999999999e+203,0,nan,nan,nan,nan,nan,nan,9.9999999999999999e+203
0,1.0000000000000001e+300,1.0000000000000001e+300,1.0000000000000001e+300,1.0000000000000001e+300,1.0000000000000001e+300,1.0000000000000001e+300,1.0000000000000001e+300,1.0000000000000001e+300,9.9999999999999999e+203,nan,inf,-997.83749829738611,inf,1.0000000000000001e+300,nan,nan,1.0000000000000001e+300
1,1.0000000000000001e+300,1.0000000000000001e+300,1.0000000000000001e+300,1.0000000000000001e+300,1.0000000000000001e+300,1.0000000000000001e+300,1.0000000000000001e+300,1.0000000000000001e+300,9.9999999999999999e+203,nan,nan,nan,nan,nan,nan,nan,9.9999999999999999e+203
0,1.3407807929942596e+154,1.3407807929942596e+154,1.3407807929942596e+154,1.3407807929942596e+154,1.3407807929942596e+154,1.3407807929942596e+154,1.3407807929942596e+154,1.3407807929942596e+154,9.9999999999999999e+203,nan,1.7976931348623155e+308,-997.91920019524241,inf,1.3407807929942596e+154,nan,nan,1.3407807929942596e+154
1,1.3407807929942596e+154,1.3407807929942596e+154,1.3407807929942596e+154,1.3407807929942596e+154,1.3407807929942596e+154,1.3407807929942596e+154,1.3407807929942596e+154,1.3407807929942596e+154,9.9999999999999999e+203,nan,nan,nan,nan,nan,nan,nan,9.9999999999999999e+203
0,-1.3407807929942596e+154,-1.3407807929942596e+154,-1.3407807929942596e+154,-1.3407807929942596e+154,-1.3407807929942596e+154,-1.3407807929942596e+154,-1.3407807929942596e+154,-1.3407807929942596e+154,9.9999999999999999e+203,nan,1.7976931348623155e+308,-997.83922715712185,-inf,-1.3407807929942596e+154,nan,nan,-1.3407807929942596e+154
1,-1.3407807929942596e+154,-1.3407807929942596e+154,-1.3407807929942596e+154,-1.3407807929942596e+154,-1.3407807929942596e+154,-1.3407807929942596e+154,-1.3407807929942596e+154,-1.3407807929942596e+154,9.9999999999999999e+203,nan,nan,nan,nan,nan,nan,nan,9.9999999999999999e+203
0,0,0,0,0,0,0,0,0,1.0000000000000001e+300,nan,0,-997.89803242035691,-997.89803242035691,0,nan,nan,0
1,0,0,0,0,0,0,0,0,1.0000000000000001e+300,0,nan,nan,nan,nan,nan,nan,1.0000000000000001e+300
0,1.0000000000000001e+300,1.0000000000000001e+300,1.0000000000000001e+300,1.0000000000000001e+300,1.0000000000000001e+300,1.0000000000000001e+300,1.0000000000000001e+300,1.0000000000000001e+300,1.0000000000000001e+300,nan,inf,-998.00303758059692,inf,1.0000000000000001e+300,nan,nan,1.0000000000000001e+300
1,1.0000000000000001e+300,1.0000000000000001e+300,1.0000000000000001e+300,1.0000000000000001e+300,1.0000000000000001e+300,1.0000000000000001e+300,1.0000000000000001e+300,1.0000000000000001e+300,1.0000000000000001e+300,nan,nan,nan,nan,nan,nan,nan,1.0000000000000001e+300
0,1.3407807929942596e+154,1.3407807929942596e+154,1.3407807929942596e+154,1.3407807929942596e+154,1.3407807929942596e+154,1.3407807929942596e+154,1.3407807929942596e+154,1.3407807929942596e+154,1.0000000000000001e+300,nan,1.7976931348623155e+308,-997.84571887614538,inf,1.3407807929942596e+154,nan,nan,1.3407807929942596e+154
1,1.3407807929942596e+154,1.3407807929942596e+154,1.3407807929942596e+154,1.3407807929942596e+154,1.3407807929942596e+154,1.3407807929942596e+154,1.3407807929942596e+154,1.3407807929942596e+154,1.0000000000000001e+300,nan,nan,nan,nan,nan,nan,nan,1.0000000000000001e+300
0,-1.3407807929942596e+154,-1.3407807929942596e+154,-1.3407807929942596e+154,-1.3407807929942596e+154,-1.3407807929942596e+154,-1.3407807929942596e+154,-1.3407807929942596e+154,-1.3407807929942596e+154,1.0000000000000001e+300,nan,1.7976931348623155e+308,-998.04003526768452,-inf,-1.3407807929942596e+154,nan,nan,-1.3407807929942596e+154
1,-1.3407807929942596e+154,-1.3407807929942596e+154,-1.3407807929942596e+154,-1.3407807929942596e+154,-1.3407807929942596e+154,-1.3407807929942596e+154,-1.3407807929942596e+154,-1.3407807929942596e+154,1.0000000000000001e+300,nan,nan,nan,nan,nan,nan,nan,1.0000000000000001e+300
0,0,-300,1e-156,-300,300,-600,600,300,-600,nan,-3.0000000000000002e-154,-997.84142405717114,-997.84142405717114,-300,nan,nan,-300
1,0,-300,1e-156,-300,300,-600,600,300,-600,1e-156,nan,nan,nan,nan,nan,nan,-600
0,0,-300,1.0000000000000001e-158,-300,300,-600,600,300,-600,nan,-3.0000000000000002e-156,-997.79959420163311,-997.79959420163311,-300,nan,nan,-300
1,0,-300,1.0000000000000001e-158,-300,300,-600,600,300,-600,1.0000000000000001e-158,nan,nan,nan,nan,nan,nan,-600
0,0,-300,9.9999999999999999e-161,-300,300,-600,600,300,-600,nan,-3e-158,-998.0052495456091,-998.0052495456091,-300,nan,nan,-300
1,0,-300,9.9999999999999999e-161,-300,300,-600,600,300,-600,9.9999999999999983e-161,nan,nan,nan,nan,nan,nan,-600
0,0,-300,-1.0000000000000001e-158,-300,300,-600,600,300,-600,nan,3.0000000000000002e-156,-998.00153084473038,-998.00153084473038,-300,nan,nan,-300
1,0,-300,-1.0000000000000001e-158,-300,300,-600,600,300,-600,-1.0000000000000001e-158,nan,nan,nan,nan,nan,nan,-600
0,0,-300,9.9999999999999998e+155,-300,300,-600,600,300,-600,nan,-3e+158,-997.95077446680853,8.9999999999999996e+160,-300,nan,nan,-300
1,0,-300,9.9999999999999998e+155,-300,300,-600,600,300,-600,9.9999999999999998e+155,nan,nan,nan,nan,nan,nan,-600
0,0,-300,9.9999999999999995e+157,-300,300,-600,600,300,-600,nan,-2.9999999999999999e+160,-997.99668667530045,8.9999999999999994e+162,-300,nan,nan,-300
1,0,-300,9.9999999999999995e+157,-300,300,-600,600,300,-600,9.9999999999999983e+157,nan,nan,nan,nan,nan,nan,-600
0,0,-300,1e+160,-300,300,-600,600,300,-600,nan,-3.0000000000000002e+162,-997.86504505788787,9.0000000000000005e+164,-300,nan,nan,-300
1,0,-300,1e+160,-300,300,-600,600,300,-600,1e+160,nan,nan,nan,nan,nan,nan,-600
0,0,-300,1e+161,-300,300,-600,600,300,-600,nan,-3.0000000000000001e+163,-997.9638079320498,9.0000000000000009e+165,-300,nan,nan,-300
1,0,-300,1e+161,-300,300,-600,600,300,-600,1e+161,nan,nan,nan,nan,nan,nan,-600
0,0,-300,9.9999999999999999e+203,-300,300,-600,600,300,-600,nan,-3.0000000000000001e+206,-997.88684675254763,9.0000000000000003e+208,-300,nan,nan,-300
1,0,-300,9.9999999999999999e+203,-300,300,-600,600,300,-600,9.9999999999999999e+203,nan,nan,nan,nan,nan,nan,-600
0,0,-300,1.0000000000000001e+300,-300,300,-600,600,300,-600,nan,-3.0000000000000002e+302,-998.00364997765234,9.0000000000000014e+304,-300,nan,nan,-300
1,0,-300,1.0000000000000001e+300,-300,300,-600,600,300,-600,1.0000000000000003e+300,nan,nan,nan,nan,nan,nan,-600
0,0,-300,0,1e-156,300,-600,600,300,-600,nan,0,-997.98267322641914,-997.98267322641914,-300,nan,nan,-300
1,0,-300,0,1e-156,300,-600,600,300,-600,0,nan,nan,nan,nan,nan,nan,-600
0,0,-300,0,1.0000000000000001e-158,300,-600,600,300,-600,nan,0,-997.82470499380645,-997.82470499380645,-300,nan,nan,-300
1,0,-300,0,1.0000000000000001e-158,300,-600,600,300,-600,0,nan,nan,nan,nan,nan,nan,-600
0,0,-300,0,9.9999999999999999e-161,300,-600,600,300,-600,nan,0,-997.95035340942127,-997.95035340942127,-300,nan,nan,-300
1,0,-300,0,9.9999999999999999e-161,300,-600,600,300,-600,0,nan,nan,nan,nan,nan,nan,-600
0,0,-300,0,-1.0000000000000001e-158,300,-600,600,300,-600,nan,-0,-997.86824185401133,-997.86824185401133,-300,nan,nan,-300
1,0,-300,0,-1.0000000000000001e-158,300,-600,600,300,-600,0,nan,nan,nan,nan,nan,nan,-600
0,0,-300,0,9.9999999999999998e+155,300,-600,600,300,-600,nan,0,-997.91012220023003,-997.91012220023003,-300,nan,nan,-300
1,0,-300,0,9.9999999999999998e+155,300,-600,600,300,-600,0,nan,nan,nan,nan,nan,nan,-600
0,0,-300,0,9.9999999999999995e+157,300,-600,600,300,-600,nan,0,-998.04396136019636,-998.04396136019636,-300,nan,nan,-300
1,0,-300,0,9.9999999999999995e+157,300,-600,600,300,-600,0,nan,nan,nan,nan,nan,nan,-600
0,0,-300,0,1e+160,300,-600,600,300,-600,nan,0,-997.80796629242877,-997.80796629242877,-300,nan,nan,-300
1,0,-300,0,1e+160,300,-600,600,300,-600,0,nan,nan,nan,nan,nan,nan,-600
0,0,-300,0,1e+161,300,-600,600,300,-600,nan,0,-997.84996081824102,-997.84996081824102,-300,nan,nan,-300
1,0,-300,0,1e+161,300,-600,600,300,-600,0,nan,nan,nan,nan,nan,nan,-600
0,0,-300,0,9.9999999999999999e+203,300,-600,600,300,-600,nan,0,-997.9254693461138,-997.9254693461138,-300,nan,nan,-300
1,0,-300,0,9.9999999999999999e+203,300,-600,600,300,-600,0,nan,nan,nan,nan,nan,nan,-600
0,0,-300,0,1.0000000000000001e+300,300,-600,600,300,-600,nan,0,-997.93071642162886,-997.93071642162886,-300,nan,nan,-300
1,0,-300,0,1.0000000000000001e+300,300,-600,600,300,-600,0,nan,nan,nan,nan,nan,nan,-600
0,0,-300,0,-300,1e-156,-600,600,300,-600,nan,-0,-997.9481155196562,-997.9481155196562,-300,nan,nan,-300
1,0,-300,0,-300,1e-156,-600,600,300,-600,0,nan,nan,nan,nan,nan,nan,-600
0,0,-300,0,-300,1.0000000000000001e-158,-600,600,300,-600,nan,-0,-998.0471293833624,-998.0471293833624,-300,nan,nan,-300
1,0,-300,0,-300,1.0000000000000001e-158,-600,600,300,-600,0,nan,nan,nan,nan,nan,nan,-600
0,0,-300,0,-300,9.9999999999999999e-161,-600,600,300,-600,nan,-0,-997.88053165141741,-997.88053165141741,-300,nan,nan,-300
1,0,-300,0,-300,9.9999999999999999e-161,-600,600,300,-600,0,nan,nan,nan,nan,nan,nan,-600
0,0,-300,0,-300,-1.0000000000000001e-158,-600,600,300,-600,nan,-0,-997.85495565884207,-997.85495565884207,-300,nan,nan,-300
1,0,-300,0,-300,-1.0000000000000001e-158,-600,600,300,-600,0,nan,nan,nan,nan,nan,nan,-600
0,0,-300,0,-300,9.9999999999999998e+155,-600,600,300,-600,nan,-0,-997.82560388800994,-997.82560388800994,-300,nan,nan,-300
1,0,-300,0,-300,9.9999999999999998e+155,-600,600,300,-600,0,nan,nan,nan,nan,nan,nan,-600
0,0,-300,0,-300,9.9999999999999995e+157,-600,600,300,-600,nan,-0,-997.82760481897401,-997.82760481897401,-300,nan,nan,-300
1,0,-300,0,-300,9.9999999999999995e+157,-600,600,300,-600,0,nan,nan,nan,nan,nan,nan,-600
0,0,-300,0,-300,1e+160,-600,600,300,-600,nan,-0,-997.79555697751402,-997.79555697751402,-300,nan,nan,-300
1,0,-300,0,-300,1e+160,-600,600,300,-600,0,nan,nan,nan,nan,nan,nan,-600
0,0,-300,0,-300,1e+161,-600,600,300,-600,nan,-0,-997.87976207558313,-997.87976207558313,-300,nan,nan,-300
1,0,-300,0,-300,1e+161,-600,600,300,-600,0,nan,nan,nan,nan,nan,nan,-600
0,0,-300,0,-300,9.9999999999999999e+203,-600,600,300,-600,nan,-0,-997.86122523971221,-997.86122523971221,-300,nan,nan,-300
1,0,-300,0,-300,9.9999999999999999e+203,-600,600,300,-600,0,nan,nan,nan,nan,nan,nan,-600
0,0,-300,0,-300,1.0000000000000001e+300,-600,600,300,-600,nan,-0,-997.92638330905345,-997.92638330905345,-300,nan,nan,-300
1,0,-300,0,-300,1.0000000000000001e+300,-600,600,300,-600,0,nan,nan,nan,nan,nan,nan,-600
0,0,-300,0,-300,300,1e-156,600,300,-600,nan,-0,-997.91856339171488,-997.91856339171488,-300,nan,nan,-300
1,0,-300,0,-300,300,1e-156,600,300,-600,0,nan,nan,nan,nan,nan,nan,-600
0,0,-300,0,-300,300,1.0000000000000001e-158,600,300,-600,nan,-0,-997.9151638601827,-997.9151638601827,-300,nan,nan,-300
1,0,-300,0,-300,300,1.0000000000000001e-158,600,300,-600,0,nan,nan,nan,nan,nan,nan,-600
0,0,-300,0,-300,300,9.9999999999999999e-161,600,300,-600,nan,-0,-997.90013990151999,-997.90013990151999,-300,nan,nan,-300
1,0,-300,0,-300,300,9.9999999999999999e-161,600,300,-600,0,nan,nan,nan,nan,nan,nan,-600
0,0,-300,0,-300,300,-1.0000000000000001e-158,600,300,-600,nan,-0,-997.80062289840873,-997.80062289840873,-300,nan,nan,-300
1,0,-300,0,-300,300,-1.0000000000000001e-158,600,300,-600,0,nan,nan,nan,nan,nan,nan,-600
0,0,-300,0,-300,300,9.9999999999999998e+155,600,300,-600,nan,-0,-997.88368515879699,-997.88368515879699,-300,nan,nan,-300
1,0,-300,0,-300,300,9.9999999999999998e+155,600,300,-600,0,nan,nan,nan,nan,nan,nan,-600
0,0,-300,0,-300,300,9.9999999999999995e+157,600,300,-600,nan,-0,-997.91259478291727,-997.91259478291727,-300,nan,nan,-300
1,0,-300,0,-300,300,9.9999999999999995e+157,600,300,-600,0,nan,nan,nan,nan,nan,nan,-600
0,0,-300,0,-300,300,1e+160,600,300,-600,nan,-0,-998.03806982281048,-998.03806982281048,-300,nan,nan,-300
1,0,-300,0,-300,300,1e+160,600,300,-600,0,nan,nan,nan,nan,nan,nan,-600
0,0,-300,0,-300,300,1e+161,600,300,-600,nan,-0,-998.02259555743842,-998.02259555743842,-300,nan,nan,-300
1,0,-300,0,-300,300,1e+161,600,300,-600,0,nan,nan,nan,nan,nan,nan,-600
0,0,-300,0,-300,300,9.9999999999999999e+203,600,300,-600,nan,-0,-997.89704419235545,-997.89704419235545,-300,nan,nan,-300
1,0,-300,0,-300,300,9.9999999999999999e+203,600,300,-600,0,nan,nan,nan,nan,nan,nan,-600
0,0,-300,0,-300,300,1.0000000000000001e+300,600,300,-600,nan,-0,-997.94089472553912,-997.94089472553912,-300,nan,nan,-300
1,0,-300,0,-300,300,1.0000000000000001e+300,600,300,-600,0,nan,nan,nan,nan,nan,nan,-600
0,0,-300,0,-300,300,-600,1e-156,300,-600,nan,-0,-997.97096887245527,-997.97096887245527,-300,nan,nan,-300
1,0,-300,0,-300,300,-600,1e-156,300,-600,0,nan,nan,nan,nan,nan,nan,-600
0,0,-300,0,-300,300,-600,1.0000000000000001e-158,300,-600,nan,-0,-997.91426759613694,-997.91426759613694,-300,nan,nan,-300
1,0,-300,0,-300,300,-600,1.0000000000000001e-158,300,-600,0,nan,nan,nan,nan,nan,nan,-600
0,0,-300,0,-300,300,-600,9.9999999999999999e-161,300,-600,nan,-0,-997.87971636642203,-997.87971636642203,-300,nan,nan,-300
1,0,-300,0,-300,300,-600,9.9999999999999999e-161,300,-600,0,nan,nan,nan,nan,nan,nan,-600
0,0,-300,0,-300,300,-600,-1.0000000000000001e-158,300,-600,nan,-0,-997.97548205554426,-997.97548205554426,-300,nan,nan,-300
1,0,-300,0,-300,300,-600,-1.0000000000000001e-158,300,-600,0,nan,nan,nan,nan,nan,nan,-600
0,0,-300,0,-300,300,-600,9.9999999999999998e+155,300,-600,nan,-0,-997.95949538105799,-997.95949538105799,-300,nan,nan,-300
1,0,-300,0,-300,300,-600,9.9999999999999998e+155,300,-600,0,nan,nan,nan,nan,nan,nan,-600
0,0,-300,0,-300,300,-600,9.9999999999999995e+157,300,-600,nan,-0,-997.81442564670476,-997.81442564670476,-300,nan,nan,-300
1,0,-300,0,-300,300,-600,9.9999999999999995e+157,300,-600,0,nan,nan,nan,nan,nan,nan,-600
0,0,-300,0,-300,300,-600,1e+160,300,-600,nan,-0,-997.9662086851024,-997.9662086851024,-300,nan,nan,-300
1,0,-300,0,-300,300,-600,1e+160,300,-600,0,nan,nan,nan,nan,nan,nan,-600
0,0,-300,0,-300,300,-600,1e+161,300,-600,nan,-0,-997.8137862567645,-997.8137862567645,-300,nan,nan,-300
1,0,-300,0,-300,300,-600,1e+161,300,-600,0,nan,nan,nan,nan,nan,nan,-600
0,0,-300,0,-300,300,-600,9.9999999999999999e+203,300,-600,nan,-0,-997.88992520421561,-997.88992520421561,-300,nan,nan,-300
1,0,-300,0,-300,300,-600,9.9999999999999999e+203,300,-600,0,nan,nan,nan,nan,nan,nan,-600
0,0,-300,0,-300,300,-600,1.0000000000000001e+300,300,-600,nan,-0,-997.84264301673647,-997.84264301673647,-300,nan,nan,-300
1,0,-300,0,-300,300,-600,1.0000000000000001e+300,300,-600,0,nan,nan,nan,nan,nan,nan,-600
0,1e-156,-300,0,-300,300,-600,600,300,-600,nan,-0,-998.0344766693222,-998.0344766693222,-300,nan,nan,-300
1,1e-156,-300,0,-300,300,-600,600,300,-600,0,nan,nan,nan,nan,nan,nan,-600
0,1.0000000000000001e-158,-300,0,-300,300,-600,600,300,-600,nan,-0,-997.83074559607462,-997.83074559607462,-300,nan,nan,-300
1,1.0000000000000001e-158,-300,0,-300,300,-600,600,300,-600,0,nan,nan,nan,nan,nan,nan,-600
0,9.9999999999999999e-161,-300,0,-300,300,-600,600,300,-600,nan,-0,-997.93597849220441,-997.93597849220441,-300,nan,nan,-300
1,9.9999999999999999e-161,-300,0,-300,300,-600,600,300,-600,0,nan,nan,nan,nan,nan,nan,-600
0,-1.0000000000000001e-158,-300,0,-300,300,-600,600,300,-600,nan,-0,-997.96850547463328,-997.96850547463328,-300,nan,nan,-300
1,-1.0000000000000001e-158,-300,0,-300,300,-600,600,300,-600,0,nan,nan,nan,nan,nan,nan,-600
0,9.9999999999999998e+155,-300,0,-300,300,-600,600,300,-600,nan,-0,-997.97571165753391,-997.97571165753391,-300,nan,nan,-300
1,9.9999999999999998e+155,-300,0,-300,300,-600,600,300,-600,0,nan,nan,nan,nan,nan,nan,-600
0,9.9999999999999995e+157,-300,0,-300,300,-600,600,300,-600,nan,-0,-997.91339795345186,-997.91339795345186,-300,nan,nan,-300
1,9.9999999999999995e+157,-300,0,-300,300,-600,600,300,-600,0,nan,nan,nan,nan,nan,nan,-600
0,1e+160,-300,0,-300,300,-600,600,300,-600,nan,-0,-997.8324967133085,-997.8324967133085,-300,nan,nan,-300
1,1e+160,-300,0,-300,300,-600,600,300,-600,0,nan,nan,nan,nan,nan,nan,-600
0,1e+161,-300,0,-300,300,-600,600,300,-600,nan,-0,-998.04010064457611,-998.04010064457611,-300,nan,nan,-300
1,1e+161,-300,0,-300,300,-600,600,300,-600,0,nan,nan,nan,nan,nan,nan,-600
0,9.9999999999999999e+203,-300,0,-300,300,-600,600,300,-600,nan,-0,-997.9883377611975,-997.9883377611975,-300,nan,nan,-300
1,9.9999999999999999e+203,-300,0,-300,300,-600,600,300,-600,0,nan,nan,nan,nan,nan,nan,-600
0,1.0000000000000001e+300,-300,0,-300,300,-600,600,300,-600,nan,-0,-997.86014243679631,-997.86014243679631,-300,nan,nan,-300
1,1.0000000000000001e+300,-300,0,-300,300,-600,600,300,-600,0,nan,nan,nan,nan,nan,nan,-600
0,0,1e-156,0,-300,300,-600,600,300,-600,nan,-0,-997.91268044538924,-997.91268044538924,0,nan,nan,0
1,0,1e-156,0,-300,300,-600,600,300,-600,0,nan,nan,nan,nan,nan,nan,-600
0,0,1.0000000000000001e-158,0,-300,300,-600,600,300,-600,nan,-0,-997.88434958248126,-997.88434958248126,0,nan,nan,0
1,0,1.0000000000000001e-158,0,-300,300,-600,600,300,-600,0,nan,nan,nan,nan,nan,nan,-600
0,0,9.9999999999999999e-161,0,-300,300,-600,600,300,-600,nan,-0,-997.9877939728151,-997.9877939728151,0,nan,nan,0
1,0,9.9999999999999999e-161,0,-300,300,-600,600,300,-600,0,nan,nan,nan,nan,nan,nan,-600
0,0,-1.0000000000000001e-158,0,-300,300,-600,600,300,-600,nan,-0,-997.91396891860109,-997.91396891860109,-1.0000000000000001e-158,nan,nan,-1.0000000000000001e-158
1,0,-1.0000000000000001e-158,0,-300,300,-600,600,300,-600,0,nan,nan,nan,nan,nan,nan,-600
0,0,9.9999999999999998e+155,0,-300,300,-600,600,300,-600,nan,-0,-997.96568712419503,-997.96568712419503,0,nan,nan,0
1,0,9.9999999999999998e+155,0,-300,300,-600,600,300,-600,0,nan,nan,nan,nan,nan,nan,-600
0,0,9.9999999999999995e+157,0,-300,300,-600,600,300,-600,nan,-0,-997.8777754111245,-997.8777754111245,0,nan,nan,0
1,0,9.9999999999999995e+157,0,-300,300,-600,600,300,-600,0,nan,nan,nan,nan,nan,nan,-600
0,0,1e+160,0,-300,300,-600,600,300,-600,nan,-0,-997.89856833691147,-997.89856833691147,0,nan,nan,0
1,0,1e+160,0,-300,300,-600,600,300,-600,0,nan,nan,nan,nan,nan,nan,-600
0,0,1e+161,0,-300,300,-600,600,300,-600,nan,-0,-997.99068524940242,-997.99068524940242,0,nan,nan,0
1,0,1e+161,0,-300,300,-600,600,300,-600,0,nan,nan,nan,nan,nan,nan,-600
0,0,9.9999999999999999e+203,0,-300,300,-600,600,300,-600,nan,-0,-997.94378309089916,-997.94378309089916,0,nan,nan,0
1,0,9.9999999999999999e+203,0,-300,300,-600,600,300,-600,0,nan,nan,nan,nan,nan,nan,-600
0,0,1.0000000000000001e+300,0,-300,300,-600,600,300,-600,nan,-0,-998.04293834936846,-998.04293834936846,0,nan,nan,0
1,0,1.0000000000000001e+300,0,-300,300,-600,600,300,-600,0,nan,nan,nan,nan,nan,nan,-600
0,0,-300,0,-300,300,-600,600,1e-156,-600,nan,-0,-997.88581092492882,-997.88581092492882,-300,nan,nan,-300
1,0,-300,0,-300,300,-600,600,1e-156,-600,0,nan,nan,nan,nan,nan,nan,-600
0,0,-300,0,-300,300,-600,600,1.0000000000000001e-158,-600,nan,-0,-997.95287718123529,-997.95287718123529,-300,nan,nan,-300
1,0,-300,0,-300,300,-600,600,1.0000000000000001e-158,-600,0,nan,nan,nan,nan,nan,nan,-600
0,0,-300,0,-300,300,-600,600,9.9999999999999999e-161,-600,nan,-0,-997.79552927565021,-997.79552927565021,-300,nan,nan,-300
1,0,-300,0,-300,300,-600,600,9.9999999999999999e-161,-600,0,nan,nan,nan,nan,nan,nan,-600
0,0,-300,0,-300,300,-600,600,-1.0000000000000001e-158,-600,nan,-0,-998.03955817459632,-998.03955817459632,-300,nan,nan,-300
1,0,-300,0,-300,300,-600,600,-1.0000000000000001e-158,-600,0,nan,nan,nan,nan,nan,nan,-600
0,0,-300,0,-300,300,-600,600,9.9999999999999998e+155,-600,nan,-0,-997.85243347434573,-997.85243347434573,-300,nan,nan,-300
1,0,-300,0,-300,300,-600,600,9.9999999999999998e+155,-600,0,nan,nan,nan,nan,nan,nan,-600
0,0,-300,0,-300,300,-600,600,9.9999999999999995e+157,-600,nan,-0,-997.81108768721776,-997.81108768721776,-300,nan,nan,-300
1,0,-300,0,-300,300,-600,600,9.9999999999999995e+157,-600,0,nan,nan,nan,nan,nan,nan,-600
0,0,-300,0,-300,300,-600,600,1e+160,-600,nan,-0,-997.95405563056511,-997.95405563056511,-300,nan,nan,-300
1,0,-300,0,-300,300,-600,600,1e+160,-600,0,nan,nan,nan,nan,nan,nan,-600
0,0,-300,0,-300,300,-600,600,1e+161,-600,nan,-0,-998.02303849208306,-998.02303849208306,-300,nan,nan,-300
1,0,-300,0,-300,300,-600,600,1e+161,-600,0,nan,nan,nan,nan,nan,nan,-600
0,0,-300,0,-300,300,-600,600,9.9999999999999999e+203,-600,nan,-0,-997.80674325727091,-997.80674325727091,-300,nan,nan,-300
1,0,-300,0,-300,300,-600,600,9.9999999999999999e+203,-600,0,nan,nan,nan,nan,nan,nan,-600
0,0,-300,0,-300,300,-600,600,1.0000000000000001e+300,-600,nan,-0,-998.02820001385669,-998.02820001385669,-300,nan,nan,-300
1,0,-300,0,-300,300,-600,600,1.0000000000000001e+300,-600,0,nan,nan,nan,nan,nan,nan,-600
0,0,-300,0,-300,300,-600,600,300,1e-156,nan,-0,-997.88734117405386,-997.88734117405386,-300,nan,nan,-300
1,0,-300,0,-300,300,-600,600,300,1e-156,0,nan,nan,nan,nan,nan,nan,1e-156
0,0,-300,0,-300,300,-600,600,300,1.0000000000000001e-158,nan,-0,-997.98755327219158,-997.98755327219158,-300,nan,nan,-300
1,0,-300,0,-300,300,-600,600,300,1.0000000000000001e-158,0,nan,nan,nan,nan,nan,nan,1.0000000000000001e-158
0,0,-300,0,-300,300,-600,600,300,9.9999999999999999e-161,nan,-0,-997.87184859386036,-997.87184859386036,-300,nan,nan,-300
1,0,-300,0,-300,300,-600,600,300,9.9999999999999999e-161,0,nan,nan,nan,nan,nan,nan,9.9999999999999999e-161
0,0,-300,0,-300,300,-600,600,300,-1.0000000000000001e-158,nan,-0,-997.83438429929004,-997.83438429929004,-300,nan,nan,-300
1,0,-300,0,-300,300,-600,600,300,-1.0000000000000001e-158,0,nan,nan,nan,nan,nan,nan,-1.0000000000000001e-158
0,0,-300,0,-300,300,-600,600,300,9.9999999999999998e+155,nan,-0,-997.87418634189555,-997.87418634189555,-300,nan,nan,-300
1,0,-300,0,-300,300,-600,600,300,9.9999999999999998e+155,0,nan,nan,nan,nan,nan,nan,9.9999999999999998e+155
0,0,-300,0,-300,300,-600,600,300,9.9999999999999995e+157,nan,-0,-997.82568539808562,-997.82568539808562,-300,nan,nan,-300
1,0,-300,0,-300,300,-600,600,300,9.9999999999999995e+157,0,nan,nan,nan,nan,nan,nan,9.9999999999999995e+157
0,0,-300,0,-300,300,-600,600,300,1e+160,nan,-0,-997.87421445919756,-997.87421445919756,-300,nan,nan,-300
1,0,-300,0,-300,300,-600,600,300,1e+160,0,nan,nan,nan,nan,nan,nan,1e+160
0,0,-300,0,-300,300,-600,600,300,1e+161,nan,-0,-998.02400022424945,-998.02400022424945,-300,nan,nan,-300
1,0,-300,0,-300,300,-600,600,300,1e+161,0,nan,nan,nan,nan,nan,nan,1e+161
0,0,-300,0,-300,300,-600,600,300,9.9999999999999999e+203,nan,-0,-997.97982993099242,-997.97982993099242,-300,nan,nan,-300
1,0,-300,0,-300,300,-600,600,300,9.9999999999999999e+203,0,nan,nan,nan,nan,nan,nan,9.9999999999999999e+203
0,0,-300,0,-300,300,-600,600,300,1.0000000000000001e+300,nan,-0,-997.94695909414656,-997.94695909414656,-300,nan,nan,-300
1,0,-300,0,-300,300,-600,600,300,1.0000000000000001e+300,0,nan,nan,nan,nan,nan,nan,1.0000000000000001e+300
0,0,-300,-0,-300,300,-600,600,300,-600,nan,0,-998.02178101682659,-998.02178101682659,-300,nan,nan,-300
1,0,-300,-0,-300,300,-600,600,300,-600,0,nan,nan,nan,nan,nan,nan,-600
0,0,-300,0,-0,300,-600,600,300,-600,nan,-0,-997.80849292236121,-997.80849292236121,-300,nan,nan,-300
1,0,-300,0,-0,300,-600,600,300,-600,0,nan,nan,nan,nan,nan,nan,-600
0,0,-300,0,-300,-0,-600,600,300,-600,nan,-0,-998.00830090319266,-998.00830090319266,-300,nan,nan,-300
1,0,-300,0,-300,-0,-600,600,300,-600,0,nan,nan,nan,nan,nan,nan,-600
0,0,-300,0,-300,300,-0,600,300,-600,nan,-0,-997.86832106433053,-997.86832106433053,-300,nan,nan,-300
1,0,-300,0,-300,300,-0,600,300,-600,0,nan,nan,nan,nan,nan,nan,-600
0,0,-300,0,-300,300,-600,-0,300,-600,nan,-0,-998.02091330123869,-998.02091330123869,-300,nan,nan,-300
1,0,-300,0,-300,300,-600,-0,300,-600,0,nan,nan,nan,nan,nan,nan,-600
0,-0,-300,0,-300,300,-600,600,300,-600,nan,-0,-998.02991687764722,-998.02991687764722,-300,nan,nan,-300
1,-0,-300,0,-300,300,-600,600,300,-600,0,nan,nan,nan,nan,nan,nan,-600
0,0,-0,0,-300,300,-600,600,300,-600,nan,-0,-997.94494320027343,-997.94494320027343,-0,nan,nan,-0
1,0,-0,0,-300,300,-600,600,300,-600,0,nan,nan,nan,nan,nan,nan,-600
0,0,-300,0,-300,300,-600,600,-0,-600,nan,-0,-997.83557814478263,-997.83557814478263,-300,nan,nan,-300
1,0,-300,0,-300,300,-600,600,-0,-600,0,nan,nan,nan,nan,nan,nan,-600
0,0,-300,0,-300,300,-600,600,300,-0,nan,-0,-997.98591138841073,-997.98591138841073,-300,nan,nan,-300
1,0,-300,0,-300,300,-600,600,300,-0,0,nan,nan,nan,nan,nan,nan,-0
0,-837.03443346653603,74.933941572426633,-256.5046308062071,68.389379263348502,1000,713.73921501389259,752.91412492971449,-0.11298516459879515,-1000,nan,-17542.192479010882,20.689118070008401,29001.907050062498,74.933941572426633,nan,nan,-837.03443346653603
0,-557.37833397094596,295.64143155248246,747.50780719592512,215.32959332549217,0.48584945165934301,71.015463498139184,-26.571950819314495,-836.97645221803316,-383.5963557176629,nan,160960.55213112896,144.4331074892886,-303825.54304171778,-557.37833397094596,nan,nan,-557.37833397094596
1,-71.411588749684,0.57806701412163086,-0.91603708618086432,-33.391940777574902,110.85406681927323,573.37212932482282,42.290022424368814,422.69574803553292,-1000,-0.91603708618086432,nan,nan,nan,nan,nan,nan,-1000
0,626.55663302877463,-0.51924525966570845,-559.39532710007222,-0.96340071009506645,1000,0.34401115730644971,-0.77423479827126485,-885.85741465569458,194.59371139562708,nan,538.92185535207159,-29.118872113751628,495544469.11647451,-0.51924525966570845,nan,nan,-0.51924525966570845
1,-788.92882390554405,-79.123935949303075,242.79538845053472,0.68735670296702223,1000,-256.72147177367566,0.93813248149812778,-602.18551195041289,-1000,242.79538845053474,nan,nan,nan,nan,nan,nan,-1000
0,173.26979100286465,0.30535997059099573,-292.34838544898633,94.666449942388979,-57.542733293684471,-309.34588853644442,-106.48870448883451,-58.943338099929647,-7.0025252061293175,nan,-27675.583796844705,-495.08875632332928,-992070.87770714192,0.30535997059099573,nan,nan,0.30535997059099573
1,-0.2565168273196734,-845.2750399988613,-0.81587703665127198,29.257181416616064,-812.5024108350101,-801.74259873403321,-1000,1000,-0.22820851692812183,-0.81587703665127187,nan,nan,nan,nan,nan,nan,-0.22820851692812183
0,572.42652758482882,33.801052089993689,1000,-0.80218896476376789,752.93227758763192,-0.61660529081970328,0.8523001405033569,0.53030319770930889,-30.79444782514955,nan,-802.1889647637679,-67.079833932813528,399215.31462934142,33.801052089993689,nan,nan,33.801052089993689
1,-706.06351520595649,0.29720279184827897,-565.95583297757582,526.12354571836977,854.23916801715882,-369.47806694863885,-371.88083972082774,-231.1292712668911,392.00940992161162,-565.95583297757582,nan,nan,nan,nan,nan,nan,392.00940992161162
0,-1000,-1000,-158.30558566021912,0.96563617731425055,-803.93306087916039,-144.79407017545265,556.32860387633912,261.29063005584527,-0.14646997584118981,nan,-152.86560058442763,453.51891101126398,33254152.704454392,-1000,nan,nan,-1000
0,-1000,243.90562370179069,-92.110511334070225,-0.58362092948534716,0.61726568734662846,-0.73872973365002548,-37.80358026228636,1000,887.31044009341178,nan,53.757622240160671,-895.22120172675409,-57751.879292201025,-1000,nan,nan,-1000
1,1000,842.31793469598153,-1000,923.99302107000051,97.322606026006724,0.032042952461015295,18.671973751974491,-1000,0.31774029017256122,-1000,nan,nan,nan,nan,nan,nan,0.31774029017256122
0,431.21405089071538,1000,214.699022360616,-507.58943969341288,1000,1000,-78.64054448984426,0.88045187861446439,-49.260990529082221,nan,-108978.9564627486,-262.448856423645,188769.70871766962,1000,nan,nan,431.21405089071538
0,-692.01366482912533,-617.36412241337973,297.75359302492024,-1000,0.4613159029112246,0.31095015868562181,24.063898873518433,-23.214694437036986,9.8352228082274618,nan,-297753.59302492021,-321.64659025242918,-3510.3814441896166,-692.01366482912533,nan,nan,-692.01366482912533
1,0.54825680991689718,-775.03368503685067,95.165488204419063,-0.3606785401014736,-42.04029676973456,246.26905341857653,47.589964171582523,661.95192802619056,-709.19851642849153,95.165488204419077,nan,nan,nan,nan,nan,nan,-709.19851642849153
1,842.85125409119212,997.86217177245646,696.52888675292047,-651.54006944581624,868.35856627744465,-1000,-91.195120420569879,-8.8817743617275458,-856.71238681340901,696.5288867529207,nan,nan,nan,nan,nan,nan,-856.71238681340901
0,-1000,-259.16814907102338,-955.46803374425156,1000,-73.074121127238243,673.34313105139358,-0.56207528009713259,-1000,-1000,nan,-955468.03374425159,145.33106722509569,-69819841.499964386,-1000,nan,nan,-1000
0,-1000,-152.11788911375089,0.16203270914195533,-928.44513681413957,986.18064655912758,-505.91076101153124,989.94015193057749,1000,-1000,nan,-150.43848080766841,256.29218812557491,160049.81405346617,-152.11788911375089,nan,nan,-1000
0,22.85764137521862,-278.91430191007373,316.05578547709689,416.83977250959805,-34.186042936292907,18.243260903305348,92.656547462171247,1000,33.312285395498996,nan,131744.62171861538,-219.18089512319145,-10804915.833478939,-278.91430191007373,nan,nan,-278.91430191007373
1,-509.46177032063656,-706.54085887224414,-896.8221998276365,-963.30864157079986,-796.12019807893876,-0.29869173919865699,-0.067067009577861603,1000,1000,-896.82219982763638,nan,nan,nan,nan,nan,nan,1000
1,-1000,-99.424259700590994,453.5879018312192,-963.85573694323989,-115.49192574880762,-1000,477.18232736793897,68.996651649705512,69.691172992740889,453.58790183121914,nan,nan,nan,nan,nan,nan,69.691172992740889
1,-460.28962551998507,138.88179224334561,1000,-96.49766767897394,16.904240692530582,553.30126244654764,-76.278893288463266,23.758546765348523,1000,1000.0000000000001,nan,nan,nan,nan,nan,nan,1000
1,-836.55239373128086,-0.36109613179503408,258.07202586427616,703.37567260094818,-761.86806112890793,-545.52280441432879,0.40253104036986675,518.23945898065188,0.914735076085335,258.0720258642761,nan,nan,nan,nan,nan,nan,0.914735076085335
1,-1000,-625.5566189318489,-334.07463514246439,-1000,1000,37.255550477911093,413.97235668770605,-94.540966851337942,-325.6209332348148,-334.07463514246433,nan,nan,nan,nan,nan,nan,-325.6209332348148
