-0.0 -0.0 -0.0
-0.0 -0.0 0.0
-0.0 -0.0 NaN
-0.0 -0.0 Infinity
-0.0 -0.0 -Infinity
-0.0 -0.0 1.0
-0.0 -0.0 -1.0
-0.0 -0.0 2.0
-0.0 -0.0 -2.0
-0.0 -0.0 0.5
-0.0 -0.0 -0.5
-0.0 -0.0 4.9406564584124654e-324
-0.0 -0.0 -4.9406564584124654e-324
-0.0 -0.0 2.2250738585072014e-308
-0.0 -0.0 -2.2250738585072014e-308
-0.0 -0.0 1.7976931348623157e308
-0.0 -0.0 -1.7976931348623157e308
-0.0 -0.0 1e-160
-0.0 -0.0 1e-16
-0.0 -0.0 1e16
-0.0 -0.0 1e160
-0.0 -0.0 3.141592653589793
-0.0 -0.0 -3.141592653589793
-0.0 0.0 -0.0
-0.0 0.0 0.0
-0.0 0.0 NaN
-0.0 0.0 Infinity
-0.0 0.0 -Infinity
-0.0 0.0 1.0
-0.0 0.0 -1.0
-0.0 0.0 2.0
-0.0 0.0 -2.0
-0.0 0.0 0.5
-0.0 0.0 -0.5
-0.0 0.0 4.9406564584124654e-324
-0.0 0.0 -4.9406564584124654e-324
-0.0 0.0 2.2250738585072014e-308
-0.0 0.0 -2.2250738585072014e-308
-0.0 0.0 1.7976931348623157e308
-0.0 0.0 -1.7976931348623157e308
-0.0 0.0 1e-160
-0.0 0.0 1e-16
-0.0 0.0 1e16
-0.0 0.0 1e160
-0.0 0.0 3.141592653589793
-0.0 0.0 -3.141592653589793
-0.0 NaN -0.0
-0.0 NaN 0.0
-0.0 NaN NaN
-0.0 NaN Infinity
-0.0 NaN -Infinity
-0.0 NaN 1.0
-0.0 NaN -1.0
-0.0 NaN 2.0
-0.0 NaN -2.0
-0.0 NaN 0.5
-0.0 NaN -0.5
-0.0 NaN 4.9406564584124654e-324
-0.0 NaN -4.9406564584124654e-324
-0.0 NaN 2.2250738585072014e-308
-0.0 NaN -2.2250738585072014e-308
-0.0 NaN 1.7976931348623157e308
-0.0 NaN -1.7976931348623157e308
-0.0 NaN 1e-160
-0.0 NaN 1e-16
-0.0 NaN 1e16
-0.0 NaN 1e160
-0.0 NaN 3.141592653589793
-0.0 NaN -3.141592653589793
-0.0 Infinity -0.0
-0.0 Infinity 0.0
-0.0 Infinity NaN
-0.0 Infinity Infinity
-0.0 Infinity -Infinity
-0.0 Infinity 1.0
-0.0 Infinity -1.0
-0.0 Infinity 2.0
-0.0 Infinity -2.0
-0.0 Infinity 0.5
-0.0 Infinity -0.5
-0.0 Infinity 4.9406564584124654e-324
-0.0 Infinity -4.9406564584124654e-324
-0.0 Infinity 2.2250738585072014e-308
-0.0 Infinity -2.2250738585072014e-308
-0.0 Infinity 1.7976931348623157e308
-0.0 Infinity -1.7976931348623157e308
-0.0 Infinity 1e-160
-0.0 Infinity 1e-16
-0.0 Infinity 1e16
-0.0 Infinity 1e160
-0.0 Infinity 3.141592653589793
-0.0 Infinity -3.141592653589793
-0.0 -Infinity -0.0
-0.0 -Infinity 0.0
-0.0 -Infinity NaN
-0.0 -Infinity Infinity
-0.0 -Infinity -Infinity
-0.0 -Infinity 1.0
-0.0 -Infinity -1.0
-0.0 -Infinity 2.0
-0.0 -Infinity -2.0
-0.0 -Infinity 0.5
-0.0 -Infinity -0.5
-0.0 -Infinity 4.9406564584124654e-324
-0.0 -Infinity -4.9406564584124654e-324
-0.0 -Infinity 2.2250738585072014e-308
-0.0 -Infinity -2.2250738585072014e-308
-0.0 -Infinity 1.7976931348623157e308
-0.0 -Infinity -1.7976931348623157e308
-0.0 -Infinity 1e-160
-0.0 -Infinity 1e-16
-0.0 -Infinity 1e16
-0.0 -Infinity 1e160
-0.0 -Infinity 3.141592653589793
-0.0 -Infinity -3.141592653589793
-0.0 1.0 -0.0
-0.0 1.0 0.0
-0.0 1.0 NaN
-0.0 1.0 Infinity
-0.0 1.0 -Infinity
-0.0 1.0 1.0
-0.0 1.0 -1.0
-0.0 1.0 2.0
-0.0 1.0 -2.0
-0.0 1.0 0.5
-0.0 1.0 -0.5
-0.0 1.0 4.9406564584124654e-324
-0.0 1.0 -4.9406564584124654e-324
-0.0 1.0 2.2250738585072014e-308
-0.0 1.0 -2.2250738585072014e-308
-0.0 1.0 1.7976931348623157e308
-0.0 1.0 -1.7976931348623157e308
-0.0 1.0 1e-160
-0.0 1.0 1e-16
-0.0 1.0 1e16
-0.0 1.0 1e160
-0.0 1.0 3.141592653589793
-0.0 1.0 -3.141592653589793
-0.0 -1.0 -0.0
-0.0 -1.0 0.0
-0.0 -1.0 NaN
-0.0 -1.0 Infinity
-0.0 -1.0 -Infinity
-0.0 -1.0 1.0
-0.0 -1.0 -1.0
-0.0 -1.0 2.0
-0.0 -1.0 -2.0
-0.0 -1.0 0.5
-0.0 -1.0 -0.5
-0.0 -1.0 4.9406564584124654e-324
-0.0 -1.0 -4.9406564584124654e-324
-0.0 -1.0 2.2250738585072014e-308
-0.0 -1.0 -2.2250738585072014e-308
-0.0 -1.0 1.7976931348623157e308
-0.0 -1.0 -1.7976931348623157e308
-0.0 -1.0 1e-160
-0.0 -1.0 1e-16
-0.0 -1.0 1e16
-0.0 -1.0 1e160
-0.0 -1.0 3.141592653589793
-0.0 -1.0 -3.141592653589793
-0.0 2.0 -0.0
-0.0 2.0 0.0
-0.0 2.0 NaN
-0.0 2.0 Infinity
-0.0 2.0 -Infinity
-0.0 2.0 1.0
-0.0 2.0 -1.0
-0.0 2.0 2.0
-0.0 2.0 -2.0
-0.0 2.0 0.5
-0.0 2.0 -0.5
-0.0 2.0 4.9406564584124654e-324
-0.0 2.0 -4.9406564584124654e-324
-0.0 2.0 2.2250738585072014e-308
-0.0 2.0 -2.2250738585072014e-308
-0.0 2.0 1.7976931348623157e308
-0.0 2.0 -1.7976931348623157e308
-0.0 2.0 1e-160
-0.0 2.0 1e-16
-0.0 2.0 1e16
-0.0 2.0 1e160
-0.0 2.0 3.141592653589793
-0.0 2.0 -3.141592653589793
-0.0 -2.0 -0.0
-0.0 -2.0 0.0
-0.0 -2.0 NaN
-0.0 -2.0 Infinity
-0.0 -2.0 -Infinity
-0.0 -2.0 1.0
-0.0 -2.0 -1.0
-0.0 -2.0 2.0
-0.0 -2.0 -2.0
-0.0 -2.0 0.5
-0.0 -2.0 -0.5
-0.0 -2.0 4.9406564584124654e-324
-0.0 -2.0 -4.9406564584124654e-324
-0.0 -2.0 2.2250738585072014e-308
-0.0 -2.0 -2.2250738585072014e-308
-0.0 -2.0 1.7976931348623157e308
-0.0 -2.0 -1.7976931348623157e308
-0.0 -2.0 1e-160
-0.0 -2.0 1e-16
-0.0 -2.0 1e16
-0.0 -2.0 1e160
-0.0 -2.0 3.141592653589793
-0.0 -2.0 -3.141592653589793
-0.0 0.5 -0.0
-0.0 0.5 0.0
-0.0 0.5 NaN
-0.0 0.5 Infinity
-0.0 0.5 -Infinity
-0.0 0.5 1.0
-0.0 0.5 -1.0
-0.0 0.5 2.0
-0.0 0.5 -2.0
-0.0 0.5 0.5
-0.0 0.5 -0.5
-0.0 0.5 4.9406564584124654e-324
-0.0 0.5 -4.9406564584124654e-324
-0.0 0.5 2.2250738585072014e-308
-0.0 0.5 -2.2250738585072014e-308
-0.0 0.5 1.7976931348623157e308
-0.0 0.5 -1.7976931348623157e308
-0.0 0.5 1e-160
-0.0 0.5 1e-16
-0.0 0.5 1e16
-0.0 0.5 1e160
-0.0 0.5 3.141592653589793
-0.0 0.5 -3.141592653589793
-0.0 -0.5 -0.0
-0.0 -0.5 0.0
-0.0 -0.5 NaN
-0.0 -0.5 Infinity
-0.0 -0.5 -Infinity
-0.0 -0.5 1.0
-0.0 -0.5 -1.0
-0.0 -0.5 2.0
-0.0 -0.5 -2.0
-0.0 -0.5 0.5
-0.0 -0.5 -0.5
-0.0 -0.5 4.9406564584124654e-324
-0.0 -0.5 -4.9406564584124654e-324
-0.0 -0.5 2.2250738585072014e-308
-0.0 -0.5 -2.2250738585072014e-308
-0.0 -0.5 1.7976931348623157e308
-0.0 -0.5 -1.7976931348623157e308
-0.0 -0.5 1e-160
-0.0 -0.5 1e-16
-0.0 -0.5 1e16
-0.0 -0.5 1e160
-0.0 -0.5 3.141592653589793
-0.0 -0.5 -3.141592653589793
-0.0 4.9406564584124654e-324 -0.0
-0.0 4.9406564584124654e-324 0.0
-0.0 4.9406564584124654e-324 NaN
-0.0 4.9406564584124654e-324 Infinity
-0.0 4.9406564584124654e-324 -Infinity
-0.0 4.9406564584124654e-324 1.0
-0.0 4.9406564584124654e-324 -1.0
-0.0 4.9406564584124654e-324 2.0
-0.0 4.9406564584124654e-324 -2.0
-0.0 4.9406564584124654e-324 0.5
-0.0 4.9406564584124654e-324 -0.5
-0.0 4.9406564584124654e-324 4.9406564584124654e-324
-0.0 4.9406564584124654e-324 -4.9406564584124654e-324
-0.0 4.9406564584124654e-324 2.2250738585072014e-308
-0.0 4.9406564584124654e-324 -2.2250738585072014e-308
-0.0 4.9406564584124654e-324 1.7976931348623157e308
-0.0 4.9406564584124654e-324 -1.7976931348623157e308
-0.0 4.9406564584124654e-324 1e-160
-0.0 4.9406564584124654e-324 1e-16
-0.0 4.9406564584124654e-324 1e16
-0.0 4.9406564584124654e-324 1e160
-0.0 4.9406564584124654e-324 3.141592653589793
-0.0 4.9406564584124654e-324 -3.141592653589793
-0.0 -4.9406564584124654e-324 -0.0
-0.0 -4.9406564584124654e-324 0.0
-0.0 -4.9406564584124654e-324 NaN
-0.0 -4.9406564584124654e-324 Infinity
-0.0 -4.9406564584124654e-324 -Infinity
-0.0 -4.9406564584124654e-324 1.0
-0.0 -4.9406564584124654e-324 -1.0
-0.0 -4.9406564584124654e-324 2.0
-0.0 -4.9406564584124654e-324 -2.0
-0.0 -4.9406564584124654e-324 0.5
-0.0 -4.9406564584124654e-324 -0.5
-0.0 -4.9406564584124654e-324 4.9406564584124654e-324
-0.0 -4.9406564584124654e-324 -4.9406564584124654e-324
-0.0 -4.9406564584124654e-324 2.2250738585072014e-308
-0.0 -4.9406564584124654e-324 -2.2250738585072014e-308
-0.0 -4.9406564584124654e-324 1.7976931348623157e308
-0.0 -4.9406564584124654e-324 -1.7976931348623157e308
-0.0 -4.9406564584124654e-324 1e-160
-0.0 -4.9406564584124654e-324 1e-16
-0.0 -4.9406564584124654e-324 1e16
-0.0 -4.9406564584124654e-324 1e160
-0.0 -4.9406564584124654e-324 3.141592653589793
-0.0 -4.9406564584124654e-324 -3.141592653589793
-0.0 2.2250738585072014e-308 -0.0
-0.0 2.2250738585072014e-308 0.0
-0.0 2.2250738585072014e-308 NaN
-0.0 2.2250738585072014e-308 Infinity
-0.0 2.2250738585072014e-308 -Infinity
-0.0 2.2250738585072014e-308 1.0
-0.0 2.2250738585072014e-308 -1.0
-0.0 2.2250738585072014e-308 2.0
-0.0 2.2250738585072014e-308 -2.0
-0.0 2.2250738585072014e-308 0.5
-0.0 2.2250738585072014e-308 -0.5
-0.0 2.2250738585072014e-308 4.9406564584124654e-324
-0.0 2.2250738585072014e-308 -4.9406564584124654e-324
-0.0 2.2250738585072014e-308 2.2250738585072014e-308
-0.0 2.2250738585072014e-308 -2.2250738585072014e-308
-0.0 2.2250738585072014e-308 1.7976931348623157e308
-0.0 2.2250738585072014e-308 -1.7976931348623157e308
-0.0 2.2250738585072014e-308 1e-160
-0.0 2.2250738585072014e-308 1e-16
-0.0 2.2250738585072014e-308 1e16
-0.0 2.2250738585072014e-308 1e160
-0.0 2.2250738585072014e-308 3.141592653589793
-0.0 2.2250738585072014e-308 -3.141592653589793
-0.0 -2.2250738585072014e-308 -0.0
-0.0 -2.2250738585072014e-308 0.0
-0.0 -2.2250738585072014e-308 NaN
-0.0 -2.2250738585072014e-308 Infinity
-0.0 -2.2250738585072014e-308 -Infinity
-0.0 -2.2250738585072014e-308 1.0
-0.0 -2.2250738585072014e-308 -1.0
-0.0 -2.2250738585072014e-308 2.0
-0.0 -2.2250738585072014e-308 -2.0
-0.0 -2.2250738585072014e-308 0.5
-0.0 -2.2250738585072014e-308 -0.5
-0.0 -2.2250738585072014e-308 4.9406564584124654e-324
-0.0 -2.2250738585072014e-308 -4.9406564584124654e-324
-0.0 -2.2250738585072014e-308 2.2250738585072014e-308
-0.0 -2.2250738585072014e-308 -2.2250738585072014e-308
-0.0 -2.2250738585072014e-308 1.7976931348623157e308
-0.0 -2.2250738585072014e-308 -1.7976931348623157e308
-0.0 -2.2250738585072014e-308 1e-160
-0.0 -2.2250738585072014e-308 1e-16
-0.0 -2.2250738585072014e-308 1e16
-0.0 -2.2250738585072014e-308 1e160
-0.0 -2.2250738585072014e-308 3.141592653589793
-0.0 -2.2250738585072014e-308 -3.141592653589793
-0.0 1.7976931348623157e308 -0.0
-0.0 1.7976931348623157e308 0.0
-0.0 1.7976931348623157e308 NaN
-0.0 1.7976931348623157e308 Infinity
-0.0 1.7976931348623157e308 -Infinity
-0.0 1.7976931348623157e308 1.0
-0.0 1.7976931348623157e308 -1.0
-0.0 1.7976931348623157e308 2.0
-0.0 1.7976931348623157e308 -2.0
-0.0 1.7976931348623157e308 0.5
-0.0 1.7976931348623157e308 -0.5
-0.0 1.7976931348623157e308 4.9406564584124654e-324
-0.0 1.7976931348623157e308 -4.9406564584124654e-324
-0.0 1.7976931348623157e308 2.2250738585072014e-308
-0.0 1.7976931348623157e308 -2.2250738585072014e-308
-0.0 1.7976931348623157e308 1.7976931348623157e308
-0.0 1.7976931348623157e308 -1.7976931348623157e308
-0.0 1.7976931348623157e308 1e-160
-0.0 1.7976931348623157e308 1e-16
-0.0 1.7976931348623157e308 1e16
-0.0 1.7976931348623157e308 1e160
-0.0 1.7976931348623157e308 3.141592653589793
-0.0 1.7976931348623157e308 -3.141592653589793
-0.0 -1.7976931348623157e308 -0.0
-0.0 -1.7976931348623157e308 0.0
-0.0 -1.7976931348623157e308 NaN
-0.0 -1.7976931348623157e308 Infinity
-0.0 -1.7976931348623157e308 -Infinity
-0.0 -1.7976931348623157e308 1.0
-0.0 -1.7976931348623157e308 -1.0
-0.0 -1.7976931348623157e308 2.0
-0.0 -1.7976931348623157e308 -2.0
-0.0 -1.7976931348623157e308 0.5
-0.0 -1.7976931348623157e308 -0.5
-0.0 -1.7976931348623157e308 4.9406564584124654e-324
-0.0 -1.7976931348623157e308 -4.9406564584124654e-324
-0.0 -1.7976931348623157e308 2.2250738585072014e-308
-0.0 -1.7976931348623157e308 -2.2250738585072014e-308
-0.0 -1.7976931348623157e308 1.7976931348623157e308
-0.0 -1.7976931348623157e308 -1.7976931348623157e308
-0.0 -1.7976931348623157e308 1e-160
-0.0 -1.7976931348623157e308 1e-16
-0.0 -1.7976931348623157e308 1e16
-0.0 -1.7976931348623157e308 1e160
-0.0 -1.7976931348623157e308 3.141592653589793
-0.0 -1.7976931348623157e308 -3.141592653589793
-0.0 1e-160 -0.0
-0.0 1e-160 0.0
-0.0 1e-160 NaN
-0.0 1e-160 Infinity
-0.0 1e-160 -Infinity
-0.0 1e-160 1.0
-0.0 1e-160 -1.0
-0.0 1e-160 2.0
-0.0 1e-160 -2.0
-0.0 1e-160 0.5
-0.0 1e-160 -0.5
-0.0 1e-160 4.9406564584124654e-324
-0.0 1e-160 -4.9406564584124654e-324
-0.0 1e-160 2.2250738585072014e-308
-0.0 1e-160 -2.2250738585072014e-308
-0.0 1e-160 1.7976931348623157e308
-0.0 1e-160 -1.7976931348623157e308
-0.0 1e-160 1e-160
-0.0 1e-160 1e-16
-0.0 1e-160 1e16
-0.0 1e-160 1e160
-0.0 1e-160 3.141592653589793
-0.0 1e-160 -3.141592653589793
-0.0 1e-16 -0.0
-0.0 1e-16 0.0
-0.0 1e-16 NaN
-0.0 1e-16 Infinity
-0.0 1e-16 -Infinity
-0.0 1e-16 1.0
-0.0 1e-16 -1.0
-0.0 1e-16 2.0
-0.0 1e-16 -2.0
-0.0 1e-16 0.5
-0.0 1e-16 -0.5
-0.0 1e-16 4.9406564584124654e-324
-0.0 1e-16 -4.9406564584124654e-324
-0.0 1e-16 2.2250738585072014e-308
-0.0 1e-16 -2.2250738585072014e-308
-0.0 1e-16 1.7976931348623157e308
-0.0 1e-16 -1.7976931348623157e308
-0.0 1e-16 1e-160
-0.0 1e-16 1e-16
-0.0 1e-16 1e16
-0.0 1e-16 1e160
-0.0 1e-16 3.141592653589793
-0.0 1e-16 -3.141592653589793
-0.0 1e16 -0.0
-0.0 1e16 0.0
-0.0 1e16 NaN
-0.0 1e16 Infinity
-0.0 1e16 -Infinity
-0.0 1e16 1.0
-0.0 1e16 -1.0
-0.0 1e16 2.0
-0.0 1e16 -2.0
-0.0 1e16 0.5
-0.0 1e16 -0.5
-0.0 1e16 4.9406564584124654e-324
-0.0 1e16 -4.9406564584124654e-324
-0.0 1e16 2.2250738585072014e-308
-0.0 1e16 -2.2250738585072014e-308
-0.0 1e16 1.7976931348623157e308
-0.0 1e16 -1.7976931348623157e308
-0.0 1e16 1e-160
-0.0 1e16 1e-16
-0.0 1e16 1e16
-0.0 1e16 1e160
-0.0 1e16 3.141592653589793
-0.0 1e16 -3.141592653589793
-0.0 1e160 -0.0
-0.0 1e160 0.0
-0.0 1e160 NaN
-0.0 1e160 Infinity
-0.0 1e160 -Infinity
-0.0 1e160 1.0
-0.0 1e160 -1.0
-0.0 1e160 2.0
-0.0 1e160 -2.0
-0.0 1e160 0.5
-0.0 1e160 -0.5
-0.0 1e160 4.9406564584124654e-324
-0.0 1e160 -4.9406564584124654e-324
-0.0 1e160 2.2250738585072014e-308
-0.0 1e160 -2.2250738585072014e-308
-0.0 1e160 1.7976931348623157e308
-0.0 1e160 -1.7976931348623157e308
-0.0 1e160 1e-160
-0.0 1e160 1e-16
-0.0 1e160 1e16
-0.0 1e160 1e160
-0.0 1e160 3.141592653589793
-0.0 1e160 -3.141592653589793
-0.0 3.141592653589793 -0.0
-0.0 3.141592653589793 0.0
-0.0 3.141592653589793 NaN
-0.0 3.141592653589793 Infinity
-0.0 3.141592653589793 -Infinity
-0.0 3.141592653589793 1.0
-0.0 3.141592653589793 -1.0
-0.0 3.141592653589793 2.0
-0.0 3.141592653589793 -2.0
-0.0 3.141592653589793 0.5
-0.0 3.141592653589793 -0.5
-0.0 3.141592653589793 4.9406564584124654e-324
-0.0 3.141592653589793 -4.9406564584124654e-324
-0.0 3.141592653589793 2.2250738585072014e-308
-0.0 3.141592653589793 -2.2250738585072014e-308
-0.0 3.141592653589793 1.7976931348623157e308
-0.0 3.141592653589793 -1.7976931348623157e308
-0.0 3.141592653589793 1e-160
-0.0 3.141592653589793 1e-16
-0.0 3.141592653589793 1e16
-0.0 3.141592653589793 1e160
-0.0 3.141592653589793 3.141592653589793
-0.0 3.141592653589793 -3.141592653589793
-0.0 -3.141592653589793 -0.0
-0.0 -3.141592653589793 0.0
-0.0 -3.141592653589793 NaN
-0.0 -3.141592653589793 Infinity
-0.0 -3.141592653589793 -Infinity
-0.0 -3.141592653589793 1.0
-0.0 -3.141592653589793 -1.0
-0.0 -3.141592653589793 2.0
-0.0 -3.141592653589793 -2.0
-0.0 -3.141592653589793 0.5
-0.0 -3.141592653589793 -0.5
-0.0 -3.141592653589793 4.9406564584124654e-324
-0.0 -3.141592653589793 -4.9406564584124654e-324
-0.0 -3.141592653589793 2.2250738585072014e-308
-0.0 -3.141592653589793 -2.2250738585072014e-308
-0.0 -3.141592653589793 1.7976931348623157e308
-0.0 -3.141592653589793 -1.7976931348623157e308
-0.0 -3.141592653589793 1e-160
-0.0 -3.141592653589793 1e-16
-0.0 -3.141592653589793 1e16
-0.0 -3.141592653589793 1e160
-0.0 -3.141592653589793 3.141592653589793
-0.0 -3.141592653589793 -3.141592653589793
0.0 -0.0 -0.0
0.0 -0.0 0.0
0.0 -0.0 NaN
0.0 -0.0 Infinity
0.0 -0.0 -Infinity
0.0 -0.0 1.0
0.0 -0.0 -1.0
0.0 -0.0 2.0
0.0 -0.0 -2.0
0.0 -0.0 0.5
0.0 -0.0 -0.5
0.0 -0.0 4.9406564584124654e-324
0.0 -0.0 -4.9406564584124654e-324
0.0 -0.0 2.2250738585072014e-308
0.0 -0.0 -2.2250738585072014e-308
0.0 -0.0 1.7976931348623157e308
0.0 -0.0 -1.7976931348623157e308
0.0 -0.0 1e-160
0.0 -0.0 1e-16
0.0 -0.0 1e16
0.0 -0.0 1e160
0.0 -0.0 3.141592653589793
0.0 -0.0 -3.141592653589793
0.0 0.0 -0.0
0.0 0.0 0.0
0.0 0.0 NaN
0.0 0.0 Infinity
0.0 0.0 -Infinity
0.0 0.0 1.0
0.0 0.0 -1.0
0.0 0.0 2.0
0.0 0.0 -2.0
0.0 0.0 0.5
0.0 0.0 -0.5
0.0 0.0 4.9406564584124654e-324
0.0 0.0 -4.9406564584124654e-324
0.0 0.0 2.2250738585072014e-308
0.0 0.0 -2.2250738585072014e-308
0.0 0.0 1.7976931348623157e308
0.0 0.0 -1.7976931348623157e308
0.0 0.0 1e-160
0.0 0.0 1e-16
0.0 0.0 1e16
0.0 0.0 1e160
0.0 0.0 3.141592653589793
0.0 0.0 -3.141592653589793
0.0 NaN -0.0
0.0 NaN 0.0
0.0 NaN NaN
0.0 NaN Infinity
0.0 NaN -Infinity
0.0 NaN 1.0
0.0 NaN -1.0
0.0 NaN 2.0
0.0 NaN -2.0
0.0 NaN 0.5
0.0 NaN -0.5
0.0 NaN 4.9406564584124654e-324
0.0 NaN -4.9406564584124654e-324
0.0 NaN 2.2250738585072014e-308
0.0 NaN -2.2250738585072014e-308
0.0 NaN 1.7976931348623157e308
0.0 NaN -1.7976931348623157e308
0.0 NaN 1e-160
0.0 NaN 1e-16
0.0 NaN 1e16
0.0 NaN 1e160
0.0 NaN 3.141592653589793
0.0 NaN -3.141592653589793
0.0 Infinity -0.0
0.0 Infinity 0.0
0.0 Infinity NaN
0.0 Infinity Infinity
0.0 Infinity -Infinity
0.0 Infinity 1.0
0.0 Infinity -1.0
0.0 Infinity 2.0
0.0 Infinity -2.0
0.0 Infinity 0.5
0.0 Infinity -0.5
0.0 Infinity 4.9406564584124654e-324
0.0 Infinity -4.9406564584124654e-324
0.0 Infinity 2.2250738585072014e-308
0.0 Infinity -2.2250738585072014e-308
0.0 Infinity 1.7976931348623157e308
0.0 Infinity -1.7976931348623157e308
0.0 Infinity 1e-160
0.0 Infinity 1e-16
0.0 Infinity 1e16
0.0 Infinity 1e160
0.0 Infinity 3.141592653589793
0.0 Infinity -3.141592653589793
0.0 -Infinity -0.0
0.0 -Infinity 0.0
0.0 -Infinity NaN
0.0 -Infinity Infinity
0.0 -Infinity -Infinity
0.0 -Infinity 1.0
0.0 -Infinity -1.0
0.0 -Infinity 2.0
0.0 -Infinity -2.0
0.0 -Infinity 0.5
0.0 -Infinity -0.5
0.0 -Infinity 4.9406564584124654e-324
0.0 -Infinity -4.9406564584124654e-324
0.0 -Infinity 2.2250738585072014e-308
0.0 -Infinity -2.2250738585072014e-308
0.0 -Infinity 1.7976931348623157e308
0.0 -Infinity -1.7976931348623157e308
0.0 -Infinity 1e-160
0.0 -Infinity 1e-16
0.0 -Infinity 1e16
0.0 -Infinity 1e160
0.0 -Infinity 3.141592653589793
0.0 -Infinity -3.141592653589793
0.0 1.0 -0.0
0.0 1.0 0.0
0.0 1.0 NaN
0.0 1.0 Infinity
0.0 1.0 -Infinity
0.0 1.0 1.0
0.0 1.0 -1.0
0.0 1.0 2.0
0.0 1.0 -2.0
0.0 1.0 0.5
0.0 1.0 -0.5
0.0 1.0 4.9406564584124654e-324
0.0 1.0 -4.9406564584124654e-324
0.0 1.0 2.2250738585072014e-308
0.0 1.0 -2.2250738585072014e-308
0.0 1.0 1.7976931348623157e308
0.0 1.0 -1.7976931348623157e308
0.0 1.0 1e-160
0.0 1.0 1e-16
0.0 1.0 1e16
0.0 1.0 1e160
0.0 1.0 3.141592653589793
0.0 1.0 -3.141592653589793
0.0 -1.0 -0.0
0.0 -1.0 0.0
0.0 -1.0 NaN
0.0 -1.0 Infinity
0.0 -1.0 -Infinity
0.0 -1.0 1.0
0.0 -1.0 -1.0
0.0 -1.0 2.0
0.0 -1.0 -2.0
0.0 -1.0 0.5
0.0 -1.0 -0.5
0.0 -1.0 4.9406564584124654e-324
0.0 -1.0 -4.9406564584124654e-324
0.0 -1.0 2.2250738585072014e-308
0.0 -1.0 -2.2250738585072014e-308
0.0 -1.0 1.7976931348623157e308
0.0 -1.0 -1.7976931348623157e308
0.0 -1.0 1e-160
0.0 -1.0 1e-16
0.0 -1.0 1e16
0.0 -1.0 1e160
0.0 -1.0 3.141592653589793
0.0 -1.0 -3.141592653589793
0.0 2.0 -0.0
0.0 2.0 0.0
0.0 2.0 NaN
0.0 2.0 Infinity
0.0 2.0 -Infinity
0.0 2.0 1.0
0.0 2.0 -1.0
0.0 2.0 2.0
0.0 2.0 -2.0
0.0 2.0 0.5
0.0 2.0 -0.5
0.0 2.0 4.9406564584124654e-324
0.0 2.0 -4.9406564584124654e-324
0.0 2.0 2.2250738585072014e-308
0.0 2.0 -2.2250738585072014e-308
0.0 2.0 1.7976931348623157e308
0.0 2.0 -1.7976931348623157e308
0.0 2.0 1e-160
0.0 2.0 1e-16
0.0 2.0 1e16
0.0 2.0 1e160
0.0 2.0 3.141592653589793
0.0 2.0 -3.141592653589793
0.0 -2.0 -0.0
0.0 -2.0 0.0
0.0 -2.0 NaN
0.0 -2.0 Infinity
0.0 -2.0 -Infinity
0.0 -2.0 1.0
0.0 -2.0 -1.0
0.0 -2.0 2.0
0.0 -2.0 -2.0
0.0 -2.0 0.5
0.0 -2.0 -0.5
0.0 -2.0 4.9406564584124654e-324
0.0 -2.0 -4.9406564584124654e-324
0.0 -2.0 2.2250738585072014e-308
0.0 -2.0 -2.2250738585072014e-308
0.0 -2.0 1.7976931348623157e308
0.0 -2.0 -1.7976931348623157e308
0.0 -2.0 1e-160
0.0 -2.0 1e-16
0.0 -2.0 1e16
0.0 -2.0 1e160
0.0 -2.0 3.141592653589793
0.0 -2.0 -3.141592653589793
0.0 0.5 -0.0
0.0 0.5 0.0
0.0 0.5 NaN
0.0 0.5 Infinity
0.0 0.5 -Infinity
0.0 0.5 1.0
0.0 0.5 -1.0
0.0 0.5 2.0
0.0 0.5 -2.0
0.0 0.5 0.5
0.0 0.5 -0.5
0.0 0.5 4.9406564584124654e-324
0.0 0.5 -4.9406564584124654e-324
0.0 0.5 2.2250738585072014e-308
0.0 0.5 -2.2250738585072014e-308
0.0 0.5 1.7976931348623157e308
0.0 0.5 -1.7976931348623157e308
0.0 0.5 1e-160
0.0 0.5 1e-16
0.0 0.5 1e16
0.0 0.5 1e160
0.0 0.5 3.141592653589793
0.0 0.5 -3.141592653589793
0.0 -0.5 -0.0
0.0 -0.5 0.0
0.0 -0.5 NaN
0.0 -0.5 Infinity
0.0 -0.5 -Infinity
0.0 -0.5 1.0
0.0 -0.5 -1.0
0.0 -0.5 2.0
0.0 -0.5 -2.0
0.0 -0.5 0.5
0.0 -0.5 -0.5
0.0 -0.5 4.9406564584124654e-324
0.0 -0.5 -4.9406564584124654e-324
0.0 -0.5 2.2250738585072014e-308
0.0 -0.5 -2.2250738585072014e-308
0.0 -0.5 1.7976931348623157e308
0.0 -0.5 -1.7976931348623157e308
0.0 -0.5 1e-160
0.0 -0.5 1e-16
0.0 -0.5 1e16
0.0 -0.5 1e160
0.0 -0.5 3.141592653589793
0.0 -0.5 -3.141592653589793
0.0 4.9406564584124654e-324 -0.0
0.0 4.9406564584124654e-324 0.0
0.0 4.9406564584124654e-324 NaN
0.0 4.9406564584124654e-324 Infinity
0.0 4.9406564584124654e-324 -Infinity
0.0 4.9406564584124654e-324 1.0
0.0 4.9406564584124654e-324 -1.0
0.0 4.9406564584124654e-324 2.0
0.0 4.9406564584124654e-324 -2.0
0.0 4.9406564584124654e-324 0.5
0.0 4.9406564584124654e-324 -0.5
0.0 4.9406564584124654e-324 4.9406564584124654e-324
0.0 4.9406564584124654e-324 -4.9406564584124654e-324
0.0 4.9406564584124654e-324 2.2250738585072014e-308
0.0 4.9406564584124654e-324 -2.2250738585072014e-308
0.0 4.9406564584124654e-324 1.7976931348623157e308
0.0 4.9406564584124654e-324 -1.7976931348623157e308
0.0 4.9406564584124654e-324 1e-160
0.0 4.9406564584124654e-324 1e-16
0.0 4.9406564584124654e-324 1e16
0.0 4.9406564584124654e-324 1e160
0.0 4.9406564584124654e-324 3.141592653589793
0.0 4.9406564584124654e-324 -3.141592653589793
0.0 -4.9406564584124654e-324 -0.0
0.0 -4.9406564584124654e-324 0.0
0.0 -4.9406564584124654e-324 NaN
0.0 -4.9406564584124654e-324 Infinity
0.0 -4.9406564584124654e-324 -Infinity
0.0 -4.9406564584124654e-324 1.0
0.0 -4.9406564584124654e-324 -1.0
0.0 -4.9406564584124654e-324 2.0
0.0 -4.9406564584124654e-324 -2.0
0.0 -4.9406564584124654e-324 0.5
0.0 -4.9406564584124654e-324 -0.5
0.0 -4.9406564584124654e-324 4.9406564584124654e-324
0.0 -4.9406564584124654e-324 -4.9406564584124654e-324
0.0 -4.9406564584124654e-324 2.2250738585072014e-308
0.0 -4.9406564584124654e-324 -2.2250738585072014e-308
0.0 -4.9406564584124654e-324 1.7976931348623157e308
0.0 -4.9406564584124654e-324 -1.7976931348623157e308
0.0 -4.9406564584124654e-324 1e-160
0.0 -4.9406564584124654e-324 1e-16
0.0 -4.9406564584124654e-324 1e16
0.0 -4.9406564584124654e-324 1e160
0.0 -4.9406564584124654e-324 3.141592653589793
0.0 -4.9406564584124654e-324 -3.141592653589793
0.0 2.2250738585072014e-308 -0.0
0.0 2.2250738585072014e-308 0.0
0.0 2.2250738585072014e-308 NaN
0.0 2.2250738585072014e-308 Infinity
0.0 2.2250738585072014e-308 -Infinity
0.0 2.2250738585072014e-308 1.0
0.0 2.2250738585072014e-308 -1.0
0.0 2.2250738585072014e-308 2.0
0.0 2.2250738585072014e-308 -2.0
0.0 2.2250738585072014e-308 0.5
0.0 2.2250738585072014e-308 -0.5
0.0 2.2250738585072014e-308 4.9406564584124654e-324
0.0 2.2250738585072014e-308 -4.9406564584124654e-324
0.0 2.2250738585072014e-308 2.2250738585072014e-308
0.0 2.2250738585072014e-308 -2.2250738585072014e-308
0.0 2.2250738585072014e-308 1.7976931348623157e308
0.0 2.2250738585072014e-308 -1.7976931348623157e308
0.0 2.2250738585072014e-308 1e-160
0.0 2.2250738585072014e-308 1e-16
0.0 2.2250738585072014e-308 1e16
0.0 2.2250738585072014e-308 1e160
0.0 2.2250738585072014e-308 3.141592653589793
0.0 2.2250738585072014e-308 -3.141592653589793
0.0 -2.2250738585072014e-308 -0.0
0.0 -2.2250738585072014e-308 0.0
0.0 -2.2250738585072014e-308 NaN
0.0 -2.2250738585072014e-308 Infinity
0.0 -2.2250738585072014e-308 -Infinity
0.0 -2.2250738585072014e-308 1.0
0.0 -2.2250738585072014e-308 -1.0
0.0 -2.2250738585072014e-308 2.0
0.0 -2.2250738585072014e-308 -2.0
0.0 -2.2250738585072014e-308 0.5
0.0 -2.2250738585072014e-308 -0.5
0.0 -2.2250738585072014e-308 4.9406564584124654e-324
0.0 -2.2250738585072014e-308 -4.9406564584124654e-324
0.0 -2.2250738585072014e-308 2.2250738585072014e-308
0.0 -2.2250738585072014e-308 -2.2250738585072014e-308
0.0 -2.2250738585072014e-308 1.7976931348623157e308
0.0 -2.2250738585072014e-308 -1.7976931348623157e308
0.0 -2.2250738585072014e-308 1e-160
0.0 -2.2250738585072014e-308 1e-16
0.0 -2.2250738585072014e-308 1e16
0.0 -2.2250738585072014e-308 1e160
0.0 -2.2250738585072014e-308 3.141592653589793
0.0 -2.2250738585072014e-308 -3.141592653589793
0.0 1.7976931348623157e308 -0.0
0.0 1.7976931348623157e308 0.0
0.0 1.7976931348623157e308 NaN
0.0 1.7976931348623157e308 Infinity
0.0 1.7976931348623157e308 -Infinity
0.0 1.7976931348623157e308 1.0
0.0 1.7976931348623157e308 -1.0
0.0 1.7976931348623157e308 2.0
0.0 1.7976931348623157e308 -2.0
0.0 1.7976931348623157e308 0.5
0.0 1.7976931348623157e308 -0.5
0.0 1.7976931348623157e308 4.9406564584124654e-324
0.0 1.7976931348623157e308 -4.9406564584124654e-324
0.0 1.7976931348623157e308 2.2250738585072014e-308
0.0 1.7976931348623157e308 -2.2250738585072014e-308
0.0 1.7976931348623157e308 1.7976931348623157e308
0.0 1.7976931348623157e308 -1.7976931348623157e308
0.0 1.7976931348623157e308 1e-160
0.0 1.7976931348623157e308 1e-16
0.0 1.7976931348623157e308 1e16
0.0 1.7976931348623157e308 1e160
0.0 1.7976931348623157e308 3.141592653589793
0.0 1.7976931348623157e308 -3.141592653589793
0.0 -1.7976931348623157e308 -0.0
0.0 -1.7976931348623157e308 0.0
0.0 -1.7976931348623157e308 NaN
0.0 -1.7976931348623157e308 Infinity
0.0 -1.7976931348623157e308 -Infinity
0.0 -1.7976931348623157e308 1.0
0.0 -1.7976931348623157e308 -1.0
0.0 -1.7976931348623157e308 2.0
0.0 -1.7976931348623157e308 -2.0
0.0 -1.7976931348623157e308 0.5
0.0 -1.7976931348623157e308 -0.5
0.0 -1.7976931348623157e308 4.9406564584124654e-324
0.0 -1.7976931348623157e308 -4.9406564584124654e-324
0.0 -1.7976931348623157e308 2.2250738585072014e-308
0.0 -1.7976931348623157e308 -2.2250738585072014e-308
0.0 -1.7976931348623157e308 1.7976931348623157e308
0.0 -1.7976931348623157e308 -1.7976931348623157e308
0.0 -1.7976931348623157e308 1e-160
0.0 -1.7976931348623157e308 1e-16
0.0 -1.7976931348623157e308 1e16
0.0 -1.7976931348623157e308 1e160
0.0 -1.7976931348623157e308 3.141592653589793
0.0 -1.7976931348623157e308 -3.141592653589793
0.0 1e-160 -0.0
0.0 1e-160 0.0
0.0 1e-160 NaN
0.0 1e-160 Infinity
0.0 1e-160 -Infinity
0.0 1e-160 1.0
0.0 1e-160 -1.0
0.0 1e-160 2.0
0.0 1e-160 -2.0
0.0 1e-160 0.5
0.0 1e-160 -0.5
0.0 1e-160 4.9406564584124654e-324
0.0 1e-160 -4.9406564584124654e-324
0.0 1e-160 2.2250738585072014e-308
0.0 1e-160 -2.2250738585072014e-308
0.0 1e-160 1.7976931348623157e308
0.0 1e-160 -1.7976931348623157e308
0.0 1e-160 1e-160
0.0 1e-160 1e-16
0.0 1e-160 1e16
0.0 1e-160 1e160
0.0 1e-160 3.141592653589793
0.0 1e-160 -3.141592653589793
0.0 1e-16 -0.0
0.0 1e-16 0.0
0.0 1e-16 NaN
0.0 1e-16 Infinity
0.0 1e-16 -Infinity
0.0 1e-16 1.0
0.0 1e-16 -1.0
0.0 1e-16 2.0
0.0 1e-16 -2.0
0.0 1e-16 0.5
0.0 1e-16 -0.5
0.0 1e-16 4.9406564584124654e-324
0.0 1e-16 -4.9406564584124654e-324
0.0 1e-16 2.2250738585072014e-308
0.0 1e-16 -2.2250738585072014e-308
0.0 1e-16 1.7976931348623157e308
0.0 1e-16 -1.7976931348623157e308
0.0 1e-16 1e-160
0.0 1e-16 1e-16
0.0 1e-16 1e16
0.0 1e-16 1e160
0.0 1e-16 3.141592653589793
0.0 1e-16 -3.141592653589793
0.0 1e16 -0.0
0.0 1e16 0.0
0.0 1e16 NaN
0.0 1e16 Infinity
0.0 1e16 -Infinity
0.0 1e16 1.0
0.0 1e16 -1.0
0.0 1e16 2.0
0.0 1e16 -2.0
0.0 1e16 0.5
0.0 1e16 -0.5
0.0 1e16 4.9406564584124654e-324
0.0 1e16 -4.9406564584124654e-324
0.0 1e16 2.2250738585072014e-308
0.0 1e16 -2.2250738585072014e-308
0.0 1e16 1.7976931348623157e308
0.0 1e16 -1.7976931348623157e308
0.0 1e16 1e-160
0.0 1e16 1e-16
0.0 1e16 1e16
0.0 1e16 1e160
0.0 1e16 3.141592653589793
0.0 1e16 -3.141592653589793
0.0 1e160 -0.0
0.0 1e160 0.0
0.0 1e160 NaN
0.0 1e160 Infinity
0.0 1e160 -Infinity
0.0 1e160 1.0
0.0 1e160 -1.0
0.0 1e160 2.0
0.0 1e160 -2.0
0.0 1e160 0.5
0.0 1e160 -0.5
0.0 1e160 4.9406564584124654e-324
0.0 1e160 -4.9406564584124654e-324
0.0 1e160 2.2250738585072014e-308
0.0 1e160 -2.2250738585072014e-308
0.0 1e160 1.7976931348623157e308
0.0 1e160 -1.7976931348623157e308
0.0 1e160 1e-160
0.0 1e160 1e-16
0.0 1e160 1e16
0.0 1e160 1e160
0.0 1e160 3.141592653589793
0.0 1e160 -3.141592653589793
0.0 3.141592653589793 -0.0
0.0 3.141592653589793 0.0
0.0 3.141592653589793 NaN
0.0 3.141592653589793 Infinity
0.0 3.141592653589793 -Infinity
0.0 3.141592653589793 1.0
0.0 3.141592653589793 -1.0
0.0 3.141592653589793 2.0
0.0 3.141592653589793 -2.0
0.0 3.141592653589793 0.5
0.0 3.141592653589793 -0.5
0.0 3.141592653589793 4.9406564584124654e-324
0.0 3.141592653589793 -4.9406564584124654e-324
0.0 3.141592653589793 2.2250738585072014e-308
0.0 3.141592653589793 -2.2250738585072014e-308
0.0 3.141592653589793 1.7976931348623157e308
0.0 3.141592653589793 -1.7976931348623157e308
0.0 3.141592653589793 1e-160
0.0 3.141592653589793 1e-16
0.0 3.141592653589793 1e16
0.0 3.141592653589793 1e160
0.0 3.141592653589793 3.141592653589793
0.0 3.141592653589793 -3.141592653589793
0.0 -3.141592653589793 -0.0
0.0 -3.141592653589793 0.0
0.0 -3.141592653589793 NaN
0.0 -3.141592653589793 Infinity
0.0 -3.141592653589793 -Infinity
0.0 -3.141592653589793 1.0
0.0 -3.141592653589793 -1.0
0.0 -3.141592653589793 2.0
0.0 -3.141592653589793 -2.0
0.0 -3.141592653589793 0.5
0.0 -3.141592653589793 -0.5
0.0 -3.141592653589793 4.9406564584124654e-324
0.0 -3.141592653589793 -4.9406564584124654e-324
0.0 -3.141592653589793 2.2250738585072014e-308
0.0 -3.141592653589793 -2.2250738585072014e-308
0.0 -3.141592653589793 1.7976931348623157e308
0.0 -3.141592653589793 -1.7976931348623157e308
0.0 -3.141592653589793 1e-160
0.0 -3.141592653589793 1e-16
0.0 -3.141592653589793 1e16
0.0 -3.141592653589793 1e160
0.0 -3.141592653589793 3.141592653589793
0.0 -3.141592653589793 -3.141592653589793
NaN -0.0 -0.0
NaN -0.0 0.0
NaN -0.0 NaN
NaN -0.0 Infinity
NaN -0.0 -Infinity
NaN -0.0 1.0
NaN -0.0 -1.0
NaN -0.0 2.0
NaN -0.0 -2.0
NaN -0.0 0.5
NaN -0.0 -0.5
NaN -0.0 4.9406564584124654e-324
NaN -0.0 -4.9406564584124654e-324
NaN -0.0 2.2250738585072014e-308
NaN -0.0 -2.2250738585072014e-308
NaN -0.0 1.7976931348623157e308
NaN -0.0 -1.7976931348623157e308
NaN -0.0 1e-160
NaN -0.0 1e-16
NaN -0.0 1e16
NaN -0.0 1e160
NaN -0.0 3.141592653589793
NaN -0.0 -3.141592653589793
NaN 0.0 -0.0
NaN 0.0 0.0
NaN 0.0 NaN
NaN 0.0 Infinity
NaN 0.0 -Infinity
NaN 0.0 1.0
NaN 0.0 -1.0
NaN 0.0 2.0
NaN 0.0 -2.0
NaN 0.0 0.5
NaN 0.0 -0.5
NaN 0.0 4.9406564584124654e-324
NaN 0.0 -4.9406564584124654e-324
NaN 0.0 2.2250738585072014e-308
NaN 0.0 -2.2250738585072014e-308
NaN 0.0 1.7976931348623157e308
NaN 0.0 -1.7976931348623157e308
NaN 0.0 1e-160
NaN 0.0 1e-16
NaN 0.0 1e16
NaN 0.0 1e160
NaN 0.0 3.141592653589793
NaN 0.0 -3.141592653589793
NaN NaN -0.0
NaN NaN 0.0
NaN NaN NaN
NaN NaN Infinity
NaN NaN -Infinity
NaN NaN 1.0
NaN NaN -1.0
NaN NaN 2.0
NaN NaN -2.0
NaN NaN 0.5
NaN NaN -0.5
NaN NaN 4.9406564584124654e-324
NaN NaN -4.9406564584124654e-324
NaN NaN 2.2250738585072014e-308
NaN NaN -2.2250738585072014e-308
NaN NaN 1.7976931348623157e308
NaN NaN -1.7976931348623157e308
NaN NaN 1e-160
NaN NaN 1e-16
NaN NaN 1e16
NaN NaN 1e160
NaN NaN 3.141592653589793
NaN NaN -3.141592653589793
NaN Infinity -0.0
NaN Infinity 0.0
NaN Infinity NaN
NaN Infinity Infinity
NaN Infinity -Infinity
NaN Infinity 1.0
NaN Infinity -1.0
NaN Infinity 2.0
NaN Infinity -2.0
NaN Infinity 0.5
NaN Infinity -0.5
NaN Infinity 4.9406564584124654e-324
NaN Infinity -4.9406564584124654e-324
NaN Infinity 2.2250738585072014e-308
NaN Infinity -2.2250738585072014e-308
NaN Infinity 1.7976931348623157e308
NaN Infinity -1.7976931348623157e308
NaN Infinity 1e-160
NaN Infinity 1e-16
NaN Infinity 1e16
NaN Infinity 1e160
NaN Infinity 3.141592653589793
NaN Infinity -3.141592653589793
NaN -Infinity -0.0
NaN -Infinity 0.0
NaN -Infinity NaN
NaN -Infinity Infinity
NaN -Infinity -Infinity
NaN -Infinity 1.0
NaN -Infinity -1.0
NaN -Infinity 2.0
NaN -Infinity -2.0
NaN -Infinity 0.5
NaN -Infinity -0.5
NaN -Infinity 4.9406564584124654e-324
NaN -Infinity -4.9406564584124654e-324
NaN -Infinity 2.2250738585072014e-308
NaN -Infinity -2.2250738585072014e-308
NaN -Infinity 1.7976931348623157e308
NaN -Infinity -1.7976931348623157e308
NaN -Infinity 1e-160
NaN -Infinity 1e-16
NaN -Infinity 1e16
NaN -Infinity 1e160
NaN -Infinity 3.141592653589793
NaN -Infinity -3.141592653589793
NaN 1.0 -0.0
NaN 1.0 0.0
NaN 1.0 NaN
NaN 1.0 Infinity
NaN 1.0 -Infinity
NaN 1.0 1.0
NaN 1.0 -1.0
NaN 1.0 2.0
NaN 1.0 -2.0
NaN 1.0 0.5
NaN 1.0 -0.5
NaN 1.0 4.9406564584124654e-324
NaN 1.0 -4.9406564584124654e-324
NaN 1.0 2.2250738585072014e-308
NaN 1.0 -2.2250738585072014e-308
NaN 1.0 1.7976931348623157e308
NaN 1.0 -1.7976931348623157e308
NaN 1.0 1e-160
NaN 1.0 1e-16
NaN 1.0 1e16
NaN 1.0 1e160
NaN 1.0 3.141592653589793
NaN 1.0 -3.141592653589793
NaN -1.0 -0.0
NaN -1.0 0.0
NaN -1.0 NaN
NaN -1.0 Infinity
NaN -1.0 -Infinity
NaN -1.0 1.0
NaN -1.0 -1.0
NaN -1.0 2.0
NaN -1.0 -2.0
NaN -1.0 0.5
NaN -1.0 -0.5
NaN -1.0 4.9406564584124654e-324
NaN -1.0 -4.9406564584124654e-324
NaN -1.0 2.2250738585072014e-308
NaN -1.0 -2.2250738585072014e-308
NaN -1.0 1.7976931348623157e308
NaN -1.0 -1.7976931348623157e308
NaN -1.0 1e-160
NaN -1.0 1e-16
NaN -1.0 1e16
NaN -1.0 1e160
NaN -1.0 3.141592653589793
NaN -1.0 -3.141592653589793
NaN 2.0 -0.0
NaN 2.0 0.0
NaN 2.0 NaN
NaN 2.0 Infinity
NaN 2.0 -Infinity
NaN 2.0 1.0
NaN 2.0 -1.0
NaN 2.0 2.0
NaN 2.0 -2.0
NaN 2.0 0.5
NaN 2.0 -0.5
NaN 2.0 4.9406564584124654e-324
NaN 2.0 -4.9406564584124654e-324
NaN 2.0 2.2250738585072014e-308
NaN 2.0 -2.2250738585072014e-308
NaN 2.0 1.7976931348623157e308
NaN 2.0 -1.7976931348623157e308
NaN 2.0 1e-160
NaN 2.0 1e-16
NaN 2.0 1e16
NaN 2.0 1e160
NaN 2.0 3.141592653589793
NaN 2.0 -3.141592653589793
NaN -2.0 -0.0
NaN -2.0 0.0
NaN -2.0 NaN
NaN -2.0 Infinity
NaN -2.0 -Infinity
NaN -2.0 1.0
NaN -2.0 -1.0
NaN -2.0 2.0
NaN -2.0 -2.0
NaN -2.0 0.5
NaN -2.0 -0.5
NaN -2.0 4.9406564584124654e-324
NaN -2.0 -4.9406564584124654e-324
NaN -2.0 2.2250738585072014e-308
NaN -2.0 -2.2250738585072014e-308
NaN -2.0 1.7976931348623157e308
NaN -2.0 -1.7976931348623157e308
NaN -2.0 1e-160
NaN -2.0 1e-16
NaN -2.0 1e16
NaN -2.0 1e160
NaN -2.0 3.141592653589793
NaN -2.0 -3.141592653589793
NaN 0.5 -0.0
NaN 0.5 0.0
NaN 0.5 NaN
NaN 0.5 Infinity
NaN 0.5 -Infinity
NaN 0.5 1.0
NaN 0.5 -1.0
NaN 0.5 2.0
NaN 0.5 -2.0
NaN 0.5 0.5
NaN 0.5 -0.5
NaN 0.5 4.9406564584124654e-324
NaN 0.5 -4.9406564584124654e-324
NaN 0.5 2.2250738585072014e-308
NaN 0.5 -2.2250738585072014e-308
NaN 0.5 1.7976931348623157e308
NaN 0.5 -1.7976931348623157e308
NaN 0.5 1e-160
NaN 0.5 1e-16
NaN 0.5 1e16
NaN 0.5 1e160
NaN 0.5 3.141592653589793
NaN 0.5 -3.141592653589793
NaN -0.5 -0.0
NaN -0.5 0.0
NaN -0.5 NaN
NaN -0.5 Infinity
NaN -0.5 -Infinity
NaN -0.5 1.0
NaN -0.5 -1.0
NaN -0.5 2.0
NaN -0.5 -2.0
NaN -0.5 0.5
NaN -0.5 -0.5
NaN -0.5 4.9406564584124654e-324
NaN -0.5 -4.9406564584124654e-324
NaN -0.5 2.2250738585072014e-308
NaN -0.5 -2.2250738585072014e-308
NaN -0.5 1.7976931348623157e308
NaN -0.5 -1.7976931348623157e308
NaN -0.5 1e-160
NaN -0.5 1e-16
NaN -0.5 1e16
NaN -0.5 1e160
NaN -0.5 3.141592653589793
NaN -0.5 -3.141592653589793
NaN 4.9406564584124654e-324 -0.0
NaN 4.9406564584124654e-324 0.0
NaN 4.9406564584124654e-324 NaN
NaN 4.9406564584124654e-324 Infinity
NaN 4.9406564584124654e-324 -Infinity
NaN 4.9406564584124654e-324 1.0
NaN 4.9406564584124654e-324 -1.0
NaN 4.9406564584124654e-324 2.0
NaN 4.9406564584124654e-324 -2.0
NaN 4.9406564584124654e-324 0.5
NaN 4.9406564584124654e-324 -0.5
NaN 4.9406564584124654e-324 4.9406564584124654e-324
NaN 4.9406564584124654e-324 -4.9406564584124654e-324
NaN 4.9406564584124654e-324 2.2250738585072014e-308
NaN 4.9406564584124654e-324 -2.2250738585072014e-308
NaN 4.9406564584124654e-324 1.7976931348623157e308
NaN 4.9406564584124654e-324 -1.7976931348623157e308
NaN 4.9406564584124654e-324 1e-160
NaN 4.9406564584124654e-324 1e-16
NaN 4.9406564584124654e-324 1e16
NaN 4.9406564584124654e-324 1e160
NaN 4.9406564584124654e-324 3.141592653589793
NaN 4.9406564584124654e-324 -3.141592653589793
NaN -4.9406564584124654e-324 -0.0
NaN -4.9406564584124654e-324 0.0
NaN -4.9406564584124654e-324 NaN
NaN -4.9406564584124654e-324 Infinity
NaN -4.9406564584124654e-324 -Infinity
NaN -4.9406564584124654e-324 1.0
NaN -4.9406564584124654e-324 -1.0
NaN -4.9406564584124654e-324 2.0
NaN -4.9406564584124654e-324 -2.0
NaN -4.9406564584124654e-324 0.5
NaN -4.9406564584124654e-324 -0.5
NaN -4.9406564584124654e-324 4.9406564584124654e-324
NaN -4.9406564584124654e-324 -4.9406564584124654e-324
NaN -4.9406564584124654e-324 2.2250738585072014e-308
NaN -4.9406564584124654e-324 -2.2250738585072014e-308
NaN -4.9406564584124654e-324 1.7976931348623157e308
NaN -4.9406564584124654e-324 -1.7976931348623157e308
NaN -4.9406564584124654e-324 1e-160
NaN -4.9406564584124654e-324 1e-16
NaN -4.9406564584124654e-324 1e16
NaN -4.9406564584124654e-324 1e160
NaN -4.9406564584124654e-324 3.141592653589793
NaN -4.9406564584124654e-324 -3.141592653589793
NaN 2.2250738585072014e-308 -0.0
NaN 2.2250738585072014e-308 0.0
NaN 2.2250738585072014e-308 NaN
NaN 2.2250738585072014e-308 Infinity
NaN 2.2250738585072014e-308 -Infinity
NaN 2.2250738585072014e-308 1.0
NaN 2.2250738585072014e-308 -1.0
NaN 2.2250738585072014e-308 2.0
NaN 2.2250738585072014e-308 -2.0
NaN 2.2250738585072014e-308 0.5
NaN 2.2250738585072014e-308 -0.5
NaN 2.2250738585072014e-308 4.9406564584124654e-324
NaN 2.2250738585072014e-308 -4.9406564584124654e-324
NaN 2.2250738585072014e-308 2.2250738585072014e-308
NaN 2.2250738585072014e-308 -2.2250738585072014e-308
NaN 2.2250738585072014e-308 1.7976931348623157e308
NaN 2.2250738585072014e-308 -1.7976931348623157e308
NaN 2.2250738585072014e-308 1e-160
NaN 2.2250738585072014e-308 1e-16
NaN 2.2250738585072014e-308 1e16
NaN 2.2250738585072014e-308 1e160
NaN 2.2250738585072014e-308 3.141592653589793
NaN 2.2250738585072014e-308 -3.141592653589793
NaN -2.2250738585072014e-308 -0.0
NaN -2.2250738585072014e-308 0.0
NaN -2.2250738585072014e-308 NaN
NaN -2.2250738585072014e-308 Infinity
NaN -2.2250738585072014e-308 -Infinity
NaN -2.2250738585072014e-308 1.0
NaN -2.2250738585072014e-308 -1.0
NaN -2.2250738585072014e-308 2.0
NaN -2.2250738585072014e-308 -2.0
NaN -2.2250738585072014e-308 0.5
NaN -2.2250738585072014e-308 -0.5
NaN -2.2250738585072014e-308 4.9406564584124654e-324
NaN -2.2250738585072014e-308 -4.9406564584124654e-324
NaN -2.2250738585072014e-308 2.2250738585072014e-308
NaN -2.2250738585072014e-308 -2.2250738585072014e-308
NaN -2.2250738585072014e-308 1.7976931348623157e308
NaN -2.2250738585072014e-308 -1.7976931348623157e308
NaN -2.2250738585072014e-308 1e-160
NaN -2.2250738585072014e-308 1e-16
NaN -2.2250738585072014e-308 1e16
NaN -2.2250738585072014e-308 1e160
NaN -2.2250738585072014e-308 3.141592653589793
NaN -2.2250738585072014e-308 -3.141592653589793
NaN 1.7976931348623157e308 -0.0
NaN 1.7976931348623157e308 0.0
NaN 1.7976931348623157e308 NaN
NaN 1.7976931348623157e308 Infinity
NaN 1.7976931348623157e308 -Infinity
NaN 1.7976931348623157e308 1.0
NaN 1.7976931348623157e308 -1.0
NaN 1.7976931348623157e308 2.0
NaN 1.7976931348623157e308 -2.0
NaN 1.7976931348623157e308 0.5
NaN 1.7976931348623157e308 -0.5
NaN 1.7976931348623157e308 4.9406564584124654e-324
NaN 1.7976931348623157e308 -4.9406564584124654e-324
NaN 1.7976931348623157e308 2.2250738585072014e-308
NaN 1.7976931348623157e308 -2.2250738585072014e-308
NaN 1.7976931348623157e308 1.7976931348623157e308
NaN 1.7976931348623157e308 -1.7976931348623157e308
NaN 1.7976931348623157e308 1e-160
NaN 1.7976931348623157e308 1e-16
NaN 1.7976931348623157e308 1e16
NaN 1.7976931348623157e308 1e160
NaN 1.7976931348623157e308 3.141592653589793
NaN 1.7976931348623157e308 -3.141592653589793
NaN -1.7976931348623157e308 -0.0
NaN -1.7976931348623157e308 0.0
NaN -1.7976931348623157e308 NaN
NaN -1.7976931348623157e308 Infinity
NaN -1.7976931348623157e308 -Infinity
NaN -1.7976931348623157e308 1.0
NaN -1.7976931348623157e308 -1.0
NaN -1.7976931348623157e308 2.0
NaN -1.7976931348623157e308 -2.0
NaN -1.7976931348623157e308 0.5
NaN -1.7976931348623157e308 -0.5
NaN -1.7976931348623157e308 4.9406564584124654e-324
NaN -1.7976931348623157e308 -4.9406564584124654e-324
NaN -1.7976931348623157e308 2.2250738585072014e-308
NaN -1.7976931348623157e308 -2.2250738585072014e-308
NaN -1.7976931348623157e308 1.7976931348623157e308
NaN -1.7976931348623157e308 -1.7976931348623157e308
NaN -1.7976931348623157e308 1e-160
NaN -1.7976931348623157e308 1e-16
NaN -1.7976931348623157e308 1e16
NaN -1.7976931348623157e308 1e160
NaN -1.7976931348623157e308 3.141592653589793
NaN -1.7976931348623157e308 -3.141592653589793
NaN 1e-160 -0.0
NaN 1e-160 0.0
NaN 1e-160 NaN
NaN 1e-160 Infinity
NaN 1e-160 -Infinity
NaN 1e-160 1.0
NaN 1e-160 -1.0
NaN 1e-160 2.0
NaN 1e-160 -2.0
NaN 1e-160 0.5
NaN 1e-160 -0.5
NaN 1e-160 4.9406564584124654e-324
NaN 1e-160 -4.9406564584124654e-324
NaN 1e-160 2.2250738585072014e-308
NaN 1e-160 -2.2250738585072014e-308
NaN 1e-160 1.7976931348623157e308
NaN 1e-160 -1.7976931348623157e308
NaN 1e-160 1e-160
NaN 1e-160 1e-16
NaN 1e-160 1e16
NaN 1e-160 1e160
NaN 1e-160 3.141592653589793
NaN 1e-160 -3.141592653589793
NaN 1e-16 -0.0
NaN 1e-16 0.0
NaN 1e-16 NaN
NaN 1e-16 Infinity
NaN 1e-16 -Infinity
NaN 1e-16 1.0
NaN 1e-16 -1.0
NaN 1e-16 2.0
NaN 1e-16 -2.0
NaN 1e-16 0.5
NaN 1e-16 -0.5
NaN 1e-16 4.9406564584124654e-324
NaN 1e-16 -4.9406564584124654e-324
NaN 1e-16 2.2250738585072014e-308
NaN 1e-16 -2.2250738585072014e-308
NaN 1e-16 1.7976931348623157e308
NaN 1e-16 -1.7976931348623157e308
NaN 1e-16 1e-160
NaN 1e-16 1e-16
NaN 1e-16 1e16
NaN 1e-16 1e160
NaN 1e-16 3.141592653589793
NaN 1e-16 -3.141592653589793
NaN 1e16 -0.0
NaN 1e16 0.0
NaN 1e16 NaN
NaN 1e16 Infinity
NaN 1e16 -Infinity
NaN 1e16 1.0
NaN 1e16 -1.0
NaN 1e16 2.0
NaN 1e16 -2.0
NaN 1e16 0.5
NaN 1e16 -0.5
NaN 1e16 4.9406564584124654e-324
NaN 1e16 -4.9406564584124654e-324
NaN 1e16 2.2250738585072014e-308
NaN 1e16 -2.2250738585072014e-308
NaN 1e16 1.7976931348623157e308
NaN 1e16 -1.7976931348623157e308
NaN 1e16 1e-160
NaN 1e16 1e-16
NaN 1e16 1e16
NaN 1e16 1e160
NaN 1e16 3.141592653589793
NaN 1e16 -3.141592653589793
NaN 1e160 -0.0
NaN 1e160 0.0
NaN 1e160 NaN
NaN 1e160 Infinity
NaN 1e160 -Infinity
NaN 1e160 1.0
NaN 1e160 -1.0
NaN 1e160 2.0
NaN 1e160 -2.0
NaN 1e160 0.5
NaN 1e160 -0.5
NaN 1e160 4.9406564584124654e-324
NaN 1e160 -4.9406564584124654e-324
NaN 1e160 2.2250738585072014e-308
NaN 1e160 -2.2250738585072014e-308
NaN 1e160 1.7976931348623157e308
NaN 1e160 -1.7976931348623157e308
NaN 1e160 1e-160
NaN 1e160 1e-16
NaN 1e160 1e16
NaN 1e160 1e160
NaN 1e160 3.141592653589793
NaN 1e160 -3.141592653589793
NaN 3.141592653589793 -0.0
NaN 3.141592653589793 0.0
NaN 3.141592653589793 NaN
NaN 3.141592653589793 Infinity
NaN 3.141592653589793 -Infinity
NaN 3.141592653589793 1.0
NaN 3.141592653589793 -1.0
NaN 3.141592653589793 2.0
NaN 3.141592653589793 -2.0
NaN 3.141592653589793 0.5
NaN 3.141592653589793 -0.5
NaN 3.141592653589793 4.9406564584124654e-324
NaN 3.141592653589793 -4.9406564584124654e-324
NaN 3.141592653589793 2.2250738585072014e-308
NaN 3.141592653589793 -2.2250738585072014e-308
NaN 3.141592653589793 1.7976931348623157e308
NaN 3.141592653589793 -1.7976931348623157e308
NaN 3.141592653589793 1e-160
NaN 3.141592653589793 1e-16
NaN 3.141592653589793 1e16
NaN 3.141592653589793 1e160
NaN 3.141592653589793 3.141592653589793
NaN 3.141592653589793 -3.141592653589793
NaN -3.141592653589793 -0.0
NaN -3.141592653589793 0.0
NaN -3.141592653589793 NaN
NaN -3.141592653589793 Infinity
NaN -3.141592653589793 -Infinity
NaN -3.141592653589793 1.0
NaN -3.141592653589793 -1.0
NaN -3.141592653589793 2.0
NaN -3.141592653589793 -2.0
NaN -3.141592653589793 0.5
NaN -3.141592653589793 -0.5
NaN -3.141592653589793 4.9406564584124654e-324
NaN -3.141592653589793 -4.9406564584124654e-324
NaN -3.141592653589793 2.2250738585072014e-308
NaN -3.141592653589793 -2.2250738585072014e-308
NaN -3.141592653589793 1.7976931348623157e308
NaN -3.141592653589793 -1.7976931348623157e308
NaN -3.141592653589793 1e-160
NaN -3.141592653589793 1e-16
NaN -3.141592653589793 1e16
NaN -3.141592653589793 1e160
NaN -3.141592653589793 3.141592653589793
NaN -3.141592653589793 -3.141592653589793
Infinity -0.0 -0.0
Infinity -0.0 0.0
Infinity -0.0 NaN
Infinity -0.0 Infinity
Infinity -0.0 -Infinity
Infinity -0.0 1.0
Infinity -0.0 -1.0
Infinity -0.0 2.0
Infinity -0.0 -2.0
Infinity -0.0 0.5
Infinity -0.0 -0.5
Infinity -0.0 4.9406564584124654e-324
Infinity -0.0 -4.9406564584124654e-324
Infinity -0.0 2.2250738585072014e-308
Infinity -0.0 -2.2250738585072014e-308
Infinity -0.0 1.7976931348623157e308
Infinity -0.0 -1.7976931348623157e308
Infinity -0.0 1e-160
Infinity -0.0 1e-16
Infinity -0.0 1e16
Infinity -0.0 1e160
Infinity -0.0 3.141592653589793
Infinity -0.0 -3.141592653589793
Infinity 0.0 -0.0
Infinity 0.0 0.0
Infinity 0.0 NaN
Infinity 0.0 Infinity
Infinity 0.0 -Infinity
Infinity 0.0 1.0
Infinity 0.0 -1.0
Infinity 0.0 2.0
Infinity 0.0 -2.0
Infinity 0.0 0.5
Infinity 0.0 -0.5
Infinity 0.0 4.9406564584124654e-324
Infinity 0.0 -4.9406564584124654e-324
Infinity 0.0 2.2250738585072014e-308
Infinity 0.0 -2.2250738585072014e-308
Infinity 0.0 1.7976931348623157e308
Infinity 0.0 -1.7976931348623157e308
Infinity 0.0 1e-160
Infinity 0.0 1e-16
Infinity 0.0 1e16
Infinity 0.0 1e160
Infinity 0.0 3.141592653589793
Infinity 0.0 -3.141592653589793
Infinity NaN -0.0
Infinity NaN 0.0
Infinity NaN NaN
Infinity NaN Infinity
Infinity NaN -Infinity
Infinity NaN 1.0
Infinity NaN -1.0
Infinity NaN 2.0
Infinity NaN -2.0
Infinity NaN 0.5
Infinity NaN -0.5
Infinity NaN 4.9406564584124654e-324
Infinity NaN -4.9406564584124654e-324
Infinity NaN 2.2250738585072014e-308
Infinity NaN -2.2250738585072014e-308
Infinity NaN 1.7976931348623157e308
Infinity NaN -1.7976931348623157e308
Infinity NaN 1e-160
Infinity NaN 1e-16
Infinity NaN 1e16
Infinity NaN 1e160
Infinity NaN 3.141592653589793
Infinity NaN -3.141592653589793
Infinity Infinity -0.0
Infinity Infinity 0.0
Infinity Infinity NaN
Infinity Infinity Infinity
Infinity Infinity -Infinity
Infinity Infinity 1.0
Infinity Infinity -1.0
Infinity Infinity 2.0
Infinity Infinity -2.0
Infinity Infinity 0.5
Infinity Infinity -0.5
Infinity Infinity 4.9406564584124654e-324
Infinity Infinity -4.9406564584124654e-324
Infinity Infinity 2.2250738585072014e-308
Infinity Infinity -2.2250738585072014e-308
Infinity Infinity 1.7976931348623157e308
Infinity Infinity -1.7976931348623157e308
Infinity Infinity 1e-160
Infinity Infinity 1e-16
Infinity Infinity 1e16
Infinity Infinity 1e160
Infinity Infinity 3.141592653589793
Infinity Infinity -3.141592653589793
Infinity -Infinity -0.0
Infinity -Infinity 0.0
Infinity -Infinity NaN
Infinity -Infinity Infinity
Infinity -Infinity -Infinity
Infinity -Infinity 1.0
Infinity -Infinity -1.0
Infinity -Infinity 2.0
Infinity -Infinity -2.0
Infinity -Infinity 0.5
Infinity -Infinity -0.5
Infinity -Infinity 4.9406564584124654e-324
Infinity -Infinity -4.9406564584124654e-324
Infinity -Infinity 2.2250738585072014e-308
Infinity -Infinity -2.2250738585072014e-308
Infinity -Infinity 1.7976931348623157e308
Infinity -Infinity -1.7976931348623157e308
Infinity -Infinity 1e-160
Infinity -Infinity 1e-16
Infinity -Infinity 1e16
Infinity -Infinity 1e160
Infinity -Infinity 3.141592653589793
Infinity -Infinity -3.141592653589793
Infinity 1.0 -0.0
Infinity 1.0 0.0
Infinity 1.0 NaN
Infinity 1.0 Infinity
Infinity 1.0 -Infinity
Infinity 1.0 1.0
Infinity 1.0 -1.0
Infinity 1.0 2.0
Infinity 1.0 -2.0
Infinity 1.0 0.5
Infinity 1.0 -0.5
Infinity 1.0 4.9406564584124654e-324
Infinity 1.0 -4.9406564584124654e-324
Infinity 1.0 2.2250738585072014e-308
Infinity 1.0 -2.2250738585072014e-308
Infinity 1.0 1.7976931348623157e308
Infinity 1.0 -1.7976931348623157e308
Infinity 1.0 1e-160
Infinity 1.0 1e-16
Infinity 1.0 1e16
Infinity 1.0 1e160
Infinity 1.0 3.141592653589793
Infinity 1.0 -3.141592653589793
Infinity -1.0 -0.0
Infinity -1.0 0.0
Infinity -1.0 NaN
Infinity -1.0 Infinity
Infinity -1.0 -Infinity
Infinity -1.0 1.0
Infinity -1.0 -1.0
Infinity -1.0 2.0
Infinity -1.0 -2.0
Infinity -1.0 0.5
Infinity -1.0 -0.5
Infinity -1.0 4.9406564584124654e-324
Infinity -1.0 -4.9406564584124654e-324
Infinity -1.0 2.2250738585072014e-308
Infinity -1.0 -2.2250738585072014e-308
Infinity -1.0 1.7976931348623157e308
Infinity -1.0 -1.7976931348623157e308
Infinity -1.0 1e-160
Infinity -1.0 1e-16
Infinity -1.0 1e16
Infinity -1.0 1e160
Infinity -1.0 3.141592653589793
Infinity -1.0 -3.141592653589793
Infinity 2.0 -0.0
Infinity 2.0 0.0
Infinity 2.0 NaN
Infinity 2.0 Infinity
Infinity 2.0 -Infinity
Infinity 2.0 1.0
Infinity 2.0 -1.0
Infinity 2.0 2.0
Infinity 2.0 -2.0
Infinity 2.0 0.5
Infinity 2.0 -0.5
Infinity 2.0 4.9406564584124654e-324
Infinity 2.0 -4.9406564584124654e-324
Infinity 2.0 2.2250738585072014e-308
Infinity 2.0 -2.2250738585072014e-308
Infinity 2.0 1.7976931348623157e308
Infinity 2.0 -1.7976931348623157e308
Infinity 2.0 1e-160
Infinity 2.0 1e-16
Infinity 2.0 1e16
Infinity 2.0 1e160
Infinity 2.0 3.141592653589793
Infinity 2.0 -3.141592653589793
Infinity -2.0 -0.0
Infinity -2.0 0.0
Infinity -2.0 NaN
Infinity -2.0 Infinity
Infinity -2.0 -Infinity
Infinity -2.0 1.0
Infinity -2.0 -1.0
Infinity -2.0 2.0
Infinity -2.0 -2.0
Infinity -2.0 0.5
Infinity -2.0 -0.5
Infinity -2.0 4.9406564584124654e-324
Infinity -2.0 -4.9406564584124654e-324
Infinity -2.0 2.2250738585072014e-308
Infinity -2.0 -2.2250738585072014e-308
Infinity -2.0 1.7976931348623157e308
Infinity -2.0 -1.7976931348623157e308
Infinity -2.0 1e-160
Infinity -2.0 1e-16
Infinity -2.0 1e16
Infinity -2.0 1e160
Infinity -2.0 3.141592653589793
Infinity -2.0 -3.141592653589793
Infinity 0.5 -0.0
Infinity 0.5 0.0
Infinity 0.5 NaN
Infinity 0.5 Infinity
Infinity 0.5 -Infinity
Infinity 0.5 1.0
Infinity 0.5 -1.0
Infinity 0.5 2.0
Infinity 0.5 -2.0
Infinity 0.5 0.5
Infinity 0.5 -0.5
Infinity 0.5 4.9406564584124654e-324
Infinity 0.5 -4.9406564584124654e-324
Infinity 0.5 2.2250738585072014e-308
Infinity 0.5 -2.2250738585072014e-308
Infinity 0.5 1.7976931348623157e308
Infinity 0.5 -1.7976931348623157e308
Infinity 0.5 1e-160
Infinity 0.5 1e-16
Infinity 0.5 1e16
Infinity 0.5 1e160
Infinity 0.5 3.141592653589793
Infinity 0.5 -3.141592653589793
Infinity -0.5 -0.0
Infinity -0.5 0.0
Infinity -0.5 NaN
Infinity -0.5 Infinity
Infinity -0.5 -Infinity
Infinity -0.5 1.0
Infinity -0.5 -1.0
Infinity -0.5 2.0
Infinity -0.5 -2.0
Infinity -0.5 0.5
Infinity -0.5 -0.5
Infinity -0.5 4.9406564584124654e-324
Infinity -0.5 -4.9406564584124654e-324
Infinity -0.5 2.2250738585072014e-308
Infinity -0.5 -2.2250738585072014e-308
Infinity -0.5 1.7976931348623157e308
Infinity -0.5 -1.7976931348623157e308
Infinity -0.5 1e-160
Infinity -0.5 1e-16
Infinity -0.5 1e16
Infinity -0.5 1e160
Infinity -0.5 3.141592653589793
Infinity -0.5 -3.141592653589793
Infinity 4.9406564584124654e-324 -0.0
Infinity 4.9406564584124654e-324 0.0
Infinity 4.9406564584124654e-324 NaN
Infinity 4.9406564584124654e-324 Infinity
Infinity 4.9406564584124654e-324 -Infinity
Infinity 4.9406564584124654e-324 1.0
Infinity 4.9406564584124654e-324 -1.0
Infinity 4.9406564584124654e-324 2.0
Infinity 4.9406564584124654e-324 -2.0
Infinity 4.9406564584124654e-324 0.5
Infinity 4.9406564584124654e-324 -0.5
Infinity 4.9406564584124654e-324 4.9406564584124654e-324
Infinity 4.9406564584124654e-324 -4.9406564584124654e-324
Infinity 4.9406564584124654e-324 2.2250738585072014e-308
Infinity 4.9406564584124654e-324 -2.2250738585072014e-308
Infinity 4.9406564584124654e-324 1.7976931348623157e308
Infinity 4.9406564584124654e-324 -1.7976931348623157e308
Infinity 4.9406564584124654e-324 1e-160
Infinity 4.9406564584124654e-324 1e-16
Infinity 4.9406564584124654e-324 1e16
Infinity 4.9406564584124654e-324 1e160
Infinity 4.9406564584124654e-324 3.141592653589793
Infinity 4.9406564584124654e-324 -3.141592653589793
Infinity -4.9406564584124654e-324 -0.0
Infinity -4.9406564584124654e-324 0.0
Infinity -4.9406564584124654e-324 NaN
Infinity -4.9406564584124654e-324 Infinity
Infinity -4.9406564584124654e-324 -Infinity
Infinity -4.9406564584124654e-324 1.0
Infinity -4.9406564584124654e-324 -1.0
Infinity -4.9406564584124654e-324 2.0
Infinity -4.9406564584124654e-324 -2.0
Infinity -4.9406564584124654e-324 0.5
Infinity -4.9406564584124654e-324 -0.5
Infinity -4.9406564584124654e-324 4.9406564584124654e-324
Infinity -4.9406564584124654e-324 -4.9406564584124654e-324
Infinity -4.9406564584124654e-324 2.2250738585072014e-308
Infinity -4.9406564584124654e-324 -2.2250738585072014e-308
Infinity -4.9406564584124654e-324 1.7976931348623157e308
Infinity -4.9406564584124654e-324 -1.7976931348623157e308
Infinity -4.9406564584124654e-324 1e-160
Infinity -4.9406564584124654e-324 1e-16
Infinity -4.9406564584124654e-324 1e16
Infinity -4.9406564584124654e-324 1e160
Infinity -4.9406564584124654e-324 3.141592653589793
Infinity -4.9406564584124654e-324 -3.141592653589793
Infinity 2.2250738585072014e-308 -0.0
Infinity 2.2250738585072014e-308 0.0
Infinity 2.2250738585072014e-308 NaN
Infinity 2.2250738585072014e-308 Infinity
Infinity 2.2250738585072014e-308 -Infinity
Infinity 2.2250738585072014e-308 1.0
Infinity 2.2250738585072014e-308 -1.0
Infinity 2.2250738585072014e-308 2.0
Infinity 2.2250738585072014e-308 -2.0
Infinity 2.2250738585072014e-308 0.5
Infinity 2.2250738585072014e-308 -0.5
Infinity 2.2250738585072014e-308 4.9406564584124654e-324
Infinity 2.2250738585072014e-308 -4.9406564584124654e-324
Infinity 2.2250738585072014e-308 2.2250738585072014e-308
Infinity 2.2250738585072014e-308 -2.2250738585072014e-308
Infinity 2.2250738585072014e-308 1.7976931348623157e308
Infinity 2.2250738585072014e-308 -1.7976931348623157e308
Infinity 2.2250738585072014e-308 1e-160
Infinity 2.2250738585072014e-308 1e-16
Infinity 2.2250738585072014e-308 1e16
Infinity 2.2250738585072014e-308 1e160
Infinity 2.2250738585072014e-308 3.141592653589793
Infinity 2.2250738585072014e-308 -3.141592653589793
Infinity -2.2250738585072014e-308 -0.0
Infinity -2.2250738585072014e-308 0.0
Infinity -2.2250738585072014e-308 NaN
Infinity -2.2250738585072014e-308 Infinity
Infinity -2.2250738585072014e-308 -Infinity
Infinity -2.2250738585072014e-308 1.0
Infinity -2.2250738585072014e-308 -1.0
Infinity -2.2250738585072014e-308 2.0
Infinity -2.2250738585072014e-308 -2.0
Infinity -2.2250738585072014e-308 0.5
Infinity -2.2250738585072014e-308 -0.5
Infinity -2.2250738585072014e-308 4.9406564584124654e-324
Infinity -2.2250738585072014e-308 -4.9406564584124654e-324
Infinity -2.2250738585072014e-308 2.2250738585072014e-308
Infinity -2.2250738585072014e-308 -2.2250738585072014e-308
Infinity -2.2250738585072014e-308 1.7976931348623157e308
Infinity -2.2250738585072014e-308 -1.7976931348623157e308
Infinity -2.2250738585072014e-308 1e-160
Infinity -2.2250738585072014e-308 1e-16
Infinity -2.2250738585072014e-308 1e16
Infinity -2.2250738585072014e-308 1e160
Infinity -2.2250738585072014e-308 3.141592653589793
Infinity -2.2250738585072014e-308 -3.141592653589793
Infinity 1.7976931348623157e308 -0.0
Infinity 1.7976931348623157e308 0.0
Infinity 1.7976931348623157e308 NaN
Infinity 1.7976931348623157e308 Infinity
Infinity 1.7976931348623157e308 -Infinity
Infinity 1.7976931348623157e308 1.0
Infinity 1.7976931348623157e308 -1.0
Infinity 1.7976931348623157e308 2.0
Infinity 1.7976931348623157e308 -2.0
Infinity 1.7976931348623157e308 0.5
Infinity 1.7976931348623157e308 -0.5
Infinity 1.7976931348623157e308 4.9406564584124654e-324
Infinity 1.7976931348623157e308 -4.9406564584124654e-324
Infinity 1.7976931348623157e308 2.2250738585072014e-308
Infinity 1.7976931348623157e308 -2.2250738585072014e-308
Infinity 1.7976931348623157e308 1.7976931348623157e308
Infinity 1.7976931348623157e308 -1.7976931348623157e308
Infinity 1.7976931348623157e308 1e-160
Infinity 1.7976931348623157e308 1e-16
Infinity 1.7976931348623157e308 1e16
Infinity 1.7976931348623157e308 1e160
Infinity 1.7976931348623157e308 3.141592653589793
Infinity 1.7976931348623157e308 -3.141592653589793
Infinity -1.7976931348623157e308 -0.0
Infinity -1.7976931348623157e308 0.0
Infinity -1.7976931348623157e308 NaN
Infinity -1.7976931348623157e308 Infinity
Infinity -1.7976931348623157e308 -Infinity
Infinity -1.7976931348623157e308 1.0
Infinity -1.7976931348623157e308 -1.0
Infinity -1.7976931348623157e308 2.0
Infinity -1.7976931348623157e308 -2.0
Infinity -1.7976931348623157e308 0.5
Infinity -1.7976931348623157e308 -0.5
Infinity -1.7976931348623157e308 4.9406564584124654e-324
Infinity -1.7976931348623157e308 -4.9406564584124654e-324
Infinity -1.7976931348623157e308 2.2250738585072014e-308
Infinity -1.7976931348623157e308 -2.2250738585072014e-308
Infinity -1.7976931348623157e308 1.7976931348623157e308
Infinity -1.7976931348623157e308 -1.7976931348623157e308
Infinity -1.7976931348623157e308 1e-160
Infinity -1.7976931348623157e308 1e-16
Infinity -1.7976931348623157e308 1e16
Infinity -1.7976931348623157e308 1e160
Infinity -1.7976931348623157e308 3.141592653589793
Infinity -1.7976931348623157e308 -3.141592653589793
Infinity 1e-160 -0.0
Infinity 1e-160 0.0
Infinity 1e-160 NaN
Infinity 1e-160 Infinity
Infinity 1e-160 -Infinity
Infinity 1e-160 1.0
Infinity 1e-160 -1.0
Infinity 1e-160 2.0
Infinity 1e-160 -2.0
Infinity 1e-160 0.5
Infinity 1e-160 -0.5
Infinity 1e-160 4.9406564584124654e-324
Infinity 1e-160 -4.9406564584124654e-324
Infinity 1e-160 2.2250738585072014e-308
Infinity 1e-160 -2.2250738585072014e-308
Infinity 1e-160 1.7976931348623157e308
Infinity 1e-160 -1.7976931348623157e308
Infinity 1e-160 1e-160
Infinity 1e-160 1e-16
Infinity 1e-160 1e16
Infinity 1e-160 1e160
Infinity 1e-160 3.141592653589793
Infinity 1e-160 -3.141592653589793
Infinity 1e-16 -0.0
Infinity 1e-16 0.0
Infinity 1e-16 NaN
Infinity 1e-16 Infinity
Infinity 1e-16 -Infinity
Infinity 1e-16 1.0
Infinity 1e-16 -1.0
Infinity 1e-16 2.0
Infinity 1e-16 -2.0
Infinity 1e-16 0.5
Infinity 1e-16 -0.5
Infinity 1e-16 4.9406564584124654e-324
Infinity 1e-16 -4.9406564584124654e-324
Infinity 1e-16 2.2250738585072014e-308
Infinity 1e-16 -2.2250738585072014e-308
Infinity 1e-16 1.7976931348623157e308
Infinity 1e-16 -1.7976931348623157e308
Infinity 1e-16 1e-160
Infinity 1e-16 1e-16
Infinity 1e-16 1e16
Infinity 1e-16 1e160
Infinity 1e-16 3.141592653589793
Infinity 1e-16 -3.141592653589793
Infinity 1e16 -0.0
Infinity 1e16 0.0
Infinity 1e16 NaN
Infinity 1e16 Infinity
Infinity 1e16 -Infinity
Infinity 1e16 1.0
Infinity 1e16 -1.0
Infinity 1e16 2.0
Infinity 1e16 -2.0
Infinity 1e16 0.5
Infinity 1e16 -0.5
Infinity 1e16 4.9406564584124654e-324
Infinity 1e16 -4.9406564584124654e-324
Infinity 1e16 2.2250738585072014e-308
Infinity 1e16 -2.2250738585072014e-308
Infinity 1e16 1.7976931348623157e308
Infinity 1e16 -1.7976931348623157e308
Infinity 1e16 1e-160
Infinity 1e16 1e-16
Infinity 1e16 1e16
Infinity 1e16 1e160
Infinity 1e16 3.141592653589793
Infinity 1e16 -3.141592653589793
Infinity 1e160 -0.0
Infinity 1e160 0.0
Infinity 1e160 NaN
Infinity 1e160 Infinity
Infinity 1e160 -Infinity
Infinity 1e160 1.0
Infinity 1e160 -1.0
Infinity 1e160 2.0
Infinity 1e160 -2.0
Infinity 1e160 0.5
Infinity 1e160 -0.5
Infinity 1e160 4.9406564584124654e-324
Infinity 1e160 -4.9406564584124654e-324
Infinity 1e160 2.2250738585072014e-308
Infinity 1e160 -2.2250738585072014e-308
Infinity 1e160 1.7976931348623157e308
Infinity 1e160 -1.7976931348623157e308
Infinity 1e160 1e-160
Infinity 1e160 1e-16
Infinity 1e160 1e16
Infinity 1e160 1e160
Infinity 1e160 3.141592653589793
Infinity 1e160 -3.141592653589793
Infinity 3.141592653589793 -0.0
Infinity 3.141592653589793 0.0
Infinity 3.141592653589793 NaN
Infinity 3.141592653589793 Infinity
Infinity 3.141592653589793 -Infinity
Infinity 3.141592653589793 1.0
Infinity 3.141592653589793 -1.0
Infinity 3.141592653589793 2.0
Infinity 3.141592653589793 -2.0
Infinity 3.141592653589793 0.5
Infinity 3.141592653589793 -0.5
Infinity 3.141592653589793 4.9406564584124654e-324
Infinity 3.141592653589793 -4.9406564584124654e-324
Infinity 3.141592653589793 2.2250738585072014e-308
Infinity 3.141592653589793 -2.2250738585072014e-308
Infinity 3.141592653589793 1.7976931348623157e308
Infinity 3.141592653589793 -1.7976931348623157e308
Infinity 3.141592653589793 1e-160
Infinity 3.141592653589793 1e-16
Infinity 3.141592653589793 1e16
Infinity 3.141592653589793 1e160
Infinity 3.141592653589793 3.141592653589793
Infinity 3.141592653589793 -3.141592653589793
Infinity -3.141592653589793 -0.0
Infinity -3.141592653589793 0.0
Infinity -3.141592653589793 NaN
Infinity -3.141592653589793 Infinity
Infinity -3.141592653589793 -Infinity
Infinity -3.141592653589793 1.0
Infinity -3.141592653589793 -1.0
Infinity -3.141592653589793 2.0
Infinity -3.141592653589793 -2.0
Infinity -3.141592653589793 0.5
Infinity -3.141592653589793 -0.5
Infinity -3.141592653589793 4.9406564584124654e-324
Infinity -3.141592653589793 -4.9406564584124654e-324
Infinity -3.141592653589793 2.2250738585072014e-308
Infinity -3.141592653589793 -2.2250738585072014e-308
Infinity -3.141592653589793 1.7976931348623157e308
Infinity -3.141592653589793 -1.7976931348623157e308
Infinity -3.141592653589793 1e-160
Infinity -3.141592653589793 1e-16
Infinity -3.141592653589793 1e16
Infinity -3.141592653589793 1e160
Infinity -3.141592653589793 3.141592653589793
Infinity -3.141592653589793 -3.141592653589793
-Infinity -0.0 -0.0
-Infinity -0.0 0.0
-Infinity -0.0 NaN
-Infinity -0.0 Infinity
-Infinity -0.0 -Infinity
-Infinity -0.0 1.0
-Infinity -0.0 -1.0
-Infinity -0.0 2.0
-Infinity -0.0 -2.0
-Infinity -0.0 0.5
-Infinity -0.0 -0.5
-Infinity -0.0 4.9406564584124654e-324
-Infinity -0.0 -4.9406564584124654e-324
-Infinity -0.0 2.2250738585072014e-308
-Infinity -0.0 -2.2250738585072014e-308
-Infinity -0.0 1.7976931348623157e308
-Infinity -0.0 -1.7976931348623157e308
-Infinity -0.0 1e-160
-Infinity -0.0 1e-16
-Infinity -0.0 1e16
-Infinity -0.0 1e160
-Infinity -0.0 3.141592653589793
-Infinity -0.0 -3.141592653589793
-Infinity 0.0 -0.0
-Infinity 0.0 0.0
-Infinity 0.0 NaN
-Infinity 0.0 Infinity
-Infinity 0.0 -Infinity
-Infinity 0.0 1.0
-Infinity 0.0 -1.0
-Infinity 0.0 2.0
-Infinity 0.0 -2.0
-Infinity 0.0 0.5
-Infinity 0.0 -0.5
-Infinity 0.0 4.9406564584124654e-324
-Infinity 0.0 -4.9406564584124654e-324
-Infinity 0.0 2.2250738585072014e-308
-Infinity 0.0 -2.2250738585072014e-308
-Infinity 0.0 1.7976931348623157e308
-Infinity 0.0 -1.7976931348623157e308
-Infinity 0.0 1e-160
-Infinity 0.0 1e-16
-Infinity 0.0 1e16
-Infinity 0.0 1e160
-Infinity 0.0 3.141592653589793
-Infinity 0.0 -3.141592653589793
-Infinity NaN -0.0
-Infinity NaN 0.0
-Infinity NaN NaN
-Infinity NaN Infinity
-Infinity NaN -Infinity
-Infinity NaN 1.0
-Infinity NaN -1.0
-Infinity NaN 2.0
-Infinity NaN -2.0
-Infinity NaN 0.5
-Infinity NaN -0.5
-Infinity NaN 4.9406564584124654e-324
-Infinity NaN -4.9406564584124654e-324
-Infinity NaN 2.2250738585072014e-308
-Infinity NaN -2.2250738585072014e-308
-Infinity NaN 1.7976931348623157e308
-Infinity NaN -1.7976931348623157e308
-Infinity NaN 1e-160
-Infinity NaN 1e-16
-Infinity NaN 1e16
-Infinity NaN 1e160
-Infinity NaN 3.141592653589793
-Infinity NaN -3.141592653589793
-Infinity Infinity -0.0
-Infinity Infinity 0.0
-Infinity Infinity NaN
-Infinity Infinity Infinity
-Infinity Infinity -Infinity
-Infinity Infinity 1.0
-Infinity Infinity -1.0
-Infinity Infinity 2.0
-Infinity Infinity -2.0
-Infinity Infinity 0.5
-Infinity Infinity -0.5
-Infinity Infinity 4.9406564584124654e-324
-Infinity Infinity -4.9406564584124654e-324
-Infinity Infinity 2.2250738585072014e-308
-Infinity Infinity -2.2250738585072014e-308
-Infinity Infinity 1.7976931348623157e308
-Infinity Infinity -1.7976931348623157e308
-Infinity Infinity 1e-160
-Infinity Infinity 1e-16
-Infinity Infinity 1e16
-Infinity Infinity 1e160
-Infinity Infinity 3.141592653589793
-Infinity Infinity -3.141592653589793
-Infinity -Infinity -0.0
-Infinity -Infinity 0.0
-Infinity -Infinity NaN
-Infinity -Infinity Infinity
-Infinity -Infinity -Infinity
-Infinity -Infinity 1.0
-Infinity -Infinity -1.0
-Infinity -Infinity 2.0
-Infinity -Infinity -2.0
-Infinity -Infinity 0.5
-Infinity -Infinity -0.5
-Infinity -Infinity 4.9406564584124654e-324
-Infinity -Infinity -4.9406564584124654e-324
-Infinity -Infinity 2.2250738585072014e-308
-Infinity -Infinity -2.2250738585072014e-308
-Infinity -Infinity 1.7976931348623157e308
-Infinity -Infinity -1.7976931348623157e308
-Infinity -Infinity 1e-160
-Infinity -Infinity 1e-16
-Infinity -Infinity 1e16
-Infinity -Infinity 1e160
-Infinity -Infinity 3.141592653589793
-Infinity -Infinity -3.141592653589793
-Infinity 1.0 -0.0
-Infinity 1.0 0.0
-Infinity 1.0 NaN
-Infinity 1.0 Infinity
-Infinity 1.0 -Infinity
-Infinity 1.0 1.0
-Infinity 1.0 -1.0
-Infinity 1.0 2.0
-Infinity 1.0 -2.0
-Infinity 1.0 0.5
-Infinity 1.0 -0.5
-Infinity 1.0 4.9406564584124654e-324
-Infinity 1.0 -4.9406564584124654e-324
-Infinity 1.0 2.2250738585072014e-308
-Infinity 1.0 -2.2250738585072014e-308
-Infinity 1.0 1.7976931348623157e308
-Infinity 1.0 -1.7976931348623157e308
-Infinity 1.0 1e-160
-Infinity 1.0 1e-16
-Infinity 1.0 1e16
-Infinity 1.0 1e160
-Infinity 1.0 3.141592653589793
-Infinity 1.0 -3.141592653589793
-Infinity -1.0 -0.0
-Infinity -1.0 0.0
-Infinity -1.0 NaN
-Infinity -1.0 Infinity
-Infinity -1.0 -Infinity
-Infinity -1.0 1.0
-Infinity -1.0 -1.0
-Infinity -1.0 2.0
-Infinity -1.0 -2.0
-Infinity -1.0 0.5
-Infinity -1.0 -0.5
-Infinity -1.0 4.9406564584124654e-324
-Infinity -1.0 -4.9406564584124654e-324
-Infinity -1.0 2.2250738585072014e-308
-Infinity -1.0 -2.2250738585072014e-308
-Infinity -1.0 1.7976931348623157e308
-Infinity -1.0 -1.7976931348623157e308
-Infinity -1.0 1e-160
-Infinity -1.0 1e-16
-Infinity -1.0 1e16
-Infinity -1.0 1e160
-Infinity -1.0 3.141592653589793
-Infinity -1.0 -3.141592653589793
-Infinity 2.0 -0.0
-Infinity 2.0 0.0
-Infinity 2.0 NaN
-Infinity 2.0 Infinity
-Infinity 2.0 -Infinity
-Infinity 2.0 1.0
-Infinity 2.0 -1.0
-Infinity 2.0 2.0
-Infinity 2.0 -2.0
-Infinity 2.0 0.5
-Infinity 2.0 -0.5
-Infinity 2.0 4.9406564584124654e-324
-Infinity 2.0 -4.9406564584124654e-324
-Infinity 2.0 2.2250738585072014e-308
-Infinity 2.0 -2.2250738585072014e-308
-Infinity 2.0 1.7976931348623157e308
-Infinity 2.0 -1.7976931348623157e308
-Infinity 2.0 1e-160
-Infinity 2.0 1e-16
-Infinity 2.0 1e16
-Infinity 2.0 1e160
-Infinity 2.0 3.141592653589793
-Infinity 2.0 -3.141592653589793
-Infinity -2.0 -0.0
-Infinity -2.0 0.0
-Infinity -2.0 NaN
-Infinity -2.0 Infinity
-Infinity -2.0 -Infinity
-Infinity -2.0 1.0
-Infinity -2.0 -1.0
-Infinity -2.0 2.0
-Infinity -2.0 -2.0
-Infinity -2.0 0.5
-Infinity -2.0 -0.5
-Infinity -2.0 4.9406564584124654e-324
-Infinity -2.0 -4.9406564584124654e-324
-Infinity -2.0 2.2250738585072014e-308
-Infinity -2.0 -2.2250738585072014e-308
-Infinity -2.0 1.7976931348623157e308
-Infinity -2.0 -1.7976931348623157e308
-Infinity -2.0 1e-160
-Infinity -2.0 1e-16
-Infinity -2.0 1e16
-Infinity -2.0 1e160
-Infinity -2.0 3.141592653589793
-Infinity -2.0 -3.141592653589793
-Infinity 0.5 -0.0
-Infinity 0.5 0.0
-Infinity 0.5 NaN
-Infinity 0.5 Infinity
-Infinity 0.5 -Infinity
-Infinity 0.5 1.0
-Infinity 0.5 -1.0
-Infinity 0.5 2.0
-Infinity 0.5 -2.0
-Infinity 0.5 0.5
-Infinity 0.5 -0.5
-Infinity 0.5 4.9406564584124654e-324
-Infinity 0.5 -4.9406564584124654e-324
-Infinity 0.5 2.2250738585072014e-308
-Infinity 0.5 -2.2250738585072014e-308
-Infinity 0.5 1.7976931348623157e308
-Infinity 0.5 -1.7976931348623157e308
-Infinity 0.5 1e-160
-Infinity 0.5 1e-16
-Infinity 0.5 1e16
-Infinity 0.5 1e160
-Infinity 0.5 3.141592653589793
-Infinity 0.5 -3.141592653589793
-Infinity -0.5 -0.0
-Infinity -0.5 0.0
-Infinity -0.5 NaN
-Infinity -0.5 Infinity
-Infinity -0.5 -Infinity
-Infinity -0.5 1.0
-Infinity -0.5 -1.0
-Infinity -0.5 2.0
-Infinity -0.5 -2.0
-Infinity -0.5 0.5
-Infinity -0.5 -0.5
-Infinity -0.5 4.9406564584124654e-324
-Infinity -0.5 -4.9406564584124654e-324
-Infinity -0.5 2.2250738585072014e-308
-Infinity -0.5 -2.2250738585072014e-308
-Infinity -0.5 1.7976931348623157e308
-Infinity -0.5 -1.7976931348623157e308
-Infinity -0.5 1e-160
-Infinity -0.5 1e-16
-Infinity -0.5 1e16
-Infinity -0.5 1e160
-Infinity -0.5 3.141592653589793
-Infinity -0.5 -3.141592653589793
-Infinity 4.9406564584124654e-324 -0.0
-Infinity 4.9406564584124654e-324 0.0
-Infinity 4.9406564584124654e-324 NaN
-Infinity 4.9406564584124654e-324 Infinity
-Infinity 4.9406564584124654e-324 -Infinity
-Infinity 4.9406564584124654e-324 1.0
-Infinity 4.9406564584124654e-324 -1.0
-Infinity 4.9406564584124654e-324 2.0
-Infinity 4.9406564584124654e-324 -2.0
-Infinity 4.9406564584124654e-324 0.5
-Infinity 4.9406564584124654e-324 -0.5
-Infinity 4.9406564584124654e-324 4.9406564584124654e-324
-Infinity 4.9406564584124654e-324 -4.9406564584124654e-324
-Infinity 4.9406564584124654e-324 2.2250738585072014e-308
-Infinity 4.9406564584124654e-324 -2.2250738585072014e-308
-Infinity 4.9406564584124654e-324 1.7976931348623157e308
-Infinity 4.9406564584124654e-324 -1.7976931348623157e308
-Infinity 4.9406564584124654e-324 1e-160
-Infinity 4.9406564584124654e-324 1e-16
-Infinity 4.9406564584124654e-324 1e16
-Infinity 4.9406564584124654e-324 1e160
-Infinity 4.9406564584124654e-324 3.141592653589793
-Infinity 4.9406564584124654e-324 -3.141592653589793
-Infinity -4.9406564584124654e-324 -0.0
-Infinity -4.9406564584124654e-324 0.0
-Infinity -4.9406564584124654e-324 NaN
-Infinity -4.9406564584124654e-324 Infinity
-Infinity -4.9406564584124654e-324 -Infinity
-Infinity -4.9406564584124654e-324 1.0
-Infinity -4.9406564584124654e-324 -1.0
-Infinity -4.9406564584124654e-324 2.0
-Infinity -4.9406564584124654e-324 -2.0
-Infinity -4.9406564584124654e-324 0.5
-Infinity -4.9406564584124654e-324 -0.5
-Infinity -4.9406564584124654e-324 4.9406564584124654e-324
-Infinity -4.9406564584124654e-324 -4.9406564584124654e-324
-Infinity -4.9406564584124654e-324 2.2250738585072014e-308
-Infinity -4.9406564584124654e-324 -2.2250738585072014e-308
-Infinity -4.9406564584124654e-324 1.7976931348623157e308
-Infinity -4.9406564584124654e-324 -1.7976931348623157e308
-Infinity -4.9406564584124654e-324 1e-160
-Infinity -4.9406564584124654e-324 1e-16
-Infinity -4.9406564584124654e-324 1e16
-Infinity -4.9406564584124654e-324 1e160
-Infinity -4.9406564584124654e-324 3.141592653589793
-Infinity -4.9406564584124654e-324 -3.141592653589793
-Infinity 2.2250738585072014e-308 -0.0
-Infinity 2.2250738585072014e-308 0.0
-Infinity 2.2250738585072014e-308 NaN
-Infinity 2.2250738585072014e-308 Infinity
-Infinity 2.2250738585072014e-308 -Infinity
-Infinity 2.2250738585072014e-308 1.0
-Infinity 2.2250738585072014e-308 -1.0
-Infinity 2.2250738585072014e-308 2.0
-Infinity 2.2250738585072014e-308 -2.0
-Infinity 2.2250738585072014e-308 0.5
-Infinity 2.2250738585072014e-308 -0.5
-Infinity 2.2250738585072014e-308 4.9406564584124654e-324
-Infinity 2.2250738585072014e-308 -4.9406564584124654e-324
-Infinity 2.2250738585072014e-308 2.2250738585072014e-308
-Infinity 2.2250738585072014e-308 -2.2250738585072014e-308
-Infinity 2.2250738585072014e-308 1.7976931348623157e308
-Infinity 2.2250738585072014e-308 -1.7976931348623157e308
-Infinity 2.2250738585072014e-308 1e-160
-Infinity 2.2250738585072014e-308 1e-16
-Infinity 2.2250738585072014e-308 1e16
-Infinity 2.2250738585072014e-308 1e160
-Infinity 2.2250738585072014e-308 3.141592653589793
-Infinity 2.2250738585072014e-308 -3.141592653589793
-Infinity -2.2250738585072014e-308 -0.0
-Infinity -2.2250738585072014e-308 0.0
-Infinity -2.2250738585072014e-308 NaN
-Infinity -2.2250738585072014e-308 Infinity
-Infinity -2.2250738585072014e-308 -Infinity
-Infinity -2.2250738585072014e-308 1.0
-Infinity -2.2250738585072014e-308 -1.0
-Infinity -2.2250738585072014e-308 2.0
-Infinity -2.2250738585072014e-308 -2.0
-Infinity -2.2250738585072014e-308 0.5
-Infinity -2.2250738585072014e-308 -0.5
-Infinity -2.2250738585072014e-308 4.9406564584124654e-324
-Infinity -2.2250738585072014e-308 -4.9406564584124654e-324
-Infinity -2.2250738585072014e-308 2.2250738585072014e-308
-Infinity -2.2250738585072014e-308 -2.2250738585072014e-308
-Infinity -2.2250738585072014e-308 1.7976931348623157e308
-Infinity -2.2250738585072014e-308 -1.7976931348623157e308
-Infinity -2.2250738585072014e-308 1e-160
-Infinity -2.2250738585072014e-308 1e-16
-Infinity -2.2250738585072014e-308 1e16
-Infinity -2.2250738585072014e-308 1e160
-Infinity -2.2250738585072014e-308 3.141592653589793
-Infinity -2.2250738585072014e-308 -3.141592653589793
-Infinity 1.7976931348623157e308 -0.0
-Infinity 1.7976931348623157e308 0.0
-Infinity 1.7976931348623157e308 NaN
-Infinity 1.7976931348623157e308 Infinity
-Infinity 1.7976931348623157e308 -Infinity
-Infinity 1.7976931348623157e308 1.0
-Infinity 1.7976931348623157e308 -1.0
-Infinity 1.7976931348623157e308 2.0
-Infinity 1.7976931348623157e308 -2.0
-Infinity 1.7976931348623157e308 0.5
-Infinity 1.7976931348623157e308 -0.5
-Infinity 1.7976931348623157e308 4.9406564584124654e-324
-Infinity 1.7976931348623157e308 -4.9406564584124654e-324
-Infinity 1.7976931348623157e308 2.2250738585072014e-308
-Infinity 1.7976931348623157e308 -2.2250738585072014e-308
-Infinity 1.7976931348623157e308 1.7976931348623157e308
-Infinity 1.7976931348623157e308 -1.7976931348623157e308
-Infinity 1.7976931348623157e308 1e-160
-Infinity 1.7976931348623157e308 1e-16
-Infinity 1.7976931348623157e308 1e16
-Infinity 1.7976931348623157e308 1e160
-Infinity 1.7976931348623157e308 3.141592653589793
-Infinity 1.7976931348623157e308 -3.141592653589793
-Infinity -1.7976931348623157e308 -0.0
-Infinity -1.7976931348623157e308 0.0
-Infinity -1.7976931348623157e308 NaN
-Infinity -1.7976931348623157e308 Infinity
-Infinity -1.7976931348623157e308 -Infinity
-Infinity -1.7976931348623157e308 1.0
-Infinity -1.7976931348623157e308 -1.0
-Infinity -1.7976931348623157e308 2.0
-Infinity -1.7976931348623157e308 -2.0
-Infinity -1.7976931348623157e308 0.5
-Infinity -1.7976931348623157e308 -0.5
-Infinity -1.7976931348623157e308 4.9406564584124654e-324
-Infinity -1.7976931348623157e308 -4.9406564584124654e-324
-Infinity -1.7976931348623157e308 2.2250738585072014e-308
-Infinity -1.7976931348623157e308 -2.2250738585072014e-308
-Infinity -1.7976931348623157e308 1.7976931348623157e308
-Infinity -1.7976931348623157e308 -1.7976931348623157e308
-Infinity -1.7976931348623157e308 1e-160
-Infinity -1.7976931348623157e308 1e-16
-Infinity -1.7976931348623157e308 1e16
-Infinity -1.7976931348623157e308 1e160
-Infinity -1.7976931348623157e308 3.141592653589793
-Infinity -1.7976931348623157e308 -3.141592653589793
-Infinity 1e-160 -0.0
-Infinity 1e-160 0.0
-Infinity 1e-160 NaN
-Infinity 1e-160 Infinity
-Infinity 1e-160 -Infinity
-Infinity 1e-160 1.0
-Infinity 1e-160 -1.0
-Infinity 1e-160 2.0
-Infinity 1e-160 -2.0
-Infinity 1e-160 0.5
-Infinity 1e-160 -0.5
-Infinity 1e-160 4.9406564584124654e-324
-Infinity 1e-160 -4.9406564584124654e-324
-Infinity 1e-160 2.2250738585072014e-308
-Infinity 1e-160 -2.2250738585072014e-308
-Infinity 1e-160 1.7976931348623157e308
-Infinity 1e-160 -1.7976931348623157e308
-Infinity 1e-160 1e-160
-Infinity 1e-160 1e-16
-Infinity 1e-160 1e16
-Infinity 1e-160 1e160
-Infinity 1e-160 3.141592653589793
-Infinity 1e-160 -3.141592653589793
-Infinity 1e-16 -0.0
-Infinity 1e-16 0.0
-Infinity 1e-16 NaN
-Infinity 1e-16 Infinity
-Infinity 1e-16 -Infinity
-Infinity 1e-16 1.0
-Infinity 1e-16 -1.0
-Infinity 1e-16 2.0
-Infinity 1e-16 -2.0
-Infinity 1e-16 0.5
-Infinity 1e-16 -0.5
-Infinity 1e-16 4.9406564584124654e-324
-Infinity 1e-16 -4.9406564584124654e-324
-Infinity 1e-16 2.2250738585072014e-308
-Infinity 1e-16 -2.2250738585072014e-308
-Infinity 1e-16 1.7976931348623157e308
-Infinity 1e-16 -1.7976931348623157e308
-Infinity 1e-16 1e-160
-Infinity 1e-16 1e-16
-Infinity 1e-16 1e16
-Infinity 1e-16 1e160
-Infinity 1e-16 3.141592653589793
-Infinity 1e-16 -3.141592653589793
-Infinity 1e16 -0.0
-Infinity 1e16 0.0
-Infinity 1e16 NaN
-Infinity 1e16 Infinity
-Infinity 1e16 -Infinity
-Infinity 1e16 1.0
-Infinity 1e16 -1.0
-Infinity 1e16 2.0
-Infinity 1e16 -2.0
-Infinity 1e16 0.5
-Infinity 1e16 -0.5
-Infinity 1e16 4.9406564584124654e-324
-Infinity 1e16 -4.9406564584124654e-324
-Infinity 1e16 2.2250738585072014e-308
-Infinity 1e16 -2.2250738585072014e-308
-Infinity 1e16 1.7976931348623157e308
-Infinity 1e16 -1.7976931348623157e308
-Infinity 1e16 1e-160
-Infinity 1e16 1e-16
-Infinity 1e16 1e16
-Infinity 1e16 1e160
-Infinity 1e16 3.141592653589793
-Infinity 1e16 -3.141592653589793
-Infinity 1e160 -0.0
-Infinity 1e160 0.0
-Infinity 1e160 NaN
-Infinity 1e160 Infinity
-Infinity 1e160 -Infinity
-Infinity 1e160 1.0
-Infinity 1e160 -1.0
-Infinity 1e160 2.0
-Infinity 1e160 -2.0
-Infinity 1e160 0.5
-Infinity 1e160 -0.5
-Infinity 1e160 4.9406564584124654e-324
-Infinity 1e160 -4.9406564584124654e-324
-Infinity 1e160 2.2250738585072014e-308
-Infinity 1e160 -2.2250738585072014e-308
-Infinity 1e160 1.7976931348623157e308
-Infinity 1e160 -1.7976931348623157e308
-Infinity 1e160 1e-160
-Infinity 1e160 1e-16
-Infinity 1e160 1e16
-Infinity 1e160 1e160
-Infinity 1e160 3.141592653589793
-Infinity 1e160 -3.141592653589793
-Infinity 3.141592653589793 -0.0
-Infinity 3.141592653589793 0.0
-Infinity 3.141592653589793 NaN
-Infinity 3.141592653589793 Infinity
-Infinity 3.141592653589793 -Infinity
-Infinity 3.141592653589793 1.0
-Infinity 3.141592653589793 -1.0
-Infinity 3.141592653589793 2.0
-Infinity 3.141592653589793 -2.0
-Infinity 3.141592653589793 0.5
-Infinity 3.141592653589793 -0.5
-Infinity 3.141592653589793 4.9406564584124654e-324
-Infinity 3.141592653589793 -4.9406564584124654e-324
-Infinity 3.141592653589793 2.2250738585072014e-308
-Infinity 3.141592653589793 -2.2250738585072014e-308
-Infinity 3.141592653589793 1.7976931348623157e308
-Infinity 3.141592653589793 -1.7976931348623157e308
-Infinity 3.141592653589793 1e-160
-Infinity 3.141592653589793 1e-16
-Infinity 3.141592653589793 1e16
-Infinity 3.141592653589793 1e160
-Infinity 3.141592653589793 3.141592653589793
-Infinity 3.141592653589793 -3.141592653589793
-Infinity -3.141592653589793 -0.0
-Infinity -3.141592653589793 0.0
-Infinity -3.141592653589793 NaN
-Infinity -3.141592653589793 Infinity
-Infinity -3.141592653589793 -Infinity
-Infinity -3.141592653589793 1.0
-Infinity -3.141592653589793 -1.0
-Infinity -3.141592653589793 2.0
-Infinity -3.141592653589793 -2.0
-Infinity -3.141592653589793 0.5
-Infinity -3.141592653589793 -0.5
-Infinity -3.141592653589793 4.9406564584124654e-324
-Infinity -3.141592653589793 -4.9406564584124654e-324
-Infinity -3.141592653589793 2.2250738585072014e-308
-Infinity -3.141592653589793 -2.2250738585072014e-308
-Infinity -3.141592653589793 1.7976931348623157e308
-Infinity -3.141592653589793 -1.7976931348623157e308
-Infinity -3.141592653589793 1e-160
-Infinity -3.141592653589793 1e-16
-Infinity -3.141592653589793 1e16
-Infinity -3.141592653589793 1e160
-Infinity -3.141592653589793 3.141592653589793
-Infinity -3.141592653589793 -3.141592653589793
1.0 -0.0 -0.0
1.0 -0.0 0.0
1.0 -0.0 NaN
1.0 -0.0 Infinity
1.0 -0.0 -Infinity
1.0 -0.0 1.0
1.0 -0.0 -1.0
1.0 -0.0 2.0
1.0 -0.0 -2.0
1.0 -0.0 0.5
1.0 -0.0 -0.5
1.0 -0.0 4.9406564584124654e-324
1.0 -0.0 -4.9406564584124654e-324
1.0 -0.0 2.2250738585072014e-308
1.0 -0.0 -2.2250738585072014e-308
1.0 -0.0 1.7976931348623157e308
1.0 -0.0 -1.7976931348623157e308
1.0 -0.0 1e-160
1.0 -0.0 1e-16
1.0 -0.0 1e16
1.0 -0.0 1e160
1.0 -0.0 3.141592653589793
1.0 -0.0 -3.141592653589793
1.0 0.0 -0.0
1.0 0.0 0.0
1.0 0.0 NaN
1.0 0.0 Infinity
1.0 0.0 -Infinity
1.0 0.0 1.0
1.0 0.0 -1.0
1.0 0.0 2.0
1.0 0.0 -2.0
1.0 0.0 0.5
1.0 0.0 -0.5
1.0 0.0 4.9406564584124654e-324
1.0 0.0 -4.9406564584124654e-324
1.0 0.0 2.2250738585072014e-308
1.0 0.0 -2.2250738585072014e-308
1.0 0.0 1.7976931348623157e308
1.0 0.0 -1.7976931348623157e308
1.0 0.0 1e-160
1.0 0.0 1e-16
1.0 0.0 1e16
1.0 0.0 1e160
1.0 0.0 3.141592653589793
1.0 0.0 -3.141592653589793
1.0 NaN -0.0
1.0 NaN 0.0
1.0 NaN NaN
1.0 NaN Infinity
1.0 NaN -Infinity
1.0 NaN 1.0
1.0 NaN -1.0
1.0 NaN 2.0
1.0 NaN -2.0
1.0 NaN 0.5
1.0 NaN -0.5
1.0 NaN 4.9406564584124654e-324
1.0 NaN -4.9406564584124654e-324
1.0 NaN 2.2250738585072014e-308
1.0 NaN -2.2250738585072014e-308
1.0 NaN 1.7976931348623157e308
1.0 NaN -1.7976931348623157e308
1.0 NaN 1e-160
1.0 NaN 1e-16
1.0 NaN 1e16
1.0 NaN 1e160
1.0 NaN 3.141592653589793
1.0 NaN -3.141592653589793
1.0 Infinity -0.0
1.0 Infinity 0.0
1.0 Infinity NaN
1.0 Infinity Infinity
1.0 Infinity -Infinity
1.0 Infinity 1.0
1.0 Infinity -1.0
1.0 Infinity 2.0
1.0 Infinity -2.0
1.0 Infinity 0.5
1.0 Infinity -0.5
1.0 Infinity 4.9406564584124654e-324
1.0 Infinity -4.9406564584124654e-324
1.0 Infinity 2.2250738585072014e-308
1.0 Infinity -2.2250738585072014e-308
1.0 Infinity 1.7976931348623157e308
1.0 Infinity -1.7976931348623157e308
1.0 Infinity 1e-160
1.0 Infinity 1e-16
1.0 Infinity 1e16
1.0 Infinity 1e160
1.0 Infinity 3.141592653589793
1.0 Infinity -3.141592653589793
1.0 -Infinity -0.0
1.0 -Infinity 0.0
1.0 -Infinity NaN
1.0 -Infinity Infinity
1.0 -Infinity -Infinity
1.0 -Infinity 1.0
1.0 -Infinity -1.0
1.0 -Infinity 2.0
1.0 -Infinity -2.0
1.0 -Infinity 0.5
1.0 -Infinity -0.5
1.0 -Infinity 4.9406564584124654e-324
1.0 -Infinity -4.9406564584124654e-324
1.0 -Infinity 2.2250738585072014e-308
1.0 -Infinity -2.2250738585072014e-308
1.0 -Infinity 1.7976931348623157e308
1.0 -Infinity -1.7976931348623157e308
1.0 -Infinity 1e-160
1.0 -Infinity 1e-16
1.0 -Infinity 1e16
1.0 -Infinity 1e160
1.0 -Infinity 3.141592653589793
1.0 -Infinity -3.141592653589793
1.0 1.0 -0.0
1.0 1.0 0.0
1.0 1.0 NaN
1.0 1.0 Infinity
1.0 1.0 -Infinity
1.0 1.0 1.0
1.0 1.0 -1.0
1.0 1.0 2.0
1.0 1.0 -2.0
1.0 1.0 0.5
1.0 1.0 -0.5
1.0 1.0 4.9406564584124654e-324
1.0 1.0 -4.9406564584124654e-324
1.0 1.0 2.2250738585072014e-308
1.0 1.0 -2.2250738585072014e-308
1.0 1.0 1.7976931348623157e308
1.0 1.0 -1.7976931348623157e308
1.0 1.0 1e-160
1.0 1.0 1e-16
1.0 1.0 1e16
1.0 1.0 1e160
1.0 1.0 3.141592653589793
1.0 1.0 -3.141592653589793
1.0 -1.0 -0.0
1.0 -1.0 0.0
1.0 -1.0 NaN
1.0 -1.0 Infinity
1.0 -1.0 -Infinity
1.0 -1.0 1.0
1.0 -1.0 -1.0
1.0 -1.0 2.0
1.0 -1.0 -2.0
1.0 -1.0 0.5
1.0 -1.0 -0.5
1.0 -1.0 4.9406564584124654e-324
1.0 -1.0 -4.9406564584124654e-324
1.0 -1.0 2.2250738585072014e-308
1.0 -1.0 -2.2250738585072014e-308
1.0 -1.0 1.7976931348623157e308
1.0 -1.0 -1.7976931348623157e308
1.0 -1.0 1e-160
1.0 -1.0 1e-16
1.0 -1.0 1e16
1.0 -1.0 1e160
1.0 -1.0 3.141592653589793
1.0 -1.0 -3.141592653589793
1.0 2.0 -0.0
1.0 2.0 0.0
1.0 2.0 NaN
1.0 2.0 Infinity
1.0 2.0 -Infinity
1.0 2.0 1.0
1.0 2.0 -1.0
1.0 2.0 2.0
1.0 2.0 -2.0
1.0 2.0 0.5
1.0 2.0 -0.5
1.0 2.0 4.9406564584124654e-324
1.0 2.0 -4.9406564584124654e-324
1.0 2.0 2.2250738585072014e-308
1.0 2.0 -2.2250738585072014e-308
1.0 2.0 1.7976931348623157e308
1.0 2.0 -1.7976931348623157e308
1.0 2.0 1e-160
1.0 2.0 1e-16
1.0 2.0 1e16
1.0 2.0 1e160
1.0 2.0 3.141592653589793
1.0 2.0 -3.141592653589793
1.0 -2.0 -0.0
1.0 -2.0 0.0
1.0 -2.0 NaN
1.0 -2.0 Infinity
1.0 -2.0 -Infinity
1.0 -2.0 1.0
1.0 -2.0 -1.0
1.0 -2.0 2.0
1.0 -2.0 -2.0
1.0 -2.0 0.5
1.0 -2.0 -0.5
1.0 -2.0 4.9406564584124654e-324
1.0 -2.0 -4.9406564584124654e-324
1.0 -2.0 2.2250738585072014e-308
1.0 -2.0 -2.2250738585072014e-308
1.0 -2.0 1.7976931348623157e308
1.0 -2.0 -1.7976931348623157e308
1.0 -2.0 1e-160
1.0 -2.0 1e-16
1.0 -2.0 1e16
1.0 -2.0 1e160
1.0 -2.0 3.141592653589793
1.0 -2.0 -3.141592653589793
1.0 0.5 -0.0
1.0 0.5 0.0
1.0 0.5 NaN
1.0 0.5 Infinity
1.0 0.5 -Infinity
1.0 0.5 1.0
1.0 0.5 -1.0
1.0 0.5 2.0
1.0 0.5 -2.0
1.0 0.5 0.5
1.0 0.5 -0.5
1.0 0.5 4.9406564584124654e-324
1.0 0.5 -4.9406564584124654e-324
1.0 0.5 2.2250738585072014e-308
1.0 0.5 -2.2250738585072014e-308
1.0 0.5 1.7976931348623157e308
1.0 0.5 -1.7976931348623157e308
1.0 0.5 1e-160
1.0 0.5 1e-16
1.0 0.5 1e16
1.0 0.5 1e160
1.0 0.5 3.141592653589793
1.0 0.5 -3.141592653589793
1.0 -0.5 -0.0
1.0 -0.5 0.0
1.0 -0.5 NaN
1.0 -0.5 Infinity
1.0 -0.5 -Infinity
1.0 -0.5 1.0
1.0 -0.5 -1.0
1.0 -0.5 2.0
1.0 -0.5 -2.0
1.0 -0.5 0.5
1.0 -0.5 -0.5
1.0 -0.5 4.9406564584124654e-324
1.0 -0.5 -4.9406564584124654e-324
1.0 -0.5 2.2250738585072014e-308
1.0 -0.5 -2.2250738585072014e-308
1.0 -0.5 1.7976931348623157e308
1.0 -0.5 -1.7976931348623157e308
1.0 -0.5 1e-160
1.0 -0.5 1e-16
1.0 -0.5 1e16
1.0 -0.5 1e160
1.0 -0.5 3.141592653589793
1.0 -0.5 -3.141592653589793
1.0 4.9406564584124654e-324 -0.0
1.0 4.9406564584124654e-324 0.0
1.0 4.9406564584124654e-324 NaN
1.0 4.9406564584124654e-324 Infinity
1.0 4.9406564584124654e-324 -Infinity
1.0 4.9406564584124654e-324 1.0
1.0 4.9406564584124654e-324 -1.0
1.0 4.9406564584124654e-324 2.0
1.0 4.9406564584124654e-324 -2.0
1.0 4.9406564584124654e-324 0.5
1.0 4.9406564584124654e-324 -0.5
1.0 4.9406564584124654e-324 4.9406564584124654e-324
1.0 4.9406564584124654e-324 -4.9406564584124654e-324
1.0 4.9406564584124654e-324 2.2250738585072014e-308
1.0 4.9406564584124654e-324 -2.2250738585072014e-308
1.0 4.9406564584124654e-324 1.7976931348623157e308
1.0 4.9406564584124654e-324 -1.7976931348623157e308
1.0 4.9406564584124654e-324 1e-160
1.0 4.9406564584124654e-324 1e-16
1.0 4.9406564584124654e-324 1e16
1.0 4.9406564584124654e-324 1e160
1.0 4.9406564584124654e-324 3.141592653589793
1.0 4.9406564584124654e-324 -3.141592653589793
1.0 -4.9406564584124654e-324 -0.0
1.0 -4.9406564584124654e-324 0.0
1.0 -4.9406564584124654e-324 NaN
1.0 -4.9406564584124654e-324 Infinity
1.0 -4.9406564584124654e-324 -Infinity
1.0 -4.9406564584124654e-324 1.0
1.0 -4.9406564584124654e-324 -1.0
1.0 -4.9406564584124654e-324 2.0
1.0 -4.9406564584124654e-324 -2.0
1.0 -4.9406564584124654e-324 0.5
1.0 -4.9406564584124654e-324 -0.5
1.0 -4.9406564584124654e-324 4.9406564584124654e-324
1.0 -4.9406564584124654e-324 -4.9406564584124654e-324
1.0 -4.9406564584124654e-324 2.2250738585072014e-308
1.0 -4.9406564584124654e-324 -2.2250738585072014e-308
1.0 -4.9406564584124654e-324 1.7976931348623157e308
1.0 -4.9406564584124654e-324 -1.7976931348623157e308
1.0 -4.9406564584124654e-324 1e-160
1.0 -4.9406564584124654e-324 1e-16
1.0 -4.9406564584124654e-324 1e16
1.0 -4.9406564584124654e-324 1e160
1.0 -4.9406564584124654e-324 3.141592653589793
1.0 -4.9406564584124654e-324 -3.141592653589793
1.0 2.2250738585072014e-308 -0.0
1.0 2.2250738585072014e-308 0.0
1.0 2.2250738585072014e-308 NaN
1.0 2.2250738585072014e-308 Infinity
1.0 2.2250738585072014e-308 -Infinity
1.0 2.2250738585072014e-308 1.0
1.0 2.2250738585072014e-308 -1.0
1.0 2.2250738585072014e-308 2.0
1.0 2.2250738585072014e-308 -2.0
1.0 2.2250738585072014e-308 0.5
1.0 2.2250738585072014e-308 -0.5
1.0 2.2250738585072014e-308 4.9406564584124654e-324
1.0 2.2250738585072014e-308 -4.9406564584124654e-324
1.0 2.2250738585072014e-308 2.2250738585072014e-308
1.0 2.2250738585072014e-308 -2.2250738585072014e-308
1.0 2.2250738585072014e-308 1.7976931348623157e308
1.0 2.2250738585072014e-308 -1.7976931348623157e308
1.0 2.2250738585072014e-308 1e-160
1.0 2.2250738585072014e-308 1e-16
1.0 2.2250738585072014e-308 1e16
1.0 2.2250738585072014e-308 1e160
1.0 2.2250738585072014e-308 3.141592653589793
1.0 2.2250738585072014e-308 -3.141592653589793
1.0 -2.2250738585072014e-308 -0.0
1.0 -2.2250738585072014e-308 0.0
1.0 -2.2250738585072014e-308 NaN
1.0 -2.2250738585072014e-308 Infinity
1.0 -2.2250738585072014e-308 -Infinity
1.0 -2.2250738585072014e-308 1.0
1.0 -2.2250738585072014e-308 -1.0
1.0 -2.2250738585072014e-308 2.0
1.0 -2.2250738585072014e-308 -2.0
1.0 -2.2250738585072014e-308 0.5
1.0 -2.2250738585072014e-308 -0.5
1.0 -2.2250738585072014e-308 4.9406564584124654e-324
1.0 -2.2250738585072014e-308 -4.9406564584124654e-324
1.0 -2.2250738585072014e-308 2.2250738585072014e-308
1.0 -2.2250738585072014e-308 -2.2250738585072014e-308
1.0 -2.2250738585072014e-308 1.7976931348623157e308
1.0 -2.2250738585072014e-308 -1.7976931348623157e308
1.0 -2.2250738585072014e-308 1e-160
1.0 -2.2250738585072014e-308 1e-16
1.0 -2.2250738585072014e-308 1e16
1.0 -2.2250738585072014e-308 1e160
1.0 -2.2250738585072014e-308 3.141592653589793
1.0 -2.2250738585072014e-308 -3.141592653589793
1.0 1.7976931348623157e308 -0.0
1.0 1.7976931348623157e308 0.0
1.0 1.7976931348623157e308 NaN
1.0 1.7976931348623157e308 Infinity
1.0 1.7976931348623157e308 -Infinity
1.0 1.7976931348623157e308 1.0
1.0 1.7976931348623157e308 -1.0
1.0 1.7976931348623157e308 2.0
1.0 1.7976931348623157e308 -2.0
1.0 1.7976931348623157e308 0.5
1.0 1.7976931348623157e308 -0.5
1.0 1.7976931348623157e308 4.9406564584124654e-324
1.0 1.7976931348623157e308 -4.9406564584124654e-324
1.0 1.7976931348623157e308 2.2250738585072014e-308
1.0 1.7976931348623157e308 -2.2250738585072014e-308
1.0 1.7976931348623157e308 1.7976931348623157e308
1.0 1.7976931348623157e308 -1.7976931348623157e308
1.0 1.7976931348623157e308 1e-160
1.0 1.7976931348623157e308 1e-16
1.0 1.7976931348623157e308 1e16
1.0 1.7976931348623157e308 1e160
1.0 1.7976931348623157e308 3.141592653589793
1.0 1.7976931348623157e308 -3.141592653589793
1.0 -1.7976931348623157e308 -0.0
1.0 -1.7976931348623157e308 0.0
1.0 -1.7976931348623157e308 NaN
1.0 -1.7976931348623157e308 Infinity
1.0 -1.7976931348623157e308 -Infinity
1.0 -1.7976931348623157e308 1.0
1.0 -1.7976931348623157e308 -1.0
1.0 -1.7976931348623157e308 2.0
1.0 -1.7976931348623157e308 -2.0
1.0 -1.7976931348623157e308 0.5
1.0 -1.7976931348623157e308 -0.5
1.0 -1.7976931348623157e308 4.9406564584124654e-324
1.0 -1.7976931348623157e308 -4.9406564584124654e-324
1.0 -1.7976931348623157e308 2.2250738585072014e-308
1.0 -1.7976931348623157e308 -2.2250738585072014e-308
1.0 -1.7976931348623157e308 1.7976931348623157e308
1.0 -1.7976931348623157e308 -1.7976931348623157e308
1.0 -1.7976931348623157e308 1e-160
1.0 -1.7976931348623157e308 1e-16
1.0 -1.7976931348623157e308 1e16
1.0 -1.7976931348623157e308 1e160
1.0 -1.7976931348623157e308 3.141592653589793
1.0 -1.7976931348623157e308 -3.141592653589793
1.0 1e-160 -0.0
1.0 1e-160 0.0
1.0 1e-160 NaN
1.0 1e-160 Infinity
1.0 1e-160 -Infinity
1.0 1e-160 1.0
1.0 1e-160 -1.0
1.0 1e-160 2.0
1.0 1e-160 -2.0
1.0 1e-160 0.5
1.0 1e-160 -0.5
1.0 1e-160 4.9406564584124654e-324
1.0 1e-160 -4.9406564584124654e-324
1.0 1e-160 2.2250738585072014e-308
1.0 1e-160 -2.2250738585072014e-308
1.0 1e-160 1.7976931348623157e308
1.0 1e-160 -1.7976931348623157e308
1.0 1e-160 1e-160
1.0 1e-160 1e-16
1.0 1e-160 1e16
1.0 1e-160 1e160
1.0 1e-160 3.141592653589793
1.0 1e-160 -3.141592653589793
1.0 1e-16 -0.0
1.0 1e-16 0.0
1.0 1e-16 NaN
1.0 1e-16 Infinity
1.0 1e-16 -Infinity
1.0 1e-16 1.0
1.0 1e-16 -1.0
1.0 1e-16 2.0
1.0 1e-16 -2.0
1.0 1e-16 0.5
1.0 1e-16 -0.5
1.0 1e-16 4.9406564584124654e-324
1.0 1e-16 -4.9406564584124654e-324
1.0 1e-16 2.2250738585072014e-308
1.0 1e-16 -2.2250738585072014e-308
1.0 1e-16 1.7976931348623157e308
1.0 1e-16 -1.7976931348623157e308
1.0 1e-16 1e-160
1.0 1e-16 1e-16
1.0 1e-16 1e16
1.0 1e-16 1e160
1.0 1e-16 3.141592653589793
1.0 1e-16 -3.141592653589793
1.0 1e16 -0.0
1.0 1e16 0.0
1.0 1e16 NaN
1.0 1e16 Infinity
1.0 1e16 -Infinity
1.0 1e16 1.0
1.0 1e16 -1.0
1.0 1e16 2.0
1.0 1e16 -2.0
1.0 1e16 0.5
1.0 1e16 -0.5
1.0 1e16 4.9406564584124654e-324
1.0 1e16 -4.9406564584124654e-324
1.0 1e16 2.2250738585072014e-308
1.0 1e16 -2.2250738585072014e-308
1.0 1e16 1.7976931348623157e308
1.0 1e16 -1.7976931348623157e308
1.0 1e16 1e-160
1.0 1e16 1e-16
1.0 1e16 1e16
1.0 1e16 1e160
1.0 1e16 3.141592653589793
1.0 1e16 -3.141592653589793
1.0 1e160 -0.0
1.0 1e160 0.0
1.0 1e160 NaN
1.0 1e160 Infinity
1.0 1e160 -Infinity
1.0 1e160 1.0
1.0 1e160 -1.0
1.0 1e160 2.0
1.0 1e160 -2.0
1.0 1e160 0.5
1.0 1e160 -0.5
1.0 1e160 4.9406564584124654e-324
1.0 1e160 -4.9406564584124654e-324
1.0 1e160 2.2250738585072014e-308
1.0 1e160 -2.2250738585072014e-308
1.0 1e160 1.7976931348623157e308
1.0 1e160 -1.7976931348623157e308
1.0 1e160 1e-160
1.0 1e160 1e-16
1.0 1e160 1e16
1.0 1e160 1e160
1.0 1e160 3.141592653589793
1.0 1e160 -3.141592653589793
1.0 3.141592653589793 -0.0
1.0 3.141592653589793 0.0
1.0 3.141592653589793 NaN
1.0 3.141592653589793 Infinity
1.0 3.141592653589793 -Infinity
1.0 3.141592653589793 1.0
1.0 3.141592653589793 -1.0
1.0 3.141592653589793 2.0
1.0 3.141592653589793 -2.0
1.0 3.141592653589793 0.5
1.0 3.141592653589793 -0.5
1.0 3.141592653589793 4.9406564584124654e-324
1.0 3.141592653589793 -4.9406564584124654e-324
1.0 3.141592653589793 2.2250738585072014e-308
1.0 3.141592653589793 -2.2250738585072014e-308
1.0 3.141592653589793 1.7976931348623157e308
1.0 3.141592653589793 -1.7976931348623157e308
1.0 3.141592653589793 1e-160
1.0 3.141592653589793 1e-16
1.0 3.141592653589793 1e16
1.0 3.141592653589793 1e160
1.0 3.141592653589793 3.141592653589793
1.0 3.141592653589793 -3.141592653589793
1.0 -3.141592653589793 -0.0
1.0 -3.141592653589793 0.0
1.0 -3.141592653589793 NaN
1.0 -3.141592653589793 Infinity
1.0 -3.141592653589793 -Infinity
1.0 -3.141592653589793 1.0
1.0 -3.141592653589793 -1.0
1.0 -3.141592653589793 2.0
1.0 -3.141592653589793 -2.0
1.0 -3.141592653589793 0.5
1.0 -3.141592653589793 -0.5
1.0 -3.141592653589793 4.9406564584124654e-324
1.0 -3.141592653589793 -4.9406564584124654e-324
1.0 -3.141592653589793 2.2250738585072014e-308
1.0 -3.141592653589793 -2.2250738585072014e-308
1.0 -3.141592653589793 1.7976931348623157e308
1.0 -3.141592653589793 -1.7976931348623157e308
1.0 -3.141592653589793 1e-160
1.0 -3.141592653589793 1e-16
1.0 -3.141592653589793 1e16
1.0 -3.141592653589793 1e160
1.0 -3.141592653589793 3.141592653589793
1.0 -3.141592653589793 -3.141592653589793
-1.0 -0.0 -0.0
-1.0 -0.0 0.0
-1.0 -0.0 NaN
-1.0 -0.0 Infinity
-1.0 -0.0 -Infinity
-1.0 -0.0 1.0
-1.0 -0.0 -1.0
-1.0 -0.0 2.0
-1.0 -0.0 -2.0
-1.0 -0.0 0.5
-1.0 -0.0 -0.5
-1.0 -0.0 4.9406564584124654e-324
-1.0 -0.0 -4.9406564584124654e-324
-1.0 -0.0 2.2250738585072014e-308
-1.0 -0.0 -2.2250738585072014e-308
-1.0 -0.0 1.7976931348623157e308
-1.0 -0.0 -1.7976931348623157e308
-1.0 -0.0 1e-160
-1.0 -0.0 1e-16
-1.0 -0.0 1e16
-1.0 -0.0 1e160
-1.0 -0.0 3.141592653589793
-1.0 -0.0 -3.141592653589793
-1.0 0.0 -0.0
-1.0 0.0 0.0
-1.0 0.0 NaN
-1.0 0.0 Infinity
-1.0 0.0 -Infinity
-1.0 0.0 1.0
-1.0 0.0 -1.0
-1.0 0.0 2.0
-1.0 0.0 -2.0
-1.0 0.0 0.5
-1.0 0.0 -0.5
-1.0 0.0 4.9406564584124654e-324
-1.0 0.0 -4.9406564584124654e-324
-1.0 0.0 2.2250738585072014e-308
-1.0 0.0 -2.2250738585072014e-308
-1.0 0.0 1.7976931348623157e308
-1.0 0.0 -1.7976931348623157e308
-1.0 0.0 1e-160
-1.0 0.0 1e-16
-1.0 0.0 1e16
-1.0 0.0 1e160
-1.0 0.0 3.141592653589793
-1.0 0.0 -3.141592653589793
-1.0 NaN -0.0
-1.0 NaN 0.0
-1.0 NaN NaN
-1.0 NaN Infinity
-1.0 NaN -Infinity
-1.0 NaN 1.0
-1.0 NaN -1.0
-1.0 NaN 2.0
-1.0 NaN -2.0
-1.0 NaN 0.5
-1.0 NaN -0.5
-1.0 NaN 4.9406564584124654e-324
-1.0 NaN -4.9406564584124654e-324
-1.0 NaN 2.2250738585072014e-308
-1.0 NaN -2.2250738585072014e-308
-1.0 NaN 1.7976931348623157e308
-1.0 NaN -1.7976931348623157e308
-1.0 NaN 1e-160
-1.0 NaN 1e-16
-1.0 NaN 1e16
-1.0 NaN 1e160
-1.0 NaN 3.141592653589793
-1.0 NaN -3.141592653589793
-1.0 Infinity -0.0
-1.0 Infinity 0.0
-1.0 Infinity NaN
-1.0 Infinity Infinity
-1.0 Infinity -Infinity
-1.0 Infinity 1.0
-1.0 Infinity -1.0
-1.0 Infinity 2.0
-1.0 Infinity -2.0
-1.0 Infinity 0.5
-1.0 Infinity -0.5
-1.0 Infinity 4.9406564584124654e-324
-1.0 Infinity -4.9406564584124654e-324
-1.0 Infinity 2.2250738585072014e-308
-1.0 Infinity -2.2250738585072014e-308
-1.0 Infinity 1.7976931348623157e308
-1.0 Infinity -1.7976931348623157e308
-1.0 Infinity 1e-160
-1.0 Infinity 1e-16
-1.0 Infinity 1e16
-1.0 Infinity 1e160
-1.0 Infinity 3.141592653589793
-1.0 Infinity -3.141592653589793
-1.0 -Infinity -0.0
-1.0 -Infinity 0.0
-1.0 -Infinity NaN
-1.0 -Infinity Infinity
-1.0 -Infinity -Infinity
-1.0 -Infinity 1.0
-1.0 -Infinity -1.0
-1.0 -Infinity 2.0
-1.0 -Infinity -2.0
-1.0 -Infinity 0.5
-1.0 -Infinity -0.5
-1.0 -Infinity 4.9406564584124654e-324
-1.0 -Infinity -4.9406564584124654e-324
-1.0 -Infinity 2.2250738585072014e-308
-1.0 -Infinity -2.2250738585072014e-308
-1.0 -Infinity 1.7976931348623157e308
-1.0 -Infinity -1.7976931348623157e308
-1.0 -Infinity 1e-160
-1.0 -Infinity 1e-16
-1.0 -Infinity 1e16
-1.0 -Infinity 1e160
-1.0 -Infinity 3.141592653589793
-1.0 -Infinity -3.141592653589793
-1.0 1.0 -0.0
-1.0 1.0 0.0
-1.0 1.0 NaN
-1.0 1.0 Infinity
-1.0 1.0 -Infinity
-1.0 1.0 1.0
-1.0 1.0 -1.0
-1.0 1.0 2.0
-1.0 1.0 -2.0
-1.0 1.0 0.5
-1.0 1.0 -0.5
-1.0 1.0 4.9406564584124654e-324
-1.0 1.0 -4.9406564584124654e-324
-1.0 1.0 2.2250738585072014e-308
-1.0 1.0 -2.2250738585072014e-308
-1.0 1.0 1.7976931348623157e308
-1.0 1.0 -1.7976931348623157e308
-1.0 1.0 1e-160
-1.0 1.0 1e-16
-1.0 1.0 1e16
-1.0 1.0 1e160
-1.0 1.0 3.141592653589793
-1.0 1.0 -3.141592653589793
-1.0 -1.0 -0.0
-1.0 -1.0 0.0
-1.0 -1.0 NaN
-1.0 -1.0 Infinity
-1.0 -1.0 -Infinity
-1.0 -1.0 1.0
-1.0 -1.0 -1.0
-1.0 -1.0 2.0
-1.0 -1.0 -2.0
-1.0 -1.0 0.5
-1.0 -1.0 -0.5
-1.0 -1.0 4.9406564584124654e-324
-1.0 -1.0 -4.9406564584124654e-324
-1.0 -1.0 2.2250738585072014e-308
-1.0 -1.0 -2.2250738585072014e-308
-1.0 -1.0 1.7976931348623157e308
-1.0 -1.0 -1.7976931348623157e308
-1.0 -1.0 1e-160
-1.0 -1.0 1e-16
-1.0 -1.0 1e16
-1.0 -1.0 1e160
-1.0 -1.0 3.141592653589793
-1.0 -1.0 -3.141592653589793
-1.0 2.0 -0.0
-1.0 2.0 0.0
-1.0 2.0 NaN
-1.0 2.0 Infinity
-1.0 2.0 -Infinity
-1.0 2.0 1.0
-1.0 2.0 -1.0
-1.0 2.0 2.0
-1.0 2.0 -2.0
-1.0 2.0 0.5
-1.0 2.0 -0.5
-1.0 2.0 4.9406564584124654e-324
-1.0 2.0 -4.9406564584124654e-324
-1.0 2.0 2.2250738585072014e-308
-1.0 2.0 -2.2250738585072014e-308
-1.0 2.0 1.7976931348623157e308
-1.0 2.0 -1.7976931348623157e308
-1.0 2.0 1e-160
-1.0 2.0 1e-16
-1.0 2.0 1e16
-1.0 2.0 1e160
-1.0 2.0 3.141592653589793
-1.0 2.0 -3.141592653589793
-1.0 -2.0 -0.0
-1.0 -2.0 0.0
-1.0 -2.0 NaN
-1.0 -2.0 Infinity
-1.0 -2.0 -Infinity
-1.0 -2.0 1.0
-1.0 -2.0 -1.0
-1.0 -2.0 2.0
-1.0 -2.0 -2.0
-1.0 -2.0 0.5
-1.0 -2.0 -0.5
-1.0 -2.0 4.9406564584124654e-324
-1.0 -2.0 -4.9406564584124654e-324
-1.0 -2.0 2.2250738585072014e-308
-1.0 -2.0 -2.2250738585072014e-308
-1.0 -2.0 1.7976931348623157e308
-1.0 -2.0 -1.7976931348623157e308
-1.0 -2.0 1e-160
-1.0 -2.0 1e-16
-1.0 -2.0 1e16
-1.0 -2.0 1e160
-1.0 -2.0 3.141592653589793
-1.0 -2.0 -3.141592653589793
-1.0 0.5 -0.0
-1.0 0.5 0.0
-1.0 0.5 NaN
-1.0 0.5 Infinity
-1.0 0.5 -Infinity
-1.0 0.5 1.0
-1.0 0.5 -1.0
-1.0 0.5 2.0
-1.0 0.5 -2.0
-1.0 0.5 0.5
-1.0 0.5 -0.5
-1.0 0.5 4.9406564584124654e-324
-1.0 0.5 -4.9406564584124654e-324
-1.0 0.5 2.2250738585072014e-308
-1.0 0.5 -2.2250738585072014e-308
-1.0 0.5 1.7976931348623157e308
-1.0 0.5 -1.7976931348623157e308
-1.0 0.5 1e-160
-1.0 0.5 1e-16
-1.0 0.5 1e16
-1.0 0.5 1e160
-1.0 0.5 3.141592653589793
-1.0 0.5 -3.141592653589793
-1.0 -0.5 -0.0
-1.0 -0.5 0.0
-1.0 -0.5 NaN
-1.0 -0.5 Infinity
-1.0 -0.5 -Infinity
-1.0 -0.5 1.0
-1.0 -0.5 -1.0
-1.0 -0.5 2.0
-1.0 -0.5 -2.0
-1.0 -0.5 0.5
-1.0 -0.5 -0.5
-1.0 -0.5 4.9406564584124654e-324
-1.0 -0.5 -4.9406564584124654e-324
-1.0 -0.5 2.2250738585072014e-308
-1.0 -0.5 -2.2250738585072014e-308
-1.0 -0.5 1.7976931348623157e308
-1.0 -0.5 -1.7976931348623157e308
-1.0 -0.5 1e-160
-1.0 -0.5 1e-16
-1.0 -0.5 1e16
-1.0 -0.5 1e160
-1.0 -0.5 3.141592653589793
-1.0 -0.5 -3.141592653589793
-1.0 4.9406564584124654e-324 -0.0
-1.0 4.9406564584124654e-324 0.0
-1.0 4.9406564584124654e-324 NaN
-1.0 4.9406564584124654e-324 Infinity
-1.0 4.9406564584124654e-324 -Infinity
-1.0 4.9406564584124654e-324 1.0
-1.0 4.9406564584124654e-324 -1.0
-1.0 4.9406564584124654e-324 2.0
-1.0 4.9406564584124654e-324 -2.0
-1.0 4.9406564584124654e-324 0.5
-1.0 4.9406564584124654e-324 -0.5
-1.0 4.9406564584124654e-324 4.9406564584124654e-324
-1.0 4.9406564584124654e-324 -4.9406564584124654e-324
-1.0 4.9406564584124654e-324 2.2250738585072014e-308
-1.0 4.9406564584124654e-324 -2.2250738585072014e-308
-1.0 4.9406564584124654e-324 1.7976931348623157e308
-1.0 4.9406564584124654e-324 -1.7976931348623157e308
-1.0 4.9406564584124654e-324 1e-160
-1.0 4.9406564584124654e-324 1e-16
-1.0 4.9406564584124654e-324 1e16
-1.0 4.9406564584124654e-324 1e160
-1.0 4.9406564584124654e-324 3.141592653589793
-1.0 4.9406564584124654e-324 -3.141592653589793
-1.0 -4.9406564584124654e-324 -0.0
-1.0 -4.9406564584124654e-324 0.0
-1.0 -4.9406564584124654e-324 NaN
-1.0 -4.9406564584124654e-324 Infinity
-1.0 -4.9406564584124654e-324 -Infinity
-1.0 -4.9406564584124654e-324 1.0
-1.0 -4.9406564584124654e-324 -1.0
-1.0 -4.9406564584124654e-324 2.0
-1.0 -4.9406564584124654e-324 -2.0
-1.0 -4.9406564584124654e-324 0.5
-1.0 -4.9406564584124654e-324 -0.5
-1.0 -4.9406564584124654e-324 4.9406564584124654e-324
-1.0 -4.9406564584124654e-324 -4.9406564584124654e-324
-1.0 -4.9406564584124654e-324 2.2250738585072014e-308
-1.0 -4.9406564584124654e-324 -2.2250738585072014e-308
-1.0 -4.9406564584124654e-324 1.7976931348623157e308
-1.0 -4.9406564584124654e-324 -1.7976931348623157e308
-1.0 -4.9406564584124654e-324 1e-160
-1.0 -4.9406564584124654e-324 1e-16
-1.0 -4.9406564584124654e-324 1e16
-1.0 -4.9406564584124654e-324 1e160
-1.0 -4.9406564584124654e-324 3.141592653589793
-1.0 -4.9406564584124654e-324 -3.141592653589793
-1.0 2.2250738585072014e-308 -0.0
-1.0 2.2250738585072014e-308 0.0
-1.0 2.2250738585072014e-308 NaN
-1.0 2.2250738585072014e-308 Infinity
-1.0 2.2250738585072014e-308 -Infinity
-1.0 2.2250738585072014e-308 1.0
-1.0 2.2250738585072014e-308 -1.0
-1.0 2.2250738585072014e-308 2.0
-1.0 2.2250738585072014e-308 -2.0
-1.0 2.2250738585072014e-308 0.5
-1.0 2.2250738585072014e-308 -0.5
-1.0 2.2250738585072014e-308 4.9406564584124654e-324
-1.0 2.2250738585072014e-308 -4.9406564584124654e-324
-1.0 2.2250738585072014e-308 2.2250738585072014e-308
-1.0 2.2250738585072014e-308 -2.2250738585072014e-308
-1.0 2.2250738585072014e-308 1.7976931348623157e308
-1.0 2.2250738585072014e-308 -1.7976931348623157e308
-1.0 2.2250738585072014e-308 1e-160
-1.0 2.2250738585072014e-308 1e-16
-1.0 2.2250738585072014e-308 1e16
-1.0 2.2250738585072014e-308 1e160
-1.0 2.2250738585072014e-308 3.141592653589793
-1.0 2.2250738585072014e-308 -3.141592653589793
-1.0 -2.2250738585072014e-308 -0.0
-1.0 -2.2250738585072014e-308 0.0
-1.0 -2.2250738585072014e-308 NaN
-1.0 -2.2250738585072014e-308 Infinity
-1.0 -2.2250738585072014e-308 -Infinity
-1.0 -2.2250738585072014e-308 1.0
-1.0 -2.2250738585072014e-308 -1.0
-1.0 -2.2250738585072014e-308 2.0
-1.0 -2.2250738585072014e-308 -2.0
-1.0 -2.2250738585072014e-308 0.5
-1.0 -2.2250738585072014e-308 -0.5
-1.0 -2.2250738585072014e-308 4.9406564584124654e-324
-1.0 -2.2250738585072014e-308 -4.9406564584124654e-324
-1.0 -2.2250738585072014e-308 2.2250738585072014e-308
-1.0 -2.2250738585072014e-308 -2.2250738585072014e-308
-1.0 -2.2250738585072014e-308 1.7976931348623157e308
-1.0 -2.2250738585072014e-308 -1.7976931348623157e308
-1.0 -2.2250738585072014e-308 1e-160
-1.0 -2.2250738585072014e-308 1e-16
-1.0 -2.2250738585072014e-308 1e16
-1.0 -2.2250738585072014e-308 1e160
-1.0 -2.2250738585072014e-308 3.141592653589793
-1.0 -2.2250738585072014e-308 -3.141592653589793
-1.0 1.7976931348623157e308 -0.0
-1.0 1.7976931348623157e308 0.0
-1.0 1.7976931348623157e308 NaN
-1.0 1.7976931348623157e308 Infinity
-1.0 1.7976931348623157e308 -Infinity
-1.0 1.7976931348623157e308 1.0
-1.0 1.7976931348623157e308 -1.0
-1.0 1.7976931348623157e308 2.0
-1.0 1.7976931348623157e308 -2.0
-1.0 1.7976931348623157e308 0.5
-1.0 1.7976931348623157e308 -0.5
-1.0 1.7976931348623157e308 4.9406564584124654e-324
-1.0 1.7976931348623157e308 -4.9406564584124654e-324
-1.0 1.7976931348623157e308 2.2250738585072014e-308
-1.0 1.7976931348623157e308 -2.2250738585072014e-308
-1.0 1.7976931348623157e308 1.7976931348623157e308
-1.0 1.7976931348623157e308 -1.7976931348623157e308
-1.0 1.7976931348623157e308 1e-160
-1.0 1.7976931348623157e308 1e-16
-1.0 1.7976931348623157e308 1e16
-1.0 1.7976931348623157e308 1e160
-1.0 1.7976931348623157e308 3.141592653589793
-1.0 1.7976931348623157e308 -3.141592653589793
-1.0 -1.7976931348623157e308 -0.0
-1.0 -1.7976931348623157e308 0.0
-1.0 -1.7976931348623157e308 NaN
-1.0 -1.7976931348623157e308 Infinity
-1.0 -1.7976931348623157e308 -Infinity
-1.0 -1.7976931348623157e308 1.0
-1.0 -1.7976931348623157e308 -1.0
-1.0 -1.7976931348623157e308 2.0
-1.0 -1.7976931348623157e308 -2.0
-1.0 -1.7976931348623157e308 0.5
-1.0 -1.7976931348623157e308 -0.5
-1.0 -1.7976931348623157e308 4.9406564584124654e-324
-1.0 -1.7976931348623157e308 -4.9406564584124654e-324
-1.0 -1.7976931348623157e308 2.2250738585072014e-308
-1.0 -1.7976931348623157e308 -2.2250738585072014e-308
-1.0 -1.7976931348623157e308 1.7976931348623157e308
-1.0 -1.7976931348623157e308 -1.7976931348623157e308
-1.0 -1.7976931348623157e308 1e-160
-1.0 -1.7976931348623157e308 1e-16
-1.0 -1.7976931348623157e308 1e16
-1.0 -1.7976931348623157e308 1e160
-1.0 -1.7976931348623157e308 3.141592653589793
-1.0 -1.7976931348623157e308 -3.141592653589793
-1.0 1e-160 -0.0
-1.0 1e-160 0.0
-1.0 1e-160 NaN
-1.0 1e-160 Infinity
-1.0 1e-160 -Infinity
-1.0 1e-160 1.0
-1.0 1e-160 -1.0
-1.0 1e-160 2.0
-1.0 1e-160 -2.0
-1.0 1e-160 0.5
-1.0 1e-160 -0.5
-1.0 1e-160 4.9406564584124654e-324
-1.0 1e-160 -4.9406564584124654e-324
-1.0 1e-160 2.2250738585072014e-308
-1.0 1e-160 -2.2250738585072014e-308
-1.0 1e-160 1.7976931348623157e308
-1.0 1e-160 -1.7976931348623157e308
-1.0 1e-160 1e-160
-1.0 1e-160 1e-16
-1.0 1e-160 1e16
-1.0 1e-160 1e160
-1.0 1e-160 3.141592653589793
-1.0 1e-160 -3.141592653589793
-1.0 1e-16 -0.0
-1.0 1e-16 0.0
-1.0 1e-16 NaN
-1.0 1e-16 Infinity
-1.0 1e-16 -Infinity
-1.0 1e-16 1.0
-1.0 1e-16 -1.0
-1.0 1e-16 2.0
-1.0 1e-16 -2.0
-1.0 1e-16 0.5
-1.0 1e-16 -0.5
-1.0 1e-16 4.9406564584124654e-324
-1.0 1e-16 -4.9406564584124654e-324
-1.0 1e-16 2.2250738585072014e-308
-1.0 1e-16 -2.2250738585072014e-308
-1.0 1e-16 1.7976931348623157e308
-1.0 1e-16 -1.7976931348623157e308
-1.0 1e-16 1e-160
-1.0 1e-16 1e-16
-1.0 1e-16 1e16
-1.0 1e-16 1e160
-1.0 1e-16 3.141592653589793
-1.0 1e-16 -3.141592653589793
-1.0 1e16 -0.0
-1.0 1e16 0.0
-1.0 1e16 NaN
-1.0 1e16 Infinity
-1.0 1e16 -Infinity
-1.0 1e16 1.0
-1.0 1e16 -1.0
-1.0 1e16 2.0
-1.0 1e16 -2.0
-1.0 1e16 0.5
-1.0 1e16 -0.5
-1.0 1e16 4.9406564584124654e-324
-1.0 1e16 -4.9406564584124654e-324
-1.0 1e16 2.2250738585072014e-308
-1.0 1e16 -2.2250738585072014e-308
-1.0 1e16 1.7976931348623157e308
-1.0 1e16 -1.7976931348623157e308
-1.0 1e16 1e-160
-1.0 1e16 1e-16
-1.0 1e16 1e16
-1.0 1e16 1e160
-1.0 1e16 3.141592653589793
-1.0 1e16 -3.141592653589793
-1.0 1e160 -0.0
-1.0 1e160 0.0
-1.0 1e160 NaN
-1.0 1e160 Infinity
-1.0 1e160 -Infinity
-1.0 1e160 1.0
-1.0 1e160 -1.0
-1.0 1e160 2.0
-1.0 1e160 -2.0
-1.0 1e160 0.5
-1.0 1e160 -0.5
-1.0 1e160 4.9406564584124654e-324
-1.0 1e160 -4.9406564584124654e-324
-1.0 1e160 2.2250738585072014e-308
-1.0 1e160 -2.2250738585072014e-308
-1.0 1e160 1.7976931348623157e308
-1.0 1e160 -1.7976931348623157e308
-1.0 1e160 1e-160
-1.0 1e160 1e-16
-1.0 1e160 1e16
-1.0 1e160 1e160
-1.0 1e160 3.141592653589793
-1.0 1e160 -3.141592653589793
-1.0 3.141592653589793 -0.0
-1.0 3.141592653589793 0.0
-1.0 3.141592653589793 NaN
-1.0 3.141592653589793 Infinity
-1.0 3.141592653589793 -Infinity
-1.0 3.141592653589793 1.0
-1.0 3.141592653589793 -1.0
-1.0 3.141592653589793 2.0
-1.0 3.141592653589793 -2.0
-1.0 3.141592653589793 0.5
-1.0 3.141592653589793 -0.5
-1.0 3.141592653589793 4.9406564584124654e-324
-1.0 3.141592653589793 -4.9406564584124654e-324
-1.0 3.141592653589793 2.2250738585072014e-308
-1.0 3.141592653589793 -2.2250738585072014e-308
-1.0 3.141592653589793 1.7976931348623157e308
-1.0 3.141592653589793 -1.7976931348623157e308
-1.0 3.141592653589793 1e-160
-1.0 3.141592653589793 1e-16
-1.0 3.141592653589793 1e16
-1.0 3.141592653589793 1e160
-1.0 3.141592653589793 3.141592653589793
-1.0 3.141592653589793 -3.141592653589793
-1.0 -3.141592653589793 -0.0
-1.0 -3.141592653589793 0.0
-1.0 -3.141592653589793 NaN
-1.0 -3.141592653589793 Infinity
-1.0 -3.141592653589793 -Infinity
-1.0 -3.141592653589793 1.0
-1.0 -3.141592653589793 -1.0
-1.0 -3.141592653589793 2.0
-1.0 -3.141592653589793 -2.0
-1.0 -3.141592653589793 0.5
-1.0 -3.141592653589793 -0.5
-1.0 -3.141592653589793 4.9406564584124654e-324
-1.0 -3.141592653589793 -4.9406564584124654e-324
-1.0 -3.141592653589793 2.2250738585072014e-308
-1.0 -3.141592653589793 -2.2250738585072014e-308
-1.0 -3.141592653589793 1.7976931348623157e308
-1.0 -3.141592653589793 -1.7976931348623157e308
-1.0 -3.141592653589793 1e-160
-1.0 -3.141592653589793 1e-16
-1.0 -3.141592653589793 1e16
-1.0 -3.141592653589793 1e160
-1.0 -3.141592653589793 3.141592653589793
-1.0 -3.141592653589793 -3.141592653589793
2.0 -0.0 -0.0
2.0 -0.0 0.0
2.0 -0.0 NaN
2.0 -0.0 Infinity
2.0 -0.0 -Infinity
2.0 -0.0 1.0
2.0 -0.0 -1.0
2.0 -0.0 2.0
2.0 -0.0 -2.0
2.0 -0.0 0.5
2.0 -0.0 -0.5
2.0 -0.0 4.9406564584124654e-324
2.0 -0.0 -4.9406564584124654e-324
2.0 -0.0 2.2250738585072014e-308
2.0 -0.0 -2.2250738585072014e-308
2.0 -0.0 1.7976931348623157e308
2.0 -0.0 -1.7976931348623157e308
2.0 -0.0 1e-160
2.0 -0.0 1e-16
2.0 -0.0 1e16
2.0 -0.0 1e160
2.0 -0.0 3.141592653589793
2.0 -0.0 -3.141592653589793
2.0 0.0 -0.0
2.0 0.0 0.0
2.0 0.0 NaN
2.0 0.0 Infinity
2.0 0.0 -Infinity
2.0 0.0 1.0
2.0 0.0 -1.0
2.0 0.0 2.0
2.0 0.0 -2.0
2.0 0.0 0.5
2.0 0.0 -0.5
2.0 0.0 4.9406564584124654e-324
2.0 0.0 -4.9406564584124654e-324
2.0 0.0 2.2250738585072014e-308
2.0 0.0 -2.2250738585072014e-308
2.0 0.0 1.7976931348623157e308
2.0 0.0 -1.7976931348623157e308
2.0 0.0 1e-160
2.0 0.0 1e-16
2.0 0.0 1e16
2.0 0.0 1e160
2.0 0.0 3.141592653589793
2.0 0.0 -3.141592653589793
2.0 NaN -0.0
2.0 NaN 0.0
2.0 NaN NaN
2.0 NaN Infinity
2.0 NaN -Infinity
2.0 NaN 1.0
2.0 NaN -1.0
2.0 NaN 2.0
2.0 NaN -2.0
2.0 NaN 0.5
2.0 NaN -0.5
2.0 NaN 4.9406564584124654e-324
2.0 NaN -4.9406564584124654e-324
2.0 NaN 2.2250738585072014e-308
2.0 NaN -2.2250738585072014e-308
2.0 NaN 1.7976931348623157e308
2.0 NaN -1.7976931348623157e308
2.0 NaN 1e-160
2.0 NaN 1e-16
2.0 NaN 1e16
2.0 NaN 1e160
2.0 NaN 3.141592653589793
2.0 NaN -3.141592653589793
2.0 Infinity -0.0
2.0 Infinity 0.0
2.0 Infinity NaN
2.0 Infinity Infinity
2.0 Infinity -Infinity
2.0 Infinity 1.0
2.0 Infinity -1.0
2.0 Infinity 2.0
2.0 Infinity -2.0
2.0 Infinity 0.5
2.0 Infinity -0.5
2.0 Infinity 4.9406564584124654e-324
2.0 Infinity -4.9406564584124654e-324
2.0 Infinity 2.2250738585072014e-308
2.0 Infinity -2.2250738585072014e-308
2.0 Infinity 1.7976931348623157e308
2.0 Infinity -1.7976931348623157e308
2.0 Infinity 1e-160
2.0 Infinity 1e-16
2.0 Infinity 1e16
2.0 Infinity 1e160
2.0 Infinity 3.141592653589793
2.0 Infinity -3.141592653589793
2.0 -Infinity -0.0
2.0 -Infinity 0.0
2.0 -Infinity NaN
2.0 -Infinity Infinity
2.0 -Infinity -Infinity
2.0 -Infinity 1.0
2.0 -Infinity -1.0
2.0 -Infinity 2.0
2.0 -Infinity -2.0
2.0 -Infinity 0.5
2.0 -Infinity -0.5
2.0 -Infinity 4.9406564584124654e-324
2.0 -Infinity -4.9406564584124654e-324
2.0 -Infinity 2.2250738585072014e-308
2.0 -Infinity -2.2250738585072014e-308
2.0 -Infinity 1.7976931348623157e308
2.0 -Infinity -1.7976931348623157e308
2.0 -Infinity 1e-160
2.0 -Infinity 1e-16
2.0 -Infinity 1e16
2.0 -Infinity 1e160
2.0 -Infinity 3.141592653589793
2.0 -Infinity -3.141592653589793
2.0 1.0 -0.0
2.0 1.0 0.0
2.0 1.0 NaN
2.0 1.0 Infinity
2.0 1.0 -Infinity
2.0 1.0 1.0
2.0 1.0 -1.0
2.0 1.0 2.0
2.0 1.0 -2.0
2.0 1.0 0.5
2.0 1.0 -0.5
2.0 1.0 4.9406564584124654e-324
2.0 1.0 -4.9406564584124654e-324
2.0 1.0 2.2250738585072014e-308
2.0 1.0 -2.2250738585072014e-308
2.0 1.0 1.7976931348623157e308
2.0 1.0 -1.7976931348623157e308
2.0 1.0 1e-160
2.0 1.0 1e-16
2.0 1.0 1e16
2.0 1.0 1e160
2.0 1.0 3.141592653589793
2.0 1.0 -3.141592653589793
2.0 -1.0 -0.0
2.0 -1.0 0.0
2.0 -1.0 NaN
2.0 -1.0 Infinity
2.0 -1.0 -Infinity
2.0 -1.0 1.0
2.0 -1.0 -1.0
2.0 -1.0 2.0
2.0 -1.0 -2.0
2.0 -1.0 0.5
2.0 -1.0 -0.5
2.0 -1.0 4.9406564584124654e-324
2.0 -1.0 -4.9406564584124654e-324
2.0 -1.0 2.2250738585072014e-308
2.0 -1.0 -2.2250738585072014e-308
2.0 -1.0 1.7976931348623157e308
2.0 -1.0 -1.7976931348623157e308
2.0 -1.0 1e-160
2.0 -1.0 1e-16
2.0 -1.0 1e16
2.0 -1.0 1e160
2.0 -1.0 3.141592653589793
2.0 -1.0 -3.141592653589793
2.0 2.0 -0.0
2.0 2.0 0.0
2.0 2.0 NaN
2.0 2.0 Infinity
2.0 2.0 -Infinity
2.0 2.0 1.0
2.0 2.0 -1.0
2.0 2.0 2.0
2.0 2.0 -2.0
2.0 2.0 0.5
2.0 2.0 -0.5
2.0 2.0 4.9406564584124654e-324
2.0 2.0 -4.9406564584124654e-324
2.0 2.0 2.2250738585072014e-308
2.0 2.0 -2.2250738585072014e-308
2.0 2.0 1.7976931348623157e308
2.0 2.0 -1.7976931348623157e308
2.0 2.0 1e-160
2.0 2.0 1e-16
2.0 2.0 1e16
2.0 2.0 1e160
2.0 2.0 3.141592653589793
2.0 2.0 -3.141592653589793
2.0 -2.0 -0.0
2.0 -2.0 0.0
2.0 -2.0 NaN
2.0 -2.0 Infinity
2.0 -2.0 -Infinity
2.0 -2.0 1.0
2.0 -2.0 -1.0
2.0 -2.0 2.0
2.0 -2.0 -2.0
2.0 -2.0 0.5
2.0 -2.0 -0.5
2.0 -2.0 4.9406564584124654e-324
2.0 -2.0 -4.9406564584124654e-324
2.0 -2.0 2.2250738585072014e-308
2.0 -2.0 -2.2250738585072014e-308
2.0 -2.0 1.7976931348623157e308
2.0 -2.0 -1.7976931348623157e308
2.0 -2.0 1e-160
2.0 -2.0 1e-16
2.0 -2.0 1e16
2.0 -2.0 1e160
2.0 -2.0 3.141592653589793
2.0 -2.0 -3.141592653589793
2.0 0.5 -0.0
2.0 0.5 0.0
2.0 0.5 NaN
2.0 0.5 Infinity
2.0 0.5 -Infinity
2.0 0.5 1.0
2.0 0.5 -1.0
2.0 0.5 2.0
2.0 0.5 -2.0
2.0 0.5 0.5
2.0 0.5 -0.5
2.0 0.5 4.9406564584124654e-324
2.0 0.5 -4.9406564584124654e-324
2.0 0.5 2.2250738585072014e-308
2.0 0.5 -2.2250738585072014e-308
2.0 0.5 1.7976931348623157e308
2.0 0.5 -1.7976931348623157e308
2.0 0.5 1e-160
2.0 0.5 1e-16
2.0 0.5 1e16
2.0 0.5 1e160
2.0 0.5 3.141592653589793
2.0 0.5 -3.141592653589793
2.0 -0.5 -0.0
2.0 -0.5 0.0
2.0 -0.5 NaN
2.0 -0.5 Infinity
2.0 -0.5 -Infinity
2.0 -0.5 1.0
2.0 -0.5 -1.0
2.0 -0.5 2.0
2.0 -0.5 -2.0
2.0 -0.5 0.5
2.0 -0.5 -0.5
2.0 -0.5 4.9406564584124654e-324
2.0 -0.5 -4.9406564584124654e-324
2.0 -0.5 2.2250738585072014e-308
2.0 -0.5 -2.2250738585072014e-308
2.0 -0.5 1.7976931348623157e308
2.0 -0.5 -1.7976931348623157e308
2.0 -0.5 1e-160
2.0 -0.5 1e-16
2.0 -0.5 1e16
2.0 -0.5 1e160
2.0 -0.5 3.141592653589793
2.0 -0.5 -3.141592653589793
2.0 4.9406564584124654e-324 -0.0
2.0 4.9406564584124654e-324 0.0
2.0 4.9406564584124654e-324 NaN
2.0 4.9406564584124654e-324 Infinity
2.0 4.9406564584124654e-324 -Infinity
2.0 4.9406564584124654e-324 1.0
2.0 4.9406564584124654e-324 -1.0
2.0 4.9406564584124654e-324 2.0
2.0 4.9406564584124654e-324 -2.0
2.0 4.9406564584124654e-324 0.5
2.0 4.9406564584124654e-324 -0.5
2.0 4.9406564584124654e-324 4.9406564584124654e-324
2.0 4.9406564584124654e-324 -4.9406564584124654e-324
2.0 4.9406564584124654e-324 2.2250738585072014e-308
2.0 4.9406564584124654e-324 -2.2250738585072014e-308
2.0 4.9406564584124654e-324 1.7976931348623157e308
2.0 4.9406564584124654e-324 -1.7976931348623157e308
2.0 4.9406564584124654e-324 1e-160
2.0 4.9406564584124654e-324 1e-16
2.0 4.9406564584124654e-324 1e16
2.0 4.9406564584124654e-324 1e160
2.0 4.9406564584124654e-324 3.141592653589793
2.0 4.9406564584124654e-324 -3.141592653589793
2.0 -4.9406564584124654e-324 -0.0
2.0 -4.9406564584124654e-324 0.0
2.0 -4.9406564584124654e-324 NaN
2.0 -4.9406564584124654e-324 Infinity
2.0 -4.9406564584124654e-324 -Infinity
2.0 -4.9406564584124654e-324 1.0
2.0 -4.9406564584124654e-324 -1.0
2.0 -4.9406564584124654e-324 2.0
2.0 -4.9406564584124654e-324 -2.0
2.0 -4.9406564584124654e-324 0.5
2.0 -4.9406564584124654e-324 -0.5
2.0 -4.9406564584124654e-324 4.9406564584124654e-324
2.0 -4.9406564584124654e-324 -4.9406564584124654e-324
2.0 -4.9406564584124654e-324 2.2250738585072014e-308
2.0 -4.9406564584124654e-324 -2.2250738585072014e-308
2.0 -4.9406564584124654e-324 1.7976931348623157e308
2.0 -4.9406564584124654e-324 -1.7976931348623157e308
2.0 -4.9406564584124654e-324 1e-160
2.0 -4.9406564584124654e-324 1e-16
2.0 -4.9406564584124654e-324 1e16
2.0 -4.9406564584124654e-324 1e160
2.0 -4.9406564584124654e-324 3.141592653589793
2.0 -4.9406564584124654e-324 -3.141592653589793
2.0 2.2250738585072014e-308 -0.0
2.0 2.2250738585072014e-308 0.0
2.0 2.2250738585072014e-308 NaN
2.0 2.2250738585072014e-308 Infinity
2.0 2.2250738585072014e-308 -Infinity
2.0 2.2250738585072014e-308 1.0
2.0 2.2250738585072014e-308 -1.0
2.0 2.2250738585072014e-308 2.0
2.0 2.2250738585072014e-308 -2.0
2.0 2.2250738585072014e-308 0.5
2.0 2.2250738585072014e-308 -0.5
2.0 2.2250738585072014e-308 4.9406564584124654e-324
2.0 2.2250738585072014e-308 -4.9406564584124654e-324
2.0 2.2250738585072014e-308 2.2250738585072014e-308
2.0 2.2250738585072014e-308 -2.2250738585072014e-308
2.0 2.2250738585072014e-308 1.7976931348623157e308
2.0 2.2250738585072014e-308 -1.7976931348623157e308
2.0 2.2250738585072014e-308 1e-160
2.0 2.2250738585072014e-308 1e-16
2.0 2.2250738585072014e-308 1e16
2.0 2.2250738585072014e-308 1e160
2.0 2.2250738585072014e-308 3.141592653589793
2.0 2.2250738585072014e-308 -3.141592653589793
2.0 -2.2250738585072014e-308 -0.0
2.0 -2.2250738585072014e-308 0.0
2.0 -2.2250738585072014e-308 NaN
2.0 -2.2250738585072014e-308 Infinity
2.0 -2.2250738585072014e-308 -Infinity
2.0 -2.2250738585072014e-308 1.0
2.0 -2.2250738585072014e-308 -1.0
2.0 -2.2250738585072014e-308 2.0
2.0 -2.2250738585072014e-308 -2.0
2.0 -2.2250738585072014e-308 0.5
2.0 -2.2250738585072014e-308 -0.5
2.0 -2.2250738585072014e-308 4.9406564584124654e-324
2.0 -2.2250738585072014e-308 -4.9406564584124654e-324
2.0 -2.2250738585072014e-308 2.2250738585072014e-308
2.0 -2.2250738585072014e-308 -2.2250738585072014e-308
2.0 -2.2250738585072014e-308 1.7976931348623157e308
2.0 -2.2250738585072014e-308 -1.7976931348623157e308
2.0 -2.2250738585072014e-308 1e-160
2.0 -2.2250738585072014e-308 1e-16
2.0 -2.2250738585072014e-308 1e16
2.0 -2.2250738585072014e-308 1e160
2.0 -2.2250738585072014e-308 3.141592653589793
2.0 -2.2250738585072014e-308 -3.141592653589793
2.0 1.7976931348623157e308 -0.0
2.0 1.7976931348623157e308 0.0
2.0 1.7976931348623157e308 NaN
2.0 1.7976931348623157e308 Infinity
2.0 1.7976931348623157e308 -Infinity
2.0 1.7976931348623157e308 1.0
2.0 1.7976931348623157e308 -1.0
2.0 1.7976931348623157e308 2.0
2.0 1.7976931348623157e308 -2.0
2.0 1.7976931348623157e308 0.5
2.0 1.7976931348623157e308 -0.5
2.0 1.7976931348623157e308 4.9406564584124654e-324
2.0 1.7976931348623157e308 -4.9406564584124654e-324
2.0 1.7976931348623157e308 2.2250738585072014e-308
2.0 1.7976931348623157e308 -2.2250738585072014e-308
2.0 1.7976931348623157e308 1.7976931348623157e308
2.0 1.7976931348623157e308 -1.7976931348623157e308
2.0 1.7976931348623157e308 1e-160
2.0 1.7976931348623157e308 1e-16
2.0 1.7976931348623157e308 1e16
2.0 1.7976931348623157e308 1e160
2.0 1.7976931348623157e308 3.141592653589793
2.0 1.7976931348623157e308 -3.141592653589793
2.0 -1.7976931348623157e308 -0.0
2.0 -1.7976931348623157e308 0.0
2.0 -1.7976931348623157e308 NaN
2.0 -1.7976931348623157e308 Infinity
2.0 -1.7976931348623157e308 -Infinity
2.0 -1.7976931348623157e308 1.0
2.0 -1.7976931348623157e308 -1.0
2.0 -1.7976931348623157e308 2.0
2.0 -1.7976931348623157e308 -2.0
2.0 -1.7976931348623157e308 0.5
2.0 -1.7976931348623157e308 -0.5
2.0 -1.7976931348623157e308 4.9406564584124654e-324
2.0 -1.7976931348623157e308 -4.9406564584124654e-324
2.0 -1.7976931348623157e308 2.2250738585072014e-308
2.0 -1.7976931348623157e308 -2.2250738585072014e-308
2.0 -1.7976931348623157e308 1.7976931348623157e308
2.0 -1.7976931348623157e308 -1.7976931348623157e308
2.0 -1.7976931348623157e308 1e-160
2.0 -1.7976931348623157e308 1e-16
2.0 -1.7976931348623157e308 1e16
2.0 -1.7976931348623157e308 1e160
2.0 -1.7976931348623157e308 3.141592653589793
2.0 -1.7976931348623157e308 -3.141592653589793
2.0 1e-160 -0.0
2.0 1e-160 0.0
2.0 1e-160 NaN
2.0 1e-160 Infinity
2.0 1e-160 -Infinity
2.0 1e-160 1.0
2.0 1e-160 -1.0
2.0 1e-160 2.0
2.0 1e-160 -2.0
2.0 1e-160 0.5
2.0 1e-160 -0.5
2.0 1e-160 4.9406564584124654e-324
2.0 1e-160 -4.9406564584124654e-324
2.0 1e-160 2.2250738585072014e-308
2.0 1e-160 -2.2250738585072014e-308
2.0 1e-160 1.7976931348623157e308
2.0 1e-160 -1.7976931348623157e308
2.0 1e-160 1e-160
2.0 1e-160 1e-16
2.0 1e-160 1e16
2.0 1e-160 1e160
2.0 1e-160 3.141592653589793
2.0 1e-160 -3.141592653589793
2.0 1e-16 -0.0
2.0 1e-16 0.0
2.0 1e-16 NaN
2.0 1e-16 Infinity
2.0 1e-16 -Infinity
2.0 1e-16 1.0
2.0 1e-16 -1.0
2.0 1e-16 2.0
2.0 1e-16 -2.0
2.0 1e-16 0.5
2.0 1e-16 -0.5
2.0 1e-16 4.9406564584124654e-324
2.0 1e-16 -4.9406564584124654e-324
2.0 1e-16 2.2250738585072014e-308
2.0 1e-16 -2.2250738585072014e-308
2.0 1e-16 1.7976931348623157e308
2.0 1e-16 -1.7976931348623157e308
2.0 1e-16 1e-160
2.0 1e-16 1e-16
2.0 1e-16 1e16
2.0 1e-16 1e160
2.0 1e-16 3.141592653589793
2.0 1e-16 -3.141592653589793
2.0 1e16 -0.0
2.0 1e16 0.0
2.0 1e16 NaN
2.0 1e16 Infinity
2.0 1e16 -Infinity
2.0 1e16 1.0
2.0 1e16 -1.0
2.0 1e16 2.0
2.0 1e16 -2.0
2.0 1e16 0.5
2.0 1e16 -0.5
2.0 1e16 4.9406564584124654e-324
2.0 1e16 -4.9406564584124654e-324
2.0 1e16 2.2250738585072014e-308
2.0 1e16 -2.2250738585072014e-308
2.0 1e16 1.7976931348623157e308
2.0 1e16 -1.7976931348623157e308
2.0 1e16 1e-160
2.0 1e16 1e-16
2.0 1e16 1e16
2.0 1e16 1e160
2.0 1e16 3.141592653589793
2.0 1e16 -3.141592653589793
2.0 1e160 -0.0
2.0 1e160 0.0
2.0 1e160 NaN
2.0 1e160 Infinity
2.0 1e160 -Infinity
2.0 1e160 1.0
2.0 1e160 -1.0
2.0 1e160 2.0
2.0 1e160 -2.0
2.0 1e160 0.5
2.0 1e160 -0.5
2.0 1e160 4.9406564584124654e-324
2.0 1e160 -4.9406564584124654e-324
2.0 1e160 2.2250738585072014e-308
2.0 1e160 -2.2250738585072014e-308
2.0 1e160 1.7976931348623157e308
2.0 1e160 -1.7976931348623157e308
2.0 1e160 1e-160
2.0 1e160 1e-16
2.0 1e160 1e16
2.0 1e160 1e160
2.0 1e160 3.141592653589793
2.0 1e160 -3.141592653589793
2.0 3.141592653589793 -0.0
2.0 3.141592653589793 0.0
2.0 3.141592653589793 NaN
2.0 3.141592653589793 Infinity
2.0 3.141592653589793 -Infinity
2.0 3.141592653589793 1.0
2.0 3.141592653589793 -1.0
2.0 3.141592653589793 2.0
2.0 3.141592653589793 -2.0
2.0 3.141592653589793 0.5
2.0 3.141592653589793 -0.5
2.0 3.141592653589793 4.9406564584124654e-324
2.0 3.141592653589793 -4.9406564584124654e-324
2.0 3.141592653589793 2.2250738585072014e-308
2.0 3.141592653589793 -2.2250738585072014e-308
2.0 3.141592653589793 1.7976931348623157e308
2.0 3.141592653589793 -1.7976931348623157e308
2.0 3.141592653589793 1e-160
2.0 3.141592653589793 1e-16
2.0 3.141592653589793 1e16
2.0 3.141592653589793 1e160
2.0 3.141592653589793 3.141592653589793
2.0 3.141592653589793 -3.141592653589793
2.0 -3.141592653589793 -0.0
2.0 -3.141592653589793 0.0
2.0 -3.141592653589793 NaN
2.0 -3.141592653589793 Infinity
2.0 -3.141592653589793 -Infinity
2.0 -3.141592653589793 1.0
2.0 -3.141592653589793 -1.0
2.0 -3.141592653589793 2.0
2.0 -3.141592653589793 -2.0
2.0 -3.141592653589793 0.5
2.0 -3.141592653589793 -0.5
2.0 -3.141592653589793 4.9406564584124654e-324
2.0 -3.141592653589793 -4.9406564584124654e-324
2.0 -3.141592653589793 2.2250738585072014e-308
2.0 -3.141592653589793 -2.2250738585072014e-308
2.0 -3.141592653589793 1.7976931348623157e308
2.0 -3.141592653589793 -1.7976931348623157e308
2.0 -3.141592653589793 1e-160
2.0 -3.141592653589793 1e-16
2.0 -3.141592653589793 1e16
2.0 -3.141592653589793 1e160
2.0 -3.141592653589793 3.141592653589793
2.0 -3.141592653589793 -3.141592653589793
-2.0 -0.0 -0.0
-2.0 -0.0 0.0
-2.0 -0.0 NaN
-2.0 -0.0 Infinity
-2.0 -0.0 -Infinity
-2.0 -0.0 1.0
-2.0 -0.0 -1.0
-2.0 -0.0 2.0
-2.0 -0.0 -2.0
-2.0 -0.0 0.5
-2.0 -0.0 -0.5
-2.0 -0.0 4.9406564584124654e-324
-2.0 -0.0 -4.9406564584124654e-324
-2.0 -0.0 2.2250738585072014e-308
-2.0 -0.0 -2.2250738585072014e-308
-2.0 -0.0 1.7976931348623157e308
-2.0 -0.0 -1.7976931348623157e308
-2.0 -0.0 1e-160
-2.0 -0.0 1e-16
-2.0 -0.0 1e16
-2.0 -0.0 1e160
-2.0 -0.0 3.141592653589793
-2.0 -0.0 -3.141592653589793
-2.0 0.0 -0.0
-2.0 0.0 0.0
-2.0 0.0 NaN
-2.0 0.0 Infinity
-2.0 0.0 -Infinity
-2.0 0.0 1.0
-2.0 0.0 -1.0
-2.0 0.0 2.0
-2.0 0.0 -2.0
-2.0 0.0 0.5
-2.0 0.0 -0.5
-2.0 0.0 4.9406564584124654e-324
-2.0 0.0 -4.9406564584124654e-324
-2.0 0.0 2.2250738585072014e-308
-2.0 0.0 -2.2250738585072014e-308
-2.0 0.0 1.7976931348623157e308
-2.0 0.0 -1.7976931348623157e308
-2.0 0.0 1e-160
-2.0 0.0 1e-16
-2.0 0.0 1e16
-2.0 0.0 1e160
-2.0 0.0 3.141592653589793
-2.0 0.0 -3.141592653589793
-2.0 NaN -0.0
-2.0 NaN 0.0
-2.0 NaN NaN
-2.0 NaN Infinity
-2.0 NaN -Infinity
-2.0 NaN 1.0
-2.0 NaN -1.0
-2.0 NaN 2.0
-2.0 NaN -2.0
-2.0 NaN 0.5
-2.0 NaN -0.5
-2.0 NaN 4.9406564584124654e-324
-2.0 NaN -4.9406564584124654e-324
-2.0 NaN 2.2250738585072014e-308
-2.0 NaN -2.2250738585072014e-308
-2.0 NaN 1.7976931348623157e308
-2.0 NaN -1.7976931348623157e308
-2.0 NaN 1e-160
-2.0 NaN 1e-16
-2.0 NaN 1e16
-2.0 NaN 1e160
-2.0 NaN 3.141592653589793
-2.0 NaN -3.141592653589793
-2.0 Infinity -0.0
-2.0 Infinity 0.0
-2.0 Infinity NaN
-2.0 Infinity Infinity
-2.0 Infinity -Infinity
-2.0 Infinity 1.0
-2.0 Infinity -1.0
-2.0 Infinity 2.0
-2.0 Infinity -2.0
-2.0 Infinity 0.5
-2.0 Infinity -0.5
-2.0 Infinity 4.9406564584124654e-324
-2.0 Infinity -4.9406564584124654e-324
-2.0 Infinity 2.2250738585072014e-308
-2.0 Infinity -2.2250738585072014e-308
-2.0 Infinity 1.7976931348623157e308
-2.0 Infinity -1.7976931348623157e308
-2.0 Infinity 1e-160
-2.0 Infinity 1e-16
-2.0 Infinity 1e16
-2.0 Infinity 1e160
-2.0 Infinity 3.141592653589793
-2.0 Infinity -3.141592653589793
-2.0 -Infinity -0.0
-2.0 -Infinity 0.0
-2.0 -Infinity NaN
-2.0 -Infinity Infinity
-2.0 -Infinity -Infinity
-2.0 -Infinity 1.0
-2.0 -Infinity -1.0
-2.0 -Infinity 2.0
-2.0 -Infinity -2.0
-2.0 -Infinity 0.5
-2.0 -Infinity -0.5
-2.0 -Infinity 4.9406564584124654e-324
-2.0 -Infinity -4.9406564584124654e-324
-2.0 -Infinity 2.2250738585072014e-308
-2.0 -Infinity -2.2250738585072014e-308
-2.0 -Infinity 1.7976931348623157e308
-2.0 -Infinity -1.7976931348623157e308
-2.0 -Infinity 1e-160
-2.0 -Infinity 1e-16
-2.0 -Infinity 1e16
-2.0 -Infinity 1e160
-2.0 -Infinity 3.141592653589793
-2.0 -Infinity -3.141592653589793
-2.0 1.0 -0.0
-2.0 1.0 0.0
-2.0 1.0 NaN
-2.0 1.0 Infinity
-2.0 1.0 -Infinity
-2.0 1.0 1.0
-2.0 1.0 -1.0
-2.0 1.0 2.0
-2.0 1.0 -2.0
-2.0 1.0 0.5
-2.0 1.0 -0.5
-2.0 1.0 4.9406564584124654e-324
-2.0 1.0 -4.9406564584124654e-324
-2.0 1.0 2.2250738585072014e-308
-2.0 1.0 -2.2250738585072014e-308
-2.0 1.0 1.7976931348623157e308
-2.0 1.0 -1.7976931348623157e308
-2.0 1.0 1e-160
-2.0 1.0 1e-16
-2.0 1.0 1e16
-2.0 1.0 1e160
-2.0 1.0 3.141592653589793
-2.0 1.0 -3.141592653589793
-2.0 -1.0 -0.0
-2.0 -1.0 0.0
-2.0 -1.0 NaN
-2.0 -1.0 Infinity
-2.0 -1.0 -Infinity
-2.0 -1.0 1.0
-2.0 -1.0 -1.0
-2.0 -1.0 2.0
-2.0 -1.0 -2.0
-2.0 -1.0 0.5
-2.0 -1.0 -0.5
-2.0 -1.0 4.9406564584124654e-324
-2.0 -1.0 -4.9406564584124654e-324
-2.0 -1.0 2.2250738585072014e-308
-2.0 -1.0 -2.2250738585072014e-308
-2.0 -1.0 1.7976931348623157e308
-2.0 -1.0 -1.7976931348623157e308
-2.0 -1.0 1e-160
-2.0 -1.0 1e-16
-2.0 -1.0 1e16
-2.0 -1.0 1e160
-2.0 -1.0 3.141592653589793
-2.0 -1.0 -3.141592653589793
-2.0 2.0 -0.0
-2.0 2.0 0.0
-2.0 2.0 NaN
-2.0 2.0 Infinity
-2.0 2.0 -Infinity
-2.0 2.0 1.0
-2.0 2.0 -1.0
-2.0 2.0 2.0
-2.0 2.0 -2.0
-2.0 2.0 0.5
-2.0 2.0 -0.5
-2.0 2.0 4.9406564584124654e-324
-2.0 2.0 -4.9406564584124654e-324
-2.0 2.0 2.2250738585072014e-308
-2.0 2.0 -2.2250738585072014e-308
-2.0 2.0 1.7976931348623157e308
-2.0 2.0 -1.7976931348623157e308
-2.0 2.0 1e-160
-2.0 2.0 1e-16
-2.0 2.0 1e16
-2.0 2.0 1e160
-2.0 2.0 3.141592653589793
-2.0 2.0 -3.141592653589793
-2.0 -2.0 -0.0
-2.0 -2.0 0.0
-2.0 -2.0 NaN
-2.0 -2.0 Infinity
-2.0 -2.0 -Infinity
-2.0 -2.0 1.0
-2.0 -2.0 -1.0
-2.0 -2.0 2.0
-2.0 -2.0 -2.0
-2.0 -2.0 0.5
-2.0 -2.0 -0.5
-2.0 -2.0 4.9406564584124654e-324
-2.0 -2.0 -4.9406564584124654e-324
-2.0 -2.0 2.2250738585072014e-308
-2.0 -2.0 -2.2250738585072014e-308
-2.0 -2.0 1.7976931348623157e308
-2.0 -2.0 -1.7976931348623157e308
-2.0 -2.0 1e-160
-2.0 -2.0 1e-16
-2.0 -2.0 1e16
-2.0 -2.0 1e160
-2.0 -2.0 3.141592653589793
-2.0 -2.0 -3.141592653589793
-2.0 0.5 -0.0
-2.0 0.5 0.0
-2.0 0.5 NaN
-2.0 0.5 Infinity
-2.0 0.5 -Infinity
-2.0 0.5 1.0
-2.0 0.5 -1.0
-2.0 0.5 2.0
-2.0 0.5 -2.0
-2.0 0.5 0.5
-2.0 0.5 -0.5
-2.0 0.5 4.9406564584124654e-324
-2.0 0.5 -4.9406564584124654e-324
-2.0 0.5 2.2250738585072014e-308
-2.0 0.5 -2.2250738585072014e-308
-2.0 0.5 1.7976931348623157e308
-2.0 0.5 -1.7976931348623157e308
-2.0 0.5 1e-160
-2.0 0.5 1e-16
-2.0 0.5 1e16
-2.0 0.5 1e160
-2.0 0.5 3.141592653589793
-2.0 0.5 -3.141592653589793
-2.0 -0.5 -0.0
-2.0 -0.5 0.0
-2.0 -0.5 NaN
-2.0 -0.5 Infinity
-2.0 -0.5 -Infinity
-2.0 -0.5 1.0
-2.0 -0.5 -1.0
-2.0 -0.5 2.0
-2.0 -0.5 -2.0
-2.0 -0.5 0.5
-2.0 -0.5 -0.5
-2.0 -0.5 4.9406564584124654e-324
-2.0 -0.5 -4.9406564584124654e-324
-2.0 -0.5 2.2250738585072014e-308
-2.0 -0.5 -2.2250738585072014e-308
-2.0 -0.5 1.7976931348623157e308
-2.0 -0.5 -1.7976931348623157e308
-2.0 -0.5 1e-160
-2.0 -0.5 1e-16
-2.0 -0.5 1e16
-2.0 -0.5 1e160
-2.0 -0.5 3.141592653589793
-2.0 -0.5 -3.141592653589793
-2.0 4.9406564584124654e-324 -0.0
-2.0 4.9406564584124654e-324 0.0
-2.0 4.9406564584124654e-324 NaN
-2.0 4.9406564584124654e-324 Infinity
-2.0 4.9406564584124654e-324 -Infinity
-2.0 4.9406564584124654e-324 1.0
-2.0 4.9406564584124654e-324 -1.0
-2.0 4.9406564584124654e-324 2.0
-2.0 4.9406564584124654e-324 -2.0
-2.0 4.9406564584124654e-324 0.5
-2.0 4.9406564584124654e-324 -0.5
-2.0 4.9406564584124654e-324 4.9406564584124654e-324
-2.0 4.9406564584124654e-324 -4.9406564584124654e-324
-2.0 4.9406564584124654e-324 2.2250738585072014e-308
-2.0 4.9406564584124654e-324 -2.2250738585072014e-308
-2.0 4.9406564584124654e-324 1.7976931348623157e308
-2.0 4.9406564584124654e-324 -1.7976931348623157e308
-2.0 4.9406564584124654e-324 1e-160
-2.0 4.9406564584124654e-324 1e-16
-2.0 4.9406564584124654e-324 1e16
-2.0 4.9406564584124654e-324 1e160
-2.0 4.9406564584124654e-324 3.141592653589793
-2.0 4.9406564584124654e-324 -3.141592653589793
-2.0 -4.9406564584124654e-324 -0.0
-2.0 -4.9406564584124654e-324 0.0
-2.0 -4.9406564584124654e-324 NaN
-2.0 -4.9406564584124654e-324 Infinity
-2.0 -4.9406564584124654e-324 -Infinity
-2.0 -4.9406564584124654e-324 1.0
-2.0 -4.9406564584124654e-324 -1.0
-2.0 -4.9406564584124654e-324 2.0
-2.0 -4.9406564584124654e-324 -2.0
-2.0 -4.9406564584124654e-324 0.5
-2.0 -4.9406564584124654e-324 -0.5
-2.0 -4.9406564584124654e-324 4.9406564584124654e-324
-2.0 -4.9406564584124654e-324 -4.9406564584124654e-324
-2.0 -4.9406564584124654e-324 2.2250738585072014e-308
-2.0 -4.9406564584124654e-324 -2.2250738585072014e-308
-2.0 -4.9406564584124654e-324 1.7976931348623157e308
-2.0 -4.9406564584124654e-324 -1.7976931348623157e308
-2.0 -4.9406564584124654e-324 1e-160
-2.0 -4.9406564584124654e-324 1e-16
-2.0 -4.9406564584124654e-324 1e16
-2.0 -4.9406564584124654e-324 1e160
-2.0 -4.9406564584124654e-324 3.141592653589793
-2.0 -4.9406564584124654e-324 -3.141592653589793
-2.0 2.2250738585072014e-308 -0.0
-2.0 2.2250738585072014e-308 0.0
-2.0 2.2250738585072014e-308 NaN
-2.0 2.2250738585072014e-308 Infinity
-2.0 2.2250738585072014e-308 -Infinity
-2.0 2.2250738585072014e-308 1.0
-2.0 2.2250738585072014e-308 -1.0
-2.0 2.2250738585072014e-308 2.0
-2.0 2.2250738585072014e-308 -2.0
-2.0 2.2250738585072014e-308 0.5
-2.0 2.2250738585072014e-308 -0.5
-2.0 2.2250738585072014e-308 4.9406564584124654e-324
-2.0 2.2250738585072014e-308 -4.9406564584124654e-324
-2.0 2.2250738585072014e-308 2.2250738585072014e-308
-2.0 2.2250738585072014e-308 -2.2250738585072014e-308
-2.0 2.2250738585072014e-308 1.7976931348623157e308
-2.0 2.2250738585072014e-308 -1.7976931348623157e308
-2.0 2.2250738585072014e-308 1e-160
-2.0 2.2250738585072014e-308 1e-16
-2.0 2.2250738585072014e-308 1e16
-2.0 2.2250738585072014e-308 1e160
-2.0 2.2250738585072014e-308 3.141592653589793
-2.0 2.2250738585072014e-308 -3.141592653589793
-2.0 -2.2250738585072014e-308 -0.0
-2.0 -2.2250738585072014e-308 0.0
-2.0 -2.2250738585072014e-308 NaN
-2.0 -2.2250738585072014e-308 Infinity
-2.0 -2.2250738585072014e-308 -Infinity
-2.0 -2.2250738585072014e-308 1.0
-2.0 -2.2250738585072014e-308 -1.0
-2.0 -2.2250738585072014e-308 2.0
-2.0 -2.2250738585072014e-308 -2.0
-2.0 -2.2250738585072014e-308 0.5
-2.0 -2.2250738585072014e-308 -0.5
-2.0 -2.2250738585072014e-308 4.9406564584124654e-324
-2.0 -2.2250738585072014e-308 -4.9406564584124654e-324
-2.0 -2.2250738585072014e-308 2.2250738585072014e-308
-2.0 -2.2250738585072014e-308 -2.2250738585072014e-308
-2.0 -2.2250738585072014e-308 1.7976931348623157e308
-2.0 -2.2250738585072014e-308 -1.7976931348623157e308
-2.0 -2.2250738585072014e-308 1e-160
-2.0 -2.2250738585072014e-308 1e-16
-2.0 -2.2250738585072014e-308 1e16
-2.0 -2.2250738585072014e-308 1e160
-2.0 -2.2250738585072014e-308 3.141592653589793
-2.0 -2.2250738585072014e-308 -3.141592653589793
-2.0 1.7976931348623157e308 -0.0
-2.0 1.7976931348623157e308 0.0
-2.0 1.7976931348623157e308 NaN
-2.0 1.7976931348623157e308 Infinity
-2.0 1.7976931348623157e308 -Infinity
-2.0 1.7976931348623157e308 1.0
-2.0 1.7976931348623157e308 -1.0
-2.0 1.7976931348623157e308 2.0
-2.0 1.7976931348623157e308 -2.0
-2.0 1.7976931348623157e308 0.5
-2.0 1.7976931348623157e308 -0.5
-2.0 1.7976931348623157e308 4.9406564584124654e-324
-2.0 1.7976931348623157e308 -4.9406564584124654e-324
-2.0 1.7976931348623157e308 2.2250738585072014e-308
-2.0 1.7976931348623157e308 -2.2250738585072014e-308
-2.0 1.7976931348623157e308 1.7976931348623157e308
-2.0 1.7976931348623157e308 -1.7976931348623157e308
-2.0 1.7976931348623157e308 1e-160
-2.0 1.7976931348623157e308 1e-16
-2.0 1.7976931348623157e308 1e16
-2.0 1.7976931348623157e308 1e160
-2.0 1.7976931348623157e308 3.141592653589793
-2.0 1.7976931348623157e308 -3.141592653589793
-2.0 -1.7976931348623157e308 -0.0
-2.0 -1.7976931348623157e308 0.0
-2.0 -1.7976931348623157e308 NaN
-2.0 -1.7976931348623157e308 Infinity
-2.0 -1.7976931348623157e308 -Infinity
-2.0 -1.7976931348623157e308 1.0
-2.0 -1.7976931348623157e308 -1.0
-2.0 -1.7976931348623157e308 2.0
-2.0 -1.7976931348623157e308 -2.0
-2.0 -1.7976931348623157e308 0.5
-2.0 -1.7976931348623157e308 -0.5
-2.0 -1.7976931348623157e308 4.9406564584124654e-324
-2.0 -1.7976931348623157e308 -4.9406564584124654e-324
-2.0 -1.7976931348623157e308 2.2250738585072014e-308
-2.0 -1.7976931348623157e308 -2.2250738585072014e-308
-2.0 -1.7976931348623157e308 1.7976931348623157e308
-2.0 -1.7976931348623157e308 -1.7976931348623157e308
-2.0 -1.7976931348623157e308 1e-160
-2.0 -1.7976931348623157e308 1e-16
-2.0 -1.7976931348623157e308 1e16
-2.0 -1.7976931348623157e308 1e160
-2.0 -1.7976931348623157e308 3.141592653589793
-2.0 -1.7976931348623157e308 -3.141592653589793
-2.0 1e-160 -0.0
-2.0 1e-160 0.0
-2.0 1e-160 NaN
-2.0 1e-160 Infinity
-2.0 1e-160 -Infinity
-2.0 1e-160 1.0
-2.0 1e-160 -1.0
-2.0 1e-160 2.0
-2.0 1e-160 -2.0
-2.0 1e-160 0.5
-2.0 1e-160 -0.5
-2.0 1e-160 4.9406564584124654e-324
-2.0 1e-160 -4.9406564584124654e-324
-2.0 1e-160 2.2250738585072014e-308
-2.0 1e-160 -2.2250738585072014e-308
-2.0 1e-160 1.7976931348623157e308
-2.0 1e-160 -1.7976931348623157e308
-2.0 1e-160 1e-160
-2.0 1e-160 1e-16
-2.0 1e-160 1e16
-2.0 1e-160 1e160
-2.0 1e-160 3.141592653589793
-2.0 1e-160 -3.141592653589793
-2.0 1e-16 -0.0
-2.0 1e-16 0.0
-2.0 1e-16 NaN
-2.0 1e-16 Infinity
-2.0 1e-16 -Infinity
-2.0 1e-16 1.0
-2.0 1e-16 -1.0
-2.0 1e-16 2.0
-2.0 1e-16 -2.0
-2.0 1e-16 0.5
-2.0 1e-16 -0.5
-2.0 1e-16 4.9406564584124654e-324
-2.0 1e-16 -4.9406564584124654e-324
-2.0 1e-16 2.2250738585072014e-308
-2.0 1e-16 -2.2250738585072014e-308
-2.0 1e-16 1.7976931348623157e308
-2.0 1e-16 -1.7976931348623157e308
-2.0 1e-16 1e-160
-2.0 1e-16 1e-16
-2.0 1e-16 1e16
-2.0 1e-16 1e160
-2.0 1e-16 3.141592653589793
-2.0 1e-16 -3.141592653589793
-2.0 1e16 -0.0
-2.0 1e16 0.0
-2.0 1e16 NaN
-2.0 1e16 Infinity
-2.0 1e16 -Infinity
-2.0 1e16 1.0
-2.0 1e16 -1.0
-2.0 1e16 2.0
-2.0 1e16 -2.0
-2.0 1e16 0.5
-2.0 1e16 -0.5
-2.0 1e16 4.9406564584124654e-324
-2.0 1e16 -4.9406564584124654e-324
-2.0 1e16 2.2250738585072014e-308
-2.0 1e16 -2.2250738585072014e-308
-2.0 1e16 1.7976931348623157e308
-2.0 1e16 -1.7976931348623157e308
-2.0 1e16 1e-160
-2.0 1e16 1e-16
-2.0 1e16 1e16
-2.0 1e16 1e160
-2.0 1e16 3.141592653589793
-2.0 1e16 -3.141592653589793
-2.0 1e160 -0.0
-2.0 1e160 0.0
-2.0 1e160 NaN
-2.0 1e160 Infinity
-2.0 1e160 -Infinity
-2.0 1e160 1.0
-2.0 1e160 -1.0
-2.0 1e160 2.0
-2.0 1e160 -2.0
-2.0 1e160 0.5
-2.0 1e160 -0.5
-2.0 1e160 4.9406564584124654e-324
-2.0 1e160 -4.9406564584124654e-324
-2.0 1e160 2.2250738585072014e-308
-2.0 1e160 -2.2250738585072014e-308
-2.0 1e160 1.7976931348623157e308
-2.0 1e160 -1.7976931348623157e308
-2.0 1e160 1e-160
-2.0 1e160 1e-16
-2.0 1e160 1e16
-2.0 1e160 1e160
-2.0 1e160 3.141592653589793
-2.0 1e160 -3.141592653589793
-2.0 3.141592653589793 -0.0
-2.0 3.141592653589793 0.0
-2.0 3.141592653589793 NaN
-2.0 3.141592653589793 Infinity
-2.0 3.141592653589793 -Infinity
-2.0 3.141592653589793 1.0
-2.0 3.141592653589793 -1.0
-2.0 3.141592653589793 2.0
-2.0 3.141592653589793 -2.0
-2.0 3.141592653589793 0.5
-2.0 3.141592653589793 -0.5
-2.0 3.141592653589793 4.9406564584124654e-324
-2.0 3.141592653589793 -4.9406564584124654e-324
-2.0 3.141592653589793 2.2250738585072014e-308
-2.0 3.141592653589793 -2.2250738585072014e-308
-2.0 3.141592653589793 1.7976931348623157e308
-2.0 3.141592653589793 -1.7976931348623157e308
-2.0 3.141592653589793 1e-160
-2.0 3.141592653589793 1e-16
-2.0 3.141592653589793 1e16
-2.0 3.141592653589793 1e160
-2.0 3.141592653589793 3.141592653589793
-2.0 3.141592653589793 -3.141592653589793
-2.0 -3.141592653589793 -0.0
-2.0 -3.141592653589793 0.0
-2.0 -3.141592653589793 NaN
-2.0 -3.141592653589793 Infinity
-2.0 -3.141592653589793 -Infinity
-2.0 -3.141592653589793 1.0
-2.0 -3.141592653589793 -1.0
-2.0 -3.141592653589793 2.0
-2.0 -3.141592653589793 -2.0
-2.0 -3.141592653589793 0.5
-2.0 -3.141592653589793 -0.5
-2.0 -3.141592653589793 4.9406564584124654e-324
-2.0 -3.141592653589793 -4.9406564584124654e-324
-2.0 -3.141592653589793 2.2250738585072014e-308
-2.0 -3.141592653589793 -2.2250738585072014e-308
-2.0 -3.141592653589793 1.7976931348623157e308
-2.0 -3.141592653589793 -1.7976931348623157e308
-2.0 -3.141592653589793 1e-160
-2.0 -3.141592653589793 1e-16
-2.0 -3.141592653589793 1e16
-2.0 -3.141592653589793 1e160
-2.0 -3.141592653589793 3.141592653589793
-2.0 -3.141592653589793 -3.141592653589793
0.5 -0.0 -0.0
0.5 -0.0 0.0
0.5 -0.0 NaN
0.5 -0.0 Infinity
0.5 -0.0 -Infinity
0.5 -0.0 1.0
0.5 -0.0 -1.0
0.5 -0.0 2.0
0.5 -0.0 -2.0
0.5 -0.0 0.5
0.5 -0.0 -0.5
0.5 -0.0 4.9406564584124654e-324
0.5 -0.0 -4.9406564584124654e-324
0.5 -0.0 2.2250738585072014e-308
0.5 -0.0 -2.2250738585072014e-308
0.5 -0.0 1.7976931348623157e308
0.5 -0.0 -1.7976931348623157e308
0.5 -0.0 1e-160
0.5 -0.0 1e-16
0.5 -0.0 1e16
0.5 -0.0 1e160
0.5 -0.0 3.141592653589793
0.5 -0.0 -3.141592653589793
0.5 0.0 -0.0
0.5 0.0 0.0
0.5 0.0 NaN
0.5 0.0 Infinity
0.5 0.0 -Infinity
0.5 0.0 1.0
0.5 0.0 -1.0
0.5 0.0 2.0
0.5 0.0 -2.0
0.5 0.0 0.5
0.5 0.0 -0.5
0.5 0.0 4.9406564584124654e-324
0.5 0.0 -4.9406564584124654e-324
0.5 0.0 2.2250738585072014e-308
0.5 0.0 -2.2250738585072014e-308
0.5 0.0 1.7976931348623157e308
0.5 0.0 -1.7976931348623157e308
0.5 0.0 1e-160
0.5 0.0 1e-16
0.5 0.0 1e16
0.5 0.0 1e160
0.5 0.0 3.141592653589793
0.5 0.0 -3.141592653589793
0.5 NaN -0.0
0.5 NaN 0.0
0.5 NaN NaN
0.5 NaN Infinity
0.5 NaN -Infinity
0.5 NaN 1.0
0.5 NaN -1.0
0.5 NaN 2.0
0.5 NaN -2.0
0.5 NaN 0.5
0.5 NaN -0.5
0.5 NaN 4.9406564584124654e-324
0.5 NaN -4.9406564584124654e-324
0.5 NaN 2.2250738585072014e-308
0.5 NaN -2.2250738585072014e-308
0.5 NaN 1.7976931348623157e308
0.5 NaN -1.7976931348623157e308
0.5 NaN 1e-160
0.5 NaN 1e-16
0.5 NaN 1e16
0.5 NaN 1e160
0.5 NaN 3.141592653589793
0.5 NaN -3.141592653589793
0.5 Infinity -0.0
0.5 Infinity 0.0
0.5 Infinity NaN
0.5 Infinity Infinity
0.5 Infinity -Infinity
0.5 Infinity 1.0
0.5 Infinity -1.0
0.5 Infinity 2.0
0.5 Infinity -2.0
0.5 Infinity 0.5
0.5 Infinity -0.5
0.5 Infinity 4.9406564584124654e-324
0.5 Infinity -4.9406564584124654e-324
0.5 Infinity 2.2250738585072014e-308
0.5 Infinity -2.2250738585072014e-308
0.5 Infinity 1.7976931348623157e308
0.5 Infinity -1.7976931348623157e308
0.5 Infinity 1e-160
0.5 Infinity 1e-16
0.5 Infinity 1e16
0.5 Infinity 1e160
0.5 Infinity 3.141592653589793
0.5 Infinity -3.141592653589793
0.5 -Infinity -0.0
0.5 -Infinity 0.0
0.5 -Infinity NaN
0.5 -Infinity Infinity
0.5 -Infinity -Infinity
0.5 -Infinity 1.0
0.5 -Infinity -1.0
0.5 -Infinity 2.0
0.5 -Infinity -2.0
0.5 -Infinity 0.5
0.5 -Infinity -0.5
0.5 -Infinity 4.9406564584124654e-324
0.5 -Infinity -4.9406564584124654e-324
0.5 -Infinity 2.2250738585072014e-308
0.5 -Infinity -2.2250738585072014e-308
0.5 -Infinity 1.7976931348623157e308
0.5 -Infinity -1.7976931348623157e308
0.5 -Infinity 1e-160
0.5 -Infinity 1e-16
0.5 -Infinity 1e16
0.5 -Infinity 1e160
0.5 -Infinity 3.141592653589793
0.5 -Infinity -3.141592653589793
0.5 1.0 -0.0
0.5 1.0 0.0
0.5 1.0 NaN
0.5 1.0 Infinity
0.5 1.0 -Infinity
0.5 1.0 1.0
0.5 1.0 -1.0
0.5 1.0 2.0
0.5 1.0 -2.0
0.5 1.0 0.5
0.5 1.0 -0.5
0.5 1.0 4.9406564584124654e-324
0.5 1.0 -4.9406564584124654e-324
0.5 1.0 2.2250738585072014e-308
0.5 1.0 -2.2250738585072014e-308
0.5 1.0 1.7976931348623157e308
0.5 1.0 -1.7976931348623157e308
0.5 1.0 1e-160
0.5 1.0 1e-16
0.5 1.0 1e16
0.5 1.0 1e160
0.5 1.0 3.141592653589793
0.5 1.0 -3.141592653589793
0.5 -1.0 -0.0
0.5 -1.0 0.0
0.5 -1.0 NaN
0.5 -1.0 Infinity
0.5 -1.0 -Infinity
0.5 -1.0 1.0
0.5 -1.0 -1.0
0.5 -1.0 2.0
0.5 -1.0 -2.0
0.5 -1.0 0.5
0.5 -1.0 -0.5
0.5 -1.0 4.9406564584124654e-324
0.5 -1.0 -4.9406564584124654e-324
0.5 -1.0 2.2250738585072014e-308
0.5 -1.0 -2.2250738585072014e-308
0.5 -1.0 1.7976931348623157e308
0.5 -1.0 -1.7976931348623157e308
0.5 -1.0 1e-160
0.5 -1.0 1e-16
0.5 -1.0 1e16
0.5 -1.0 1e160
0.5 -1.0 3.141592653589793
0.5 -1.0 -3.141592653589793
0.5 2.0 -0.0
0.5 2.0 0.0
0.5 2.0 NaN
0.5 2.0 Infinity
0.5 2.0 -Infinity
0.5 2.0 1.0
0.5 2.0 -1.0
0.5 2.0 2.0
0.5 2.0 -2.0
0.5 2.0 0.5
0.5 2.0 -0.5
0.5 2.0 4.9406564584124654e-324
0.5 2.0 -4.9406564584124654e-324
0.5 2.0 2.2250738585072014e-308
0.5 2.0 -2.2250738585072014e-308
0.5 2.0 1.7976931348623157e308
0.5 2.0 -1.7976931348623157e308
0.5 2.0 1e-160
0.5 2.0 1e-16
0.5 2.0 1e16
0.5 2.0 1e160
0.5 2.0 3.141592653589793
0.5 2.0 -3.141592653589793
0.5 -2.0 -0.0
0.5 -2.0 0.0
0.5 -2.0 NaN
0.5 -2.0 Infinity
0.5 -2.0 -Infinity
0.5 -2.0 1.0
0.5 -2.0 -1.0
0.5 -2.0 2.0
0.5 -2.0 -2.0
0.5 -2.0 0.5
0.5 -2.0 -0.5
0.5 -2.0 4.9406564584124654e-324
0.5 -2.0 -4.9406564584124654e-324
0.5 -2.0 2.2250738585072014e-308
0.5 -2.0 -2.2250738585072014e-308
0.5 -2.0 1.7976931348623157e308
0.5 -2.0 -1.7976931348623157e308
0.5 -2.0 1e-160
0.5 -2.0 1e-16
0.5 -2.0 1e16
0.5 -2.0 1e160
0.5 -2.0 3.141592653589793
0.5 -2.0 -3.141592653589793
0.5 0.5 -0.0
0.5 0.5 0.0
0.5 0.5 NaN
0.5 0.5 Infinity
0.5 0.5 -Infinity
0.5 0.5 1.0
0.5 0.5 -1.0
0.5 0.5 2.0
0.5 0.5 -2.0
0.5 0.5 0.5
0.5 0.5 -0.5
0.5 0.5 4.9406564584124654e-324
0.5 0.5 -4.9406564584124654e-324
0.5 0.5 2.2250738585072014e-308
0.5 0.5 -2.2250738585072014e-308
0.5 0.5 1.7976931348623157e308
0.5 0.5 -1.7976931348623157e308
0.5 0.5 1e-160
0.5 0.5 1e-16
0.5 0.5 1e16
0.5 0.5 1e160
0.5 0.5 3.141592653589793
0.5 0.5 -3.141592653589793
0.5 -0.5 -0.0
0.5 -0.5 0.0
0.5 -0.5 NaN
0.5 -0.5 Infinity
0.5 -0.5 -Infinity
0.5 -0.5 1.0
0.5 -0.5 -1.0
0.5 -0.5 2.0
0.5 -0.5 -2.0
0.5 -0.5 0.5
0.5 -0.5 -0.5
0.5 -0.5 4.9406564584124654e-324
0.5 -0.5 -4.9406564584124654e-324
0.5 -0.5 2.2250738585072014e-308
0.5 -0.5 -2.2250738585072014e-308
0.5 -0.5 1.7976931348623157e308
0.5 -0.5 -1.7976931348623157e308
0.5 -0.5 1e-160
0.5 -0.5 1e-16
0.5 -0.5 1e16
0.5 -0.5 1e160
0.5 -0.5 3.141592653589793
0.5 -0.5 -3.141592653589793
0.5 4.9406564584124654e-324 -0.0
0.5 4.9406564584124654e-324 0.0
0.5 4.9406564584124654e-324 NaN
0.5 4.9406564584124654e-324 Infinity
0.5 4.9406564584124654e-324 -Infinity
0.5 4.9406564584124654e-324 1.0
0.5 4.9406564584124654e-324 -1.0
0.5 4.9406564584124654e-324 2.0
0.5 4.9406564584124654e-324 -2.0
0.5 4.9406564584124654e-324 0.5
0.5 4.9406564584124654e-324 -0.5
0.5 4.9406564584124654e-324 4.9406564584124654e-324
0.5 4.9406564584124654e-324 -4.9406564584124654e-324
0.5 4.9406564584124654e-324 2.2250738585072014e-308
0.5 4.9406564584124654e-324 -2.2250738585072014e-308
0.5 4.9406564584124654e-324 1.7976931348623157e308
0.5 4.9406564584124654e-324 -1.7976931348623157e308
0.5 4.9406564584124654e-324 1e-160
0.5 4.9406564584124654e-324 1e-16
0.5 4.9406564584124654e-324 1e16
0.5 4.9406564584124654e-324 1e160
0.5 4.9406564584124654e-324 3.141592653589793
0.5 4.9406564584124654e-324 -3.141592653589793
0.5 -4.9406564584124654e-324 -0.0
0.5 -4.9406564584124654e-324 0.0
0.5 -4.9406564584124654e-324 NaN
0.5 -4.9406564584124654e-324 Infinity
0.5 -4.9406564584124654e-324 -Infinity
0.5 -4.9406564584124654e-324 1.0
0.5 -4.9406564584124654e-324 -1.0
0.5 -4.9406564584124654e-324 2.0
0.5 -4.9406564584124654e-324 -2.0
0.5 -4.9406564584124654e-324 0.5
0.5 -4.9406564584124654e-324 -0.5
0.5 -4.9406564584124654e-324 4.9406564584124654e-324
0.5 -4.9406564584124654e-324 -4.9406564584124654e-324
0.5 -4.9406564584124654e-324 2.2250738585072014e-308
0.5 -4.9406564584124654e-324 -2.2250738585072014e-308
0.5 -4.9406564584124654e-324 1.7976931348623157e308
0.5 -4.9406564584124654e-324 -1.7976931348623157e308
0.5 -4.9406564584124654e-324 1e-160
0.5 -4.9406564584124654e-324 1e-16
0.5 -4.9406564584124654e-324 1e16
0.5 -4.9406564584124654e-324 1e160
0.5 -4.9406564584124654e-324 3.141592653589793
0.5 -4.9406564584124654e-324 -3.141592653589793
0.5 2.2250738585072014e-308 -0.0
0.5 2.2250738585072014e-308 0.0
0.5 2.2250738585072014e-308 NaN
0.5 2.2250738585072014e-308 Infinity
0.5 2.2250738585072014e-308 -Infinity
0.5 2.2250738585072014e-308 1.0
0.5 2.2250738585072014e-308 -1.0
0.5 2.2250738585072014e-308 2.0
0.5 2.2250738585072014e-308 -2.0
0.5 2.2250738585072014e-308 0.5
0.5 2.2250738585072014e-308 -0.5
0.5 2.2250738585072014e-308 4.9406564584124654e-324
0.5 2.2250738585072014e-308 -4.9406564584124654e-324
0.5 2.2250738585072014e-308 2.2250738585072014e-308
0.5 2.2250738585072014e-308 -2.2250738585072014e-308
0.5 2.2250738585072014e-308 1.7976931348623157e308
0.5 2.2250738585072014e-308 -1.7976931348623157e308
0.5 2.2250738585072014e-308 1e-160
0.5 2.2250738585072014e-308 1e-16
0.5 2.2250738585072014e-308 1e16
0.5 2.2250738585072014e-308 1e160
0.5 2.2250738585072014e-308 3.141592653589793
0.5 2.2250738585072014e-308 -3.141592653589793
0.5 -2.2250738585072014e-308 -0.0
0.5 -2.2250738585072014e-308 0.0
0.5 -2.2250738585072014e-308 NaN
0.5 -2.2250738585072014e-308 Infinity
0.5 -2.2250738585072014e-308 -Infinity
0.5 -2.2250738585072014e-308 1.0
0.5 -2.2250738585072014e-308 -1.0
0.5 -2.2250738585072014e-308 2.0
0.5 -2.2250738585072014e-308 -2.0
0.5 -2.2250738585072014e-308 0.5
0.5 -2.2250738585072014e-308 -0.5
0.5 -2.2250738585072014e-308 4.9406564584124654e-324
0.5 -2.2250738585072014e-308 -4.9406564584124654e-324
0.5 -2.2250738585072014e-308 2.2250738585072014e-308
0.5 -2.2250738585072014e-308 -2.2250738585072014e-308
0.5 -2.2250738585072014e-308 1.7976931348623157e308
0.5 -2.2250738585072014e-308 -1.7976931348623157e308
0.5 -2.2250738585072014e-308 1e-160
0.5 -2.2250738585072014e-308 1e-16
0.5 -2.2250738585072014e-308 1e16
0.5 -2.2250738585072014e-308 1e160
0.5 -2.2250738585072014e-308 3.141592653589793
0.5 -2.2250738585072014e-308 -3.141592653589793
0.5 1.7976931348623157e308 -0.0
0.5 1.7976931348623157e308 0.0
0.5 1.7976931348623157e308 NaN
0.5 1.7976931348623157e308 Infinity
0.5 1.7976931348623157e308 -Infinity
0.5 1.7976931348623157e308 1.0
0.5 1.7976931348623157e308 -1.0
0.5 1.7976931348623157e308 2.0
0.5 1.7976931348623157e308 -2.0
0.5 1.7976931348623157e308 0.5
0.5 1.7976931348623157e308 -0.5
0.5 1.7976931348623157e308 4.9406564584124654e-324
0.5 1.7976931348623157e308 -4.9406564584124654e-324
0.5 1.7976931348623157e308 2.2250738585072014e-308
0.5 1.7976931348623157e308 -2.2250738585072014e-308
0.5 1.7976931348623157e308 1.7976931348623157e308
0.5 1.7976931348623157e308 -1.7976931348623157e308
0.5 1.7976931348623157e308 1e-160
0.5 1.7976931348623157e308 1e-16
0.5 1.7976931348623157e308 1e16
0.5 1.7976931348623157e308 1e160
0.5 1.7976931348623157e308 3.141592653589793
0.5 1.7976931348623157e308 -3.141592653589793
0.5 -1.7976931348623157e308 -0.0
0.5 -1.7976931348623157e308 0.0
0.5 -1.7976931348623157e308 NaN
0.5 -1.7976931348623157e308 Infinity
0.5 -1.7976931348623157e308 -Infinity
0.5 -1.7976931348623157e308 1.0
0.5 -1.7976931348623157e308 -1.0
0.5 -1.7976931348623157e308 2.0
0.5 -1.7976931348623157e308 -2.0
0.5 -1.7976931348623157e308 0.5
0.5 -1.7976931348623157e308 -0.5
0.5 -1.7976931348623157e308 4.9406564584124654e-324
0.5 -1.7976931348623157e308 -4.9406564584124654e-324
0.5 -1.7976931348623157e308 2.2250738585072014e-308
0.5 -1.7976931348623157e308 -2.2250738585072014e-308
0.5 -1.7976931348623157e308 1.7976931348623157e308
0.5 -1.7976931348623157e308 -1.7976931348623157e308
0.5 -1.7976931348623157e308 1e-160
0.5 -1.7976931348623157e308 1e-16
0.5 -1.7976931348623157e308 1e16
0.5 -1.7976931348623157e308 1e160
0.5 -1.7976931348623157e308 3.141592653589793
0.5 -1.7976931348623157e308 -3.141592653589793
0.5 1e-160 -0.0
0.5 1e-160 0.0
0.5 1e-160 NaN
0.5 1e-160 Infinity
0.5 1e-160 -Infinity
0.5 1e-160 1.0
0.5 1e-160 -1.0
0.5 1e-160 2.0
0.5 1e-160 -2.0
0.5 1e-160 0.5
0.5 1e-160 -0.5
0.5 1e-160 4.9406564584124654e-324
0.5 1e-160 -4.9406564584124654e-324
0.5 1e-160 2.2250738585072014e-308
0.5 1e-160 -2.2250738585072014e-308
0.5 1e-160 1.7976931348623157e308
0.5 1e-160 -1.7976931348623157e308
0.5 1e-160 1e-160
0.5 1e-160 1e-16
0.5 1e-160 1e16
0.5 1e-160 1e160
0.5 1e-160 3.141592653589793
0.5 1e-160 -3.141592653589793
0.5 1e-16 -0.0
0.5 1e-16 0.0
0.5 1e-16 NaN
0.5 1e-16 Infinity
0.5 1e-16 -Infinity
0.5 1e-16 1.0
0.5 1e-16 -1.0
0.5 1e-16 2.0
0.5 1e-16 -2.0
0.5 1e-16 0.5
0.5 1e-16 -0.5
0.5 1e-16 4.9406564584124654e-324
0.5 1e-16 -4.9406564584124654e-324
0.5 1e-16 2.2250738585072014e-308
0.5 1e-16 -2.2250738585072014e-308
0.5 1e-16 1.7976931348623157e308
0.5 1e-16 -1.7976931348623157e308
0.5 1e-16 1e-160
0.5 1e-16 1e-16
0.5 1e-16 1e16
0.5 1e-16 1e160
0.5 1e-16 3.141592653589793
0.5 1e-16 -3.141592653589793
0.5 1e16 -0.0
0.5 1e16 0.0
0.5 1e16 NaN
0.5 1e16 Infinity
0.5 1e16 -Infinity
0.5 1e16 1.0
0.5 1e16 -1.0
0.5 1e16 2.0
0.5 1e16 -2.0
0.5 1e16 0.5
0.5 1e16 -0.5
0.5 1e16 4.9406564584124654e-324
0.5 1e16 -4.9406564584124654e-324
0.5 1e16 2.2250738585072014e-308
0.5 1e16 -2.2250738585072014e-308
0.5 1e16 1.7976931348623157e308
0.5 1e16 -1.7976931348623157e308
0.5 1e16 1e-160
0.5 1e16 1e-16
0.5 1e16 1e16
0.5 1e16 1e160
0.5 1e16 3.141592653589793
0.5 1e16 -3.141592653589793
0.5 1e160 -0.0
0.5 1e160 0.0
0.5 1e160 NaN
0.5 1e160 Infinity
0.5 1e160 -Infinity
0.5 1e160 1.0
0.5 1e160 -1.0
0.5 1e160 2.0
0.5 1e160 -2.0
0.5 1e160 0.5
0.5 1e160 -0.5
0.5 1e160 4.9406564584124654e-324
0.5 1e160 -4.9406564584124654e-324
0.5 1e160 2.2250738585072014e-308
0.5 1e160 -2.2250738585072014e-308
0.5 1e160 1.7976931348623157e308
0.5 1e160 -1.7976931348623157e308
0.5 1e160 1e-160
0.5 1e160 1e-16
0.5 1e160 1e16
0.5 1e160 1e160
0.5 1e160 3.141592653589793
0.5 1e160 -3.141592653589793
0.5 3.141592653589793 -0.0
0.5 3.141592653589793 0.0
0.5 3.141592653589793 NaN
0.5 3.141592653589793 Infinity
0.5 3.141592653589793 -Infinity
0.5 3.141592653589793 1.0
0.5 3.141592653589793 -1.0
0.5 3.141592653589793 2.0
0.5 3.141592653589793 -2.0
0.5 3.141592653589793 0.5
0.5 3.141592653589793 -0.5
0.5 3.141592653589793 4.9406564584124654e-324
0.5 3.141592653589793 -4.9406564584124654e-324
0.5 3.141592653589793 2.2250738585072014e-308
0.5 3.141592653589793 -2.2250738585072014e-308
0.5 3.141592653589793 1.7976931348623157e308
0.5 3.141592653589793 -1.7976931348623157e308
0.5 3.141592653589793 1e-160
0.5 3.141592653589793 1e-16
0.5 3.141592653589793 1e16
0.5 3.141592653589793 1e160
0.5 3.141592653589793 3.141592653589793
0.5 3.141592653589793 -3.141592653589793
0.5 -3.141592653589793 -0.0
0.5 -3.141592653589793 0.0
0.5 -3.141592653589793 NaN
0.5 -3.141592653589793 Infinity
0.5 -3.141592653589793 -Infinity
0.5 -3.141592653589793 1.0
0.5 -3.141592653589793 -1.0
0.5 -3.141592653589793 2.0
0.5 -3.141592653589793 -2.0
0.5 -3.141592653589793 0.5
0.5 -3.141592653589793 -0.5
0.5 -3.141592653589793 4.9406564584124654e-324
0.5 -3.141592653589793 -4.9406564584124654e-324
0.5 -3.141592653589793 2.2250738585072014e-308
0.5 -3.141592653589793 -2.2250738585072014e-308
0.5 -3.141592653589793 1.7976931348623157e308
0.5 -3.141592653589793 -1.7976931348623157e308
0.5 -3.141592653589793 1e-160
0.5 -3.141592653589793 1e-16
0.5 -3.141592653589793 1e16
0.5 -3.141592653589793 1e160
0.5 -3.141592653589793 3.141592653589793
0.5 -3.141592653589793 -3.141592653589793
-0.5 -0.0 -0.0
-0.5 -0.0 0.0
-0.5 -0.0 NaN
-0.5 -0.0 Infinity
-0.5 -0.0 -Infinity
-0.5 -0.0 1.0
-0.5 -0.0 -1.0
-0.5 -0.0 2.0
-0.5 -0.0 -2.0
-0.5 -0.0 0.5
-0.5 -0.0 -0.5
-0.5 -0.0 4.9406564584124654e-324
-0.5 -0.0 -4.9406564584124654e-324
-0.5 -0.0 2.2250738585072014e-308
-0.5 -0.0 -2.2250738585072014e-308
-0.5 -0.0 1.7976931348623157e308
-0.5 -0.0 -1.7976931348623157e308
-0.5 -0.0 1e-160
-0.5 -0.0 1e-16
-0.5 -0.0 1e16
-0.5 -0.0 1e160
-0.5 -0.0 3.141592653589793
-0.5 -0.0 -3.141592653589793
-0.5 0.0 -0.0
-0.5 0.0 0.0
-0.5 0.0 NaN
-0.5 0.0 Infinity
-0.5 0.0 -Infinity
-0.5 0.0 1.0
-0.5 0.0 -1.0
-0.5 0.0 2.0
-0.5 0.0 -2.0
-0.5 0.0 0.5
-0.5 0.0 -0.5
-0.5 0.0 4.9406564584124654e-324
-0.5 0.0 -4.9406564584124654e-324
-0.5 0.0 2.2250738585072014e-308
-0.5 0.0 -2.2250738585072014e-308
-0.5 0.0 1.7976931348623157e308
-0.5 0.0 -1.7976931348623157e308
-0.5 0.0 1e-160
-0.5 0.0 1e-16
-0.5 0.0 1e16
-0.5 0.0 1e160
-0.5 0.0 3.141592653589793
-0.5 0.0 -3.141592653589793
-0.5 NaN -0.0
-0.5 NaN 0.0
-0.5 NaN NaN
-0.5 NaN Infinity
-0.5 NaN -Infinity
-0.5 NaN 1.0
-0.5 NaN -1.0
-0.5 NaN 2.0
-0.5 NaN -2.0
-0.5 NaN 0.5
-0.5 NaN -0.5
-0.5 NaN 4.9406564584124654e-324
-0.5 NaN -4.9406564584124654e-324
-0.5 NaN 2.2250738585072014e-308
-0.5 NaN -2.2250738585072014e-308
-0.5 NaN 1.7976931348623157e308
-0.5 NaN -1.7976931348623157e308
-0.5 NaN 1e-160
-0.5 NaN 1e-16
-0.5 NaN 1e16
-0.5 NaN 1e160
-0.5 NaN 3.141592653589793
-0.5 NaN -3.141592653589793
-0.5 Infinity -0.0
-0.5 Infinity 0.0
-0.5 Infinity NaN
-0.5 Infinity Infinity
-0.5 Infinity -Infinity
-0.5 Infinity 1.0
-0.5 Infinity -1.0
-0.5 Infinity 2.0
-0.5 Infinity -2.0
-0.5 Infinity 0.5
-0.5 Infinity -0.5
-0.5 Infinity 4.9406564584124654e-324
-0.5 Infinity -4.9406564584124654e-324
-0.5 Infinity 2.2250738585072014e-308
-0.5 Infinity -2.2250738585072014e-308
-0.5 Infinity 1.7976931348623157e308
-0.5 Infinity -1.7976931348623157e308
-0.5 Infinity 1e-160
-0.5 Infinity 1e-16
-0.5 Infinity 1e16
-0.5 Infinity 1e160
-0.5 Infinity 3.141592653589793
-0.5 Infinity -3.141592653589793
-0.5 -Infinity -0.0
-0.5 -Infinity 0.0
-0.5 -Infinity NaN
-0.5 -Infinity Infinity
-0.5 -Infinity -Infinity
-0.5 -Infinity 1.0
-0.5 -Infinity -1.0
-0.5 -Infinity 2.0
-0.5 -Infinity -2.0
-0.5 -Infinity 0.5
-0.5 -Infinity -0.5
-0.5 -Infinity 4.9406564584124654e-324
-0.5 -Infinity -4.9406564584124654e-324
-0.5 -Infinity 2.2250738585072014e-308
-0.5 -Infinity -2.2250738585072014e-308
-0.5 -Infinity 1.7976931348623157e308
-0.5 -Infinity -1.7976931348623157e308
-0.5 -Infinity 1e-160
-0.5 -Infinity 1e-16
-0.5 -Infinity 1e16
-0.5 -Infinity 1e160
-0.5 -Infinity 3.141592653589793
-0.5 -Infinity -3.141592653589793
-0.5 1.0 -0.0
-0.5 1.0 0.0
-0.5 1.0 NaN
-0.5 1.0 Infinity
-0.5 1.0 -Infinity
-0.5 1.0 1.0
-0.5 1.0 -1.0
-0.5 1.0 2.0
-0.5 1.0 -2.0
-0.5 1.0 0.5
-0.5 1.0 -0.5
-0.5 1.0 4.9406564584124654e-324
-0.5 1.0 -4.9406564584124654e-324
-0.5 1.0 2.2250738585072014e-308
-0.5 1.0 -2.2250738585072014e-308
-0.5 1.0 1.7976931348623157e308
-0.5 1.0 -1.7976931348623157e308
-0.5 1.0 1e-160
-0.5 1.0 1e-16
-0.5 1.0 1e16
-0.5 1.0 1e160
-0.5 1.0 3.141592653589793
-0.5 1.0 -3.141592653589793
-0.5 -1.0 -0.0
-0.5 -1.0 0.0
-0.5 -1.0 NaN
-0.5 -1.0 Infinity
-0.5 -1.0 -Infinity
-0.5 -1.0 1.0
-0.5 -1.0 -1.0
-0.5 -1.0 2.0
-0.5 -1.0 -2.0
-0.5 -1.0 0.5
-0.5 -1.0 -0.5
-0.5 -1.0 4.9406564584124654e-324
-0.5 -1.0 -4.9406564584124654e-324
-0.5 -1.0 2.2250738585072014e-308
-0.5 -1.0 -2.2250738585072014e-308
-0.5 -1.0 1.7976931348623157e308
-0.5 -1.0 -1.7976931348623157e308
-0.5 -1.0 1e-160
-0.5 -1.0 1e-16
-0.5 -1.0 1e16
-0.5 -1.0 1e160
-0.5 -1.0 3.141592653589793
-0.5 -1.0 -3.141592653589793
-0.5 2.0 -0.0
-0.5 2.0 0.0
-0.5 2.0 NaN
-0.5 2.0 Infinity
-0.5 2.0 -Infinity
-0.5 2.0 1.0
-0.5 2.0 -1.0
-0.5 2.0 2.0
-0.5 2.0 -2.0
-0.5 2.0 0.5
-0.5 2.0 -0.5
-0.5 2.0 4.9406564584124654e-324
-0.5 2.0 -4.9406564584124654e-324
-0.5 2.0 2.2250738585072014e-308
-0.5 2.0 -2.2250738585072014e-308
-0.5 2.0 1.7976931348623157e308
-0.5 2.0 -1.7976931348623157e308
-0.5 2.0 1e-160
-0.5 2.0 1e-16
-0.5 2.0 1e16
-0.5 2.0 1e160
-0.5 2.0 3.141592653589793
-0.5 2.0 -3.141592653589793
-0.5 -2.0 -0.0
-0.5 -2.0 0.0
-0.5 -2.0 NaN
-0.5 -2.0 Infinity
-0.5 -2.0 -Infinity
-0.5 -2.0 1.0
-0.5 -2.0 -1.0
-0.5 -2.0 2.0
-0.5 -2.0 -2.0
-0.5 -2.0 0.5
-0.5 -2.0 -0.5
-0.5 -2.0 4.9406564584124654e-324
-0.5 -2.0 -4.9406564584124654e-324
-0.5 -2.0 2.2250738585072014e-308
-0.5 -2.0 -2.2250738585072014e-308
-0.5 -2.0 1.7976931348623157e308
-0.5 -2.0 -1.7976931348623157e308
-0.5 -2.0 1e-160
-0.5 -2.0 1e-16
-0.5 -2.0 1e16
-0.5 -2.0 1e160
-0.5 -2.0 3.141592653589793
-0.5 -2.0 -3.141592653589793
-0.5 0.5 -0.0
-0.5 0.5 0.0
-0.5 0.5 NaN
-0.5 0.5 Infinity
-0.5 0.5 -Infinity
-0.5 0.5 1.0
-0.5 0.5 -1.0
-0.5 0.5 2.0
-0.5 0.5 -2.0
-0.5 0.5 0.5
-0.5 0.5 -0.5
-0.5 0.5 4.9406564584124654e-324
-0.5 0.5 -4.9406564584124654e-324
-0.5 0.5 2.2250738585072014e-308
-0.5 0.5 -2.2250738585072014e-308
-0.5 0.5 1.7976931348623157e308
-0.5 0.5 -1.7976931348623157e308
-0.5 0.5 1e-160
-0.5 0.5 1e-16
-0.5 0.5 1e16
-0.5 0.5 1e160
-0.5 0.5 3.141592653589793
-0.5 0.5 -3.141592653589793
-0.5 -0.5 -0.0
-0.5 -0.5 0.0
-0.5 -0.5 NaN
-0.5 -0.5 Infinity
-0.5 -0.5 -Infinity
-0.5 -0.5 1.0
-0.5 -0.5 -1.0
-0.5 -0.5 2.0
-0.5 -0.5 -2.0
-0.5 -0.5 0.5
-0.5 -0.5 -0.5
-0.5 -0.5 4.9406564584124654e-324
-0.5 -0.5 -4.9406564584124654e-324
-0.5 -0.5 2.2250738585072014e-308
-0.5 -0.5 -2.2250738585072014e-308
-0.5 -0.5 1.7976931348623157e308
-0.5 -0.5 -1.7976931348623157e308
-0.5 -0.5 1e-160
-0.5 -0.5 1e-16
-0.5 -0.5 1e16
-0.5 -0.5 1e160
-0.5 -0.5 3.141592653589793
-0.5 -0.5 -3.141592653589793
-0.5 4.9406564584124654e-324 -0.0
-0.5 4.9406564584124654e-324 0.0
-0.5 4.9406564584124654e-324 NaN
-0.5 4.9406564584124654e-324 Infinity
-0.5 4.9406564584124654e-324 -Infinity
-0.5 4.9406564584124654e-324 1.0
-0.5 4.9406564584124654e-324 -1.0
-0.5 4.9406564584124654e-324 2.0
-0.5 4.9406564584124654e-324 -2.0
-0.5 4.9406564584124654e-324 0.5
-0.5 4.9406564584124654e-324 -0.5
-0.5 4.9406564584124654e-324 4.9406564584124654e-324
-0.5 4.9406564584124654e-324 -4.9406564584124654e-324
-0.5 4.9406564584124654e-324 2.2250738585072014e-308
-0.5 4.9406564584124654e-324 -2.2250738585072014e-308
-0.5 4.9406564584124654e-324 1.7976931348623157e308
-0.5 4.9406564584124654e-324 -1.7976931348623157e308
-0.5 4.9406564584124654e-324 1e-160
-0.5 4.9406564584124654e-324 1e-16
-0.5 4.9406564584124654e-324 1e16
-0.5 4.9406564584124654e-324 1e160
-0.5 4.9406564584124654e-324 3.141592653589793
-0.5 4.9406564584124654e-324 -3.141592653589793
-0.5 -4.9406564584124654e-324 -0.0
-0.5 -4.9406564584124654e-324 0.0
-0.5 -4.9406564584124654e-324 NaN
-0.5 -4.9406564584124654e-324 Infinity
-0.5 -4.9406564584124654e-324 -Infinity
-0.5 -4.9406564584124654e-324 1.0
-0.5 -4.9406564584124654e-324 -1.0
-0.5 -4.9406564584124654e-324 2.0
-0.5 -4.9406564584124654e-324 -2.0
-0.5 -4.9406564584124654e-324 0.5
-0.5 -4.9406564584124654e-324 -0.5
-0.5 -4.9406564584124654e-324 4.9406564584124654e-324
-0.5 -4.9406564584124654e-324 -4.9406564584124654e-324
-0.5 -4.9406564584124654e-324 2.2250738585072014e-308
-0.5 -4.9406564584124654e-324 -2.2250738585072014e-308
-0.5 -4.9406564584124654e-324 1.7976931348623157e308
-0.5 -4.9406564584124654e-324 -1.7976931348623157e308
-0.5 -4.9406564584124654e-324 1e-160
-0.5 -4.9406564584124654e-324 1e-16
-0.5 -4.9406564584124654e-324 1e16
-0.5 -4.9406564584124654e-324 1e160
-0.5 -4.9406564584124654e-324 3.141592653589793
-0.5 -4.9406564584124654e-324 -3.141592653589793
-0.5 2.2250738585072014e-308 -0.0
-0.5 2.2250738585072014e-308 0.0
-0.5 2.2250738585072014e-308 NaN
-0.5 2.2250738585072014e-308 Infinity
-0.5 2.2250738585072014e-308 -Infinity
-0.5 2.2250738585072014e-308 1.0
-0.5 2.2250738585072014e-308 -1.0
-0.5 2.2250738585072014e-308 2.0
-0.5 2.2250738585072014e-308 -2.0
-0.5 2.2250738585072014e-308 0.5
-0.5 2.2250738585072014e-308 -0.5
-0.5 2.2250738585072014e-308 4.9406564584124654e-324
-0.5 2.2250738585072014e-308 -4.9406564584124654e-324
-0.5 2.2250738585072014e-308 2.2250738585072014e-308
-0.5 2.2250738585072014e-308 -2.2250738585072014e-308
-0.5 2.2250738585072014e-308 1.7976931348623157e308
-0.5 2.2250738585072014e-308 -1.7976931348623157e308
-0.5 2.2250738585072014e-308 1e-160
-0.5 2.2250738585072014e-308 1e-16
-0.5 2.2250738585072014e-308 1e16
-0.5 2.2250738585072014e-308 1e160
-0.5 2.2250738585072014e-308 3.141592653589793
-0.5 2.2250738585072014e-308 -3.141592653589793
-0.5 -2.2250738585072014e-308 -0.0
-0.5 -2.2250738585072014e-308 0.0
-0.5 -2.2250738585072014e-308 NaN
-0.5 -2.2250738585072014e-308 Infinity
-0.5 -2.2250738585072014e-308 -Infinity
-0.5 -2.2250738585072014e-308 1.0
-0.5 -2.2250738585072014e-308 -1.0
-0.5 -2.2250738585072014e-308 2.0
-0.5 -2.2250738585072014e-308 -2.0
-0.5 -2.2250738585072014e-308 0.5
-0.5 -2.2250738585072014e-308 -0.5
-0.5 -2.2250738585072014e-308 4.9406564584124654e-324
-0.5 -2.2250738585072014e-308 -4.9406564584124654e-324
-0.5 -2.2250738585072014e-308 2.2250738585072014e-308
-0.5 -2.2250738585072014e-308 -2.2250738585072014e-308
-0.5 -2.2250738585072014e-308 1.7976931348623157e308
-0.5 -2.2250738585072014e-308 -1.7976931348623157e308
-0.5 -2.2250738585072014e-308 1e-160
-0.5 -2.2250738585072014e-308 1e-16
-0.5 -2.2250738585072014e-308 1e16
-0.5 -2.2250738585072014e-308 1e160
-0.5 -2.2250738585072014e-308 3.141592653589793
-0.5 -2.2250738585072014e-308 -3.141592653589793
-0.5 1.7976931348623157e308 -0.0
-0.5 1.7976931348623157e308 0.0
-0.5 1.7976931348623157e308 NaN
-0.5 1.7976931348623157e308 Infinity
-0.5 1.7976931348623157e308 -Infinity
-0.5 1.7976931348623157e308 1.0
-0.5 1.7976931348623157e308 -1.0
-0.5 1.7976931348623157e308 2.0
-0.5 1.7976931348623157e308 -2.0
-0.5 1.7976931348623157e308 0.5
-0.5 1.7976931348623157e308 -0.5
-0.5 1.7976931348623157e308 4.9406564584124654e-324
-0.5 1.7976931348623157e308 -4.9406564584124654e-324
-0.5 1.7976931348623157e308 2.2250738585072014e-308
-0.5 1.7976931348623157e308 -2.2250738585072014e-308
-0.5 1.7976931348623157e308 1.7976931348623157e308
-0.5 1.7976931348623157e308 -1.7976931348623157e308
-0.5 1.7976931348623157e308 1e-160
-0.5 1.7976931348623157e308 1e-16
-0.5 1.7976931348623157e308 1e16
-0.5 1.7976931348623157e308 1e160
-0.5 1.7976931348623157e308 3.141592653589793
-0.5 1.7976931348623157e308 -3.141592653589793
-0.5 -1.7976931348623157e308 -0.0
-0.5 -1.7976931348623157e308 0.0
-0.5 -1.7976931348623157e308 NaN
-0.5 -1.7976931348623157e308 Infinity
-0.5 -1.7976931348623157e308 -Infinity
-0.5 -1.7976931348623157e308 1.0
-0.5 -1.7976931348623157e308 -1.0
-0.5 -1.7976931348623157e308 2.0
-0.5 -1.7976931348623157e308 -2.0
-0.5 -1.7976931348623157e308 0.5
-0.5 -1.7976931348623157e308 -0.5
-0.5 -1.7976931348623157e308 4.9406564584124654e-324
-0.5 -1.7976931348623157e308 -4.9406564584124654e-324
-0.5 -1.7976931348623157e308 2.2250738585072014e-308
-0.5 -1.7976931348623157e308 -2.2250738585072014e-308
-0.5 -1.7976931348623157e308 1.7976931348623157e308
-0.5 -1.7976931348623157e308 -1.7976931348623157e308
-0.5 -1.7976931348623157e308 1e-160
-0.5 -1.7976931348623157e308 1e-16
-0.5 -1.7976931348623157e308 1e16
-0.5 -1.7976931348623157e308 1e160
-0.5 -1.7976931348623157e308 3.141592653589793
-0.5 -1.7976931348623157e308 -3.141592653589793
-0.5 1e-160 -0.0
-0.5 1e-160 0.0
-0.5 1e-160 NaN
-0.5 1e-160 Infinity
-0.5 1e-160 -Infinity
-0.5 1e-160 1.0
-0.5 1e-160 -1.0
-0.5 1e-160 2.0
-0.5 1e-160 -2.0
-0.5 1e-160 0.5
-0.5 1e-160 -0.5
-0.5 1e-160 4.9406564584124654e-324
-0.5 1e-160 -4.9406564584124654e-324
-0.5 1e-160 2.2250738585072014e-308
-0.5 1e-160 -2.2250738585072014e-308
-0.5 1e-160 1.7976931348623157e308
-0.5 1e-160 -1.7976931348623157e308
-0.5 1e-160 1e-160
-0.5 1e-160 1e-16
-0.5 1e-160 1e16
-0.5 1e-160 1e160
-0.5 1e-160 3.141592653589793
-0.5 1e-160 -3.141592653589793
-0.5 1e-16 -0.0
-0.5 1e-16 0.0
-0.5 1e-16 NaN
-0.5 1e-16 Infinity
-0.5 1e-16 -Infinity
-0.5 1e-16 1.0
-0.5 1e-16 -1.0
-0.5 1e-16 2.0
-0.5 1e-16 -2.0
-0.5 1e-16 0.5
-0.5 1e-16 -0.5
-0.5 1e-16 4.9406564584124654e-324
-0.5 1e-16 -4.9406564584124654e-324
-0.5 1e-16 2.2250738585072014e-308
-0.5 1e-16 -2.2250738585072014e-308
-0.5 1e-16 1.7976931348623157e308
-0.5 1e-16 -1.7976931348623157e308
-0.5 1e-16 1e-160
-0.5 1e-16 1e-16
-0.5 1e-16 1e16
-0.5 1e-16 1e160
-0.5 1e-16 3.141592653589793
-0.5 1e-16 -3.141592653589793
-0.5 1e16 -0.0
-0.5 1e16 0.0
-0.5 1e16 NaN
-0.5 1e16 Infinity
-0.5 1e16 -Infinity
-0.5 1e16 1.0
-0.5 1e16 -1.0
-0.5 1e16 2.0
-0.5 1e16 -2.0
-0.5 1e16 0.5
-0.5 1e16 -0.5
-0.5 1e16 4.9406564584124654e-324
-0.5 1e16 -4.9406564584124654e-324
-0.5 1e16 2.2250738585072014e-308
-0.5 1e16 -2.2250738585072014e-308
-0.5 1e16 1.7976931348623157e308
-0.5 1e16 -1.7976931348623157e308
-0.5 1e16 1e-160
-0.5 1e16 1e-16
-0.5 1e16 1e16
-0.5 1e16 1e160
-0.5 1e16 3.141592653589793
-0.5 1e16 -3.141592653589793
-0.5 1e160 -0.0
-0.5 1e160 0.0
-0.5 1e160 NaN
-0.5 1e160 Infinity
-0.5 1e160 -Infinity
-0.5 1e160 1.0
-0.5 1e160 -1.0
-0.5 1e160 2.0
-0.5 1e160 -2.0
-0.5 1e160 0.5
-0.5 1e160 -0.5
-0.5 1e160 4.9406564584124654e-324
-0.5 1e160 -4.9406564584124654e-324
-0.5 1e160 2.2250738585072014e-308
-0.5 1e160 -2.2250738585072014e-308
-0.5 1e160 1.7976931348623157e308
-0.5 1e160 -1.7976931348623157e308
-0.5 1e160 1e-160
-0.5 1e160 1e-16
-0.5 1e160 1e16
-0.5 1e160 1e160
-0.5 1e160 3.141592653589793
-0.5 1e160 -3.141592653589793
-0.5 3.141592653589793 -0.0
-0.5 3.141592653589793 0.0
-0.5 3.141592653589793 NaN
-0.5 3.141592653589793 Infinity
-0.5 3.141592653589793 -Infinity
-0.5 3.141592653589793 1.0
-0.5 3.141592653589793 -1.0
-0.5 3.141592653589793 2.0
-0.5 3.141592653589793 -2.0
-0.5 3.141592653589793 0.5
-0.5 3.141592653589793 -0.5
-0.5 3.141592653589793 4.9406564584124654e-324
-0.5 3.141592653589793 -4.9406564584124654e-324
-0.5 3.141592653589793 2.2250738585072014e-308
-0.5 3.141592653589793 -2.2250738585072014e-308
-0.5 3.141592653589793 1.7976931348623157e308
-0.5 3.141592653589793 -1.7976931348623157e308
-0.5 3.141592653589793 1e-160
-0.5 3.141592653589793 1e-16
-0.5 3.141592653589793 1e16
-0.5 3.141592653589793 1e160
-0.5 3.141592653589793 3.141592653589793
-0.5 3.141592653589793 -3.141592653589793
-0.5 -3.141592653589793 -0.0
-0.5 -3.141592653589793 0.0
-0.5 -3.141592653589793 NaN
-0.5 -3.141592653589793 Infinity
-0.5 -3.141592653589793 -Infinity
-0.5 -3.141592653589793 1.0
-0.5 -3.141592653589793 -1.0
-0.5 -3.141592653589793 2.0
-0.5 -3.141592653589793 -2.0
-0.5 -3.141592653589793 0.5
-0.5 -3.141592653589793 -0.5
-0.5 -3.141592653589793 4.9406564584124654e-324
-0.5 -3.141592653589793 -4.9406564584124654e-324
-0.5 -3.141592653589793 2.2250738585072014e-308
-0.5 -3.141592653589793 -2.2250738585072014e-308
-0.5 -3.141592653589793 1.7976931348623157e308
-0.5 -3.141592653589793 -1.7976931348623157e308
-0.5 -3.141592653589793 1e-160
-0.5 -3.141592653589793 1e-16
-0.5 -3.141592653589793 1e16
-0.5 -3.141592653589793 1e160
-0.5 -3.141592653589793 3.141592653589793
-0.5 -3.141592653589793 -3.141592653589793
4.9406564584124654e-324 -0.0 -0.0
4.9406564584124654e-324 -0.0 0.0
4.9406564584124654e-324 -0.0 NaN
4.9406564584124654e-324 -0.0 Infinity
4.9406564584124654e-324 -0.0 -Infinity
4.9406564584124654e-324 -0.0 1.0
4.9406564584124654e-324 -0.0 -1.0
4.9406564584124654e-324 -0.0 2.0
4.9406564584124654e-324 -0.0 -2.0
4.9406564584124654e-324 -0.0 0.5
4.9406564584124654e-324 -0.0 -0.5
4.9406564584124654e-324 -0.0 4.9406564584124654e-324
4.9406564584124654e-324 -0.0 -4.9406564584124654e-324
4.9406564584124654e-324 -0.0 2.2250738585072014e-308
4.9406564584124654e-324 -0.0 -2.2250738585072014e-308
4.9406564584124654e-324 -0.0 1.7976931348623157e308
4.9406564584124654e-324 -0.0 -1.7976931348623157e308
4.9406564584124654e-324 -0.0 1e-160
4.9406564584124654e-324 -0.0 1e-16
4.9406564584124654e-324 -0.0 1e16
4.9406564584124654e-324 -0.0 1e160
4.9406564584124654e-324 -0.0 3.141592653589793
4.9406564584124654e-324 -0.0 -3.141592653589793
4.9406564584124654e-324 0.0 -0.0
4.9406564584124654e-324 0.0 0.0
4.9406564584124654e-324 0.0 NaN
4.9406564584124654e-324 0.0 Infinity
4.9406564584124654e-324 0.0 -Infinity
4.9406564584124654e-324 0.0 1.0
4.9406564584124654e-324 0.0 -1.0
4.9406564584124654e-324 0.0 2.0
4.9406564584124654e-324 0.0 -2.0
4.9406564584124654e-324 0.0 0.5
4.9406564584124654e-324 0.0 -0.5
4.9406564584124654e-324 0.0 4.9406564584124654e-324
4.9406564584124654e-324 0.0 -4.9406564584124654e-324
4.9406564584124654e-324 0.0 2.2250738585072014e-308
4.9406564584124654e-324 0.0 -2.2250738585072014e-308
4.9406564584124654e-324 0.0 1.7976931348623157e308
4.9406564584124654e-324 0.0 -1.7976931348623157e308
4.9406564584124654e-324 0.0 1e-160
4.9406564584124654e-324 0.0 1e-16
4.9406564584124654e-324 0.0 1e16
4.9406564584124654e-324 0.0 1e160
4.9406564584124654e-324 0.0 3.141592653589793
4.9406564584124654e-324 0.0 -3.141592653589793
4.9406564584124654e-324 NaN -0.0
4.9406564584124654e-324 NaN 0.0
4.9406564584124654e-324 NaN NaN
4.9406564584124654e-324 NaN Infinity
4.9406564584124654e-324 NaN -Infinity
4.9406564584124654e-324 NaN 1.0
4.9406564584124654e-324 NaN -1.0
4.9406564584124654e-324 NaN 2.0
4.9406564584124654e-324 NaN -2.0
4.9406564584124654e-324 NaN 0.5
4.9406564584124654e-324 NaN -0.5
4.9406564584124654e-324 NaN 4.9406564584124654e-324
4.9406564584124654e-324 NaN -4.9406564584124654e-324
4.9406564584124654e-324 NaN 2.2250738585072014e-308
4.9406564584124654e-324 NaN -2.2250738585072014e-308
4.9406564584124654e-324 NaN 1.7976931348623157e308
4.9406564584124654e-324 NaN -1.7976931348623157e308
4.9406564584124654e-324 NaN 1e-160
4.9406564584124654e-324 NaN 1e-16
4.9406564584124654e-324 NaN 1e16
4.9406564584124654e-324 NaN 1e160
4.9406564584124654e-324 NaN 3.141592653589793
4.9406564584124654e-324 NaN -3.141592653589793
4.9406564584124654e-324 Infinity -0.0
4.9406564584124654e-324 Infinity 0.0
4.9406564584124654e-324 Infinity NaN
4.9406564584124654e-324 Infinity Infinity
4.9406564584124654e-324 Infinity -Infinity
4.9406564584124654e-324 Infinity 1.0
4.9406564584124654e-324 Infinity -1.0
4.9406564584124654e-324 Infinity 2.0
4.9406564584124654e-324 Infinity -2.0
4.9406564584124654e-324 Infinity 0.5
4.9406564584124654e-324 Infinity -0.5
4.9406564584124654e-324 Infinity 4.9406564584124654e-324
4.9406564584124654e-324 Infinity -4.9406564584124654e-324
4.9406564584124654e-324 Infinity 2.2250738585072014e-308
4.9406564584124654e-324 Infinity -2.2250738585072014e-308
4.9406564584124654e-324 Infinity 1.7976931348623157e308
4.9406564584124654e-324 Infinity -1.7976931348623157e308
4.9406564584124654e-324 Infinity 1e-160
4.9406564584124654e-324 Infinity 1e-16
4.9406564584124654e-324 Infinity 1e16
4.9406564584124654e-324 Infinity 1e160
4.9406564584124654e-324 Infinity 3.141592653589793
4.9406564584124654e-324 Infinity -3.141592653589793
4.9406564584124654e-324 -Infinity -0.0
4.9406564584124654e-324 -Infinity 0.0
4.9406564584124654e-324 -Infinity NaN
4.9406564584124654e-324 -Infinity Infinity
4.9406564584124654e-324 -Infinity -Infinity
4.9406564584124654e-324 -Infinity 1.0
4.9406564584124654e-324 -Infinity -1.0
4.9406564584124654e-324 -Infinity 2.0
4.9406564584124654e-324 -Infinity -2.0
4.9406564584124654e-324 -Infinity 0.5
4.9406564584124654e-324 -Infinity -0.5
4.9406564584124654e-324 -Infinity 4.9406564584124654e-324
4.9406564584124654e-324 -Infinity -4.9406564584124654e-324
4.9406564584124654e-324 -Infinity 2.2250738585072014e-308
4.9406564584124654e-324 -Infinity -2.2250738585072014e-308
4.9406564584124654e-324 -Infinity 1.7976931348623157e308
4.9406564584124654e-324 -Infinity -1.7976931348623157e308
4.9406564584124654e-324 -Infinity 1e-160
4.9406564584124654e-324 -Infinity 1e-16
4.9406564584124654e-324 -Infinity 1e16
4.9406564584124654e-324 -Infinity 1e160
4.9406564584124654e-324 -Infinity 3.141592653589793
4.9406564584124654e-324 -Infinity -3.141592653589793
4.9406564584124654e-324 1.0 -0.0
4.9406564584124654e-324 1.0 0.0
4.9406564584124654e-324 1.0 NaN
4.9406564584124654e-324 1.0 Infinity
4.9406564584124654e-324 1.0 -Infinity
4.9406564584124654e-324 1.0 1.0
4.9406564584124654e-324 1.0 -1.0
4.9406564584124654e-324 1.0 2.0
4.9406564584124654e-324 1.0 -2.0
4.9406564584124654e-324 1.0 0.5
4.9406564584124654e-324 1.0 -0.5
4.9406564584124654e-324 1.0 4.9406564584124654e-324
4.9406564584124654e-324 1.0 -4.9406564584124654e-324
4.9406564584124654e-324 1.0 2.2250738585072014e-308
4.9406564584124654e-324 1.0 -2.2250738585072014e-308
4.9406564584124654e-324 1.0 1.7976931348623157e308
4.9406564584124654e-324 1.0 -1.7976931348623157e308
4.9406564584124654e-324 1.0 1e-160
4.9406564584124654e-324 1.0 1e-16
4.9406564584124654e-324 1.0 1e16
4.9406564584124654e-324 1.0 1e160
4.9406564584124654e-324 1.0 3.141592653589793
4.9406564584124654e-324 1.0 -3.141592653589793
4.9406564584124654e-324 -1.0 -0.0
4.9406564584124654e-324 -1.0 0.0
4.9406564584124654e-324 -1.0 NaN
4.9406564584124654e-324 -1.0 Infinity
4.9406564584124654e-324 -1.0 -Infinity
4.9406564584124654e-324 -1.0 1.0
4.9406564584124654e-324 -1.0 -1.0
4.9406564584124654e-324 -1.0 2.0
4.9406564584124654e-324 -1.0 -2.0
4.9406564584124654e-324 -1.0 0.5
4.9406564584124654e-324 -1.0 -0.5
4.9406564584124654e-324 -1.0 4.9406564584124654e-324
4.9406564584124654e-324 -1.0 -4.9406564584124654e-324
4.9406564584124654e-324 -1.0 2.2250738585072014e-308
4.9406564584124654e-324 -1.0 -2.2250738585072014e-308
4.9406564584124654e-324 -1.0 1.7976931348623157e308
4.9406564584124654e-324 -1.0 -1.7976931348623157e308
4.9406564584124654e-324 -1.0 1e-160
4.9406564584124654e-324 -1.0 1e-16
4.9406564584124654e-324 -1.0 1e16
4.9406564584124654e-324 -1.0 1e160
4.9406564584124654e-324 -1.0 3.141592653589793
4.9406564584124654e-324 -1.0 -3.141592653589793
4.9406564584124654e-324 2.0 -0.0
4.9406564584124654e-324 2.0 0.0
4.9406564584124654e-324 2.0 NaN
4.9406564584124654e-324 2.0 Infinity
4.9406564584124654e-324 2.0 -Infinity
4.9406564584124654e-324 2.0 1.0
4.9406564584124654e-324 2.0 -1.0
4.9406564584124654e-324 2.0 2.0
4.9406564584124654e-324 2.0 -2.0
4.9406564584124654e-324 2.0 0.5
4.9406564584124654e-324 2.0 -0.5
4.9406564584124654e-324 2.0 4.9406564584124654e-324
4.9406564584124654e-324 2.0 -4.9406564584124654e-324
4.9406564584124654e-324 2.0 2.2250738585072014e-308
4.9406564584124654e-324 2.0 -2.2250738585072014e-308
4.9406564584124654e-324 2.0 1.7976931348623157e308
4.9406564584124654e-324 2.0 -1.7976931348623157e308
4.9406564584124654e-324 2.0 1e-160
4.9406564584124654e-324 2.0 1e-16
4.9406564584124654e-324 2.0 1e16
4.9406564584124654e-324 2.0 1e160
4.9406564584124654e-324 2.0 3.141592653589793
4.9406564584124654e-324 2.0 -3.141592653589793
4.9406564584124654e-324 -2.0 -0.0
4.9406564584124654e-324 -2.0 0.0
4.9406564584124654e-324 -2.0 NaN
4.9406564584124654e-324 -2.0 Infinity
4.9406564584124654e-324 -2.0 -Infinity
4.9406564584124654e-324 -2.0 1.0
4.9406564584124654e-324 -2.0 -1.0
4.9406564584124654e-324 -2.0 2.0
4.9406564584124654e-324 -2.0 -2.0
4.9406564584124654e-324 -2.0 0.5
4.9406564584124654e-324 -2.0 -0.5
4.9406564584124654e-324 -2.0 4.9406564584124654e-324
4.9406564584124654e-324 -2.0 -4.9406564584124654e-324
4.9406564584124654e-324 -2.0 2.2250738585072014e-308
4.9406564584124654e-324 -2.0 -2.2250738585072014e-308
4.9406564584124654e-324 -2.0 1.7976931348623157e308
4.9406564584124654e-324 -2.0 -1.7976931348623157e308
4.9406564584124654e-324 -2.0 1e-160
4.9406564584124654e-324 -2.0 1e-16
4.9406564584124654e-324 -2.0 1e16
4.9406564584124654e-324 -2.0 1e160
4.9406564584124654e-324 -2.0 3.141592653589793
4.9406564584124654e-324 -2.0 -3.141592653589793
4.9406564584124654e-324 0.5 -0.0
4.9406564584124654e-324 0.5 0.0
4.9406564584124654e-324 0.5 NaN
4.9406564584124654e-324 0.5 Infinity
4.9406564584124654e-324 0.5 -Infinity
4.9406564584124654e-324 0.5 1.0
4.9406564584124654e-324 0.5 -1.0
4.9406564584124654e-324 0.5 2.0
4.9406564584124654e-324 0.5 -2.0
4.9406564584124654e-324 0.5 0.5
4.9406564584124654e-324 0.5 -0.5
4.9406564584124654e-324 0.5 4.9406564584124654e-324
4.9406564584124654e-324 0.5 -4.9406564584124654e-324
4.9406564584124654e-324 0.5 2.2250738585072014e-308
4.9406564584124654e-324 0.5 -2.2250738585072014e-308
4.9406564584124654e-324 0.5 1.7976931348623157e308
4.9406564584124654e-324 0.5 -1.7976931348623157e308
4.9406564584124654e-324 0.5 1e-160
4.9406564584124654e-324 0.5 1e-16
4.9406564584124654e-324 0.5 1e16
4.9406564584124654e-324 0.5 1e160
4.9406564584124654e-324 0.5 3.141592653589793
4.9406564584124654e-324 0.5 -3.141592653589793
4.9406564584124654e-324 -0.5 -0.0
4.9406564584124654e-324 -0.5 0.0
4.9406564584124654e-324 -0.5 NaN
4.9406564584124654e-324 -0.5 Infinity
4.9406564584124654e-324 -0.5 -Infinity
4.9406564584124654e-324 -0.5 1.0
4.9406564584124654e-324 -0.5 -1.0
4.9406564584124654e-324 -0.5 2.0
4.9406564584124654e-324 -0.5 -2.0
4.9406564584124654e-324 -0.5 0.5
4.9406564584124654e-324 -0.5 -0.5
4.9406564584124654e-324 -0.5 4.9406564584124654e-324
4.9406564584124654e-324 -0.5 -4.9406564584124654e-324
4.9406564584124654e-324 -0.5 2.2250738585072014e-308
4.9406564584124654e-324 -0.5 -2.2250738585072014e-308
4.9406564584124654e-324 -0.5 1.7976931348623157e308
4.9406564584124654e-324 -0.5 -1.7976931348623157e308
4.9406564584124654e-324 -0.5 1e-160
4.9406564584124654e-324 -0.5 1e-16
4.9406564584124654e-324 -0.5 1e16
4.9406564584124654e-324 -0.5 1e160
4.9406564584124654e-324 -0.5 3.141592653589793
4.9406564584124654e-324 -0.5 -3.141592653589793
4.9406564584124654e-324 4.9406564584124654e-324 -0.0
4.9406564584124654e-324 4.9406564584124654e-324 0.0
4.9406564584124654e-324 4.9406564584124654e-324 NaN
4.9406564584124654e-324 4.9406564584124654e-324 Infinity
4.9406564584124654e-324 4.9406564584124654e-324 -Infinity
4.9406564584124654e-324 4.9406564584124654e-324 1.0
4.9406564584124654e-324 4.9406564584124654e-324 -1.0
4.9406564584124654e-324 4.9406564584124654e-324 2.0
4.9406564584124654e-324 4.9406564584124654e-324 -2.0
4.9406564584124654e-324 4.9406564584124654e-324 0.5
4.9406564584124654e-324 4.9406564584124654e-324 -0.5
4.9406564584124654e-324 4.9406564584124654e-324 4.9406564584124654e-324
4.9406564584124654e-324 4.9406564584124654e-324 -4.9406564584124654e-324
4.9406564584124654e-324 4.9406564584124654e-324 2.2250738585072014e-308
4.9406564584124654e-324 4.9406564584124654e-324 -2.2250738585072014e-308
4.9406564584124654e-324 4.9406564584124654e-324 1.7976931348623157e308
4.9406564584124654e-324 4.9406564584124654e-324 -1.7976931348623157e308
4.9406564584124654e-324 4.9406564584124654e-324 1e-160
4.9406564584124654e-324 4.9406564584124654e-324 1e-16
4.9406564584124654e-324 4.9406564584124654e-324 1e16
4.9406564584124654e-324 4.9406564584124654e-324 1e160
4.9406564584124654e-324 4.9406564584124654e-324 3.141592653589793
4.9406564584124654e-324 4.9406564584124654e-324 -3.141592653589793
4.9406564584124654e-324 -4.9406564584124654e-324 -0.0
4.9406564584124654e-324 -4.9406564584124654e-324 0.0
4.9406564584124654e-324 -4.9406564584124654e-324 NaN
4.9406564584124654e-324 -4.9406564584124654e-324 Infinity
4.9406564584124654e-324 -4.9406564584124654e-324 -Infinity
4.9406564584124654e-324 -4.9406564584124654e-324 1.0
4.9406564584124654e-324 -4.9406564584124654e-324 -1.0
4.9406564584124654e-324 -4.9406564584124654e-324 2.0
4.9406564584124654e-324 -4.9406564584124654e-324 -2.0
4.9406564584124654e-324 -4.9406564584124654e-324 0.5
4.9406564584124654e-324 -4.9406564584124654e-324 -0.5
4.9406564584124654e-324 -4.9406564584124654e-324 4.9406564584124654e-324
4.9406564584124654e-324 -4.9406564584124654e-324 -4.9406564584124654e-324
4.9406564584124654e-324 -4.9406564584124654e-324 2.2250738585072014e-308
4.9406564584124654e-324 -4.9406564584124654e-324 -2.2250738585072014e-308
4.9406564584124654e-324 -4.9406564584124654e-324 1.7976931348623157e308
4.9406564584124654e-324 -4.9406564584124654e-324 -1.7976931348623157e308
4.9406564584124654e-324 -4.9406564584124654e-324 1e-160
4.9406564584124654e-324 -4.9406564584124654e-324 1e-16
4.9406564584124654e-324 -4.9406564584124654e-324 1e16
4.9406564584124654e-324 -4.9406564584124654e-324 1e160
4.9406564584124654e-324 -4.9406564584124654e-324 3.141592653589793
4.9406564584124654e-324 -4.9406564584124654e-324 -3.141592653589793
4.9406564584124654e-324 2.2250738585072014e-308 -0.0
4.9406564584124654e-324 2.2250738585072014e-308 0.0
4.9406564584124654e-324 2.2250738585072014e-308 NaN
4.9406564584124654e-324 2.2250738585072014e-308 Infinity
4.9406564584124654e-324 2.2250738585072014e-308 -Infinity
4.9406564584124654e-324 2.2250738585072014e-308 1.0
4.9406564584124654e-324 2.2250738585072014e-308 -1.0
4.9406564584124654e-324 2.2250738585072014e-308 2.0
4.9406564584124654e-324 2.2250738585072014e-308 -2.0
4.9406564584124654e-324 2.2250738585072014e-308 0.5
4.9406564584124654e-324 2.2250738585072014e-308 -0.5
4.9406564584124654e-324 2.2250738585072014e-308 4.9406564584124654e-324
4.9406564584124654e-324 2.2250738585072014e-308 -4.9406564584124654e-324
4.9406564584124654e-324 2.2250738585072014e-308 2.2250738585072014e-308
4.9406564584124654e-324 2.2250738585072014e-308 -2.2250738585072014e-308
4.9406564584124654e-324 2.2250738585072014e-308 1.7976931348623157e308
4.9406564584124654e-324 2.2250738585072014e-308 -1.7976931348623157e308
4.9406564584124654e-324 2.2250738585072014e-308 1e-160
4.9406564584124654e-324 2.2250738585072014e-308 1e-16
4.9406564584124654e-324 2.2250738585072014e-308 1e16
4.9406564584124654e-324 2.2250738585072014e-308 1e160
4.9406564584124654e-324 2.2250738585072014e-308 3.141592653589793
4.9406564584124654e-324 2.2250738585072014e-308 -3.141592653589793
4.9406564584124654e-324 -2.2250738585072014e-308 -0.0
4.9406564584124654e-324 -2.2250738585072014e-308 0.0
4.9406564584124654e-324 -2.2250738585072014e-308 NaN
4.9406564584124654e-324 -2.2250738585072014e-308 Infinity
4.9406564584124654e-324 -2.2250738585072014e-308 -Infinity
4.9406564584124654e-324 -2.2250738585072014e-308 1.0
4.9406564584124654e-324 -2.2250738585072014e-308 -1.0
4.9406564584124654e-324 -2.2250738585072014e-308 2.0
4.9406564584124654e-324 -2.2250738585072014e-308 -2.0
4.9406564584124654e-324 -2.2250738585072014e-308 0.5
4.9406564584124654e-324 -2.2250738585072014e-308 -0.5
4.9406564584124654e-324 -2.2250738585072014e-308 4.9406564584124654e-324
4.9406564584124654e-324 -2.2250738585072014e-308 -4.9406564584124654e-324
4.9406564584124654e-324 -2.2250738585072014e-308 2.2250738585072014e-308
4.9406564584124654e-324 -2.2250738585072014e-308 -2.2250738585072014e-308
4.9406564584124654e-324 -2.2250738585072014e-308 1.7976931348623157e308
4.9406564584124654e-324 -2.2250738585072014e-308 -1.7976931348623157e308
4.9406564584124654e-324 -2.2250738585072014e-308 1e-160
4.9406564584124654e-324 -2.2250738585072014e-308 1e-16
4.9406564584124654e-324 -2.2250738585072014e-308 1e16
4.9406564584124654e-324 -2.2250738585072014e-308 1e160
4.9406564584124654e-324 -2.2250738585072014e-308 3.141592653589793
4.9406564584124654e-324 -2.2250738585072014e-308 -3.141592653589793
4.9406564584124654e-324 1.7976931348623157e308 -0.0
4.9406564584124654e-324 1.7976931348623157e308 0.0
4.9406564584124654e-324 1.7976931348623157e308 NaN
4.9406564584124654e-324 1.7976931348623157e308 Infinity
4.9406564584124654e-324 1.7976931348623157e308 -Infinity
4.9406564584124654e-324 1.7976931348623157e308 1.0
4.9406564584124654e-324 1.7976931348623157e308 -1.0
4.9406564584124654e-324 1.7976931348623157e308 2.0
4.9406564584124654e-324 1.7976931348623157e308 -2.0
4.9406564584124654e-324 1.7976931348623157e308 0.5
4.9406564584124654e-324 1.7976931348623157e308 -0.5
4.9406564584124654e-324 1.7976931348623157e308 4.9406564584124654e-324
4.9406564584124654e-324 1.7976931348623157e308 -4.9406564584124654e-324
4.9406564584124654e-324 1.7976931348623157e308 2.2250738585072014e-308
4.9406564584124654e-324 1.7976931348623157e308 -2.2250738585072014e-308
4.9406564584124654e-324 1.7976931348623157e308 1.7976931348623157e308
4.9406564584124654e-324 1.7976931348623157e308 -1.7976931348623157e308
4.9406564584124654e-324 1.7976931348623157e308 1e-160
4.9406564584124654e-324 1.7976931348623157e308 1e-16
4.9406564584124654e-324 1.7976931348623157e308 1e16
4.9406564584124654e-324 1.7976931348623157e308 1e160
4.9406564584124654e-324 1.7976931348623157e308 3.141592653589793
4.9406564584124654e-324 1.7976931348623157e308 -3.141592653589793
4.9406564584124654e-324 -1.7976931348623157e308 -0.0
4.9406564584124654e-324 -1.7976931348623157e308 0.0
4.9406564584124654e-324 -1.7976931348623157e308 NaN
4.9406564584124654e-324 -1.7976931348623157e308 Infinity
4.9406564584124654e-324 -1.7976931348623157e308 -Infinity
4.9406564584124654e-324 -1.7976931348623157e308 1.0
4.9406564584124654e-324 -1.7976931348623157e308 -1.0
4.9406564584124654e-324 -1.7976931348623157e308 2.0
4.9406564584124654e-324 -1.7976931348623157e308 -2.0
4.9406564584124654e-324 -1.7976931348623157e308 0.5
4.9406564584124654e-324 -1.7976931348623157e308 -0.5
4.9406564584124654e-324 -1.7976931348623157e308 4.9406564584124654e-324
4.9406564584124654e-324 -1.7976931348623157e308 -4.9406564584124654e-324
4.9406564584124654e-324 -1.7976931348623157e308 2.2250738585072014e-308
4.9406564584124654e-324 -1.7976931348623157e308 -2.2250738585072014e-308
4.9406564584124654e-324 -1.7976931348623157e308 1.7976931348623157e308
4.9406564584124654e-324 -1.7976931348623157e308 -1.7976931348623157e308
4.9406564584124654e-324 -1.7976931348623157e308 1e-160
4.9406564584124654e-324 -1.7976931348623157e308 1e-16
4.9406564584124654e-324 -1.7976931348623157e308 1e16
4.9406564584124654e-324 -1.7976931348623157e308 1e160
4.9406564584124654e-324 -1.7976931348623157e308 3.141592653589793
4.9406564584124654e-324 -1.7976931348623157e308 -3.141592653589793
4.9406564584124654e-324 1e-160 -0.0
4.9406564584124654e-324 1e-160 0.0
4.9406564584124654e-324 1e-160 NaN
4.9406564584124654e-324 1e-160 Infinity
4.9406564584124654e-324 1e-160 -Infinity
4.9406564584124654e-324 1e-160 1.0
4.9406564584124654e-324 1e-160 -1.0
4.9406564584124654e-324 1e-160 2.0
4.9406564584124654e-324 1e-160 -2.0
4.9406564584124654e-324 1e-160 0.5
4.9406564584124654e-324 1e-160 -0.5
4.9406564584124654e-324 1e-160 4.9406564584124654e-324
4.9406564584124654e-324 1e-160 -4.9406564584124654e-324
4.9406564584124654e-324 1e-160 2.2250738585072014e-308
4.9406564584124654e-324 1e-160 -2.2250738585072014e-308
4.9406564584124654e-324 1e-160 1.7976931348623157e308
4.9406564584124654e-324 1e-160 -1.7976931348623157e308
4.9406564584124654e-324 1e-160 1e-160
4.9406564584124654e-324 1e-160 1e-16
4.9406564584124654e-324 1e-160 1e16
4.9406564584124654e-324 1e-160 1e160
4.9406564584124654e-324 1e-160 3.141592653589793
4.9406564584124654e-324 1e-160 -3.141592653589793
4.9406564584124654e-324 1e-16 -0.0
4.9406564584124654e-324 1e-16 0.0
4.9406564584124654e-324 1e-16 NaN
4.9406564584124654e-324 1e-16 Infinity
4.9406564584124654e-324 1e-16 -Infinity
4.9406564584124654e-324 1e-16 1.0
4.9406564584124654e-324 1e-16 -1.0
4.9406564584124654e-324 1e-16 2.0
4.9406564584124654e-324 1e-16 -2.0
4.9406564584124654e-324 1e-16 0.5
4.9406564584124654e-324 1e-16 -0.5
4.9406564584124654e-324 1e-16 4.9406564584124654e-324
4.9406564584124654e-324 1e-16 -4.9406564584124654e-324
4.9406564584124654e-324 1e-16 2.2250738585072014e-308
4.9406564584124654e-324 1e-16 -2.2250738585072014e-308
4.9406564584124654e-324 1e-16 1.7976931348623157e308
4.9406564584124654e-324 1e-16 -1.7976931348623157e308
4.9406564584124654e-324 1e-16 1e-160
4.9406564584124654e-324 1e-16 1e-16
4.9406564584124654e-324 1e-16 1e16
4.9406564584124654e-324 1e-16 1e160
4.9406564584124654e-324 1e-16 3.141592653589793
4.9406564584124654e-324 1e-16 -3.141592653589793
4.9406564584124654e-324 1e16 -0.0
4.9406564584124654e-324 1e16 0.0
4.9406564584124654e-324 1e16 NaN
4.9406564584124654e-324 1e16 Infinity
4.9406564584124654e-324 1e16 -Infinity
4.9406564584124654e-324 1e16 1.0
4.9406564584124654e-324 1e16 -1.0
4.9406564584124654e-324 1e16 2.0
4.9406564584124654e-324 1e16 -2.0
4.9406564584124654e-324 1e16 0.5
4.9406564584124654e-324 1e16 -0.5
4.9406564584124654e-324 1e16 4.9406564584124654e-324
4.9406564584124654e-324 1e16 -4.9406564584124654e-324
4.9406564584124654e-324 1e16 2.2250738585072014e-308
4.9406564584124654e-324 1e16 -2.2250738585072014e-308
4.9406564584124654e-324 1e16 1.7976931348623157e308
4.9406564584124654e-324 1e16 -1.7976931348623157e308
4.9406564584124654e-324 1e16 1e-160
4.9406564584124654e-324 1e16 1e-16
4.9406564584124654e-324 1e16 1e16
4.9406564584124654e-324 1e16 1e160
4.9406564584124654e-324 1e16 3.141592653589793
4.9406564584124654e-324 1e16 -3.141592653589793
4.9406564584124654e-324 1e160 -0.0
4.9406564584124654e-324 1e160 0.0
4.9406564584124654e-324 1e160 NaN
4.9406564584124654e-324 1e160 Infinity
4.9406564584124654e-324 1e160 -Infinity
4.9406564584124654e-324 1e160 1.0
4.9406564584124654e-324 1e160 -1.0
4.9406564584124654e-324 1e160 2.0
4.9406564584124654e-324 1e160 -2.0
4.9406564584124654e-324 1e160 0.5
4.9406564584124654e-324 1e160 -0.5
4.9406564584124654e-324 1e160 4.9406564584124654e-324
4.9406564584124654e-324 1e160 -4.9406564584124654e-324
4.9406564584124654e-324 1e160 2.2250738585072014e-308
4.9406564584124654e-324 1e160 -2.2250738585072014e-308
4.9406564584124654e-324 1e160 1.7976931348623157e308
4.9406564584124654e-324 1e160 -1.7976931348623157e308
4.9406564584124654e-324 1e160 1e-160
4.9406564584124654e-324 1e160 1e-16
4.9406564584124654e-324 1e160 1e16
4.9406564584124654e-324 1e160 1e160
4.9406564584124654e-324 1e160 3.141592653589793
4.9406564584124654e-324 1e160 -3.141592653589793
4.9406564584124654e-324 3.141592653589793 -0.0
4.9406564584124654e-324 3.141592653589793 0.0
4.9406564584124654e-324 3.141592653589793 NaN
4.9406564584124654e-324 3.141592653589793 Infinity
4.9406564584124654e-324 3.141592653589793 -Infinity
4.9406564584124654e-324 3.141592653589793 1.0
4.9406564584124654e-324 3.141592653589793 -1.0
4.9406564584124654e-324 3.141592653589793 2.0
4.9406564584124654e-324 3.141592653589793 -2.0
4.9406564584124654e-324 3.141592653589793 0.5
4.9406564584124654e-324 3.141592653589793 -0.5
4.9406564584124654e-324 3.141592653589793 4.9406564584124654e-324
4.9406564584124654e-324 3.141592653589793 -4.9406564584124654e-324
4.9406564584124654e-324 3.141592653589793 2.2250738585072014e-308
4.9406564584124654e-324 3.141592653589793 -2.2250738585072014e-308
4.9406564584124654e-324 3.141592653589793 1.7976931348623157e308
4.9406564584124654e-324 3.141592653589793 -1.7976931348623157e308
4.9406564584124654e-324 3.141592653589793 1e-160
4.9406564584124654e-324 3.141592653589793 1e-16
4.9406564584124654e-324 3.141592653589793 1e16
4.9406564584124654e-324 3.141592653589793 1e160
4.9406564584124654e-324 3.141592653589793 3.141592653589793
4.9406564584124654e-324 3.141592653589793 -3.141592653589793
4.9406564584124654e-324 -3.141592653589793 -0.0
4.9406564584124654e-324 -3.141592653589793 0.0
4.9406564584124654e-324 -3.141592653589793 NaN
4.9406564584124654e-324 -3.141592653589793 Infinity
4.9406564584124654e-324 -3.141592653589793 -Infinity
4.9406564584124654e-324 -3.141592653589793 1.0
4.9406564584124654e-324 -3.141592653589793 -1.0
4.9406564584124654e-324 -3.141592653589793 2.0
4.9406564584124654e-324 -3.141592653589793 -2.0
4.9406564584124654e-324 -3.141592653589793 0.5
4.9406564584124654e-324 -3.141592653589793 -0.5
4.9406564584124654e-324 -3.141592653589793 4.9406564584124654e-324
4.9406564584124654e-324 -3.141592653589793 -4.9406564584124654e-324
4.9406564584124654e-324 -3.141592653589793 2.2250738585072014e-308
4.9406564584124654e-324 -3.141592653589793 -2.2250738585072014e-308
4.9406564584124654e-324 -3.141592653589793 1.7976931348623157e308
4.9406564584124654e-324 -3.141592653589793 -1.7976931348623157e308
4.9406564584124654e-324 -3.141592653589793 1e-160
4.9406564584124654e-324 -3.141592653589793 1e-16
4.9406564584124654e-324 -3.141592653589793 1e16
4.9406564584124654e-324 -3.141592653589793 1e160
4.9406564584124654e-324 -3.141592653589793 3.141592653589793
4.9406564584124654e-324 -3.141592653589793 -3.141592653589793
-4.9406564584124654e-324 -0.0 -0.0
-4.9406564584124654e-324 -0.0 0.0
-4.9406564584124654e-324 -0.0 NaN
-4.9406564584124654e-324 -0.0 Infinity
-4.9406564584124654e-324 -0.0 -Infinity
-4.9406564584124654e-324 -0.0 1.0
-4.9406564584124654e-324 -0.0 -1.0
-4.9406564584124654e-324 -0.0 2.0
-4.9406564584124654e-324 -0.0 -2.0
-4.9406564584124654e-324 -0.0 0.5
-4.9406564584124654e-324 -0.0 -0.5
-4.9406564584124654e-324 -0.0 4.9406564584124654e-324
-4.9406564584124654e-324 -0.0 -4.9406564584124654e-324
-4.9406564584124654e-324 -0.0 2.2250738585072014e-308
-4.9406564584124654e-324 -0.0 -2.2250738585072014e-308
-4.9406564584124654e-324 -0.0 1.7976931348623157e308
-4.9406564584124654e-324 -0.0 -1.7976931348623157e308
-4.9406564584124654e-324 -0.0 1e-160
-4.9406564584124654e-324 -0.0 1e-16
-4.9406564584124654e-324 -0.0 1e16
-4.9406564584124654e-324 -0.0 1e160
-4.9406564584124654e-324 -0.0 3.141592653589793
-4.9406564584124654e-324 -0.0 -3.141592653589793
-4.9406564584124654e-324 0.0 -0.0
-4.9406564584124654e-324 0.0 0.0
-4.9406564584124654e-324 0.0 NaN
-4.9406564584124654e-324 0.0 Infinity
-4.9406564584124654e-324 0.0 -Infinity
-4.9406564584124654e-324 0.0 1.0
-4.9406564584124654e-324 0.0 -1.0
-4.9406564584124654e-324 0.0 2.0
-4.9406564584124654e-324 0.0 -2.0
-4.9406564584124654e-324 0.0 0.5
-4.9406564584124654e-324 0.0 -0.5
-4.9406564584124654e-324 0.0 4.9406564584124654e-324
-4.9406564584124654e-324 0.0 -4.9406564584124654e-324
-4.9406564584124654e-324 0.0 2.2250738585072014e-308
-4.9406564584124654e-324 0.0 -2.2250738585072014e-308
-4.9406564584124654e-324 0.0 1.7976931348623157e308
-4.9406564584124654e-324 0.0 -1.7976931348623157e308
-4.9406564584124654e-324 0.0 1e-160
-4.9406564584124654e-324 0.0 1e-16
-4.9406564584124654e-324 0.0 1e16
-4.9406564584124654e-324 0.0 1e160
-4.9406564584124654e-324 0.0 3.141592653589793
-4.9406564584124654e-324 0.0 -3.141592653589793
-4.9406564584124654e-324 NaN -0.0
-4.9406564584124654e-324 NaN 0.0
-4.9406564584124654e-324 NaN NaN
-4.9406564584124654e-324 NaN Infinity
-4.9406564584124654e-324 NaN -Infinity
-4.9406564584124654e-324 NaN 1.0
-4.9406564584124654e-324 NaN -1.0
-4.9406564584124654e-324 NaN 2.0
-4.9406564584124654e-324 NaN -2.0
-4.9406564584124654e-324 NaN 0.5
-4.9406564584124654e-324 NaN -0.5
-4.9406564584124654e-324 NaN 4.9406564584124654e-324
-4.9406564584124654e-324 NaN -4.9406564584124654e-324
-4.9406564584124654e-324 NaN 2.2250738585072014e-308
-4.9406564584124654e-324 NaN -2.2250738585072014e-308
-4.9406564584124654e-324 NaN 1.7976931348623157e308
-4.9406564584124654e-324 NaN -1.7976931348623157e308
-4.9406564584124654e-324 NaN 1e-160
-4.9406564584124654e-324 NaN 1e-16
-4.9406564584124654e-324 NaN 1e16
-4.9406564584124654e-324 NaN 1e160
-4.9406564584124654e-324 NaN 3.141592653589793
-4.9406564584124654e-324 NaN -3.141592653589793
-4.9406564584124654e-324 Infinity -0.0
-4.9406564584124654e-324 Infinity 0.0
-4.9406564584124654e-324 Infinity NaN
-4.9406564584124654e-324 Infinity Infinity
-4.9406564584124654e-324 Infinity -Infinity
-4.9406564584124654e-324 Infinity 1.0
-4.9406564584124654e-324 Infinity -1.0
-4.9406564584124654e-324 Infinity 2.0
-4.9406564584124654e-324 Infinity -2.0
-4.9406564584124654e-324 Infinity 0.5
-4.9406564584124654e-324 Infinity -0.5
-4.9406564584124654e-324 Infinity 4.9406564584124654e-324
-4.9406564584124654e-324 Infinity -4.9406564584124654e-324
-4.9406564584124654e-324 Infinity 2.2250738585072014e-308
-4.9406564584124654e-324 Infinity -2.2250738585072014e-308
-4.9406564584124654e-324 Infinity 1.7976931348623157e308
-4.9406564584124654e-324 Infinity -1.7976931348623157e308
-4.9406564584124654e-324 Infinity 1e-160
-4.9406564584124654e-324 Infinity 1e-16
-4.9406564584124654e-324 Infinity 1e16
-4.9406564584124654e-324 Infinity 1e160
-4.9406564584124654e-324 Infinity 3.141592653589793
-4.9406564584124654e-324 Infinity -3.141592653589793
-4.9406564584124654e-324 -Infinity -0.0
-4.9406564584124654e-324 -Infinity 0.0
-4.9406564584124654e-324 -Infinity NaN
-4.9406564584124654e-324 -Infinity Infinity
-4.9406564584124654e-324 -Infinity -Infinity
-4.9406564584124654e-324 -Infinity 1.0
-4.9406564584124654e-324 -Infinity -1.0
-4.9406564584124654e-324 -Infinity 2.0
-4.9406564584124654e-324 -Infinity -2.0
-4.9406564584124654e-324 -Infinity 0.5
-4.9406564584124654e-324 -Infinity -0.5
-4.9406564584124654e-324 -Infinity 4.9406564584124654e-324
-4.9406564584124654e-324 -Infinity -4.9406564584124654e-324
-4.9406564584124654e-324 -Infinity 2.2250738585072014e-308
-4.9406564584124654e-324 -Infinity -2.2250738585072014e-308
-4.9406564584124654e-324 -Infinity 1.7976931348623157e308
-4.9406564584124654e-324 -Infinity -1.7976931348623157e308
-4.9406564584124654e-324 -Infinity 1e-160
-4.9406564584124654e-324 -Infinity 1e-16
-4.9406564584124654e-324 -Infinity 1e16
-4.9406564584124654e-324 -Infinity 1e160
-4.9406564584124654e-324 -Infinity 3.141592653589793
-4.9406564584124654e-324 -Infinity -3.141592653589793
-4.9406564584124654e-324 1.0 -0.0
-4.9406564584124654e-324 1.0 0.0
-4.9406564584124654e-324 1.0 NaN
-4.9406564584124654e-324 1.0 Infinity
-4.9406564584124654e-324 1.0 -Infinity
-4.9406564584124654e-324 1.0 1.0
-4.9406564584124654e-324 1.0 -1.0
-4.9406564584124654e-324 1.0 2.0
-4.9406564584124654e-324 1.0 -2.0
-4.9406564584124654e-324 1.0 0.5
-4.9406564584124654e-324 1.0 -0.5
-4.9406564584124654e-324 1.0 4.9406564584124654e-324
-4.9406564584124654e-324 1.0 -4.9406564584124654e-324
-4.9406564584124654e-324 1.0 2.2250738585072014e-308
-4.9406564584124654e-324 1.0 -2.2250738585072014e-308
-4.9406564584124654e-324 1.0 1.7976931348623157e308
-4.9406564584124654e-324 1.0 -1.7976931348623157e308
-4.9406564584124654e-324 1.0 1e-160
-4.9406564584124654e-324 1.0 1e-16
-4.9406564584124654e-324 1.0 1e16
-4.9406564584124654e-324 1.0 1e160
-4.9406564584124654e-324 1.0 3.141592653589793
-4.9406564584124654e-324 1.0 -3.141592653589793
-4.9406564584124654e-324 -1.0 -0.0
-4.9406564584124654e-324 -1.0 0.0
-4.9406564584124654e-324 -1.0 NaN
-4.9406564584124654e-324 -1.0 Infinity
-4.9406564584124654e-324 -1.0 -Infinity
-4.9406564584124654e-324 -1.0 1.0
-4.9406564584124654e-324 -1.0 -1.0
-4.9406564584124654e-324 -1.0 2.0
-4.9406564584124654e-324 -1.0 -2.0
-4.9406564584124654e-324 -1.0 0.5
-4.9406564584124654e-324 -1.0 -0.5
-4.9406564584124654e-324 -1.0 4.9406564584124654e-324
-4.9406564584124654e-324 -1.0 -4.9406564584124654e-324
-4.9406564584124654e-324 -1.0 2.2250738585072014e-308
-4.9406564584124654e-324 -1.0 -2.2250738585072014e-308
-4.9406564584124654e-324 -1.0 1.7976931348623157e308
-4.9406564584124654e-324 -1.0 -1.7976931348623157e308
-4.9406564584124654e-324 -1.0 1e-160
-4.9406564584124654e-324 -1.0 1e-16
-4.9406564584124654e-324 -1.0 1e16
-4.9406564584124654e-324 -1.0 1e160
-4.9406564584124654e-324 -1.0 3.141592653589793
-4.9406564584124654e-324 -1.0 -3.141592653589793
-4.9406564584124654e-324 2.0 -0.0
-4.9406564584124654e-324 2.0 0.0
-4.9406564584124654e-324 2.0 NaN
-4.9406564584124654e-324 2.0 Infinity
-4.9406564584124654e-324 2.0 -Infinity
-4.9406564584124654e-324 2.0 1.0
-4.9406564584124654e-324 2.0 -1.0
-4.9406564584124654e-324 2.0 2.0
-4.9406564584124654e-324 2.0 -2.0
-4.9406564584124654e-324 2.0 0.5
-4.9406564584124654e-324 2.0 -0.5
-4.9406564584124654e-324 2.0 4.9406564584124654e-324
-4.9406564584124654e-324 2.0 -4.9406564584124654e-324
-4.9406564584124654e-324 2.0 2.2250738585072014e-308
-4.9406564584124654e-324 2.0 -2.2250738585072014e-308
-4.9406564584124654e-324 2.0 1.7976931348623157e308
-4.9406564584124654e-324 2.0 -1.7976931348623157e308
-4.9406564584124654e-324 2.0 1e-160
-4.9406564584124654e-324 2.0 1e-16
-4.9406564584124654e-324 2.0 1e16
-4.9406564584124654e-324 2.0 1e160
-4.9406564584124654e-324 2.0 3.141592653589793
-4.9406564584124654e-324 2.0 -3.141592653589793
-4.9406564584124654e-324 -2.0 -0.0
-4.9406564584124654e-324 -2.0 0.0
-4.9406564584124654e-324 -2.0 NaN
-4.9406564584124654e-324 -2.0 Infinity
-4.9406564584124654e-324 -2.0 -Infinity
-4.9406564584124654e-324 -2.0 1.0
-4.9406564584124654e-324 -2.0 -1.0
-4.9406564584124654e-324 -2.0 2.0
-4.9406564584124654e-324 -2.0 -2.0
-4.9406564584124654e-324 -2.0 0.5
-4.9406564584124654e-324 -2.0 -0.5
-4.9406564584124654e-324 -2.0 4.9406564584124654e-324
-4.9406564584124654e-324 -2.0 -4.9406564584124654e-324
-4.9406564584124654e-324 -2.0 2.2250738585072014e-308
-4.9406564584124654e-324 -2.0 -2.2250738585072014e-308
-4.9406564584124654e-324 -2.0 1.7976931348623157e308
-4.9406564584124654e-324 -2.0 -1.7976931348623157e308
-4.9406564584124654e-324 -2.0 1e-160
-4.9406564584124654e-324 -2.0 1e-16
-4.9406564584124654e-324 -2.0 1e16
-4.9406564584124654e-324 -2.0 1e160
-4.9406564584124654e-324 -2.0 3.141592653589793
-4.9406564584124654e-324 -2.0 -3.141592653589793
-4.9406564584124654e-324 0.5 -0.0
-4.9406564584124654e-324 0.5 0.0
-4.9406564584124654e-324 0.5 NaN
-4.9406564584124654e-324 0.5 Infinity
-4.9406564584124654e-324 0.5 -Infinity
-4.9406564584124654e-324 0.5 1.0
-4.9406564584124654e-324 0.5 -1.0
-4.9406564584124654e-324 0.5 2.0
-4.9406564584124654e-324 0.5 -2.0
-4.9406564584124654e-324 0.5 0.5
-4.9406564584124654e-324 0.5 -0.5
-4.9406564584124654e-324 0.5 4.9406564584124654e-324
-4.9406564584124654e-324 0.5 -4.9406564584124654e-324
-4.9406564584124654e-324 0.5 2.2250738585072014e-308
-4.9406564584124654e-324 0.5 -2.2250738585072014e-308
-4.9406564584124654e-324 0.5 1.7976931348623157e308
-4.9406564584124654e-324 0.5 -1.7976931348623157e308
-4.9406564584124654e-324 0.5 1e-160
-4.9406564584124654e-324 0.5 1e-16
-4.9406564584124654e-324 0.5 1e16
-4.9406564584124654e-324 0.5 1e160
-4.9406564584124654e-324 0.5 3.141592653589793
-4.9406564584124654e-324 0.5 -3.141592653589793
-4.9406564584124654e-324 -0.5 -0.0
-4.9406564584124654e-324 -0.5 0.0
-4.9406564584124654e-324 -0.5 NaN
-4.9406564584124654e-324 -0.5 Infinity
-4.9406564584124654e-324 -0.5 -Infinity
-4.9406564584124654e-324 -0.5 1.0
-4.9406564584124654e-324 -0.5 -1.0
-4.9406564584124654e-324 -0.5 2.0
-4.9406564584124654e-324 -0.5 -2.0
-4.9406564584124654e-324 -0.5 0.5
-4.9406564584124654e-324 -0.5 -0.5
-4.9406564584124654e-324 -0.5 4.9406564584124654e-324
-4.9406564584124654e-324 -0.5 -4.9406564584124654e-324
-4.9406564584124654e-324 -0.5 2.2250738585072014e-308
-4.9406564584124654e-324 -0.5 -2.2250738585072014e-308
-4.9406564584124654e-324 -0.5 1.7976931348623157e308
-4.9406564584124654e-324 -0.5 -1.7976931348623157e308
-4.9406564584124654e-324 -0.5 1e-160
-4.9406564584124654e-324 -0.5 1e-16
-4.9406564584124654e-324 -0.5 1e16
-4.9406564584124654e-324 -0.5 1e160
-4.9406564584124654e-324 -0.5 3.141592653589793
-4.9406564584124654e-324 -0.5 -3.141592653589793
-4.9406564584124654e-324 4.9406564584124654e-324 -0.0
-4.9406564584124654e-324 4.9406564584124654e-324 0.0
-4.9406564584124654e-324 4.9406564584124654e-324 NaN
-4.9406564584124654e-324 4.9406564584124654e-324 Infinity
-4.9406564584124654e-324 4.9406564584124654e-324 -Infinity
-4.9406564584124654e-324 4.9406564584124654e-324 1.0
-4.9406564584124654e-324 4.9406564584124654e-324 -1.0
-4.9406564584124654e-324 4.9406564584124654e-324 2.0
-4.9406564584124654e-324 4.9406564584124654e-324 -2.0
-4.9406564584124654e-324 4.9406564584124654e-324 0.5
-4.9406564584124654e-324 4.9406564584124654e-324 -0.5
-4.9406564584124654e-324 4.9406564584124654e-324 4.9406564584124654e-324
-4.9406564584124654e-324 4.9406564584124654e-324 -4.9406564584124654e-324
-4.9406564584124654e-324 4.9406564584124654e-324 2.2250738585072014e-308
-4.9406564584124654e-324 4.9406564584124654e-324 -2.2250738585072014e-308
-4.9406564584124654e-324 4.9406564584124654e-324 1.7976931348623157e308
-4.9406564584124654e-324 4.9406564584124654e-324 -1.7976931348623157e308
-4.9406564584124654e-324 4.9406564584124654e-324 1e-160
-4.9406564584124654e-324 4.9406564584124654e-324 1e-16
-4.9406564584124654e-324 4.9406564584124654e-324 1e16
-4.9406564584124654e-324 4.9406564584124654e-324 1e160
-4.9406564584124654e-324 4.9406564584124654e-324 3.141592653589793
-4.9406564584124654e-324 4.9406564584124654e-324 -3.141592653589793
-4.9406564584124654e-324 -4.9406564584124654e-324 -0.0
-4.9406564584124654e-324 -4.9406564584124654e-324 0.0
-4.9406564584124654e-324 -4.9406564584124654e-324 NaN
-4.9406564584124654e-324 -4.9406564584124654e-324 Infinity
-4.9406564584124654e-324 -4.9406564584124654e-324 -Infinity
-4.9406564584124654e-324 -4.9406564584124654e-324 1.0
-4.9406564584124654e-324 -4.9406564584124654e-324 -1.0
-4.9406564584124654e-324 -4.9406564584124654e-324 2.0
-4.9406564584124654e-324 -4.9406564584124654e-324 -2.0
-4.9406564584124654e-324 -4.9406564584124654e-324 0.5
-4.9406564584124654e-324 -4.9406564584124654e-324 -0.5
-4.9406564584124654e-324 -4.9406564584124654e-324 4.9406564584124654e-324
-4.9406564584124654e-324 -4.9406564584124654e-324 -4.9406564584124654e-324
-4.9406564584124654e-324 -4.9406564584124654e-324 2.2250738585072014e-308
-4.9406564584124654e-324 -4.9406564584124654e-324 -2.2250738585072014e-308
-4.9406564584124654e-324 -4.9406564584124654e-324 1.7976931348623157e308
-4.9406564584124654e-324 -4.9406564584124654e-324 -1.7976931348623157e308
-4.9406564584124654e-324 -4.9406564584124654e-324 1e-160
-4.9406564584124654e-324 -4.9406564584124654e-324 1e-16
-4.9406564584124654e-324 -4.9406564584124654e-324 1e16
-4.9406564584124654e-324 -4.9406564584124654e-324 1e160
-4.9406564584124654e-324 -4.9406564584124654e-324 3.141592653589793
-4.9406564584124654e-324 -4.9406564584124654e-324 -3.141592653589793
-4.9406564584124654e-324 2.2250738585072014e-308 -0.0
-4.9406564584124654e-324 2.2250738585072014e-308 0.0
-4.9406564584124654e-324 2.2250738585072014e-308 NaN
-4.9406564584124654e-324 2.2250738585072014e-308 Infinity
-4.9406564584124654e-324 2.2250738585072014e-308 -Infinity
-4.9406564584124654e-324 2.2250738585072014e-308 1.0
-4.9406564584124654e-324 2.2250738585072014e-308 -1.0
-4.9406564584124654e-324 2.2250738585072014e-308 2.0
-4.9406564584124654e-324 2.2250738585072014e-308 -2.0
-4.9406564584124654e-324 2.2250738585072014e-308 0.5
-4.9406564584124654e-324 2.2250738585072014e-308 -0.5
-4.9406564584124654e-324 2.2250738585072014e-308 4.9406564584124654e-324
-4.9406564584124654e-324 2.2250738585072014e-308 -4.9406564584124654e-324
-4.9406564584124654e-324 2.2250738585072014e-308 2.2250738585072014e-308
-4.9406564584124654e-324 2.2250738585072014e-308 -2.2250738585072014e-308
-4.9406564584124654e-324 2.2250738585072014e-308 1.7976931348623157e308
-4.9406564584124654e-324 2.2250738585072014e-308 -1.7976931348623157e308
-4.9406564584124654e-324 2.2250738585072014e-308 1e-160
-4.9406564584124654e-324 2.2250738585072014e-308 1e-16
-4.9406564584124654e-324 2.2250738585072014e-308 1e16
-4.9406564584124654e-324 2.2250738585072014e-308 1e160
-4.9406564584124654e-324 2.2250738585072014e-308 3.141592653589793
-4.9406564584124654e-324 2.2250738585072014e-308 -3.141592653589793
-4.9406564584124654e-324 -2.2250738585072014e-308 -0.0
-4.9406564584124654e-324 -2.2250738585072014e-308 0.0
-4.9406564584124654e-324 -2.2250738585072014e-308 NaN
-4.9406564584124654e-324 -2.2250738585072014e-308 Infinity
-4.9406564584124654e-324 -2.2250738585072014e-308 -Infinity
-4.9406564584124654e-324 -2.2250738585072014e-308 1.0
-4.9406564584124654e-324 -2.2250738585072014e-308 -1.0
-4.9406564584124654e-324 -2.2250738585072014e-308 2.0
-4.9406564584124654e-324 -2.2250738585072014e-308 -2.0
-4.9406564584124654e-324 -2.2250738585072014e-308 0.5
-4.9406564584124654e-324 -2.2250738585072014e-308 -0.5
-4.9406564584124654e-324 -2.2250738585072014e-308 4.9406564584124654e-324
-4.9406564584124654e-324 -2.2250738585072014e-308 -4.9406564584124654e-324
-4.9406564584124654e-324 -2.2250738585072014e-308 2.2250738585072014e-308
-4.9406564584124654e-324 -2.2250738585072014e-308 -2.2250738585072014e-308
-4.9406564584124654e-324 -2.2250738585072014e-308 1.7976931348623157e308
-4.9406564584124654e-324 -2.2250738585072014e-308 -1.7976931348623157e308
-4.9406564584124654e-324 -2.2250738585072014e-308 1e-160
-4.9406564584124654e-324 -2.2250738585072014e-308 1e-16
-4.9406564584124654e-324 -2.2250738585072014e-308 1e16
-4.9406564584124654e-324 -2.2250738585072014e-308 1e160
-4.9406564584124654e-324 -2.2250738585072014e-308 3.141592653589793
-4.9406564584124654e-324 -2.2250738585072014e-308 -3.141592653589793
-4.9406564584124654e-324 1.7976931348623157e308 -0.0
-4.9406564584124654e-324 1.7976931348623157e308 0.0
-4.9406564584124654e-324 1.7976931348623157e308 NaN
-4.9406564584124654e-324 1.7976931348623157e308 Infinity
-4.9406564584124654e-324 1.7976931348623157e308 -Infinity
-4.9406564584124654e-324 1.7976931348623157e308 1.0
-4.9406564584124654e-324 1.7976931348623157e308 -1.0
-4.9406564584124654e-324 1.7976931348623157e308 2.0
-4.9406564584124654e-324 1.7976931348623157e308 -2.0
-4.9406564584124654e-324 1.7976931348623157e308 0.5
-4.9406564584124654e-324 1.7976931348623157e308 -0.5
-4.9406564584124654e-324 1.7976931348623157e308 4.9406564584124654e-324
-4.9406564584124654e-324 1.7976931348623157e308 -4.9406564584124654e-324
-4.9406564584124654e-324 1.7976931348623157e308 2.2250738585072014e-308
-4.9406564584124654e-324 1.7976931348623157e308 -2.2250738585072014e-308
-4.9406564584124654e-324 1.7976931348623157e308 1.7976931348623157e308
-4.9406564584124654e-324 1.7976931348623157e308 -1.7976931348623157e308
-4.9406564584124654e-324 1.7976931348623157e308 1e-160
-4.9406564584124654e-324 1.7976931348623157e308 1e-16
-4.9406564584124654e-324 1.7976931348623157e308 1e16
-4.9406564584124654e-324 1.7976931348623157e308 1e160
-4.9406564584124654e-324 1.7976931348623157e308 3.141592653589793
-4.9406564584124654e-324 1.7976931348623157e308 -3.141592653589793
-4.9406564584124654e-324 -1.7976931348623157e308 -0.0
-4.9406564584124654e-324 -1.7976931348623157e308 0.0
-4.9406564584124654e-324 -1.7976931348623157e308 NaN
-4.9406564584124654e-324 -1.7976931348623157e308 Infinity
-4.9406564584124654e-324 -1.7976931348623157e308 -Infinity
-4.9406564584124654e-324 -1.7976931348623157e308 1.0
-4.9406564584124654e-324 -1.7976931348623157e308 -1.0
-4.9406564584124654e-324 -1.7976931348623157e308 2.0
-4.9406564584124654e-324 -1.7976931348623157e308 -2.0
-4.9406564584124654e-324 -1.7976931348623157e308 0.5
-4.9406564584124654e-324 -1.7976931348623157e308 -0.5
-4.9406564584124654e-324 -1.7976931348623157e308 4.9406564584124654e-324
-4.9406564584124654e-324 -1.7976931348623157e308 -4.9406564584124654e-324
-4.9406564584124654e-324 -1.7976931348623157e308 2.2250738585072014e-308
-4.9406564584124654e-324 -1.7976931348623157e308 -2.2250738585072014e-308
-4.9406564584124654e-324 -1.7976931348623157e308 1.7976931348623157e308
-4.9406564584124654e-324 -1.7976931348623157e308 -1.7976931348623157e308
-4.9406564584124654e-324 -1.7976931348623157e308 1e-160
-4.9406564584124654e-324 -1.7976931348623157e308 1e-16
-4.9406564584124654e-324 -1.7976931348623157e308 1e16
-4.9406564584124654e-324 -1.7976931348623157e308 1e160
-4.9406564584124654e-324 -1.7976931348623157e308 3.141592653589793
-4.9406564584124654e-324 -1.7976931348623157e308 -3.141592653589793
-4.9406564584124654e-324 1e-160 -0.0
-4.9406564584124654e-324 1e-160 0.0
-4.9406564584124654e-324 1e-160 NaN
-4.9406564584124654e-324 1e-160 Infinity
-4.9406564584124654e-324 1e-160 -Infinity
-4.9406564584124654e-324 1e-160 1.0
-4.9406564584124654e-324 1e-160 -1.0
-4.9406564584124654e-324 1e-160 2.0
-4.9406564584124654e-324 1e-160 -2.0
-4.9406564584124654e-324 1e-160 0.5
-4.9406564584124654e-324 1e-160 -0.5
-4.9406564584124654e-324 1e-160 4.9406564584124654e-324
-4.9406564584124654e-324 1e-160 -4.9406564584124654e-324
-4.9406564584124654e-324 1e-160 2.2250738585072014e-308
-4.9406564584124654e-324 1e-160 -2.2250738585072014e-308
-4.9406564584124654e-324 1e-160 1.7976931348623157e308
-4.9406564584124654e-324 1e-160 -1.7976931348623157e308
-4.9406564584124654e-324 1e-160 1e-160
-4.9406564584124654e-324 1e-160 1e-16
-4.9406564584124654e-324 1e-160 1e16
-4.9406564584124654e-324 1e-160 1e160
-4.9406564584124654e-324 1e-160 3.141592653589793
-4.9406564584124654e-324 1e-160 -3.141592653589793
-4.9406564584124654e-324 1e-16 -0.0
-4.9406564584124654e-324 1e-16 0.0
-4.9406564584124654e-324 1e-16 NaN
-4.9406564584124654e-324 1e-16 Infinity
-4.9406564584124654e-324 1e-16 -Infinity
-4.9406564584124654e-324 1e-16 1.0
-4.9406564584124654e-324 1e-16 -1.0
-4.9406564584124654e-324 1e-16 2.0
-4.9406564584124654e-324 1e-16 -2.0
-4.9406564584124654e-324 1e-16 0.5
-4.9406564584124654e-324 1e-16 -0.5
-4.9406564584124654e-324 1e-16 4.9406564584124654e-324
-4.9406564584124654e-324 1e-16 -4.9406564584124654e-324
-4.9406564584124654e-324 1e-16 2.2250738585072014e-308
-4.9406564584124654e-324 1e-16 -2.2250738585072014e-308
-4.9406564584124654e-324 1e-16 1.7976931348623157e308
-4.9406564584124654e-324 1e-16 -1.7976931348623157e308
-4.9406564584124654e-324 1e-16 1e-160
-4.9406564584124654e-324 1e-16 1e-16
-4.9406564584124654e-324 1e-16 1e16
-4.9406564584124654e-324 1e-16 1e160
-4.9406564584124654e-324 1e-16 3.141592653589793
-4.9406564584124654e-324 1e-16 -3.141592653589793
-4.9406564584124654e-324 1e16 -0.0
-4.9406564584124654e-324 1e16 0.0
-4.9406564584124654e-324 1e16 NaN
-4.9406564584124654e-324 1e16 Infinity
-4.9406564584124654e-324 1e16 -Infinity
-4.9406564584124654e-324 1e16 1.0
-4.9406564584124654e-324 1e16 -1.0
-4.9406564584124654e-324 1e16 2.0
-4.9406564584124654e-324 1e16 -2.0
-4.9406564584124654e-324 1e16 0.5
-4.9406564584124654e-324 1e16 -0.5
-4.9406564584124654e-324 1e16 4.9406564584124654e-324
-4.9406564584124654e-324 1e16 -4.9406564584124654e-324
-4.9406564584124654e-324 1e16 2.2250738585072014e-308
-4.9406564584124654e-324 1e16 -2.2250738585072014e-308
-4.9406564584124654e-324 1e16 1.7976931348623157e308
-4.9406564584124654e-324 1e16 -1.7976931348623157e308
-4.9406564584124654e-324 1e16 1e-160
-4.9406564584124654e-324 1e16 1e-16
-4.9406564584124654e-324 1e16 1e16
-4.9406564584124654e-324 1e16 1e160
-4.9406564584124654e-324 1e16 3.141592653589793
-4.9406564584124654e-324 1e16 -3.141592653589793
-4.9406564584124654e-324 1e160 -0.0
-4.9406564584124654e-324 1e160 0.0
-4.9406564584124654e-324 1e160 NaN
-4.9406564584124654e-324 1e160 Infinity
-4.9406564584124654e-324 1e160 -Infinity
-4.9406564584124654e-324 1e160 1.0
-4.9406564584124654e-324 1e160 -1.0
-4.9406564584124654e-324 1e160 2.0
-4.9406564584124654e-324 1e160 -2.0
-4.9406564584124654e-324 1e160 0.5
-4.9406564584124654e-324 1e160 -0.5
-4.9406564584124654e-324 1e160 4.9406564584124654e-324
-4.9406564584124654e-324 1e160 -4.9406564584124654e-324
-4.9406564584124654e-324 1e160 2.2250738585072014e-308
-4.9406564584124654e-324 1e160 -2.2250738585072014e-308
-4.9406564584124654e-324 1e160 1.7976931348623157e308
-4.9406564584124654e-324 1e160 -1.7976931348623157e308
-4.9406564584124654e-324 1e160 1e-160
-4.9406564584124654e-324 1e160 1e-16
-4.9406564584124654e-324 1e160 1e16
-4.9406564584124654e-324 1e160 1e160
-4.9406564584124654e-324 1e160 3.141592653589793
-4.9406564584124654e-324 1e160 -3.141592653589793
-4.9406564584124654e-324 3.141592653589793 -0.0
-4.9406564584124654e-324 3.141592653589793 0.0
-4.9406564584124654e-324 3.141592653589793 NaN
-4.9406564584124654e-324 3.141592653589793 Infinity
-4.9406564584124654e-324 3.141592653589793 -Infinity
-4.9406564584124654e-324 3.141592653589793 1.0
-4.9406564584124654e-324 3.141592653589793 -1.0
-4.9406564584124654e-324 3.141592653589793 2.0
-4.9406564584124654e-324 3.141592653589793 -2.0
-4.9406564584124654e-324 3.141592653589793 0.5
-4.9406564584124654e-324 3.141592653589793 -0.5
-4.9406564584124654e-324 3.141592653589793 4.9406564584124654e-324
-4.9406564584124654e-324 3.141592653589793 -4.9406564584124654e-324
-4.9406564584124654e-324 3.141592653589793 2.2250738585072014e-308
-4.9406564584124654e-324 3.141592653589793 -2.2250738585072014e-308
-4.9406564584124654e-324 3.141592653589793 1.7976931348623157e308
-4.9406564584124654e-324 3.141592653589793 -1.7976931348623157e308
-4.9406564584124654e-324 3.141592653589793 1e-160
-4.9406564584124654e-324 3.141592653589793 1e-16
-4.9406564584124654e-324 3.141592653589793 1e16
-4.9406564584124654e-324 3.141592653589793 1e160
-4.9406564584124654e-324 3.141592653589793 3.141592653589793
-4.9406564584124654e-324 3.141592653589793 -3.141592653589793
-4.9406564584124654e-324 -3.141592653589793 -0.0
-4.9406564584124654e-324 -3.141592653589793 0.0
-4.9406564584124654e-324 -3.141592653589793 NaN
-4.9406564584124654e-324 -3.141592653589793 Infinity
-4.9406564584124654e-324 -3.141592653589793 -Infinity
-4.9406564584124654e-324 -3.141592653589793 1.0
-4.9406564584124654e-324 -3.141592653589793 -1.0
-4.9406564584124654e-324 -3.141592653589793 2.0
-4.9406564584124654e-324 -3.141592653589793 -2.0
-4.9406564584124654e-324 -3.141592653589793 0.5
-4.9406564584124654e-324 -3.141592653589793 -0.5
-4.9406564584124654e-324 -3.141592653589793 4.9406564584124654e-324
-4.9406564584124654e-324 -3.141592653589793 -4.9406564584124654e-324
-4.9406564584124654e-324 -3.141592653589793 2.2250738585072014e-308
-4.9406564584124654e-324 -3.141592653589793 -2.2250738585072014e-308
-4.9406564584124654e-324 -3.141592653589793 1.7976931348623157e308
-4.9406564584124654e-324 -3.141592653589793 -1.7976931348623157e308
-4.9406564584124654e-324 -3.141592653589793 1e-160
-4.9406564584124654e-324 -3.141592653589793 1e-16
-4.9406564584124654e-324 -3.141592653589793 1e16
-4.9406564584124654e-324 -3.141592653589793 1e160
-4.9406564584124654e-324 -3.141592653589793 3.141592653589793
-4.9406564584124654e-324 -3.141592653589793 -3.141592653589793
2.2250738585072014e-308 -0.0 -0.0
2.2250738585072014e-308 -0.0 0.0
2.2250738585072014e-308 -0.0 NaN
2.2250738585072014e-308 -0.0 Infinity
2.2250738585072014e-308 -0.0 -Infinity
2.2250738585072014e-308 -0.0 1.0
2.2250738585072014e-308 -0.0 -1.0
2.2250738585072014e-308 -0.0 2.0
2.2250738585072014e-308 -0.0 -2.0
2.2250738585072014e-308 -0.0 0.5
2.2250738585072014e-308 -0.0 -0.5
2.2250738585072014e-308 -0.0 4.9406564584124654e-324
2.2250738585072014e-308 -0.0 -4.9406564584124654e-324
2.2250738585072014e-308 -0.0 2.2250738585072014e-308
2.2250738585072014e-308 -0.0 -2.2250738585072014e-308
2.2250738585072014e-308 -0.0 1.7976931348623157e308
2.2250738585072014e-308 -0.0 -1.7976931348623157e308
2.2250738585072014e-308 -0.0 1e-160
2.2250738585072014e-308 -0.0 1e-16
2.2250738585072014e-308 -0.0 1e16
2.2250738585072014e-308 -0.0 1e160
2.2250738585072014e-308 -0.0 3.141592653589793
2.2250738585072014e-308 -0.0 -3.141592653589793
2.2250738585072014e-308 0.0 -0.0
2.2250738585072014e-308 0.0 0.0
2.2250738585072014e-308 0.0 NaN
2.2250738585072014e-308 0.0 Infinity
2.2250738585072014e-308 0.0 -Infinity
2.2250738585072014e-308 0.0 1.0
2.2250738585072014e-308 0.0 -1.0
2.2250738585072014e-308 0.0 2.0
2.2250738585072014e-308 0.0 -2.0
2.2250738585072014e-308 0.0 0.5
2.2250738585072014e-308 0.0 -0.5
2.2250738585072014e-308 0.0 4.9406564584124654e-324
2.2250738585072014e-308 0.0 -4.9406564584124654e-324
2.2250738585072014e-308 0.0 2.2250738585072014e-308
2.2250738585072014e-308 0.0 -2.2250738585072014e-308
2.2250738585072014e-308 0.0 1.7976931348623157e308
2.2250738585072014e-308 0.0 -1.7976931348623157e308
2.2250738585072014e-308 0.0 1e-160
2.2250738585072014e-308 0.0 1e-16
2.2250738585072014e-308 0.0 1e16
2.2250738585072014e-308 0.0 1e160
2.2250738585072014e-308 0.0 3.141592653589793
2.2250738585072014e-308 0.0 -3.141592653589793
2.2250738585072014e-308 NaN -0.0
2.2250738585072014e-308 NaN 0.0
2.2250738585072014e-308 NaN NaN
2.2250738585072014e-308 NaN Infinity
2.2250738585072014e-308 NaN -Infinity
2.2250738585072014e-308 NaN 1.0
2.2250738585072014e-308 NaN -1.0
2.2250738585072014e-308 NaN 2.0
2.2250738585072014e-308 NaN -2.0
2.2250738585072014e-308 NaN 0.5
2.2250738585072014e-308 NaN -0.5
2.2250738585072014e-308 NaN 4.9406564584124654e-324
2.2250738585072014e-308 NaN -4.9406564584124654e-324
2.2250738585072014e-308 NaN 2.2250738585072014e-308
2.2250738585072014e-308 NaN -2.2250738585072014e-308
2.2250738585072014e-308 NaN 1.7976931348623157e308
2.2250738585072014e-308 NaN -1.7976931348623157e308
2.2250738585072014e-308 NaN 1e-160
2.2250738585072014e-308 NaN 1e-16
2.2250738585072014e-308 NaN 1e16
2.2250738585072014e-308 NaN 1e160
2.2250738585072014e-308 NaN 3.141592653589793
2.2250738585072014e-308 NaN -3.141592653589793
2.2250738585072014e-308 Infinity -0.0
2.2250738585072014e-308 Infinity 0.0
2.2250738585072014e-308 Infinity NaN
2.2250738585072014e-308 Infinity Infinity
2.2250738585072014e-308 Infinity -Infinity
2.2250738585072014e-308 Infinity 1.0
2.2250738585072014e-308 Infinity -1.0
2.2250738585072014e-308 Infinity 2.0
2.2250738585072014e-308 Infinity -2.0
2.2250738585072014e-308 Infinity 0.5
2.2250738585072014e-308 Infinity -0.5
2.2250738585072014e-308 Infinity 4.9406564584124654e-324
2.2250738585072014e-308 Infinity -4.9406564584124654e-324
2.2250738585072014e-308 Infinity 2.2250738585072014e-308
2.2250738585072014e-308 Infinity -2.2250738585072014e-308
2.2250738585072014e-308 Infinity 1.7976931348623157e308
2.2250738585072014e-308 Infinity -1.7976931348623157e308
2.2250738585072014e-308 Infinity 1e-160
2.2250738585072014e-308 Infinity 1e-16
2.2250738585072014e-308 Infinity 1e16
2.2250738585072014e-308 Infinity 1e160
2.2250738585072014e-308 Infinity 3.141592653589793
2.2250738585072014e-308 Infinity -3.141592653589793
2.2250738585072014e-308 -Infinity -0.0
2.2250738585072014e-308 -Infinity 0.0
2.2250738585072014e-308 -Infinity NaN
2.2250738585072014e-308 -Infinity Infinity
2.2250738585072014e-308 -Infinity -Infinity
2.2250738585072014e-308 -Infinity 1.0
2.2250738585072014e-308 -Infinity -1.0
2.2250738585072014e-308 -Infinity 2.0
2.2250738585072014e-308 -Infinity -2.0
2.2250738585072014e-308 -Infinity 0.5
2.2250738585072014e-308 -Infinity -0.5
2.2250738585072014e-308 -Infinity 4.9406564584124654e-324
2.2250738585072014e-308 -Infinity -4.9406564584124654e-324
2.2250738585072014e-308 -Infinity 2.2250738585072014e-308
2.2250738585072014e-308 -Infinity -2.2250738585072014e-308
2.2250738585072014e-308 -Infinity 1.7976931348623157e308
2.2250738585072014e-308 -Infinity -1.7976931348623157e308
2.2250738585072014e-308 -Infinity 1e-160
2.2250738585072014e-308 -Infinity 1e-16
2.2250738585072014e-308 -Infinity 1e16
2.2250738585072014e-308 -Infinity 1e160
2.2250738585072014e-308 -Infinity 3.141592653589793
2.2250738585072014e-308 -Infinity -3.141592653589793
2.2250738585072014e-308 1.0 -0.0
2.2250738585072014e-308 1.0 0.0
2.2250738585072014e-308 1.0 NaN
2.2250738585072014e-308 1.0 Infinity
2.2250738585072014e-308 1.0 -Infinity
2.2250738585072014e-308 1.0 1.0
2.2250738585072014e-308 1.0 -1.0
2.2250738585072014e-308 1.0 2.0
2.2250738585072014e-308 1.0 -2.0
2.2250738585072014e-308 1.0 0.5
2.2250738585072014e-308 1.0 -0.5
2.2250738585072014e-308 1.0 4.9406564584124654e-324
2.2250738585072014e-308 1.0 -4.9406564584124654e-324
2.2250738585072014e-308 1.0 2.2250738585072014e-308
2.2250738585072014e-308 1.0 -2.2250738585072014e-308
2.2250738585072014e-308 1.0 1.7976931348623157e308
2.2250738585072014e-308 1.0 -1.7976931348623157e308
2.2250738585072014e-308 1.0 1e-160
2.2250738585072014e-308 1.0 1e-16
2.2250738585072014e-308 1.0 1e16
2.2250738585072014e-308 1.0 1e160
2.2250738585072014e-308 1.0 3.141592653589793
2.2250738585072014e-308 1.0 -3.141592653589793
2.2250738585072014e-308 -1.0 -0.0
2.2250738585072014e-308 -1.0 0.0
2.2250738585072014e-308 -1.0 NaN
2.2250738585072014e-308 -1.0 Infinity
2.2250738585072014e-308 -1.0 -Infinity
2.2250738585072014e-308 -1.0 1.0
2.2250738585072014e-308 -1.0 -1.0
2.2250738585072014e-308 -1.0 2.0
2.2250738585072014e-308 -1.0 -2.0
2.2250738585072014e-308 -1.0 0.5
2.2250738585072014e-308 -1.0 -0.5
2.2250738585072014e-308 -1.0 4.9406564584124654e-324
2.2250738585072014e-308 -1.0 -4.9406564584124654e-324
2.2250738585072014e-308 -1.0 2.2250738585072014e-308
2.2250738585072014e-308 -1.0 -2.2250738585072014e-308
2.2250738585072014e-308 -1.0 1.7976931348623157e308
2.2250738585072014e-308 -1.0 -1.7976931348623157e308
2.2250738585072014e-308 -1.0 1e-160
2.2250738585072014e-308 -1.0 1e-16
2.2250738585072014e-308 -1.0 1e16
2.2250738585072014e-308 -1.0 1e160
2.2250738585072014e-308 -1.0 3.141592653589793
2.2250738585072014e-308 -1.0 -3.141592653589793
2.2250738585072014e-308 2.0 -0.0
2.2250738585072014e-308 2.0 0.0
2.2250738585072014e-308 2.0 NaN
2.2250738585072014e-308 2.0 Infinity
2.2250738585072014e-308 2.0 -Infinity
2.2250738585072014e-308 2.0 1.0
2.2250738585072014e-308 2.0 -1.0
2.2250738585072014e-308 2.0 2.0
2.2250738585072014e-308 2.0 -2.0
2.2250738585072014e-308 2.0 0.5
2.2250738585072014e-308 2.0 -0.5
2.2250738585072014e-308 2.0 4.9406564584124654e-324
2.2250738585072014e-308 2.0 -4.9406564584124654e-324
2.2250738585072014e-308 2.0 2.2250738585072014e-308
2.2250738585072014e-308 2.0 -2.2250738585072014e-308
2.2250738585072014e-308 2.0 1.7976931348623157e308
2.2250738585072014e-308 2.0 -1.7976931348623157e308
2.2250738585072014e-308 2.0 1e-160
2.2250738585072014e-308 2.0 1e-16
2.2250738585072014e-308 2.0 1e16
2.2250738585072014e-308 2.0 1e160
2.2250738585072014e-308 2.0 3.141592653589793
2.2250738585072014e-308 2.0 -3.141592653589793
2.2250738585072014e-308 -2.0 -0.0
2.2250738585072014e-308 -2.0 0.0
2.2250738585072014e-308 -2.0 NaN
2.2250738585072014e-308 -2.0 Infinity
2.2250738585072014e-308 -2.0 -Infinity
2.2250738585072014e-308 -2.0 1.0
2.2250738585072014e-308 -2.0 -1.0
2.2250738585072014e-308 -2.0 2.0
2.2250738585072014e-308 -2.0 -2.0
2.2250738585072014e-308 -2.0 0.5
2.2250738585072014e-308 -2.0 -0.5
2.2250738585072014e-308 -2.0 4.9406564584124654e-324
2.2250738585072014e-308 -2.0 -4.9406564584124654e-324
2.2250738585072014e-308 -2.0 2.2250738585072014e-308
2.2250738585072014e-308 -2.0 -2.2250738585072014e-308
2.2250738585072014e-308 -2.0 1.7976931348623157e308
2.2250738585072014e-308 -2.0 -1.7976931348623157e308
2.2250738585072014e-308 -2.0 1e-160
2.2250738585072014e-308 -2.0 1e-16
2.2250738585072014e-308 -2.0 1e16
2.2250738585072014e-308 -2.0 1e160
2.2250738585072014e-308 -2.0 3.141592653589793
2.2250738585072014e-308 -2.0 -3.141592653589793
2.2250738585072014e-308 0.5 -0.0
2.2250738585072014e-308 0.5 0.0
2.2250738585072014e-308 0.5 NaN
2.2250738585072014e-308 0.5 Infinity
2.2250738585072014e-308 0.5 -Infinity
2.2250738585072014e-308 0.5 1.0
2.2250738585072014e-308 0.5 -1.0
2.2250738585072014e-308 0.5 2.0
2.2250738585072014e-308 0.5 -2.0
2.2250738585072014e-308 0.5 0.5
2.2250738585072014e-308 0.5 -0.5
2.2250738585072014e-308 0.5 4.9406564584124654e-324
2.2250738585072014e-308 0.5 -4.9406564584124654e-324
2.2250738585072014e-308 0.5 2.2250738585072014e-308
2.2250738585072014e-308 0.5 -2.2250738585072014e-308
2.2250738585072014e-308 0.5 1.7976931348623157e308
2.2250738585072014e-308 0.5 -1.7976931348623157e308
2.2250738585072014e-308 0.5 1e-160
2.2250738585072014e-308 0.5 1e-16
2.2250738585072014e-308 0.5 1e16
2.2250738585072014e-308 0.5 1e160
2.2250738585072014e-308 0.5 3.141592653589793
2.2250738585072014e-308 0.5 -3.141592653589793
2.2250738585072014e-308 -0.5 -0.0
2.2250738585072014e-308 -0.5 0.0
2.2250738585072014e-308 -0.5 NaN
2.2250738585072014e-308 -0.5 Infinity
2.2250738585072014e-308 -0.5 -Infinity
2.2250738585072014e-308 -0.5 1.0
2.2250738585072014e-308 -0.5 -1.0
2.2250738585072014e-308 -0.5 2.0
2.2250738585072014e-308 -0.5 -2.0
2.2250738585072014e-308 -0.5 0.5
2.2250738585072014e-308 -0.5 -0.5
2.2250738585072014e-308 -0.5 4.9406564584124654e-324
2.2250738585072014e-308 -0.5 -4.9406564584124654e-324
2.2250738585072014e-308 -0.5 2.2250738585072014e-308
2.2250738585072014e-308 -0.5 -2.2250738585072014e-308
2.2250738585072014e-308 -0.5 1.7976931348623157e308
2.2250738585072014e-308 -0.5 -1.7976931348623157e308
2.2250738585072014e-308 -0.5 1e-160
2.2250738585072014e-308 -0.5 1e-16
2.2250738585072014e-308 -0.5 1e16
2.2250738585072014e-308 -0.5 1e160
2.2250738585072014e-308 -0.5 3.141592653589793
2.2250738585072014e-308 -0.5 -3.141592653589793
2.2250738585072014e-308 4.9406564584124654e-324 -0.0
2.2250738585072014e-308 4.9406564584124654e-324 0.0
2.2250738585072014e-308 4.9406564584124654e-324 NaN
2.2250738585072014e-308 4.9406564584124654e-324 Infinity
2.2250738585072014e-308 4.9406564584124654e-324 -Infinity
2.2250738585072014e-308 4.9406564584124654e-324 1.0
2.2250738585072014e-308 4.9406564584124654e-324 -1.0
2.2250738585072014e-308 4.9406564584124654e-324 2.0
2.2250738585072014e-308 4.9406564584124654e-324 -2.0
2.2250738585072014e-308 4.9406564584124654e-324 0.5
2.2250738585072014e-308 4.9406564584124654e-324 -0.5
2.2250738585072014e-308 4.9406564584124654e-324 4.9406564584124654e-324
2.2250738585072014e-308 4.9406564584124654e-324 -4.9406564584124654e-324
2.2250738585072014e-308 4.9406564584124654e-324 2.2250738585072014e-308
2.2250738585072014e-308 4.9406564584124654e-324 -2.2250738585072014e-308
2.2250738585072014e-308 4.9406564584124654e-324 1.7976931348623157e308
2.2250738585072014e-308 4.9406564584124654e-324 -1.7976931348623157e308
2.2250738585072014e-308 4.9406564584124654e-324 1e-160
2.2250738585072014e-308 4.9406564584124654e-324 1e-16
2.2250738585072014e-308 4.9406564584124654e-324 1e16
2.2250738585072014e-308 4.9406564584124654e-324 1e160
2.2250738585072014e-308 4.9406564584124654e-324 3.141592653589793
2.2250738585072014e-308 4.9406564584124654e-324 -3.141592653589793
2.2250738585072014e-308 -4.9406564584124654e-324 -0.0
2.2250738585072014e-308 -4.9406564584124654e-324 0.0
2.2250738585072014e-308 -4.9406564584124654e-324 NaN
2.2250738585072014e-308 -4.9406564584124654e-324 Infinity
2.2250738585072014e-308 -4.9406564584124654e-324 -Infinity
2.2250738585072014e-308 -4.9406564584124654e-324 1.0
2.2250738585072014e-308 -4.9406564584124654e-324 -1.0
2.2250738585072014e-308 -4.9406564584124654e-324 2.0
2.2250738585072014e-308 -4.9406564584124654e-324 -2.0
2.2250738585072014e-308 -4.9406564584124654e-324 0.5
2.2250738585072014e-308 -4.9406564584124654e-324 -0.5
2.2250738585072014e-308 -4.9406564584124654e-324 4.9406564584124654e-324
2.2250738585072014e-308 -4.9406564584124654e-324 -4.9406564584124654e-324
2.2250738585072014e-308 -4.9406564584124654e-324 2.2250738585072014e-308
2.2250738585072014e-308 -4.9406564584124654e-324 -2.2250738585072014e-308
2.2250738585072014e-308 -4.9406564584124654e-324 1.7976931348623157e308
2.2250738585072014e-308 -4.9406564584124654e-324 -1.7976931348623157e308
2.2250738585072014e-308 -4.9406564584124654e-324 1e-160
2.2250738585072014e-308 -4.9406564584124654e-324 1e-16
2.2250738585072014e-308 -4.9406564584124654e-324 1e16
2.2250738585072014e-308 -4.9406564584124654e-324 1e160
2.2250738585072014e-308 -4.9406564584124654e-324 3.141592653589793
2.2250738585072014e-308 -4.9406564584124654e-324 -3.141592653589793
2.2250738585072014e-308 2.2250738585072014e-308 -0.0
2.2250738585072014e-308 2.2250738585072014e-308 0.0
2.2250738585072014e-308 2.2250738585072014e-308 NaN
2.2250738585072014e-308 2.2250738585072014e-308 Infinity
2.2250738585072014e-308 2.2250738585072014e-308 -Infinity
2.2250738585072014e-308 2.2250738585072014e-308 1.0
2.2250738585072014e-308 2.2250738585072014e-308 -1.0
2.2250738585072014e-308 2.2250738585072014e-308 2.0
2.2250738585072014e-308 2.2250738585072014e-308 -2.0
2.2250738585072014e-308 2.2250738585072014e-308 0.5
2.2250738585072014e-308 2.2250738585072014e-308 -0.5
2.2250738585072014e-308 2.2250738585072014e-308 4.9406564584124654e-324
2.2250738585072014e-308 2.2250738585072014e-308 -4.9406564584124654e-324
2.2250738585072014e-308 2.2250738585072014e-308 2.2250738585072014e-308
2.2250738585072014e-308 2.2250738585072014e-308 -2.2250738585072014e-308
2.2250738585072014e-308 2.2250738585072014e-308 1.7976931348623157e308
2.2250738585072014e-308 2.2250738585072014e-308 -1.7976931348623157e308
2.2250738585072014e-308 2.2250738585072014e-308 1e-160
2.2250738585072014e-308 2.2250738585072014e-308 1e-16
2.2250738585072014e-308 2.2250738585072014e-308 1e16
2.2250738585072014e-308 2.2250738585072014e-308 1e160
2.2250738585072014e-308 2.2250738585072014e-308 3.141592653589793
2.2250738585072014e-308 2.2250738585072014e-308 -3.141592653589793
2.2250738585072014e-308 -2.2250738585072014e-308 -0.0
2.2250738585072014e-308 -2.2250738585072014e-308 0.0
2.2250738585072014e-308 -2.2250738585072014e-308 NaN
2.2250738585072014e-308 -2.2250738585072014e-308 Infinity
2.2250738585072014e-308 -2.2250738585072014e-308 -Infinity
2.2250738585072014e-308 -2.2250738585072014e-308 1.0
2.2250738585072014e-308 -2.2250738585072014e-308 -1.0
2.2250738585072014e-308 -2.2250738585072014e-308 2.0
2.2250738585072014e-308 -2.2250738585072014e-308 -2.0
2.2250738585072014e-308 -2.2250738585072014e-308 0.5
2.2250738585072014e-308 -2.2250738585072014e-308 -0.5
2.2250738585072014e-308 -2.2250738585072014e-308 4.9406564584124654e-324
2.2250738585072014e-308 -2.2250738585072014e-308 -4.9406564584124654e-324
2.2250738585072014e-308 -2.2250738585072014e-308 2.2250738585072014e-308
2.2250738585072014e-308 -2.2250738585072014e-308 -2.2250738585072014e-308
2.2250738585072014e-308 -2.2250738585072014e-308 1.7976931348623157e308
2.2250738585072014e-308 -2.2250738585072014e-308 -1.7976931348623157e308
2.2250738585072014e-308 -2.2250738585072014e-308 1e-160
2.2250738585072014e-308 -2.2250738585072014e-308 1e-16
2.2250738585072014e-308 -2.2250738585072014e-308 1e16
2.2250738585072014e-308 -2.2250738585072014e-308 1e160
2.2250738585072014e-308 -2.2250738585072014e-308 3.141592653589793
2.2250738585072014e-308 -2.2250738585072014e-308 -3.141592653589793
2.2250738585072014e-308 1.7976931348623157e308 -0.0
2.2250738585072014e-308 1.7976931348623157e308 0.0
2.2250738585072014e-308 1.7976931348623157e308 NaN
2.2250738585072014e-308 1.7976931348623157e308 Infinity
2.2250738585072014e-308 1.7976931348623157e308 -Infinity
2.2250738585072014e-308 1.7976931348623157e308 1.0
2.2250738585072014e-308 1.7976931348623157e308 -1.0
2.2250738585072014e-308 1.7976931348623157e308 2.0
2.2250738585072014e-308 1.7976931348623157e308 -2.0
2.2250738585072014e-308 1.7976931348623157e308 0.5
2.2250738585072014e-308 1.7976931348623157e308 -0.5
2.2250738585072014e-308 1.7976931348623157e308 4.9406564584124654e-324
2.2250738585072014e-308 1.7976931348623157e308 -4.9406564584124654e-324
2.2250738585072014e-308 1.7976931348623157e308 2.2250738585072014e-308
2.2250738585072014e-308 1.7976931348623157e308 -2.2250738585072014e-308
2.2250738585072014e-308 1.7976931348623157e308 1.7976931348623157e308
2.2250738585072014e-308 1.7976931348623157e308 -1.7976931348623157e308
2.2250738585072014e-308 1.7976931348623157e308 1e-160
2.2250738585072014e-308 1.7976931348623157e308 1e-16
2.2250738585072014e-308 1.7976931348623157e308 1e16
2.2250738585072014e-308 1.7976931348623157e308 1e160
2.2250738585072014e-308 1.7976931348623157e308 3.141592653589793
2.2250738585072014e-308 1.7976931348623157e308 -3.141592653589793
2.2250738585072014e-308 -1.7976931348623157e308 -0.0
2.2250738585072014e-308 -1.7976931348623157e308 0.0
2.2250738585072014e-308 -1.7976931348623157e308 NaN
2.2250738585072014e-308 -1.7976931348623157e308 Infinity
2.2250738585072014e-308 -1.7976931348623157e308 -Infinity
2.2250738585072014e-308 -1.7976931348623157e308 1.0
2.2250738585072014e-308 -1.7976931348623157e308 -1.0
2.2250738585072014e-308 -1.7976931348623157e308 2.0
2.2250738585072014e-308 -1.7976931348623157e308 -2.0
2.2250738585072014e-308 -1.7976931348623157e308 0.5
2.2250738585072014e-308 -1.7976931348623157e308 -0.5
2.2250738585072014e-308 -1.7976931348623157e308 4.9406564584124654e-324
2.2250738585072014e-308 -1.7976931348623157e308 -4.9406564584124654e-324
2.2250738585072014e-308 -1.7976931348623157e308 2.2250738585072014e-308
2.2250738585072014e-308 -1.7976931348623157e308 -2.2250738585072014e-308
2.2250738585072014e-308 -1.7976931348623157e308 1.7976931348623157e308
2.2250738585072014e-308 -1.7976931348623157e308 -1.7976931348623157e308
2.2250738585072014e-308 -1.7976931348623157e308 1e-160
2.2250738585072014e-308 -1.7976931348623157e308 1e-16
2.2250738585072014e-308 -1.7976931348623157e308 1e16
2.2250738585072014e-308 -1.7976931348623157e308 1e160
2.2250738585072014e-308 -1.7976931348623157e308 3.141592653589793
2.2250738585072014e-308 -1.7976931348623157e308 -3.141592653589793
2.2250738585072014e-308 1e-160 -0.0
2.2250738585072014e-308 1e-160 0.0
2.2250738585072014e-308 1e-160 NaN
2.2250738585072014e-308 1e-160 Infinity
2.2250738585072014e-308 1e-160 -Infinity
2.2250738585072014e-308 1e-160 1.0
2.2250738585072014e-308 1e-160 -1.0
2.2250738585072014e-308 1e-160 2.0
2.2250738585072014e-308 1e-160 -2.0
2.2250738585072014e-308 1e-160 0.5
2.2250738585072014e-308 1e-160 -0.5
2.2250738585072014e-308 1e-160 4.9406564584124654e-324
2.2250738585072014e-308 1e-160 -4.9406564584124654e-324
2.2250738585072014e-308 1e-160 2.2250738585072014e-308
2.2250738585072014e-308 1e-160 -2.2250738585072014e-308
2.2250738585072014e-308 1e-160 1.7976931348623157e308
2.2250738585072014e-308 1e-160 -1.7976931348623157e308
2.2250738585072014e-308 1e-160 1e-160
2.2250738585072014e-308 1e-160 1e-16
2.2250738585072014e-308 1e-160 1e16
2.2250738585072014e-308 1e-160 1e160
2.2250738585072014e-308 1e-160 3.141592653589793
2.2250738585072014e-308 1e-160 -3.141592653589793
2.2250738585072014e-308 1e-16 -0.0
2.2250738585072014e-308 1e-16 0.0
2.2250738585072014e-308 1e-16 NaN
2.2250738585072014e-308 1e-16 Infinity
2.2250738585072014e-308 1e-16 -Infinity
2.2250738585072014e-308 1e-16 1.0
2.2250738585072014e-308 1e-16 -1.0
2.2250738585072014e-308 1e-16 2.0
2.2250738585072014e-308 1e-16 -2.0
2.2250738585072014e-308 1e-16 0.5
2.2250738585072014e-308 1e-16 -0.5
2.2250738585072014e-308 1e-16 4.9406564584124654e-324
2.2250738585072014e-308 1e-16 -4.9406564584124654e-324
2.2250738585072014e-308 1e-16 2.2250738585072014e-308
2.2250738585072014e-308 1e-16 -2.2250738585072014e-308
2.2250738585072014e-308 1e-16 1.7976931348623157e308
2.2250738585072014e-308 1e-16 -1.7976931348623157e308
2.2250738585072014e-308 1e-16 1e-160
2.2250738585072014e-308 1e-16 1e-16
2.2250738585072014e-308 1e-16 1e16
2.2250738585072014e-308 1e-16 1e160
2.2250738585072014e-308 1e-16 3.141592653589793
2.2250738585072014e-308 1e-16 -3.141592653589793
2.2250738585072014e-308 1e16 -0.0
2.2250738585072014e-308 1e16 0.0
2.2250738585072014e-308 1e16 NaN
2.2250738585072014e-308 1e16 Infinity
2.2250738585072014e-308 1e16 -Infinity
2.2250738585072014e-308 1e16 1.0
2.2250738585072014e-308 1e16 -1.0
2.2250738585072014e-308 1e16 2.0
2.2250738585072014e-308 1e16 -2.0
2.2250738585072014e-308 1e16 0.5
2.2250738585072014e-308 1e16 -0.5
2.2250738585072014e-308 1e16 4.9406564584124654e-324
2.2250738585072014e-308 1e16 -4.9406564584124654e-324
2.2250738585072014e-308 1e16 2.2250738585072014e-308
2.2250738585072014e-308 1e16 -2.2250738585072014e-308
2.2250738585072014e-308 1e16 1.7976931348623157e308
2.2250738585072014e-308 1e16 -1.7976931348623157e308
2.2250738585072014e-308 1e16 1e-160
2.2250738585072014e-308 1e16 1e-16
2.2250738585072014e-308 1e16 1e16
2.2250738585072014e-308 1e16 1e160
2.2250738585072014e-308 1e16 3.141592653589793
2.2250738585072014e-308 1e16 -3.141592653589793
2.2250738585072014e-308 1e160 -0.0
2.2250738585072014e-308 1e160 0.0
2.2250738585072014e-308 1e160 NaN
2.2250738585072014e-308 1e160 Infinity
2.2250738585072014e-308 1e160 -Infinity
2.2250738585072014e-308 1e160 1.0
2.2250738585072014e-308 1e160 -1.0
2.2250738585072014e-308 1e160 2.0
2.2250738585072014e-308 1e160 -2.0
2.2250738585072014e-308 1e160 0.5
2.2250738585072014e-308 1e160 -0.5
2.2250738585072014e-308 1e160 4.9406564584124654e-324
2.2250738585072014e-308 1e160 -4.9406564584124654e-324
2.2250738585072014e-308 1e160 2.2250738585072014e-308
2.2250738585072014e-308 1e160 -2.2250738585072014e-308
2.2250738585072014e-308 1e160 1.7976931348623157e308
2.2250738585072014e-308 1e160 -1.7976931348623157e308
2.2250738585072014e-308 1e160 1e-160
2.2250738585072014e-308 1e160 1e-16
2.2250738585072014e-308 1e160 1e16
2.2250738585072014e-308 1e160 1e160
2.2250738585072014e-308 1e160 3.141592653589793
2.2250738585072014e-308 1e160 -3.141592653589793
2.2250738585072014e-308 3.141592653589793 -0.0
2.2250738585072014e-308 3.141592653589793 0.0
2.2250738585072014e-308 3.141592653589793 NaN
2.2250738585072014e-308 3.141592653589793 Infinity
2.2250738585072014e-308 3.141592653589793 -Infinity
2.2250738585072014e-308 3.141592653589793 1.0
2.2250738585072014e-308 3.141592653589793 -1.0
2.2250738585072014e-308 3.141592653589793 2.0
2.2250738585072014e-308 3.141592653589793 -2.0
2.2250738585072014e-308 3.141592653589793 0.5
2.2250738585072014e-308 3.141592653589793 -0.5
2.2250738585072014e-308 3.141592653589793 4.9406564584124654e-324
2.2250738585072014e-308 3.141592653589793 -4.9406564584124654e-324
2.2250738585072014e-308 3.141592653589793 2.2250738585072014e-308
2.2250738585072014e-308 3.141592653589793 -2.2250738585072014e-308
2.2250738585072014e-308 3.141592653589793 1.7976931348623157e308
2.2250738585072014e-308 3.141592653589793 -1.7976931348623157e308
2.2250738585072014e-308 3.141592653589793 1e-160
2.2250738585072014e-308 3.141592653589793 1e-16
2.2250738585072014e-308 3.141592653589793 1e16
2.2250738585072014e-308 3.141592653589793 1e160
2.2250738585072014e-308 3.141592653589793 3.141592653589793
2.2250738585072014e-308 3.141592653589793 -3.141592653589793
2.2250738585072014e-308 -3.141592653589793 -0.0
2.2250738585072014e-308 -3.141592653589793 0.0
2.2250738585072014e-308 -3.141592653589793 NaN
2.2250738585072014e-308 -3.141592653589793 Infinity
2.2250738585072014e-308 -3.141592653589793 -Infinity
2.2250738585072014e-308 -3.141592653589793 1.0
2.2250738585072014e-308 -3.141592653589793 -1.0
2.2250738585072014e-308 -3.141592653589793 2.0
2.2250738585072014e-308 -3.141592653589793 -2.0
2.2250738585072014e-308 -3.141592653589793 0.5
2.2250738585072014e-308 -3.141592653589793 -0.5
2.2250738585072014e-308 -3.141592653589793 4.9406564584124654e-324
2.2250738585072014e-308 -3.141592653589793 -4.9406564584124654e-324
2.2250738585072014e-308 -3.141592653589793 2.2250738585072014e-308
2.2250738585072014e-308 -3.141592653589793 -2.2250738585072014e-308
2.2250738585072014e-308 -3.141592653589793 1.7976931348623157e308
2.2250738585072014e-308 -3.141592653589793 -1.7976931348623157e308
2.2250738585072014e-308 -3.141592653589793 1e-160
2.2250738585072014e-308 -3.141592653589793 1e-16
2.2250738585072014e-308 -3.141592653589793 1e16
2.2250738585072014e-308 -3.141592653589793 1e160
2.2250738585072014e-308 -3.141592653589793 3.141592653589793
2.2250738585072014e-308 -3.141592653589793 -3.141592653589793
-2.2250738585072014e-308 -0.0 -0.0
-2.2250738585072014e-308 -0.0 0.0
-2.2250738585072014e-308 -0.0 NaN
-2.2250738585072014e-308 -0.0 Infinity
-2.2250738585072014e-308 -0.0 -Infinity
-2.2250738585072014e-308 -0.0 1.0
-2.2250738585072014e-308 -0.0 -1.0
-2.2250738585072014e-308 -0.0 2.0
-2.2250738585072014e-308 -0.0 -2.0
-2.2250738585072014e-308 -0.0 0.5
-2.2250738585072014e-308 -0.0 -0.5
-2.2250738585072014e-308 -0.0 4.9406564584124654e-324
-2.2250738585072014e-308 -0.0 -4.9406564584124654e-324
-2.2250738585072014e-308 -0.0 2.2250738585072014e-308
-2.2250738585072014e-308 -0.0 -2.2250738585072014e-308
-2.2250738585072014e-308 -0.0 1.7976931348623157e308
-2.2250738585072014e-308 -0.0 -1.7976931348623157e308
-2.2250738585072014e-308 -0.0 1e-160
-2.2250738585072014e-308 -0.0 1e-16
-2.2250738585072014e-308 -0.0 1e16
-2.2250738585072014e-308 -0.0 1e160
-2.2250738585072014e-308 -0.0 3.141592653589793
-2.2250738585072014e-308 -0.0 -3.141592653589793
-2.2250738585072014e-308 0.0 -0.0
-2.2250738585072014e-308 0.0 0.0
-2.2250738585072014e-308 0.0 NaN
-2.2250738585072014e-308 0.0 Infinity
-2.2250738585072014e-308 0.0 -Infinity
-2.2250738585072014e-308 0.0 1.0
-2.2250738585072014e-308 0.0 -1.0
-2.2250738585072014e-308 0.0 2.0
-2.2250738585072014e-308 0.0 -2.0
-2.2250738585072014e-308 0.0 0.5
-2.2250738585072014e-308 0.0 -0.5
-2.2250738585072014e-308 0.0 4.9406564584124654e-324
-2.2250738585072014e-308 0.0 -4.9406564584124654e-324
-2.2250738585072014e-308 0.0 2.2250738585072014e-308
-2.2250738585072014e-308 0.0 -2.2250738585072014e-308
-2.2250738585072014e-308 0.0 1.7976931348623157e308
-2.2250738585072014e-308 0.0 -1.7976931348623157e308
-2.2250738585072014e-308 0.0 1e-160
-2.2250738585072014e-308 0.0 1e-16
-2.2250738585072014e-308 0.0 1e16
-2.2250738585072014e-308 0.0 1e160
-2.2250738585072014e-308 0.0 3.141592653589793
-2.2250738585072014e-308 0.0 -3.141592653589793
-2.2250738585072014e-308 NaN -0.0
-2.2250738585072014e-308 NaN 0.0
-2.2250738585072014e-308 NaN NaN
-2.2250738585072014e-308 NaN Infinity
-2.2250738585072014e-308 NaN -Infinity
-2.2250738585072014e-308 NaN 1.0
-2.2250738585072014e-308 NaN -1.0
-2.2250738585072014e-308 NaN 2.0
-2.2250738585072014e-308 NaN -2.0
-2.2250738585072014e-308 NaN 0.5
-2.2250738585072014e-308 NaN -0.5
-2.2250738585072014e-308 NaN 4.9406564584124654e-324
-2.2250738585072014e-308 NaN -4.9406564584124654e-324
-2.2250738585072014e-308 NaN 2.2250738585072014e-308
-2.2250738585072014e-308 NaN -2.2250738585072014e-308
-2.2250738585072014e-308 NaN 1.7976931348623157e308
-2.2250738585072014e-308 NaN -1.7976931348623157e308
-2.2250738585072014e-308 NaN 1e-160
-2.2250738585072014e-308 NaN 1e-16
-2.2250738585072014e-308 NaN 1e16
-2.2250738585072014e-308 NaN 1e160
-2.2250738585072014e-308 NaN 3.141592653589793
-2.2250738585072014e-308 NaN -3.141592653589793
-2.2250738585072014e-308 Infinity -0.0
-2.2250738585072014e-308 Infinity 0.0
-2.2250738585072014e-308 Infinity NaN
-2.2250738585072014e-308 Infinity Infinity
-2.2250738585072014e-308 Infinity -Infinity
-2.2250738585072014e-308 Infinity 1.0
-2.2250738585072014e-308 Infinity -1.0
-2.2250738585072014e-308 Infinity 2.0
-2.2250738585072014e-308 Infinity -2.0
-2.2250738585072014e-308 Infinity 0.5
-2.2250738585072014e-308 Infinity -0.5
-2.2250738585072014e-308 Infinity 4.9406564584124654e-324
-2.2250738585072014e-308 Infinity -4.9406564584124654e-324
-2.2250738585072014e-308 Infinity 2.2250738585072014e-308
-2.2250738585072014e-308 Infinity -2.2250738585072014e-308
-2.2250738585072014e-308 Infinity 1.7976931348623157e308
-2.2250738585072014e-308 Infinity -1.7976931348623157e308
-2.2250738585072014e-308 Infinity 1e-160
-2.2250738585072014e-308 Infinity 1e-16
-2.2250738585072014e-308 Infinity 1e16
-2.2250738585072014e-308 Infinity 1e160
-2.2250738585072014e-308 Infinity 3.141592653589793
-2.2250738585072014e-308 Infinity -3.141592653589793
-2.2250738585072014e-308 -Infinity -0.0
-2.2250738585072014e-308 -Infinity 0.0
-2.2250738585072014e-308 -Infinity NaN
-2.2250738585072014e-308 -Infinity Infinity
-2.2250738585072014e-308 -Infinity -Infinity
-2.2250738585072014e-308 -Infinity 1.0
-2.2250738585072014e-308 -Infinity -1.0
-2.2250738585072014e-308 -Infinity 2.0
-2.2250738585072014e-308 -Infinity -2.0
-2.2250738585072014e-308 -Infinity 0.5
-2.2250738585072014e-308 -Infinity -0.5
-2.2250738585072014e-308 -Infinity 4.9406564584124654e-324
-2.2250738585072014e-308 -Infinity -4.9406564584124654e-324
-2.2250738585072014e-308 -Infinity 2.2250738585072014e-308
-2.2250738585072014e-308 -Infinity -2.2250738585072014e-308
-2.2250738585072014e-308 -Infinity 1.7976931348623157e308
-2.2250738585072014e-308 -Infinity -1.7976931348623157e308
-2.2250738585072014e-308 -Infinity 1e-160
-2.2250738585072014e-308 -Infinity 1e-16
-2.2250738585072014e-308 -Infinity 1e16
-2.2250738585072014e-308 -Infinity 1e160
-2.2250738585072014e-308 -Infinity 3.141592653589793
-2.2250738585072014e-308 -Infinity -3.141592653589793
-2.2250738585072014e-308 1.0 -0.0
-2.2250738585072014e-308 1.0 0.0
-2.2250738585072014e-308 1.0 NaN
-2.2250738585072014e-308 1.0 Infinity
-2.2250738585072014e-308 1.0 -Infinity
-2.2250738585072014e-308 1.0 1.0
-2.2250738585072014e-308 1.0 -1.0
-2.2250738585072014e-308 1.0 2.0
-2.2250738585072014e-308 1.0 -2.0
-2.2250738585072014e-308 1.0 0.5
-2.2250738585072014e-308 1.0 -0.5
-2.2250738585072014e-308 1.0 4.9406564584124654e-324
-2.2250738585072014e-308 1.0 -4.9406564584124654e-324
-2.2250738585072014e-308 1.0 2.2250738585072014e-308
-2.2250738585072014e-308 1.0 -2.2250738585072014e-308
-2.2250738585072014e-308 1.0 1.7976931348623157e308
-2.2250738585072014e-308 1.0 -1.7976931348623157e308
-2.2250738585072014e-308 1.0 1e-160
-2.2250738585072014e-308 1.0 1e-16
-2.2250738585072014e-308 1.0 1e16
-2.2250738585072014e-308 1.0 1e160
-2.2250738585072014e-308 1.0 3.141592653589793
-2.2250738585072014e-308 1.0 -3.141592653589793
-2.2250738585072014e-308 -1.0 -0.0
-2.2250738585072014e-308 -1.0 0.0
-2.2250738585072014e-308 -1.0 NaN
-2.2250738585072014e-308 -1.0 Infinity
-2.2250738585072014e-308 -1.0 -Infinity
-2.2250738585072014e-308 -1.0 1.0
-2.2250738585072014e-308 -1.0 -1.0
-2.2250738585072014e-308 -1.0 2.0
-2.2250738585072014e-308 -1.0 -2.0
-2.2250738585072014e-308 -1.0 0.5
-2.2250738585072014e-308 -1.0 -0.5
-2.2250738585072014e-308 -1.0 4.9406564584124654e-324
-2.2250738585072014e-308 -1.0 -4.9406564584124654e-324
-2.2250738585072014e-308 -1.0 2.2250738585072014e-308
-2.2250738585072014e-308 -1.0 -2.2250738585072014e-308
-2.2250738585072014e-308 -1.0 1.7976931348623157e308
-2.2250738585072014e-308 -1.0 -1.7976931348623157e308
-2.2250738585072014e-308 -1.0 1e-160
-2.2250738585072014e-308 -1.0 1e-16
-2.2250738585072014e-308 -1.0 1e16
-2.2250738585072014e-308 -1.0 1e160
-2.2250738585072014e-308 -1.0 3.141592653589793
-2.2250738585072014e-308 -1.0 -3.141592653589793
-2.2250738585072014e-308 2.0 -0.0
-2.2250738585072014e-308 2.0 0.0
-2.2250738585072014e-308 2.0 NaN
-2.2250738585072014e-308 2.0 Infinity
-2.2250738585072014e-308 2.0 -Infinity
-2.2250738585072014e-308 2.0 1.0
-2.2250738585072014e-308 2.0 -1.0
-2.2250738585072014e-308 2.0 2.0
-2.2250738585072014e-308 2.0 -2.0
-2.2250738585072014e-308 2.0 0.5
-2.2250738585072014e-308 2.0 -0.5
-2.2250738585072014e-308 2.0 4.9406564584124654e-324
-2.2250738585072014e-308 2.0 -4.9406564584124654e-324
-2.2250738585072014e-308 2.0 2.2250738585072014e-308
-2.2250738585072014e-308 2.0 -2.2250738585072014e-308
-2.2250738585072014e-308 2.0 1.7976931348623157e308
-2.2250738585072014e-308 2.0 -1.7976931348623157e308
-2.2250738585072014e-308 2.0 1e-160
-2.2250738585072014e-308 2.0 1e-16
-2.2250738585072014e-308 2.0 1e16
-2.2250738585072014e-308 2.0 1e160
-2.2250738585072014e-308 2.0 3.141592653589793
-2.2250738585072014e-308 2.0 -3.141592653589793
-2.2250738585072014e-308 -2.0 -0.0
-2.2250738585072014e-308 -2.0 0.0
-2.2250738585072014e-308 -2.0 NaN
-2.2250738585072014e-308 -2.0 Infinity
-2.2250738585072014e-308 -2.0 -Infinity
-2.2250738585072014e-308 -2.0 1.0
-2.2250738585072014e-308 -2.0 -1.0
-2.2250738585072014e-308 -2.0 2.0
-2.2250738585072014e-308 -2.0 -2.0
-2.2250738585072014e-308 -2.0 0.5
-2.2250738585072014e-308 -2.0 -0.5
-2.2250738585072014e-308 -2.0 4.9406564584124654e-324
-2.2250738585072014e-308 -2.0 -4.9406564584124654e-324
-2.2250738585072014e-308 -2.0 2.2250738585072014e-308
-2.2250738585072014e-308 -2.0 -2.2250738585072014e-308
-2.2250738585072014e-308 -2.0 1.7976931348623157e308
-2.2250738585072014e-308 -2.0 -1.7976931348623157e308
-2.2250738585072014e-308 -2.0 1e-160
-2.2250738585072014e-308 -2.0 1e-16
-2.2250738585072014e-308 -2.0 1e16
-2.2250738585072014e-308 -2.0 1e160
-2.2250738585072014e-308 -2.0 3.141592653589793
-2.2250738585072014e-308 -2.0 -3.141592653589793
-2.2250738585072014e-308 0.5 -0.0
-2.2250738585072014e-308 0.5 0.0
-2.2250738585072014e-308 0.5 NaN
-2.2250738585072014e-308 0.5 Infinity
-2.2250738585072014e-308 0.5 -Infinity
-2.2250738585072014e-308 0.5 1.0
-2.2250738585072014e-308 0.5 -1.0
-2.2250738585072014e-308 0.5 2.0
-2.2250738585072014e-308 0.5 -2.0
-2.2250738585072014e-308 0.5 0.5
-2.2250738585072014e-308 0.5 -0.5
-2.2250738585072014e-308 0.5 4.9406564584124654e-324
-2.2250738585072014e-308 0.5 -4.9406564584124654e-324
-2.2250738585072014e-308 0.5 2.2250738585072014e-308
-2.2250738585072014e-308 0.5 -2.2250738585072014e-308
-2.2250738585072014e-308 0.5 1.7976931348623157e308
-2.2250738585072014e-308 0.5 -1.7976931348623157e308
-2.2250738585072014e-308 0.5 1e-160
-2.2250738585072014e-308 0.5 1e-16
-2.2250738585072014e-308 0.5 1e16
-2.2250738585072014e-308 0.5 1e160
-2.2250738585072014e-308 0.5 3.141592653589793
-2.2250738585072014e-308 0.5 -3.141592653589793
-2.2250738585072014e-308 -0.5 -0.0
-2.2250738585072014e-308 -0.5 0.0
-2.2250738585072014e-308 -0.5 NaN
-2.2250738585072014e-308 -0.5 Infinity
-2.2250738585072014e-308 -0.5 -Infinity
-2.2250738585072014e-308 -0.5 1.0
-2.2250738585072014e-308 -0.5 -1.0
-2.2250738585072014e-308 -0.5 2.0
-2.2250738585072014e-308 -0.5 -2.0
-2.2250738585072014e-308 -0.5 0.5
-2.2250738585072014e-308 -0.5 -0.5
-2.2250738585072014e-308 -0.5 4.9406564584124654e-324
-2.2250738585072014e-308 -0.5 -4.9406564584124654e-324
-2.2250738585072014e-308 -0.5 2.2250738585072014e-308
-2.2250738585072014e-308 -0.5 -2.2250738585072014e-308
-2.2250738585072014e-308 -0.5 1.7976931348623157e308
-2.2250738585072014e-308 -0.5 -1.7976931348623157e308
-2.2250738585072014e-308 -0.5 1e-160
-2.2250738585072014e-308 -0.5 1e-16
-2.2250738585072014e-308 -0.5 1e16
-2.2250738585072014e-308 -0.5 1e160
-2.2250738585072014e-308 -0.5 3.141592653589793
-2.2250738585072014e-308 -0.5 -3.141592653589793
-2.2250738585072014e-308 4.9406564584124654e-324 -0.0
-2.2250738585072014e-308 4.9406564584124654e-324 0.0
-2.2250738585072014e-308 4.9406564584124654e-324 NaN
-2.2250738585072014e-308 4.9406564584124654e-324 Infinity
-2.2250738585072014e-308 4.9406564584124654e-324 -Infinity
-2.2250738585072014e-308 4.9406564584124654e-324 1.0
-2.2250738585072014e-308 4.9406564584124654e-324 -1.0
-2.2250738585072014e-308 4.9406564584124654e-324 2.0
-2.2250738585072014e-308 4.9406564584124654e-324 -2.0
-2.2250738585072014e-308 4.9406564584124654e-324 0.5
-2.2250738585072014e-308 4.9406564584124654e-324 -0.5
-2.2250738585072014e-308 4.9406564584124654e-324 4.9406564584124654e-324
-2.2250738585072014e-308 4.9406564584124654e-324 -4.9406564584124654e-324
-2.2250738585072014e-308 4.9406564584124654e-324 2.2250738585072014e-308
-2.2250738585072014e-308 4.9406564584124654e-324 -2.2250738585072014e-308
-2.2250738585072014e-308 4.9406564584124654e-324 1.7976931348623157e308
-2.2250738585072014e-308 4.9406564584124654e-324 -1.7976931348623157e308
-2.2250738585072014e-308 4.9406564584124654e-324 1e-160
-2.2250738585072014e-308 4.9406564584124654e-324 1e-16
-2.2250738585072014e-308 4.9406564584124654e-324 1e16
-2.2250738585072014e-308 4.9406564584124654e-324 1e160
-2.2250738585072014e-308 4.9406564584124654e-324 3.141592653589793
-2.2250738585072014e-308 4.9406564584124654e-324 -3.141592653589793
-2.2250738585072014e-308 -4.9406564584124654e-324 -0.0
-2.2250738585072014e-308 -4.9406564584124654e-324 0.0
-2.2250738585072014e-308 -4.9406564584124654e-324 NaN
-2.2250738585072014e-308 -4.9406564584124654e-324 Infinity
-2.2250738585072014e-308 -4.9406564584124654e-324 -Infinity
-2.2250738585072014e-308 -4.9406564584124654e-324 1.0
-2.2250738585072014e-308 -4.9406564584124654e-324 -1.0
-2.2250738585072014e-308 -4.9406564584124654e-324 2.0
-2.2250738585072014e-308 -4.9406564584124654e-324 -2.0
-2.2250738585072014e-308 -4.9406564584124654e-324 0.5
-2.2250738585072014e-308 -4.9406564584124654e-324 -0.5
-2.2250738585072014e-308 -4.9406564584124654e-324 4.9406564584124654e-324
-2.2250738585072014e-308 -4.9406564584124654e-324 -4.9406564584124654e-324
-2.2250738585072014e-308 -4.9406564584124654e-324 2.2250738585072014e-308
-2.2250738585072014e-308 -4.9406564584124654e-324 -2.2250738585072014e-308
-2.2250738585072014e-308 -4.9406564584124654e-324 1.7976931348623157e308
-2.2250738585072014e-308 -4.9406564584124654e-324 -1.7976931348623157e308
-2.2250738585072014e-308 -4.9406564584124654e-324 1e-160
-2.2250738585072014e-308 -4.9406564584124654e-324 1e-16
-2.2250738585072014e-308 -4.9406564584124654e-324 1e16
-2.2250738585072014e-308 -4.9406564584124654e-324 1e160
-2.2250738585072014e-308 -4.9406564584124654e-324 3.141592653589793
-2.2250738585072014e-308 -4.9406564584124654e-324 -3.141592653589793
-2.2250738585072014e-308 2.2250738585072014e-308 -0.0
-2.2250738585072014e-308 2.2250738585072014e-308 0.0
-2.2250738585072014e-308 2.2250738585072014e-308 NaN
-2.2250738585072014e-308 2.2250738585072014e-308 Infinity
-2.2250738585072014e-308 2.2250738585072014e-308 -Infinity
-2.2250738585072014e-308 2.2250738585072014e-308 1.0
-2.2250738585072014e-308 2.2250738585072014e-308 -1.0
-2.2250738585072014e-308 2.2250738585072014e-308 2.0
-2.2250738585072014e-308 2.2250738585072014e-308 -2.0
-2.2250738585072014e-308 2.2250738585072014e-308 0.5
-2.2250738585072014e-308 2.2250738585072014e-308 -0.5
-2.2250738585072014e-308 2.2250738585072014e-308 4.9406564584124654e-324
-2.2250738585072014e-308 2.2250738585072014e-308 -4.9406564584124654e-324
-2.2250738585072014e-308 2.2250738585072014e-308 2.2250738585072014e-308
-2.2250738585072014e-308 2.2250738585072014e-308 -2.2250738585072014e-308
-2.2250738585072014e-308 2.2250738585072014e-308 1.7976931348623157e308
-2.2250738585072014e-308 2.2250738585072014e-308 -1.7976931348623157e308
-2.2250738585072014e-308 2.2250738585072014e-308 1e-160
-2.2250738585072014e-308 2.2250738585072014e-308 1e-16
-2.2250738585072014e-308 2.2250738585072014e-308 1e16
-2.2250738585072014e-308 2.2250738585072014e-308 1e160
-2.2250738585072014e-308 2.2250738585072014e-308 3.141592653589793
-2.2250738585072014e-308 2.2250738585072014e-308 -3.141592653589793
-2.2250738585072014e-308 -2.2250738585072014e-308 -0.0
-2.2250738585072014e-308 -2.2250738585072014e-308 0.0
-2.2250738585072014e-308 -2.2250738585072014e-308 NaN
-2.2250738585072014e-308 -2.2250738585072014e-308 Infinity
-2.2250738585072014e-308 -2.2250738585072014e-308 -Infinity
-2.2250738585072014e-308 -2.2250738585072014e-308 1.0
-2.2250738585072014e-308 -2.2250738585072014e-308 -1.0
-2.2250738585072014e-308 -2.2250738585072014e-308 2.0
-2.2250738585072014e-308 -2.2250738585072014e-308 -2.0
-2.2250738585072014e-308 -2.2250738585072014e-308 0.5
-2.2250738585072014e-308 -2.2250738585072014e-308 -0.5
-2.2250738585072014e-308 -2.2250738585072014e-308 4.9406564584124654e-324
-2.2250738585072014e-308 -2.2250738585072014e-308 -4.9406564584124654e-324
-2.2250738585072014e-308 -2.2250738585072014e-308 2.2250738585072014e-308
-2.2250738585072014e-308 -2.2250738585072014e-308 -2.2250738585072014e-308
-2.2250738585072014e-308 -2.2250738585072014e-308 1.7976931348623157e308
-2.2250738585072014e-308 -2.2250738585072014e-308 -1.7976931348623157e308
-2.2250738585072014e-308 -2.2250738585072014e-308 1e-160
-2.2250738585072014e-308 -2.2250738585072014e-308 1e-16
-2.2250738585072014e-308 -2.2250738585072014e-308 1e16
-2.2250738585072014e-308 -2.2250738585072014e-308 1e160
-2.2250738585072014e-308 -2.2250738585072014e-308 3.141592653589793
-2.2250738585072014e-308 -2.2250738585072014e-308 -3.141592653589793
-2.2250738585072014e-308 1.7976931348623157e308 -0.0
-2.2250738585072014e-308 1.7976931348623157e308 0.0
-2.2250738585072014e-308 1.7976931348623157e308 NaN
-2.2250738585072014e-308 1.7976931348623157e308 Infinity
-2.2250738585072014e-308 1.7976931348623157e308 -Infinity
-2.2250738585072014e-308 1.7976931348623157e308 1.0
-2.2250738585072014e-308 1.7976931348623157e308 -1.0
-2.2250738585072014e-308 1.7976931348623157e308 2.0
-2.2250738585072014e-308 1.7976931348623157e308 -2.0
-2.2250738585072014e-308 1.7976931348623157e308 0.5
-2.2250738585072014e-308 1.7976931348623157e308 -0.5
-2.2250738585072014e-308 1.7976931348623157e308 4.9406564584124654e-324
-2.2250738585072014e-308 1.7976931348623157e308 -4.9406564584124654e-324
-2.2250738585072014e-308 1.7976931348623157e308 2.2250738585072014e-308
-2.2250738585072014e-308 1.7976931348623157e308 -2.2250738585072014e-308
-2.2250738585072014e-308 1.7976931348623157e308 1.7976931348623157e308
-2.2250738585072014e-308 1.7976931348623157e308 -1.7976931348623157e308
-2.2250738585072014e-308 1.7976931348623157e308 1e-160
-2.2250738585072014e-308 1.7976931348623157e308 1e-16
-2.2250738585072014e-308 1.7976931348623157e308 1e16
-2.2250738585072014e-308 1.7976931348623157e308 1e160
-2.2250738585072014e-308 1.7976931348623157e308 3.141592653589793
-2.2250738585072014e-308 1.7976931348623157e308 -3.141592653589793
-2.2250738585072014e-308 -1.7976931348623157e308 -0.0
-2.2250738585072014e-308 -1.7976931348623157e308 0.0
-2.2250738585072014e-308 -1.7976931348623157e308 NaN
-2.2250738585072014e-308 -1.7976931348623157e308 Infinity
-2.2250738585072014e-308 -1.7976931348623157e308 -Infinity
-2.2250738585072014e-308 -1.7976931348623157e308 1.0
-2.2250738585072014e-308 -1.7976931348623157e308 -1.0
-2.2250738585072014e-308 -1.7976931348623157e308 2.0
-2.2250738585072014e-308 -1.7976931348623157e308 -2.0
-2.2250738585072014e-308 -1.7976931348623157e308 0.5
-2.2250738585072014e-308 -1.7976931348623157e308 -0.5
-2.2250738585072014e-308 -1.7976931348623157e308 4.9406564584124654e-324
-2.2250738585072014e-308 -1.7976931348623157e308 -4.9406564584124654e-324
-2.2250738585072014e-308 -1.7976931348623157e308 2.2250738585072014e-308
-2.2250738585072014e-308 -1.7976931348623157e308 -2.2250738585072014e-308
-2.2250738585072014e-308 -1.7976931348623157e308 1.7976931348623157e308
-2.2250738585072014e-308 -1.7976931348623157e308 -1.7976931348623157e308
-2.2250738585072014e-308 -1.7976931348623157e308 1e-160
-2.2250738585072014e-308 -1.7976931348623157e308 1e-16
-2.2250738585072014e-308 -1.7976931348623157e308 1e16
-2.2250738585072014e-308 -1.7976931348623157e308 1e160
-2.2250738585072014e-308 -1.7976931348623157e308 3.141592653589793
-2.2250738585072014e-308 -1.7976931348623157e308 -3.141592653589793
-2.2250738585072014e-308 1e-160 -0.0
-2.2250738585072014e-308 1e-160 0.0
-2.2250738585072014e-308 1e-160 NaN
-2.2250738585072014e-308 1e-160 Infinity
-2.2250738585072014e-308 1e-160 -Infinity
-2.2250738585072014e-308 1e-160 1.0
-2.2250738585072014e-308 1e-160 -1.0
-2.2250738585072014e-308 1e-160 2.0
-2.2250738585072014e-308 1e-160 -2.0
-2.2250738585072014e-308 1e-160 0.5
-2.2250738585072014e-308 1e-160 -0.5
-2.2250738585072014e-308 1e-160 4.9406564584124654e-324
-2.2250738585072014e-308 1e-160 -4.9406564584124654e-324
-2.2250738585072014e-308 1e-160 2.2250738585072014e-308
-2.2250738585072014e-308 1e-160 -2.2250738585072014e-308
-2.2250738585072014e-308 1e-160 1.7976931348623157e308
-2.2250738585072014e-308 1e-160 -1.7976931348623157e308
-2.2250738585072014e-308 1e-160 1e-160
-2.2250738585072014e-308 1e-160 1e-16
-2.2250738585072014e-308 1e-160 1e16
-2.2250738585072014e-308 1e-160 1e160
-2.2250738585072014e-308 1e-160 3.141592653589793
-2.2250738585072014e-308 1e-160 -3.141592653589793
-2.2250738585072014e-308 1e-16 -0.0
-2.2250738585072014e-308 1e-16 0.0
-2.2250738585072014e-308 1e-16 NaN
-2.2250738585072014e-308 1e-16 Infinity
-2.2250738585072014e-308 1e-16 -Infinity
-2.2250738585072014e-308 1e-16 1.0
-2.2250738585072014e-308 1e-16 -1.0
-2.2250738585072014e-308 1e-16 2.0
-2.2250738585072014e-308 1e-16 -2.0
-2.2250738585072014e-308 1e-16 0.5
-2.2250738585072014e-308 1e-16 -0.5
-2.2250738585072014e-308 1e-16 4.9406564584124654e-324
-2.2250738585072014e-308 1e-16 -4.9406564584124654e-324
-2.2250738585072014e-308 1e-16 2.2250738585072014e-308
-2.2250738585072014e-308 1e-16 -2.2250738585072014e-308
-2.2250738585072014e-308 1e-16 1.7976931348623157e308
-2.2250738585072014e-308 1e-16 -1.7976931348623157e308
-2.2250738585072014e-308 1e-16 1e-160
-2.2250738585072014e-308 1e-16 1e-16
-2.2250738585072014e-308 1e-16 1e16
-2.2250738585072014e-308 1e-16 1e160
-2.2250738585072014e-308 1e-16 3.141592653589793
-2.2250738585072014e-308 1e-16 -3.141592653589793
-2.2250738585072014e-308 1e16 -0.0
-2.2250738585072014e-308 1e16 0.0
-2.2250738585072014e-308 1e16 NaN
-2.2250738585072014e-308 1e16 Infinity
-2.2250738585072014e-308 1e16 -Infinity
-2.2250738585072014e-308 1e16 1.0
-2.2250738585072014e-308 1e16 -1.0
-2.2250738585072014e-308 1e16 2.0
-2.2250738585072014e-308 1e16 -2.0
-2.2250738585072014e-308 1e16 0.5
-2.2250738585072014e-308 1e16 -0.5
-2.2250738585072014e-308 1e16 4.9406564584124654e-324
-2.2250738585072014e-308 1e16 -4.9406564584124654e-324
-2.2250738585072014e-308 1e16 2.2250738585072014e-308
-2.2250738585072014e-308 1e16 -2.2250738585072014e-308
-2.2250738585072014e-308 1e16 1.7976931348623157e308
-2.2250738585072014e-308 1e16 -1.7976931348623157e308
-2.2250738585072014e-308 1e16 1e-160
-2.2250738585072014e-308 1e16 1e-16
-2.2250738585072014e-308 1e16 1e16
-2.2250738585072014e-308 1e16 1e160
-2.2250738585072014e-308 1e16 3.141592653589793
-2.2250738585072014e-308 1e16 -3.141592653589793
-2.2250738585072014e-308 1e160 -0.0
-2.2250738585072014e-308 1e160 0.0
-2.2250738585072014e-308 1e160 NaN
-2.2250738585072014e-308 1e160 Infinity
-2.2250738585072014e-308 1e160 -Infinity
-2.2250738585072014e-308 1e160 1.0
-2.2250738585072014e-308 1e160 -1.0
-2.2250738585072014e-308 1e160 2.0
-2.2250738585072014e-308 1e160 -2.0
-2.2250738585072014e-308 1e160 0.5
-2.2250738585072014e-308 1e160 -0.5
-2.2250738585072014e-308 1e160 4.9406564584124654e-324
-2.2250738585072014e-308 1e160 -4.9406564584124654e-324
-2.2250738585072014e-308 1e160 2.2250738585072014e-308
-2.2250738585072014e-308 1e160 -2.2250738585072014e-308
-2.2250738585072014e-308 1e160 1.7976931348623157e308
-2.2250738585072014e-308 1e160 -1.7976931348623157e308
-2.2250738585072014e-308 1e160 1e-160
-2.2250738585072014e-308 1e160 1e-16
-2.2250738585072014e-308 1e160 1e16
-2.2250738585072014e-308 1e160 1e160
-2.2250738585072014e-308 1e160 3.141592653589793
-2.2250738585072014e-308 1e160 -3.141592653589793
-2.2250738585072014e-308 3.141592653589793 -0.0
-2.2250738585072014e-308 3.141592653589793 0.0
-2.2250738585072014e-308 3.141592653589793 NaN
-2.2250738585072014e-308 3.141592653589793 Infinity
-2.2250738585072014e-308 3.141592653589793 -Infinity
-2.2250738585072014e-308 3.141592653589793 1.0
-2.2250738585072014e-308 3.141592653589793 -1.0
-2.2250738585072014e-308 3.141592653589793 2.0
-2.2250738585072014e-308 3.141592653589793 -2.0
-2.2250738585072014e-308 3.141592653589793 0.5
-2.2250738585072014e-308 3.141592653589793 -0.5
-2.2250738585072014e-308 3.141592653589793 4.9406564584124654e-324
-2.2250738585072014e-308 3.141592653589793 -4.9406564584124654e-324
-2.2250738585072014e-308 3.141592653589793 2.2250738585072014e-308
-2.2250738585072014e-308 3.141592653589793 -2.2250738585072014e-308
-2.2250738585072014e-308 3.141592653589793 1.7976931348623157e308
-2.2250738585072014e-308 3.141592653589793 -1.7976931348623157e308
-2.2250738585072014e-308 3.141592653589793 1e-160
-2.2250738585072014e-308 3.141592653589793 1e-16
-2.2250738585072014e-308 3.141592653589793 1e16
-2.2250738585072014e-308 3.141592653589793 1e160
-2.2250738585072014e-308 3.141592653589793 3.141592653589793
-2.2250738585072014e-308 3.141592653589793 -3.141592653589793
-2.2250738585072014e-308 -3.141592653589793 -0.0
-2.2250738585072014e-308 -3.141592653589793 0.0
-2.2250738585072014e-308 -3.141592653589793 NaN
-2.2250738585072014e-308 -3.141592653589793 Infinity
-2.2250738585072014e-308 -3.141592653589793 -Infinity
-2.2250738585072014e-308 -3.141592653589793 1.0
-2.2250738585072014e-308 -3.141592653589793 -1.0
-2.2250738585072014e-308 -3.141592653589793 2.0
-2.2250738585072014e-308 -3.141592653589793 -2.0
-2.2250738585072014e-308 -3.141592653589793 0.5
-2.2250738585072014e-308 -3.141592653589793 -0.5
-2.2250738585072014e-308 -3.141592653589793 4.9406564584124654e-324
-2.2250738585072014e-308 -3.141592653589793 -4.9406564584124654e-324
-2.2250738585072014e-308 -3.141592653589793 2.2250738585072014e-308
-2.2250738585072014e-308 -3.141592653589793 -2.2250738585072014e-308
-2.2250738585072014e-308 -3.141592653589793 1.7976931348623157e308
-2.2250738585072014e-308 -3.141592653589793 -1.7976931348623157e308
-2.2250738585072014e-308 -3.141592653589793 1e-160
-2.2250738585072014e-308 -3.141592653589793 1e-16
-2.2250738585072014e-308 -3.141592653589793 1e16
-2.2250738585072014e-308 -3.141592653589793 1e160
-2.2250738585072014e-308 -3.141592653589793 3.141592653589793
-2.2250738585072014e-308 -3.141592653589793 -3.141592653589793
1.7976931348623157e308 -0.0 -0.0
1.7976931348623157e308 -0.0 0.0
1.7976931348623157e308 -0.0 NaN
1.7976931348623157e308 -0.0 Infinity
1.7976931348623157e308 -0.0 -Infinity
1.7976931348623157e308 -0.0 1.0
1.7976931348623157e308 -0.0 -1.0
1.7976931348623157e308 -0.0 2.0
1.7976931348623157e308 -0.0 -2.0
1.7976931348623157e308 -0.0 0.5
1.7976931348623157e308 -0.0 -0.5
1.7976931348623157e308 -0.0 4.9406564584124654e-324
1.7976931348623157e308 -0.0 -4.9406564584124654e-324
1.7976931348623157e308 -0.0 2.2250738585072014e-308
1.7976931348623157e308 -0.0 -2.2250738585072014e-308
1.7976931348623157e308 -0.0 1.7976931348623157e308
1.7976931348623157e308 -0.0 -1.7976931348623157e308
1.7976931348623157e308 -0.0 1e-160
1.7976931348623157e308 -0.0 1e-16
1.7976931348623157e308 -0.0 1e16
1.7976931348623157e308 -0.0 1e160
1.7976931348623157e308 -0.0 3.141592653589793
1.7976931348623157e308 -0.0 -3.141592653589793
1.7976931348623157e308 0.0 -0.0
1.7976931348623157e308 0.0 0.0
1.7976931348623157e308 0.0 NaN
1.7976931348623157e308 0.0 Infinity
1.7976931348623157e308 0.0 -Infinity
1.7976931348623157e308 0.0 1.0
1.7976931348623157e308 0.0 -1.0
1.7976931348623157e308 0.0 2.0
1.7976931348623157e308 0.0 -2.0
1.7976931348623157e308 0.0 0.5
1.7976931348623157e308 0.0 -0.5
1.7976931348623157e308 0.0 4.9406564584124654e-324
1.7976931348623157e308 0.0 -4.9406564584124654e-324
1.7976931348623157e308 0.0 2.2250738585072014e-308
1.7976931348623157e308 0.0 -2.2250738585072014e-308
1.7976931348623157e308 0.0 1.7976931348623157e308
1.7976931348623157e308 0.0 -1.7976931348623157e308
1.7976931348623157e308 0.0 1e-160
1.7976931348623157e308 0.0 1e-16
1.7976931348623157e308 0.0 1e16
1.7976931348623157e308 0.0 1e160
1.7976931348623157e308 0.0 3.141592653589793
1.7976931348623157e308 0.0 -3.141592653589793
1.7976931348623157e308 NaN -0.0
1.7976931348623157e308 NaN 0.0
1.7976931348623157e308 NaN NaN
1.7976931348623157e308 NaN Infinity
1.7976931348623157e308 NaN -Infinity
1.7976931348623157e308 NaN 1.0
1.7976931348623157e308 NaN -1.0
1.7976931348623157e308 NaN 2.0
1.7976931348623157e308 NaN -2.0
1.7976931348623157e308 NaN 0.5
1.7976931348623157e308 NaN -0.5
1.7976931348623157e308 NaN 4.9406564584124654e-324
1.7976931348623157e308 NaN -4.9406564584124654e-324
1.7976931348623157e308 NaN 2.2250738585072014e-308
1.7976931348623157e308 NaN -2.2250738585072014e-308
1.7976931348623157e308 NaN 1.7976931348623157e308
1.7976931348623157e308 NaN -1.7976931348623157e308
1.7976931348623157e308 NaN 1e-160
1.7976931348623157e308 NaN 1e-16
1.7976931348623157e308 NaN 1e16
1.7976931348623157e308 NaN 1e160
1.7976931348623157e308 NaN 3.141592653589793
1.7976931348623157e308 NaN -3.141592653589793
1.7976931348623157e308 Infinity -0.0
1.7976931348623157e308 Infinity 0.0
1.7976931348623157e308 Infinity NaN
1.7976931348623157e308 Infinity Infinity
1.7976931348623157e308 Infinity -Infinity
1.7976931348623157e308 Infinity 1.0
1.7976931348623157e308 Infinity -1.0
1.7976931348623157e308 Infinity 2.0
1.7976931348623157e308 Infinity -2.0
1.7976931348623157e308 Infinity 0.5
1.7976931348623157e308 Infinity -0.5
1.7976931348623157e308 Infinity 4.9406564584124654e-324
1.7976931348623157e308 Infinity -4.9406564584124654e-324
1.7976931348623157e308 Infinity 2.2250738585072014e-308
1.7976931348623157e308 Infinity -2.2250738585072014e-308
1.7976931348623157e308 Infinity 1.7976931348623157e308
1.7976931348623157e308 Infinity -1.7976931348623157e308
1.7976931348623157e308 Infinity 1e-160
1.7976931348623157e308 Infinity 1e-16
1.7976931348623157e308 Infinity 1e16
1.7976931348623157e308 Infinity 1e160
1.7976931348623157e308 Infinity 3.141592653589793
1.7976931348623157e308 Infinity -3.141592653589793
1.7976931348623157e308 -Infinity -0.0
1.7976931348623157e308 -Infinity 0.0
1.7976931348623157e308 -Infinity NaN
1.7976931348623157e308 -Infinity Infinity
1.7976931348623157e308 -Infinity -Infinity
1.7976931348623157e308 -Infinity 1.0
1.7976931348623157e308 -Infinity -1.0
1.7976931348623157e308 -Infinity 2.0
1.7976931348623157e308 -Infinity -2.0
1.7976931348623157e308 -Infinity 0.5
1.7976931348623157e308 -Infinity -0.5
1.7976931348623157e308 -Infinity 4.9406564584124654e-324
1.7976931348623157e308 -Infinity -4.9406564584124654e-324
1.7976931348623157e308 -Infinity 2.2250738585072014e-308
1.7976931348623157e308 -Infinity -2.2250738585072014e-308
1.7976931348623157e308 -Infinity 1.7976931348623157e308
1.7976931348623157e308 -Infinity -1.7976931348623157e308
1.7976931348623157e308 -Infinity 1e-160
1.7976931348623157e308 -Infinity 1e-16
1.7976931348623157e308 -Infinity 1e16
1.7976931348623157e308 -Infinity 1e160
1.7976931348623157e308 -Infinity 3.141592653589793
1.7976931348623157e308 -Infinity -3.141592653589793
1.7976931348623157e308 1.0 -0.0
1.7976931348623157e308 1.0 0.0
1.7976931348623157e308 1.0 NaN
1.7976931348623157e308 1.0 Infinity
1.7976931348623157e308 1.0 -Infinity
1.7976931348623157e308 1.0 1.0
1.7976931348623157e308 1.0 -1.0
1.7976931348623157e308 1.0 2.0
1.7976931348623157e308 1.0 -2.0
1.7976931348623157e308 1.0 0.5
1.7976931348623157e308 1.0 -0.5
1.7976931348623157e308 1.0 4.9406564584124654e-324
1.7976931348623157e308 1.0 -4.9406564584124654e-324
1.7976931348623157e308 1.0 2.2250738585072014e-308
1.7976931348623157e308 1.0 -2.2250738585072014e-308
1.7976931348623157e308 1.0 1.7976931348623157e308
1.7976931348623157e308 1.0 -1.7976931348623157e308
1.7976931348623157e308 1.0 1e-160
1.7976931348623157e308 1.0 1e-16
1.7976931348623157e308 1.0 1e16
1.7976931348623157e308 1.0 1e160
1.7976931348623157e308 1.0 3.141592653589793
1.7976931348623157e308 1.0 -3.141592653589793
1.7976931348623157e308 -1.0 -0.0
1.7976931348623157e308 -1.0 0.0
1.7976931348623157e308 -1.0 NaN
1.7976931348623157e308 -1.0 Infinity
1.7976931348623157e308 -1.0 -Infinity
1.7976931348623157e308 -1.0 1.0
1.7976931348623157e308 -1.0 -1.0
1.7976931348623157e308 -1.0 2.0
1.7976931348623157e308 -1.0 -2.0
1.7976931348623157e308 -1.0 0.5
1.7976931348623157e308 -1.0 -0.5
1.7976931348623157e308 -1.0 4.9406564584124654e-324
1.7976931348623157e308 -1.0 -4.9406564584124654e-324
1.7976931348623157e308 -1.0 2.2250738585072014e-308
1.7976931348623157e308 -1.0 -2.2250738585072014e-308
1.7976931348623157e308 -1.0 1.7976931348623157e308
1.7976931348623157e308 -1.0 -1.7976931348623157e308
1.7976931348623157e308 -1.0 1e-160
1.7976931348623157e308 -1.0 1e-16
1.7976931348623157e308 -1.0 1e16
1.7976931348623157e308 -1.0 1e160
1.7976931348623157e308 -1.0 3.141592653589793
1.7976931348623157e308 -1.0 -3.141592653589793
1.7976931348623157e308 2.0 -0.0
1.7976931348623157e308 2.0 0.0
1.7976931348623157e308 2.0 NaN
1.7976931348623157e308 2.0 Infinity
1.7976931348623157e308 2.0 -Infinity
1.7976931348623157e308 2.0 1.0
1.7976931348623157e308 2.0 -1.0
1.7976931348623157e308 2.0 2.0
1.7976931348623157e308 2.0 -2.0
1.7976931348623157e308 2.0 0.5
1.7976931348623157e308 2.0 -0.5
1.7976931348623157e308 2.0 4.9406564584124654e-324
1.7976931348623157e308 2.0 -4.9406564584124654e-324
1.7976931348623157e308 2.0 2.2250738585072014e-308
1.7976931348623157e308 2.0 -2.2250738585072014e-308
1.7976931348623157e308 2.0 1.7976931348623157e308
1.7976931348623157e308 2.0 -1.7976931348623157e308
1.7976931348623157e308 2.0 1e-160
1.7976931348623157e308 2.0 1e-16
1.7976931348623157e308 2.0 1e16
1.7976931348623157e308 2.0 1e160
1.7976931348623157e308 2.0 3.141592653589793
1.7976931348623157e308 2.0 -3.141592653589793
1.7976931348623157e308 -2.0 -0.0
1.7976931348623157e308 -2.0 0.0
1.7976931348623157e308 -2.0 NaN
1.7976931348623157e308 -2.0 Infinity
1.7976931348623157e308 -2.0 -Infinity
1.7976931348623157e308 -2.0 1.0
1.7976931348623157e308 -2.0 -1.0
1.7976931348623157e308 -2.0 2.0
1.7976931348623157e308 -2.0 -2.0
1.7976931348623157e308 -2.0 0.5
1.7976931348623157e308 -2.0 -0.5
1.7976931348623157e308 -2.0 4.9406564584124654e-324
1.7976931348623157e308 -2.0 -4.9406564584124654e-324
1.7976931348623157e308 -2.0 2.2250738585072014e-308
1.7976931348623157e308 -2.0 -2.2250738585072014e-308
1.7976931348623157e308 -2.0 1.7976931348623157e308
1.7976931348623157e308 -2.0 -1.7976931348623157e308
1.7976931348623157e308 -2.0 1e-160
1.7976931348623157e308 -2.0 1e-16
1.7976931348623157e308 -2.0 1e16
1.7976931348623157e308 -2.0 1e160
1.7976931348623157e308 -2.0 3.141592653589793
1.7976931348623157e308 -2.0 -3.141592653589793
1.7976931348623157e308 0.5 -0.0
1.7976931348623157e308 0.5 0.0
1.7976931348623157e308 0.5 NaN
1.7976931348623157e308 0.5 Infinity
1.7976931348623157e308 0.5 -Infinity
1.7976931348623157e308 0.5 1.0
1.7976931348623157e308 0.5 -1.0
1.7976931348623157e308 0.5 2.0
1.7976931348623157e308 0.5 -2.0
1.7976931348623157e308 0.5 0.5
1.7976931348623157e308 0.5 -0.5
1.7976931348623157e308 0.5 4.9406564584124654e-324
1.7976931348623157e308 0.5 -4.9406564584124654e-324
1.7976931348623157e308 0.5 2.2250738585072014e-308
1.7976931348623157e308 0.5 -2.2250738585072014e-308
1.7976931348623157e308 0.5 1.7976931348623157e308
1.7976931348623157e308 0.5 -1.7976931348623157e308
1.7976931348623157e308 0.5 1e-160
1.7976931348623157e308 0.5 1e-16
1.7976931348623157e308 0.5 1e16
1.7976931348623157e308 0.5 1e160
1.7976931348623157e308 0.5 3.141592653589793
1.7976931348623157e308 0.5 -3.141592653589793
1.7976931348623157e308 -0.5 -0.0
1.7976931348623157e308 -0.5 0.0
1.7976931348623157e308 -0.5 NaN
1.7976931348623157e308 -0.5 Infinity
1.7976931348623157e308 -0.5 -Infinity
1.7976931348623157e308 -0.5 1.0
1.7976931348623157e308 -0.5 -1.0
1.7976931348623157e308 -0.5 2.0
1.7976931348623157e308 -0.5 -2.0
1.7976931348623157e308 -0.5 0.5
1.7976931348623157e308 -0.5 -0.5
1.7976931348623157e308 -0.5 4.9406564584124654e-324
1.7976931348623157e308 -0.5 -4.9406564584124654e-324
1.7976931348623157e308 -0.5 2.2250738585072014e-308
1.7976931348623157e308 -0.5 -2.2250738585072014e-308
1.7976931348623157e308 -0.5 1.7976931348623157e308
1.7976931348623157e308 -0.5 -1.7976931348623157e308
1.7976931348623157e308 -0.5 1e-160
1.7976931348623157e308 -0.5 1e-16
1.7976931348623157e308 -0.5 1e16
1.7976931348623157e308 -0.5 1e160
1.7976931348623157e308 -0.5 3.141592653589793
1.7976931348623157e308 -0.5 -3.141592653589793
1.7976931348623157e308 4.9406564584124654e-324 -0.0
1.7976931348623157e308 4.9406564584124654e-324 0.0
1.7976931348623157e308 4.9406564584124654e-324 NaN
1.7976931348623157e308 4.9406564584124654e-324 Infinity
1.7976931348623157e308 4.9406564584124654e-324 -Infinity
1.7976931348623157e308 4.9406564584124654e-324 1.0
1.7976931348623157e308 4.9406564584124654e-324 -1.0
1.7976931348623157e308 4.9406564584124654e-324 2.0
1.7976931348623157e308 4.9406564584124654e-324 -2.0
1.7976931348623157e308 4.9406564584124654e-324 0.5
1.7976931348623157e308 4.9406564584124654e-324 -0.5
1.7976931348623157e308 4.9406564584124654e-324 4.9406564584124654e-324
1.7976931348623157e308 4.9406564584124654e-324 -4.9406564584124654e-324
1.7976931348623157e308 4.9406564584124654e-324 2.2250738585072014e-308
1.7976931348623157e308 4.9406564584124654e-324 -2.2250738585072014e-308
1.7976931348623157e308 4.9406564584124654e-324 1.7976931348623157e308
1.7976931348623157e308 4.9406564584124654e-324 -1.7976931348623157e308
1.7976931348623157e308 4.9406564584124654e-324 1e-160
1.7976931348623157e308 4.9406564584124654e-324 1e-16
1.7976931348623157e308 4.9406564584124654e-324 1e16
1.7976931348623157e308 4.9406564584124654e-324 1e160
1.7976931348623157e308 4.9406564584124654e-324 3.141592653589793
1.7976931348623157e308 4.9406564584124654e-324 -3.141592653589793
1.7976931348623157e308 -4.9406564584124654e-324 -0.0
1.7976931348623157e308 -4.9406564584124654e-324 0.0
1.7976931348623157e308 -4.9406564584124654e-324 NaN
1.7976931348623157e308 -4.9406564584124654e-324 Infinity
1.7976931348623157e308 -4.9406564584124654e-324 -Infinity
1.7976931348623157e308 -4.9406564584124654e-324 1.0
1.7976931348623157e308 -4.9406564584124654e-324 -1.0
1.7976931348623157e308 -4.9406564584124654e-324 2.0
1.7976931348623157e308 -4.9406564584124654e-324 -2.0
1.7976931348623157e308 -4.9406564584124654e-324 0.5
1.7976931348623157e308 -4.9406564584124654e-324 -0.5
1.7976931348623157e308 -4.9406564584124654e-324 4.9406564584124654e-324
1.7976931348623157e308 -4.9406564584124654e-324 -4.9406564584124654e-324
1.7976931348623157e308 -4.9406564584124654e-324 2.2250738585072014e-308
1.7976931348623157e308 -4.9406564584124654e-324 -2.2250738585072014e-308
1.7976931348623157e308 -4.9406564584124654e-324 1.7976931348623157e308
1.7976931348623157e308 -4.9406564584124654e-324 -1.7976931348623157e308
1.7976931348623157e308 -4.9406564584124654e-324 1e-160
1.7976931348623157e308 -4.9406564584124654e-324 1e-16
1.7976931348623157e308 -4.9406564584124654e-324 1e16
1.7976931348623157e308 -4.9406564584124654e-324 1e160
1.7976931348623157e308 -4.9406564584124654e-324 3.141592653589793
1.7976931348623157e308 -4.9406564584124654e-324 -3.141592653589793
1.7976931348623157e308 2.2250738585072014e-308 -0.0
1.7976931348623157e308 2.2250738585072014e-308 0.0
1.7976931348623157e308 2.2250738585072014e-308 NaN
1.7976931348623157e308 2.2250738585072014e-308 Infinity
1.7976931348623157e308 2.2250738585072014e-308 -Infinity
1.7976931348623157e308 2.2250738585072014e-308 1.0
1.7976931348623157e308 2.2250738585072014e-308 -1.0
1.7976931348623157e308 2.2250738585072014e-308 2.0
1.7976931348623157e308 2.2250738585072014e-308 -2.0
1.7976931348623157e308 2.2250738585072014e-308 0.5
1.7976931348623157e308 2.2250738585072014e-308 -0.5
1.7976931348623157e308 2.2250738585072014e-308 4.9406564584124654e-324
1.7976931348623157e308 2.2250738585072014e-308 -4.9406564584124654e-324
1.7976931348623157e308 2.2250738585072014e-308 2.2250738585072014e-308
1.7976931348623157e308 2.2250738585072014e-308 -2.2250738585072014e-308
1.7976931348623157e308 2.2250738585072014e-308 1.7976931348623157e308
1.7976931348623157e308 2.2250738585072014e-308 -1.7976931348623157e308
1.7976931348623157e308 2.2250738585072014e-308 1e-160
1.7976931348623157e308 2.2250738585072014e-308 1e-16
1.7976931348623157e308 2.2250738585072014e-308 1e16
1.7976931348623157e308 2.2250738585072014e-308 1e160
1.7976931348623157e308 2.2250738585072014e-308 3.141592653589793
1.7976931348623157e308 2.2250738585072014e-308 -3.141592653589793
1.7976931348623157e308 -2.2250738585072014e-308 -0.0
1.7976931348623157e308 -2.2250738585072014e-308 0.0
1.7976931348623157e308 -2.2250738585072014e-308 NaN
1.7976931348623157e308 -2.2250738585072014e-308 Infinity
1.7976931348623157e308 -2.2250738585072014e-308 -Infinity
1.7976931348623157e308 -2.2250738585072014e-308 1.0
1.7976931348623157e308 -2.2250738585072014e-308 -1.0
1.7976931348623157e308 -2.2250738585072014e-308 2.0
1.7976931348623157e308 -2.2250738585072014e-308 -2.0
1.7976931348623157e308 -2.2250738585072014e-308 0.5
1.7976931348623157e308 -2.2250738585072014e-308 -0.5
1.7976931348623157e308 -2.2250738585072014e-308 4.9406564584124654e-324
1.7976931348623157e308 -2.2250738585072014e-308 -4.9406564584124654e-324
1.7976931348623157e308 -2.2250738585072014e-308 2.2250738585072014e-308
1.7976931348623157e308 -2.2250738585072014e-308 -2.2250738585072014e-308
1.7976931348623157e308 -2.2250738585072014e-308 1.7976931348623157e308
1.7976931348623157e308 -2.2250738585072014e-308 -1.7976931348623157e308
1.7976931348623157e308 -2.2250738585072014e-308 1e-160
1.7976931348623157e308 -2.2250738585072014e-308 1e-16
1.7976931348623157e308 -2.2250738585072014e-308 1e16
1.7976931348623157e308 -2.2250738585072014e-308 1e160
1.7976931348623157e308 -2.2250738585072014e-308 3.141592653589793
1.7976931348623157e308 -2.2250738585072014e-308 -3.141592653589793
1.7976931348623157e308 1.7976931348623157e308 -0.0
1.7976931348623157e308 1.7976931348623157e308 0.0
1.7976931348623157e308 1.7976931348623157e308 NaN
1.7976931348623157e308 1.7976931348623157e308 Infinity
1.7976931348623157e308 1.7976931348623157e308 -Infinity
1.7976931348623157e308 1.7976931348623157e308 1.0
1.7976931348623157e308 1.7976931348623157e308 -1.0
1.7976931348623157e308 1.7976931348623157e308 2.0
1.7976931348623157e308 1.7976931348623157e308 -2.0
1.7976931348623157e308 1.7976931348623157e308 0.5
1.7976931348623157e308 1.7976931348623157e308 -0.5
1.7976931348623157e308 1.7976931348623157e308 4.9406564584124654e-324
1.7976931348623157e308 1.7976931348623157e308 -4.9406564584124654e-324
1.7976931348623157e308 1.7976931348623157e308 2.2250738585072014e-308
1.7976931348623157e308 1.7976931348623157e308 -2.2250738585072014e-308
1.7976931348623157e308 1.7976931348623157e308 1.7976931348623157e308
1.7976931348623157e308 1.7976931348623157e308 -1.7976931348623157e308
1.7976931348623157e308 1.7976931348623157e308 1e-160
1.7976931348623157e308 1.7976931348623157e308 1e-16
1.7976931348623157e308 1.7976931348623157e308 1e16
1.7976931348623157e308 1.7976931348623157e308 1e160
1.7976931348623157e308 1.7976931348623157e308 3.141592653589793
1.7976931348623157e308 1.7976931348623157e308 -3.141592653589793
1.7976931348623157e308 -1.7976931348623157e308 -0.0
1.7976931348623157e308 -1.7976931348623157e308 0.0
1.7976931348623157e308 -1.7976931348623157e308 NaN
1.7976931348623157e308 -1.7976931348623157e308 Infinity
1.7976931348623157e308 -1.7976931348623157e308 -Infinity
1.7976931348623157e308 -1.7976931348623157e308 1.0
1.7976931348623157e308 -1.7976931348623157e308 -1.0
1.7976931348623157e308 -1.7976931348623157e308 2.0
1.7976931348623157e308 -1.7976931348623157e308 -2.0
1.7976931348623157e308 -1.7976931348623157e308 0.5
1.7976931348623157e308 -1.7976931348623157e308 -0.5
1.7976931348623157e308 -1.7976931348623157e308 4.9406564584124654e-324
1.7976931348623157e308 -1.7976931348623157e308 -4.9406564584124654e-324
1.7976931348623157e308 -1.7976931348623157e308 2.2250738585072014e-308
1.7976931348623157e308 -1.7976931348623157e308 -2.2250738585072014e-308
1.7976931348623157e308 -1.7976931348623157e308 1.7976931348623157e308
1.7976931348623157e308 -1.7976931348623157e308 -1.7976931348623157e308
1.7976931348623157e308 -1.7976931348623157e308 1e-160
1.7976931348623157e308 -1.7976931348623157e308 1e-16
1.7976931348623157e308 -1.7976931348623157e308 1e16
1.7976931348623157e308 -1.7976931348623157e308 1e160
1.7976931348623157e308 -1.7976931348623157e308 3.141592653589793
1.7976931348623157e308 -1.7976931348623157e308 -3.141592653589793
1.7976931348623157e308 1e-160 -0.0
1.7976931348623157e308 1e-160 0.0
1.7976931348623157e308 1e-160 NaN
1.7976931348623157e308 1e-160 Infinity
1.7976931348623157e308 1e-160 -Infinity
1.7976931348623157e308 1e-160 1.0
1.7976931348623157e308 1e-160 -1.0
1.7976931348623157e308 1e-160 2.0
1.7976931348623157e308 1e-160 -2.0
1.7976931348623157e308 1e-160 0.5
1.7976931348623157e308 1e-160 -0.5
1.7976931348623157e308 1e-160 4.9406564584124654e-324
1.7976931348623157e308 1e-160 -4.9406564584124654e-324
1.7976931348623157e308 1e-160 2.2250738585072014e-308
1.7976931348623157e308 1e-160 -2.2250738585072014e-308
1.7976931348623157e308 1e-160 1.7976931348623157e308
1.7976931348623157e308 1e-160 -1.7976931348623157e308
1.7976931348623157e308 1e-160 1e-160
1.7976931348623157e308 1e-160 1e-16
1.7976931348623157e308 1e-160 1e16
1.7976931348623157e308 1e-160 1e160
1.7976931348623157e308 1e-160 3.141592653589793
1.7976931348623157e308 1e-160 -3.141592653589793
1.7976931348623157e308 1e-16 -0.0
1.7976931348623157e308 1e-16 0.0
1.7976931348623157e308 1e-16 NaN
1.7976931348623157e308 1e-16 Infinity
1.7976931348623157e308 1e-16 -Infinity
1.7976931348623157e308 1e-16 1.0
1.7976931348623157e308 1e-16 -1.0
1.7976931348623157e308 1e-16 2.0
1.7976931348623157e308 1e-16 -2.0
1.7976931348623157e308 1e-16 0.5
1.7976931348623157e308 1e-16 -0.5
1.7976931348623157e308 1e-16 4.9406564584124654e-324
1.7976931348623157e308 1e-16 -4.9406564584124654e-324
1.7976931348623157e308 1e-16 2.2250738585072014e-308
1.7976931348623157e308 1e-16 -2.2250738585072014e-308
1.7976931348623157e308 1e-16 1.7976931348623157e308
1.7976931348623157e308 1e-16 -1.7976931348623157e308
1.7976931348623157e308 1e-16 1e-160
1.7976931348623157e308 1e-16 1e-16
1.7976931348623157e308 1e-16 1e16
1.7976931348623157e308 1e-16 1e160
1.7976931348623157e308 1e-16 3.141592653589793
1.7976931348623157e308 1e-16 -3.141592653589793
1.7976931348623157e308 1e16 -0.0
1.7976931348623157e308 1e16 0.0
1.7976931348623157e308 1e16 NaN
1.7976931348623157e308 1e16 Infinity
1.7976931348623157e308 1e16 -Infinity
1.7976931348623157e308 1e16 1.0
1.7976931348623157e308 1e16 -1.0
1.7976931348623157e308 1e16 2.0
1.7976931348623157e308 1e16 -2.0
1.7976931348623157e308 1e16 0.5
1.7976931348623157e308 1e16 -0.5
1.7976931348623157e308 1e16 4.9406564584124654e-324
1.7976931348623157e308 1e16 -4.9406564584124654e-324
1.7976931348623157e308 1e16 2.2250738585072014e-308
1.7976931348623157e308 1e16 -2.2250738585072014e-308
1.7976931348623157e308 1e16 1.7976931348623157e308
1.7976931348623157e308 1e16 -1.7976931348623157e308
1.7976931348623157e308 1e16 1e-160
1.7976931348623157e308 1e16 1e-16
1.7976931348623157e308 1e16 1e16
1.7976931348623157e308 1e16 1e160
1.7976931348623157e308 1e16 3.141592653589793
1.7976931348623157e308 1e16 -3.141592653589793
1.7976931348623157e308 1e160 -0.0
1.7976931348623157e308 1e160 0.0
1.7976931348623157e308 1e160 NaN
1.7976931348623157e308 1e160 Infinity
1.7976931348623157e308 1e160 -Infinity
1.7976931348623157e308 1e160 1.0
1.7976931348623157e308 1e160 -1.0
1.7976931348623157e308 1e160 2.0
1.7976931348623157e308 1e160 -2.0
1.7976931348623157e308 1e160 0.5
1.7976931348623157e308 1e160 -0.5
1.7976931348623157e308 1e160 4.9406564584124654e-324
1.7976931348623157e308 1e160 -4.9406564584124654e-324
1.7976931348623157e308 1e160 2.2250738585072014e-308
1.7976931348623157e308 1e160 -2.2250738585072014e-308
1.7976931348623157e308 1e160 1.7976931348623157e308
1.7976931348623157e308 1e160 -1.7976931348623157e308
1.7976931348623157e308 1e160 1e-160
1.7976931348623157e308 1e160 1e-16
1.7976931348623157e308 1e160 1e16
1.7976931348623157e308 1e160 1e160
1.7976931348623157e308 1e160 3.141592653589793
1.7976931348623157e308 1e160 -3.141592653589793
1.7976931348623157e308 3.141592653589793 -0.0
1.7976931348623157e308 3.141592653589793 0.0
1.7976931348623157e308 3.141592653589793 NaN
1.7976931348623157e308 3.141592653589793 Infinity
1.7976931348623157e308 3.141592653589793 -Infinity
1.7976931348623157e308 3.141592653589793 1.0
1.7976931348623157e308 3.141592653589793 -1.0
1.7976931348623157e308 3.141592653589793 2.0
1.7976931348623157e308 3.141592653589793 -2.0
1.7976931348623157e308 3.141592653589793 0.5
1.7976931348623157e308 3.141592653589793 -0.5
1.7976931348623157e308 3.141592653589793 4.9406564584124654e-324
1.7976931348623157e308 3.141592653589793 -4.9406564584124654e-324
1.7976931348623157e308 3.141592653589793 2.2250738585072014e-308
1.7976931348623157e308 3.141592653589793 -2.2250738585072014e-308
1.7976931348623157e308 3.141592653589793 1.7976931348623157e308
1.7976931348623157e308 3.141592653589793 -1.7976931348623157e308
1.7976931348623157e308 3.141592653589793 1e-160
1.7976931348623157e308 3.141592653589793 1e-16
1.7976931348623157e308 3.141592653589793 1e16
1.7976931348623157e308 3.141592653589793 1e160
1.7976931348623157e308 3.141592653589793 3.141592653589793
1.7976931348623157e308 3.141592653589793 -3.141592653589793
1.7976931348623157e308 -3.141592653589793 -0.0
1.7976931348623157e308 -3.141592653589793 0.0
1.7976931348623157e308 -3.141592653589793 NaN
1.7976931348623157e308 -3.141592653589793 Infinity
1.7976931348623157e308 -3.141592653589793 -Infinity
1.7976931348623157e308 -3.141592653589793 1.0
1.7976931348623157e308 -3.141592653589793 -1.0
1.7976931348623157e308 -3.141592653589793 2.0
1.7976931348623157e308 -3.141592653589793 -2.0
1.7976931348623157e308 -3.141592653589793 0.5
1.7976931348623157e308 -3.141592653589793 -0.5
1.7976931348623157e308 -3.141592653589793 4.9406564584124654e-324
1.7976931348623157e308 -3.141592653589793 -4.9406564584124654e-324
1.7976931348623157e308 -3.141592653589793 2.2250738585072014e-308
1.7976931348623157e308 -3.141592653589793 -2.2250738585072014e-308
1.7976931348623157e308 -3.141592653589793 1.7976931348623157e308
1.7976931348623157e308 -3.141592653589793 -1.7976931348623157e308
1.7976931348623157e308 -3.141592653589793 1e-160
1.7976931348623157e308 -3.141592653589793 1e-16
1.7976931348623157e308 -3.141592653589793 1e16
1.7976931348623157e308 -3.141592653589793 1e160
1.7976931348623157e308 -3.141592653589793 3.141592653589793
1.7976931348623157e308 -3.141592653589793 -3.141592653589793
-1.7976931348623157e308 -0.0 -0.0
-1.7976931348623157e308 -0.0 0.0
-1.7976931348623157e308 -0.0 NaN
-1.7976931348623157e308 -0.0 Infinity
-1.7976931348623157e308 -0.0 -Infinity
-1.7976931348623157e308 -0.0 1.0
-1.7976931348623157e308 -0.0 -1.0
-1.7976931348623157e308 -0.0 2.0
-1.7976931348623157e308 -0.0 -2.0
-1.7976931348623157e308 -0.0 0.5
-1.7976931348623157e308 -0.0 -0.5
-1.7976931348623157e308 -0.0 4.9406564584124654e-324
-1.7976931348623157e308 -0.0 -4.9406564584124654e-324
-1.7976931348623157e308 -0.0 2.2250738585072014e-308
-1.7976931348623157e308 -0.0 -2.2250738585072014e-308
-1.7976931348623157e308 -0.0 1.7976931348623157e308
-1.7976931348623157e308 -0.0 -1.7976931348623157e308
-1.7976931348623157e308 -0.0 1e-160
-1.7976931348623157e308 -0.0 1e-16
-1.7976931348623157e308 -0.0 1e16
-1.7976931348623157e308 -0.0 1e160
-1.7976931348623157e308 -0.0 3.141592653589793
-1.7976931348623157e308 -0.0 -3.141592653589793
-1.7976931348623157e308 0.0 -0.0
-1.7976931348623157e308 0.0 0.0
-1.7976931348623157e308 0.0 NaN
-1.7976931348623157e308 0.0 Infinity
-1.7976931348623157e308 0.0 -Infinity
-1.7976931348623157e308 0.0 1.0
-1.7976931348623157e308 0.0 -1.0
-1.7976931348623157e308 0.0 2.0
-1.7976931348623157e308 0.0 -2.0
-1.7976931348623157e308 0.0 0.5
-1.7976931348623157e308 0.0 -0.5
-1.7976931348623157e308 0.0 4.9406564584124654e-324
-1.7976931348623157e308 0.0 -4.9406564584124654e-324
-1.7976931348623157e308 0.0 2.2250738585072014e-308
-1.7976931348623157e308 0.0 -2.2250738585072014e-308
-1.7976931348623157e308 0.0 1.7976931348623157e308
-1.7976931348623157e308 0.0 -1.7976931348623157e308
-1.7976931348623157e308 0.0 1e-160
-1.7976931348623157e308 0.0 1e-16
-1.7976931348623157e308 0.0 1e16
-1.7976931348623157e308 0.0 1e160
-1.7976931348623157e308 0.0 3.141592653589793
-1.7976931348623157e308 0.0 -3.141592653589793
-1.7976931348623157e308 NaN -0.0
-1.7976931348623157e308 NaN 0.0
-1.7976931348623157e308 NaN NaN
-1.7976931348623157e308 NaN Infinity
-1.7976931348623157e308 NaN -Infinity
-1.7976931348623157e308 NaN 1.0
-1.7976931348623157e308 NaN -1.0
-1.7976931348623157e308 NaN 2.0
-1.7976931348623157e308 NaN -2.0
-1.7976931348623157e308 NaN 0.5
-1.7976931348623157e308 NaN -0.5
-1.7976931348623157e308 NaN 4.9406564584124654e-324
-1.7976931348623157e308 NaN -4.9406564584124654e-324
-1.7976931348623157e308 NaN 2.2250738585072014e-308
-1.7976931348623157e308 NaN -2.2250738585072014e-308
-1.7976931348623157e308 NaN 1.7976931348623157e308
-1.7976931348623157e308 NaN -1.7976931348623157e308
-1.7976931348623157e308 NaN 1e-160
-1.7976931348623157e308 NaN 1e-16
-1.7976931348623157e308 NaN 1e16
-1.7976931348623157e308 NaN 1e160
-1.7976931348623157e308 NaN 3.141592653589793
-1.7976931348623157e308 NaN -3.141592653589793
-1.7976931348623157e308 Infinity -0.0
-1.7976931348623157e308 Infinity 0.0
-1.7976931348623157e308 Infinity NaN
-1.7976931348623157e308 Infinity Infinity
-1.7976931348623157e308 Infinity -Infinity
-1.7976931348623157e308 Infinity 1.0
-1.7976931348623157e308 Infinity -1.0
-1.7976931348623157e308 Infinity 2.0
-1.7976931348623157e308 Infinity -2.0
-1.7976931348623157e308 Infinity 0.5
-1.7976931348623157e308 Infinity -0.5
-1.7976931348623157e308 Infinity 4.9406564584124654e-324
-1.7976931348623157e308 Infinity -4.9406564584124654e-324
-1.7976931348623157e308 Infinity 2.2250738585072014e-308
-1.7976931348623157e308 Infinity -2.2250738585072014e-308
-1.7976931348623157e308 Infinity 1.7976931348623157e308
-1.7976931348623157e308 Infinity -1.7976931348623157e308
-1.7976931348623157e308 Infinity 1e-160
-1.7976931348623157e308 Infinity 1e-16
-1.7976931348623157e308 Infinity 1e16
-1.7976931348623157e308 Infinity 1e160
-1.7976931348623157e308 Infinity 3.141592653589793
-1.7976931348623157e308 Infinity -3.141592653589793
-1.7976931348623157e308 -Infinity -0.0
-1.7976931348623157e308 -Infinity 0.0
-1.7976931348623157e308 -Infinity NaN
-1.7976931348623157e308 -Infinity Infinity
-1.7976931348623157e308 -Infinity -Infinity
-1.7976931348623157e308 -Infinity 1.0
-1.7976931348623157e308 -Infinity -1.0
-1.7976931348623157e308 -Infinity 2.0
-1.7976931348623157e308 -Infinity -2.0
-1.7976931348623157e308 -Infinity 0.5
-1.7976931348623157e308 -Infinity -0.5
-1.7976931348623157e308 -Infinity 4.9406564584124654e-324
-1.7976931348623157e308 -Infinity -4.9406564584124654e-324
-1.7976931348623157e308 -Infinity 2.2250738585072014e-308
-1.7976931348623157e308 -Infinity -2.2250738585072014e-308
-1.7976931348623157e308 -Infinity 1.7976931348623157e308
-1.7976931348623157e308 -Infinity -1.7976931348623157e308
-1.7976931348623157e308 -Infinity 1e-160
-1.7976931348623157e308 -Infinity 1e-16
-1.7976931348623157e308 -Infinity 1e16
-1.7976931348623157e308 -Infinity 1e160
-1.7976931348623157e308 -Infinity 3.141592653589793
-1.7976931348623157e308 -Infinity -3.141592653589793
-1.7976931348623157e308 1.0 -0.0
-1.7976931348623157e308 1.0 0.0
-1.7976931348623157e308 1.0 NaN
-1.7976931348623157e308 1.0 Infinity
-1.7976931348623157e308 1.0 -Infinity
-1.7976931348623157e308 1.0 1.0
-1.7976931348623157e308 1.0 -1.0
-1.7976931348623157e308 1.0 2.0
-1.7976931348623157e308 1.0 -2.0
-1.7976931348623157e308 1.0 0.5
-1.7976931348623157e308 1.0 -0.5
-1.7976931348623157e308 1.0 4.9406564584124654e-324
-1.7976931348623157e308 1.0 -4.9406564584124654e-324
-1.7976931348623157e308 1.0 2.2250738585072014e-308
-1.7976931348623157e308 1.0 -2.2250738585072014e-308
-1.7976931348623157e308 1.0 1.7976931348623157e308
-1.7976931348623157e308 1.0 -1.7976931348623157e308
-1.7976931348623157e308 1.0 1e-160
-1.7976931348623157e308 1.0 1e-16
-1.7976931348623157e308 1.0 1e16
-1.7976931348623157e308 1.0 1e160
-1.7976931348623157e308 1.0 3.141592653589793
-1.7976931348623157e308 1.0 -3.141592653589793
-1.7976931348623157e308 -1.0 -0.0
-1.7976931348623157e308 -1.0 0.0
-1.7976931348623157e308 -1.0 NaN
-1.7976931348623157e308 -1.0 Infinity
-1.7976931348623157e308 -1.0 -Infinity
-1.7976931348623157e308 -1.0 1.0
-1.7976931348623157e308 -1.0 -1.0
-1.7976931348623157e308 -1.0 2.0
-1.7976931348623157e308 -1.0 -2.0
-1.7976931348623157e308 -1.0 0.5
-1.7976931348623157e308 -1.0 -0.5
-1.7976931348623157e308 -1.0 4.9406564584124654e-324
-1.7976931348623157e308 -1.0 -4.9406564584124654e-324
-1.7976931348623157e308 -1.0 2.2250738585072014e-308
-1.7976931348623157e308 -1.0 -2.2250738585072014e-308
-1.7976931348623157e308 -1.0 1.7976931348623157e308
-1.7976931348623157e308 -1.0 -1.7976931348623157e308
-1.7976931348623157e308 -1.0 1e-160
-1.7976931348623157e308 -1.0 1e-16
-1.7976931348623157e308 -1.0 1e16
-1.7976931348623157e308 -1.0 1e160
-1.7976931348623157e308 -1.0 3.141592653589793
-1.7976931348623157e308 -1.0 -3.141592653589793
-1.7976931348623157e308 2.0 -0.0
-1.7976931348623157e308 2.0 0.0
-1.7976931348623157e308 2.0 NaN
-1.7976931348623157e308 2.0 Infinity
-1.7976931348623157e308 2.0 -Infinity
-1.7976931348623157e308 2.0 1.0
-1.7976931348623157e308 2.0 -1.0
-1.7976931348623157e308 2.0 2.0
-1.7976931348623157e308 2.0 -2.0
-1.7976931348623157e308 2.0 0.5
-1.7976931348623157e308 2.0 -0.5
-1.7976931348623157e308 2.0 4.9406564584124654e-324
-1.7976931348623157e308 2.0 -4.9406564584124654e-324
-1.7976931348623157e308 2.0 2.2250738585072014e-308
-1.7976931348623157e308 2.0 -2.2250738585072014e-308
-1.7976931348623157e308 2.0 1.7976931348623157e308
-1.7976931348623157e308 2.0 -1.7976931348623157e308
-1.7976931348623157e308 2.0 1e-160
-1.7976931348623157e308 2.0 1e-16
-1.7976931348623157e308 2.0 1e16
-1.7976931348623157e308 2.0 1e160
-1.7976931348623157e308 2.0 3.141592653589793
-1.7976931348623157e308 2.0 -3.141592653589793
-1.7976931348623157e308 -2.0 -0.0
-1.7976931348623157e308 -2.0 0.0
-1.7976931348623157e308 -2.0 NaN
-1.7976931348623157e308 -2.0 Infinity
-1.7976931348623157e308 -2.0 -Infinity
-1.7976931348623157e308 -2.0 1.0
-1.7976931348623157e308 -2.0 -1.0
-1.7976931348623157e308 -2.0 2.0
-1.7976931348623157e308 -2.0 -2.0
-1.7976931348623157e308 -2.0 0.5
-1.7976931348623157e308 -2.0 -0.5
-1.7976931348623157e308 -2.0 4.9406564584124654e-324
-1.7976931348623157e308 -2.0 -4.9406564584124654e-324
-1.7976931348623157e308 -2.0 2.2250738585072014e-308
-1.7976931348623157e308 -2.0 -2.2250738585072014e-308
-1.7976931348623157e308 -2.0 1.7976931348623157e308
-1.7976931348623157e308 -2.0 -1.7976931348623157e308
-1.7976931348623157e308 -2.0 1e-160
-1.7976931348623157e308 -2.0 1e-16
-1.7976931348623157e308 -2.0 1e16
-1.7976931348623157e308 -2.0 1e160
-1.7976931348623157e308 -2.0 3.141592653589793
-1.7976931348623157e308 -2.0 -3.141592653589793
-1.7976931348623157e308 0.5 -0.0
-1.7976931348623157e308 0.5 0.0
-1.7976931348623157e308 0.5 NaN
-1.7976931348623157e308 0.5 Infinity
-1.7976931348623157e308 0.5 -Infinity
-1.7976931348623157e308 0.5 1.0
-1.7976931348623157e308 0.5 -1.0
-1.7976931348623157e308 0.5 2.0
-1.7976931348623157e308 0.5 -2.0
-1.7976931348623157e308 0.5 0.5
-1.7976931348623157e308 0.5 -0.5
-1.7976931348623157e308 0.5 4.9406564584124654e-324
-1.7976931348623157e308 0.5 -4.9406564584124654e-324
-1.7976931348623157e308 0.5 2.2250738585072014e-308
-1.7976931348623157e308 0.5 -2.2250738585072014e-308
-1.7976931348623157e308 0.5 1.7976931348623157e308
-1.7976931348623157e308 0.5 -1.7976931348623157e308
-1.7976931348623157e308 0.5 1e-160
-1.7976931348623157e308 0.5 1e-16
-1.7976931348623157e308 0.5 1e16
-1.7976931348623157e308 0.5 1e160
-1.7976931348623157e308 0.5 3.141592653589793
-1.7976931348623157e308 0.5 -3.141592653589793
-1.7976931348623157e308 -0.5 -0.0
-1.7976931348623157e308 -0.5 0.0
-1.7976931348623157e308 -0.5 NaN
-1.7976931348623157e308 -0.5 Infinity
-1.7976931348623157e308 -0.5 -Infinity
-1.7976931348623157e308 -0.5 1.0
-1.7976931348623157e308 -0.5 -1.0
-1.7976931348623157e308 -0.5 2.0
-1.7976931348623157e308 -0.5 -2.0
-1.7976931348623157e308 -0.5 0.5
-1.7976931348623157e308 -0.5 -0.5
-1.7976931348623157e308 -0.5 4.9406564584124654e-324
-1.7976931348623157e308 -0.5 -4.9406564584124654e-324
-1.7976931348623157e308 -0.5 2.2250738585072014e-308
-1.7976931348623157e308 -0.5 -2.2250738585072014e-308
-1.7976931348623157e308 -0.5 1.7976931348623157e308
-1.7976931348623157e308 -0.5 -1.7976931348623157e308
-1.7976931348623157e308 -0.5 1e-160
-1.7976931348623157e308 -0.5 1e-16
-1.7976931348623157e308 -0.5 1e16
-1.7976931348623157e308 -0.5 1e160
-1.7976931348623157e308 -0.5 3.141592653589793
-1.7976931348623157e308 -0.5 -3.141592653589793
-1.7976931348623157e308 4.9406564584124654e-324 -0.0
-1.7976931348623157e308 4.9406564584124654e-324 0.0
-1.7976931348623157e308 4.9406564584124654e-324 NaN
-1.7976931348623157e308 4.9406564584124654e-324 Infinity
-1.7976931348623157e308 4.9406564584124654e-324 -Infinity
-1.7976931348623157e308 4.9406564584124654e-324 1.0
-1.7976931348623157e308 4.9406564584124654e-324 -1.0
-1.7976931348623157e308 4.9406564584124654e-324 2.0
-1.7976931348623157e308 4.9406564584124654e-324 -2.0
-1.7976931348623157e308 4.9406564584124654e-324 0.5
-1.7976931348623157e308 4.9406564584124654e-324 -0.5
-1.7976931348623157e308 4.9406564584124654e-324 4.9406564584124654e-324
-1.7976931348623157e308 4.9406564584124654e-324 -4.9406564584124654e-324
-1.7976931348623157e308 4.9406564584124654e-324 2.2250738585072014e-308
-1.7976931348623157e308 4.9406564584124654e-324 -2.2250738585072014e-308
-1.7976931348623157e308 4.9406564584124654e-324 1.7976931348623157e308
-1.7976931348623157e308 4.9406564584124654e-324 -1.7976931348623157e308
-1.7976931348623157e308 4.9406564584124654e-324 1e-160
-1.7976931348623157e308 4.9406564584124654e-324 1e-16
-1.7976931348623157e308 4.9406564584124654e-324 1e16
-1.7976931348623157e308 4.9406564584124654e-324 1e160
-1.7976931348623157e308 4.9406564584124654e-324 3.141592653589793
-1.7976931348623157e308 4.9406564584124654e-324 -3.141592653589793
-1.7976931348623157e308 -4.9406564584124654e-324 -0.0
-1.7976931348623157e308 -4.9406564584124654e-324 0.0
-1.7976931348623157e308 -4.9406564584124654e-324 NaN
-1.7976931348623157e308 -4.9406564584124654e-324 Infinity
-1.7976931348623157e308 -4.9406564584124654e-324 -Infinity
-1.7976931348623157e308 -4.9406564584124654e-324 1.0
-1.7976931348623157e308 -4.9406564584124654e-324 -1.0
-1.7976931348623157e308 -4.9406564584124654e-324 2.0
-1.7976931348623157e308 -4.9406564584124654e-324 -2.0
-1.7976931348623157e308 -4.9406564584124654e-324 0.5
-1.7976931348623157e308 -4.9406564584124654e-324 -0.5
-1.7976931348623157e308 -4.9406564584124654e-324 4.9406564584124654e-324
-1.7976931348623157e308 -4.9406564584124654e-324 -4.9406564584124654e-324
-1.7976931348623157e308 -4.9406564584124654e-324 2.2250738585072014e-308
-1.7976931348623157e308 -4.9406564584124654e-324 -2.2250738585072014e-308
-1.7976931348623157e308 -4.9406564584124654e-324 1.7976931348623157e308
-1.7976931348623157e308 -4.9406564584124654e-324 -1.7976931348623157e308
-1.7976931348623157e308 -4.9406564584124654e-324 1e-160
-1.7976931348623157e308 -4.9406564584124654e-324 1e-16
-1.7976931348623157e308 -4.9406564584124654e-324 1e16
-1.7976931348623157e308 -4.9406564584124654e-324 1e160
-1.7976931348623157e308 -4.9406564584124654e-324 3.141592653589793
-1.7976931348623157e308 -4.9406564584124654e-324 -3.141592653589793
-1.7976931348623157e308 2.2250738585072014e-308 -0.0
-1.7976931348623157e308 2.2250738585072014e-308 0.0
-1.7976931348623157e308 2.2250738585072014e-308 NaN
-1.7976931348623157e308 2.2250738585072014e-308 Infinity
-1.7976931348623157e308 2.2250738585072014e-308 -Infinity
-1.7976931348623157e308 2.2250738585072014e-308 1.0
-1.7976931348623157e308 2.2250738585072014e-308 -1.0
-1.7976931348623157e308 2.2250738585072014e-308 2.0
-1.7976931348623157e308 2.2250738585072014e-308 -2.0
-1.7976931348623157e308 2.2250738585072014e-308 0.5
-1.7976931348623157e308 2.2250738585072014e-308 -0.5
-1.7976931348623157e308 2.2250738585072014e-308 4.9406564584124654e-324
-1.7976931348623157e308 2.2250738585072014e-308 -4.9406564584124654e-324
-1.7976931348623157e308 2.2250738585072014e-308 2.2250738585072014e-308
-1.7976931348623157e308 2.2250738585072014e-308 -2.2250738585072014e-308
-1.7976931348623157e308 2.2250738585072014e-308 1.7976931348623157e308
-1.7976931348623157e308 2.2250738585072014e-308 -1.7976931348623157e308
-1.7976931348623157e308 2.2250738585072014e-308 1e-160
-1.7976931348623157e308 2.2250738585072014e-308 1e-16
-1.7976931348623157e308 2.2250738585072014e-308 1e16
-1.7976931348623157e308 2.2250738585072014e-308 1e160
-1.7976931348623157e308 2.2250738585072014e-308 3.141592653589793
-1.7976931348623157e308 2.2250738585072014e-308 -3.141592653589793
-1.7976931348623157e308 -2.2250738585072014e-308 -0.0
-1.7976931348623157e308 -2.2250738585072014e-308 0.0
-1.7976931348623157e308 -2.2250738585072014e-308 NaN
-1.7976931348623157e308 -2.2250738585072014e-308 Infinity
-1.7976931348623157e308 -2.2250738585072014e-308 -Infinity
-1.7976931348623157e308 -2.2250738585072014e-308 1.0
-1.7976931348623157e308 -2.2250738585072014e-308 -1.0
-1.7976931348623157e308 -2.2250738585072014e-308 2.0
-1.7976931348623157e308 -2.2250738585072014e-308 -2.0
-1.7976931348623157e308 -2.2250738585072014e-308 0.5
-1.7976931348623157e308 -2.2250738585072014e-308 -0.5
-1.7976931348623157e308 -2.2250738585072014e-308 4.9406564584124654e-324
-1.7976931348623157e308 -2.2250738585072014e-308 -4.9406564584124654e-324
-1.7976931348623157e308 -2.2250738585072014e-308 2.2250738585072014e-308
-1.7976931348623157e308 -2.2250738585072014e-308 -2.2250738585072014e-308
-1.7976931348623157e308 -2.2250738585072014e-308 1.7976931348623157e308
-1.7976931348623157e308 -2.2250738585072014e-308 -1.7976931348623157e308
-1.7976931348623157e308 -2.2250738585072014e-308 1e-160
-1.7976931348623157e308 -2.2250738585072014e-308 1e-16
-1.7976931348623157e308 -2.2250738585072014e-308 1e16
-1.7976931348623157e308 -2.2250738585072014e-308 1e160
-1.7976931348623157e308 -2.2250738585072014e-308 3.141592653589793
-1.7976931348623157e308 -2.2250738585072014e-308 -3.141592653589793
-1.7976931348623157e308 1.7976931348623157e308 -0.0
-1.7976931348623157e308 1.7976931348623157e308 0.0
-1.7976931348623157e308 1.7976931348623157e308 NaN
-1.7976931348623157e308 1.7976931348623157e308 Infinity
-1.7976931348623157e308 1.7976931348623157e308 -Infinity
-1.7976931348623157e308 1.7976931348623157e308 1.0
-1.7976931348623157e308 1.7976931348623157e308 -1.0
-1.7976931348623157e308 1.7976931348623157e308 2.0
-1.7976931348623157e308 1.7976931348623157e308 -2.0
-1.7976931348623157e308 1.7976931348623157e308 0.5
-1.7976931348623157e308 1.7976931348623157e308 -0.5
-1.7976931348623157e308 1.7976931348623157e308 4.9406564584124654e-324
-1.7976931348623157e308 1.7976931348623157e308 -4.9406564584124654e-324
-1.7976931348623157e308 1.7976931348623157e308 2.2250738585072014e-308
-1.7976931348623157e308 1.7976931348623157e308 -2.2250738585072014e-308
-1.7976931348623157e308 1.7976931348623157e308 1.7976931348623157e308
-1.7976931348623157e308 1.7976931348623157e308 -1.7976931348623157e308
-1.7976931348623157e308 1.7976931348623157e308 1e-160
-1.7976931348623157e308 1.7976931348623157e308 1e-16
-1.7976931348623157e308 1.7976931348623157e308 1e16
-1.7976931348623157e308 1.7976931348623157e308 1e160
-1.7976931348623157e308 1.7976931348623157e308 3.141592653589793
-1.7976931348623157e308 1.7976931348623157e308 -3.141592653589793
-1.7976931348623157e308 -1.7976931348623157e308 -0.0
-1.7976931348623157e308 -1.7976931348623157e308 0.0
-1.7976931348623157e308 -1.7976931348623157e308 NaN
-1.7976931348623157e308 -1.7976931348623157e308 Infinity
-1.7976931348623157e308 -1.7976931348623157e308 -Infinity
-1.7976931348623157e308 -1.7976931348623157e308 1.0
-1.7976931348623157e308 -1.7976931348623157e308 -1.0
-1.7976931348623157e308 -1.7976931348623157e308 2.0
-1.7976931348623157e308 -1.7976931348623157e308 -2.0
-1.7976931348623157e308 -1.7976931348623157e308 0.5
-1.7976931348623157e308 -1.7976931348623157e308 -0.5
-1.7976931348623157e308 -1.7976931348623157e308 4.9406564584124654e-324
-1.7976931348623157e308 -1.7976931348623157e308 -4.9406564584124654e-324
-1.7976931348623157e308 -1.7976931348623157e308 2.2250738585072014e-308
-1.7976931348623157e308 -1.7976931348623157e308 -2.2250738585072014e-308
-1.7976931348623157e308 -1.7976931348623157e308 1.7976931348623157e308
-1.7976931348623157e308 -1.7976931348623157e308 -1.7976931348623157e308
-1.7976931348623157e308 -1.7976931348623157e308 1e-160
-1.7976931348623157e308 -1.7976931348623157e308 1e-16
-1.7976931348623157e308 -1.7976931348623157e308 1e16
-1.7976931348623157e308 -1.7976931348623157e308 1e160
-1.7976931348623157e308 -1.7976931348623157e308 3.141592653589793
-1.7976931348623157e308 -1.7976931348623157e308 -3.141592653589793
-1.7976931348623157e308 1e-160 -0.0
-1.7976931348623157e308 1e-160 0.0
-1.7976931348623157e308 1e-160 NaN
-1.7976931348623157e308 1e-160 Infinity
-1.7976931348623157e308 1e-160 -Infinity
-1.7976931348623157e308 1e-160 1.0
-1.7976931348623157e308 1e-160 -1.0
-1.7976931348623157e308 1e-160 2.0
-1.7976931348623157e308 1e-160 -2.0
-1.7976931348623157e308 1e-160 0.5
-1.7976931348623157e308 1e-160 -0.5
-1.7976931348623157e308 1e-160 4.9406564584124654e-324
-1.7976931348623157e308 1e-160 -4.9406564584124654e-324
-1.7976931348623157e308 1e-160 2.2250738585072014e-308
-1.7976931348623157e308 1e-160 -2.2250738585072014e-308
-1.7976931348623157e308 1e-160 1.7976931348623157e308
-1.7976931348623157e308 1e-160 -1.7976931348623157e308
-1.7976931348623157e308 1e-160 1e-160
-1.7976931348623157e308 1e-160 1e-16
-1.7976931348623157e308 1e-160 1e16
-1.7976931348623157e308 1e-160 1e160
-1.7976931348623157e308 1e-160 3.141592653589793
-1.7976931348623157e308 1e-160 -3.141592653589793
-1.7976931348623157e308 1e-16 -0.0
-1.7976931348623157e308 1e-16 0.0
-1.7976931348623157e308 1e-16 NaN
-1.7976931348623157e308 1e-16 Infinity
-1.7976931348623157e308 1e-16 -Infinity
-1.7976931348623157e308 1e-16 1.0
-1.7976931348623157e308 1e-16 -1.0
-1.7976931348623157e308 1e-16 2.0
-1.7976931348623157e308 1e-16 -2.0
-1.7976931348623157e308 1e-16 0.5
-1.7976931348623157e308 1e-16 -0.5
-1.7976931348623157e308 1e-16 4.9406564584124654e-324
-1.7976931348623157e308 1e-16 -4.9406564584124654e-324
-1.7976931348623157e308 1e-16 2.2250738585072014e-308
-1.7976931348623157e308 1e-16 -2.2250738585072014e-308
-1.7976931348623157e308 1e-16 1.7976931348623157e308
-1.7976931348623157e308 1e-16 -1.7976931348623157e308
-1.7976931348623157e308 1e-16 1e-160
-1.7976931348623157e308 1e-16 1e-16
-1.7976931348623157e308 1e-16 1e16
-1.7976931348623157e308 1e-16 1e160
-1.7976931348623157e308 1e-16 3.141592653589793
-1.7976931348623157e308 1e-16 -3.141592653589793
-1.7976931348623157e308 1e16 -0.0
-1.7976931348623157e308 1e16 0.0
-1.7976931348623157e308 1e16 NaN
-1.7976931348623157e308 1e16 Infinity
-1.7976931348623157e308 1e16 -Infinity
-1.7976931348623157e308 1e16 1.0
-1.7976931348623157e308 1e16 -1.0
-1.7976931348623157e308 1e16 2.0
-1.7976931348623157e308 1e16 -2.0
-1.7976931348623157e308 1e16 0.5
-1.7976931348623157e308 1e16 -0.5
-1.7976931348623157e308 1e16 4.9406564584124654e-324
-1.7976931348623157e308 1e16 -4.9406564584124654e-324
-1.7976931348623157e308 1e16 2.2250738585072014e-308
-1.7976931348623157e308 1e16 -2.2250738585072014e-308
-1.7976931348623157e308 1e16 1.7976931348623157e308
-1.7976931348623157e308 1e16 -1.7976931348623157e308
-1.7976931348623157e308 1e16 1e-160
-1.7976931348623157e308 1e16 1e-16
-1.7976931348623157e308 1e16 1e16
-1.7976931348623157e308 1e16 1e160
-1.7976931348623157e308 1e16 3.141592653589793
-1.7976931348623157e308 1e16 -3.141592653589793
-1.7976931348623157e308 1e160 -0.0
-1.7976931348623157e308 1e160 0.0
-1.7976931348623157e308 1e160 NaN
-1.7976931348623157e308 1e160 Infinity
-1.7976931348623157e308 1e160 -Infinity
-1.7976931348623157e308 1e160 1.0
-1.7976931348623157e308 1e160 -1.0
-1.7976931348623157e308 1e160 2.0
-1.7976931348623157e308 1e160 -2.0
-1.7976931348623157e308 1e160 0.5
-1.7976931348623157e308 1e160 -0.5
-1.7976931348623157e308 1e160 4.9406564584124654e-324
-1.7976931348623157e308 1e160 -4.9406564584124654e-324
-1.7976931348623157e308 1e160 2.2250738585072014e-308
-1.7976931348623157e308 1e160 -2.2250738585072014e-308
-1.7976931348623157e308 1e160 1.7976931348623157e308
-1.7976931348623157e308 1e160 -1.7976931348623157e308
-1.7976931348623157e308 1e160 1e-160
-1.7976931348623157e308 1e160 1e-16
-1.7976931348623157e308 1e160 1e16
-1.7976931348623157e308 1e160 1e160
-1.7976931348623157e308 1e160 3.141592653589793
-1.7976931348623157e308 1e160 -3.141592653589793
-1.7976931348623157e308 3.141592653589793 -0.0
-1.7976931348623157e308 3.141592653589793 0.0
-1.7976931348623157e308 3.141592653589793 NaN
-1.7976931348623157e308 3.141592653589793 Infinity
-1.7976931348623157e308 3.141592653589793 -Infinity
-1.7976931348623157e308 3.141592653589793 1.0
-1.7976931348623157e308 3.141592653589793 -1.0
-1.7976931348623157e308 3.141592653589793 2.0
-1.7976931348623157e308 3.141592653589793 -2.0
-1.7976931348623157e308 3.141592653589793 0.5
-1.7976931348623157e308 3.141592653589793 -0.5
-1.7976931348623157e308 3.141592653589793 4.9406564584124654e-324
-1.7976931348623157e308 3.141592653589793 -4.9406564584124654e-324
-1.7976931348623157e308 3.141592653589793 2.2250738585072014e-308
-1.7976931348623157e308 3.141592653589793 -2.2250738585072014e-308
-1.7976931348623157e308 3.141592653589793 1.7976931348623157e308
-1.7976931348623157e308 3.141592653589793 -1.7976931348623157e308
-1.7976931348623157e308 3.141592653589793 1e-160
-1.7976931348623157e308 3.141592653589793 1e-16
-1.7976931348623157e308 3.141592653589793 1e16
-1.7976931348623157e308 3.141592653589793 1e160
-1.7976931348623157e308 3.141592653589793 3.141592653589793
-1.7976931348623157e308 3.141592653589793 -3.141592653589793
-1.7976931348623157e308 -3.141592653589793 -0.0
-1.7976931348623157e308 -3.141592653589793 0.0
-1.7976931348623157e308 -3.141592653589793 NaN
-1.7976931348623157e308 -3.141592653589793 Infinity
-1.7976931348623157e308 -3.141592653589793 -Infinity
-1.7976931348623157e308 -3.141592653589793 1.0
-1.7976931348623157e308 -3.141592653589793 -1.0
-1.7976931348623157e308 -3.141592653589793 2.0
-1.7976931348623157e308 -3.141592653589793 -2.0
-1.7976931348623157e308 -3.141592653589793 0.5
-1.7976931348623157e308 -3.141592653589793 -0.5
-1.7976931348623157e308 -3.141592653589793 4.9406564584124654e-324
-1.7976931348623157e308 -3.141592653589793 -4.9406564584124654e-324
-1.7976931348623157e308 -3.141592653589793 2.2250738585072014e-308
-1.7976931348623157e308 -3.141592653589793 -2.2250738585072014e-308
-1.7976931348623157e308 -3.141592653589793 1.7976931348623157e308
-1.7976931348623157e308 -3.141592653589793 -1.7976931348623157e308
-1.7976931348623157e308 -3.141592653589793 1e-160
-1.7976931348623157e308 -3.141592653589793 1e-16
-1.7976931348623157e308 -3.141592653589793 1e16
-1.7976931348623157e308 -3.141592653589793 1e160
-1.7976931348623157e308 -3.141592653589793 3.141592653589793
-1.7976931348623157e308 -3.141592653589793 -3.141592653589793
1e-160 -0.0 -0.0
1e-160 -0.0 0.0
1e-160 -0.0 NaN
1e-160 -0.0 Infinity
1e-160 -0.0 -Infinity
1e-160 -0.0 1.0
1e-160 -0.0 -1.0
1e-160 -0.0 2.0
1e-160 -0.0 -2.0
1e-160 -0.0 0.5
1e-160 -0.0 -0.5
1e-160 -0.0 4.9406564584124654e-324
1e-160 -0.0 -4.9406564584124654e-324
1e-160 -0.0 2.2250738585072014e-308
1e-160 -0.0 -2.2250738585072014e-308
1e-160 -0.0 1.7976931348623157e308
1e-160 -0.0 -1.7976931348623157e308
1e-160 -0.0 1e-160
1e-160 -0.0 1e-16
1e-160 -0.0 1e16
1e-160 -0.0 1e160
1e-160 -0.0 3.141592653589793
1e-160 -0.0 -3.141592653589793
1e-160 0.0 -0.0
1e-160 0.0 0.0
1e-160 0.0 NaN
1e-160 0.0 Infinity
1e-160 0.0 -Infinity
1e-160 0.0 1.0
1e-160 0.0 -1.0
1e-160 0.0 2.0
1e-160 0.0 -2.0
1e-160 0.0 0.5
1e-160 0.0 -0.5
1e-160 0.0 4.9406564584124654e-324
1e-160 0.0 -4.9406564584124654e-324
1e-160 0.0 2.2250738585072014e-308
1e-160 0.0 -2.2250738585072014e-308
1e-160 0.0 1.7976931348623157e308
1e-160 0.0 -1.7976931348623157e308
1e-160 0.0 1e-160
1e-160 0.0 1e-16
1e-160 0.0 1e16
1e-160 0.0 1e160
1e-160 0.0 3.141592653589793
1e-160 0.0 -3.141592653589793
1e-160 NaN -0.0
1e-160 NaN 0.0
1e-160 NaN NaN
1e-160 NaN Infinity
1e-160 NaN -Infinity
1e-160 NaN 1.0
1e-160 NaN -1.0
1e-160 NaN 2.0
1e-160 NaN -2.0
1e-160 NaN 0.5
1e-160 NaN -0.5
1e-160 NaN 4.9406564584124654e-324
1e-160 NaN -4.9406564584124654e-324
1e-160 NaN 2.2250738585072014e-308
1e-160 NaN -2.2250738585072014e-308
1e-160 NaN 1.7976931348623157e308
1e-160 NaN -1.7976931348623157e308
1e-160 NaN 1e-160
1e-160 NaN 1e-16
1e-160 NaN 1e16
1e-160 NaN 1e160
1e-160 NaN 3.141592653589793
1e-160 NaN -3.141592653589793
1e-160 Infinity -0.0
1e-160 Infinity 0.0
1e-160 Infinity NaN
1e-160 Infinity Infinity
1e-160 Infinity -Infinity
1e-160 Infinity 1.0
1e-160 Infinity -1.0
1e-160 Infinity 2.0
1e-160 Infinity -2.0
1e-160 Infinity 0.5
1e-160 Infinity -0.5
1e-160 Infinity 4.9406564584124654e-324
1e-160 Infinity -4.9406564584124654e-324
1e-160 Infinity 2.2250738585072014e-308
1e-160 Infinity -2.2250738585072014e-308
1e-160 Infinity 1.7976931348623157e308
1e-160 Infinity -1.7976931348623157e308
1e-160 Infinity 1e-160
1e-160 Infinity 1e-16
1e-160 Infinity 1e16
1e-160 Infinity 1e160
1e-160 Infinity 3.141592653589793
1e-160 Infinity -3.141592653589793
1e-160 -Infinity -0.0
1e-160 -Infinity 0.0
1e-160 -Infinity NaN
1e-160 -Infinity Infinity
1e-160 -Infinity -Infinity
1e-160 -Infinity 1.0
1e-160 -Infinity -1.0
1e-160 -Infinity 2.0
1e-160 -Infinity -2.0
1e-160 -Infinity 0.5
1e-160 -Infinity -0.5
1e-160 -Infinity 4.9406564584124654e-324
1e-160 -Infinity -4.9406564584124654e-324
1e-160 -Infinity 2.2250738585072014e-308
1e-160 -Infinity -2.2250738585072014e-308
1e-160 -Infinity 1.7976931348623157e308
1e-160 -Infinity -1.7976931348623157e308
1e-160 -Infinity 1e-160
1e-160 -Infinity 1e-16
1e-160 -Infinity 1e16
1e-160 -Infinity 1e160
1e-160 -Infinity 3.141592653589793
1e-160 -Infinity -3.141592653589793
1e-160 1.0 -0.0
1e-160 1.0 0.0
1e-160 1.0 NaN
1e-160 1.0 Infinity
1e-160 1.0 -Infinity
1e-160 1.0 1.0
1e-160 1.0 -1.0
1e-160 1.0 2.0
1e-160 1.0 -2.0
1e-160 1.0 0.5
1e-160 1.0 -0.5
1e-160 1.0 4.9406564584124654e-324
1e-160 1.0 -4.9406564584124654e-324
1e-160 1.0 2.2250738585072014e-308
1e-160 1.0 -2.2250738585072014e-308
1e-160 1.0 1.7976931348623157e308
1e-160 1.0 -1.7976931348623157e308
1e-160 1.0 1e-160
1e-160 1.0 1e-16
1e-160 1.0 1e16
1e-160 1.0 1e160
1e-160 1.0 3.141592653589793
1e-160 1.0 -3.141592653589793
1e-160 -1.0 -0.0
1e-160 -1.0 0.0
1e-160 -1.0 NaN
1e-160 -1.0 Infinity
1e-160 -1.0 -Infinity
1e-160 -1.0 1.0
1e-160 -1.0 -1.0
1e-160 -1.0 2.0
1e-160 -1.0 -2.0
1e-160 -1.0 0.5
1e-160 -1.0 -0.5
1e-160 -1.0 4.9406564584124654e-324
1e-160 -1.0 -4.9406564584124654e-324
1e-160 -1.0 2.2250738585072014e-308
1e-160 -1.0 -2.2250738585072014e-308
1e-160 -1.0 1.7976931348623157e308
1e-160 -1.0 -1.7976931348623157e308
1e-160 -1.0 1e-160
1e-160 -1.0 1e-16
1e-160 -1.0 1e16
1e-160 -1.0 1e160
1e-160 -1.0 3.141592653589793
1e-160 -1.0 -3.141592653589793
1e-160 2.0 -0.0
1e-160 2.0 0.0
1e-160 2.0 NaN
1e-160 2.0 Infinity
1e-160 2.0 -Infinity
1e-160 2.0 1.0
1e-160 2.0 -1.0
1e-160 2.0 2.0
1e-160 2.0 -2.0
1e-160 2.0 0.5
1e-160 2.0 -0.5
1e-160 2.0 4.9406564584124654e-324
1e-160 2.0 -4.9406564584124654e-324
1e-160 2.0 2.2250738585072014e-308
1e-160 2.0 -2.2250738585072014e-308
1e-160 2.0 1.7976931348623157e308
1e-160 2.0 -1.7976931348623157e308
1e-160 2.0 1e-160
1e-160 2.0 1e-16
1e-160 2.0 1e16
1e-160 2.0 1e160
1e-160 2.0 3.141592653589793
1e-160 2.0 -3.141592653589793
1e-160 -2.0 -0.0
1e-160 -2.0 0.0
1e-160 -2.0 NaN
1e-160 -2.0 Infinity
1e-160 -2.0 -Infinity
1e-160 -2.0 1.0
1e-160 -2.0 -1.0
1e-160 -2.0 2.0
1e-160 -2.0 -2.0
1e-160 -2.0 0.5
1e-160 -2.0 -0.5
1e-160 -2.0 4.9406564584124654e-324
1e-160 -2.0 -4.9406564584124654e-324
1e-160 -2.0 2.2250738585072014e-308
1e-160 -2.0 -2.2250738585072014e-308
1e-160 -2.0 1.7976931348623157e308
1e-160 -2.0 -1.7976931348623157e308
1e-160 -2.0 1e-160
1e-160 -2.0 1e-16
1e-160 -2.0 1e16
1e-160 -2.0 1e160
1e-160 -2.0 3.141592653589793
1e-160 -2.0 -3.141592653589793
1e-160 0.5 -0.0
1e-160 0.5 0.0
1e-160 0.5 NaN
1e-160 0.5 Infinity
1e-160 0.5 -Infinity
1e-160 0.5 1.0
1e-160 0.5 -1.0
1e-160 0.5 2.0
1e-160 0.5 -2.0
1e-160 0.5 0.5
1e-160 0.5 -0.5
1e-160 0.5 4.9406564584124654e-324
1e-160 0.5 -4.9406564584124654e-324
1e-160 0.5 2.2250738585072014e-308
1e-160 0.5 -2.2250738585072014e-308
1e-160 0.5 1.7976931348623157e308
1e-160 0.5 -1.7976931348623157e308
1e-160 0.5 1e-160
1e-160 0.5 1e-16
1e-160 0.5 1e16
1e-160 0.5 1e160
1e-160 0.5 3.141592653589793
1e-160 0.5 -3.141592653589793
1e-160 -0.5 -0.0
1e-160 -0.5 0.0
1e-160 -0.5 NaN
1e-160 -0.5 Infinity
1e-160 -0.5 -Infinity
1e-160 -0.5 1.0
1e-160 -0.5 -1.0
1e-160 -0.5 2.0
1e-160 -0.5 -2.0
1e-160 -0.5 0.5
1e-160 -0.5 -0.5
1e-160 -0.5 4.9406564584124654e-324
1e-160 -0.5 -4.9406564584124654e-324
1e-160 -0.5 2.2250738585072014e-308
1e-160 -0.5 -2.2250738585072014e-308
1e-160 -0.5 1.7976931348623157e308
1e-160 -0.5 -1.7976931348623157e308
1e-160 -0.5 1e-160
1e-160 -0.5 1e-16
1e-160 -0.5 1e16
1e-160 -0.5 1e160
1e-160 -0.5 3.141592653589793
1e-160 -0.5 -3.141592653589793
1e-160 4.9406564584124654e-324 -0.0
1e-160 4.9406564584124654e-324 0.0
1e-160 4.9406564584124654e-324 NaN
1e-160 4.9406564584124654e-324 Infinity
1e-160 4.9406564584124654e-324 -Infinity
1e-160 4.9406564584124654e-324 1.0
1e-160 4.9406564584124654e-324 -1.0
1e-160 4.9406564584124654e-324 2.0
1e-160 4.9406564584124654e-324 -2.0
1e-160 4.9406564584124654e-324 0.5
1e-160 4.9406564584124654e-324 -0.5
1e-160 4.9406564584124654e-324 4.9406564584124654e-324
1e-160 4.9406564584124654e-324 -4.9406564584124654e-324
1e-160 4.9406564584124654e-324 2.2250738585072014e-308
1e-160 4.9406564584124654e-324 -2.2250738585072014e-308
1e-160 4.9406564584124654e-324 1.7976931348623157e308
1e-160 4.9406564584124654e-324 -1.7976931348623157e308
1e-160 4.9406564584124654e-324 1e-160
1e-160 4.9406564584124654e-324 1e-16
1e-160 4.9406564584124654e-324 1e16
1e-160 4.9406564584124654e-324 1e160
1e-160 4.9406564584124654e-324 3.141592653589793
1e-160 4.9406564584124654e-324 -3.141592653589793
1e-160 -4.9406564584124654e-324 -0.0
1e-160 -4.9406564584124654e-324 0.0
1e-160 -4.9406564584124654e-324 NaN
1e-160 -4.9406564584124654e-324 Infinity
1e-160 -4.9406564584124654e-324 -Infinity
1e-160 -4.9406564584124654e-324 1.0
1e-160 -4.9406564584124654e-324 -1.0
1e-160 -4.9406564584124654e-324 2.0
1e-160 -4.9406564584124654e-324 -2.0
1e-160 -4.9406564584124654e-324 0.5
1e-160 -4.9406564584124654e-324 -0.5
1e-160 -4.9406564584124654e-324 4.9406564584124654e-324
1e-160 -4.9406564584124654e-324 -4.9406564584124654e-324
1e-160 -4.9406564584124654e-324 2.2250738585072014e-308
1e-160 -4.9406564584124654e-324 -2.2250738585072014e-308
1e-160 -4.9406564584124654e-324 1.7976931348623157e308
1e-160 -4.9406564584124654e-324 -1.7976931348623157e308
1e-160 -4.9406564584124654e-324 1e-160
1e-160 -4.9406564584124654e-324 1e-16
1e-160 -4.9406564584124654e-324 1e16
1e-160 -4.9406564584124654e-324 1e160
1e-160 -4.9406564584124654e-324 3.141592653589793
1e-160 -4.9406564584124654e-324 -3.141592653589793
1e-160 2.2250738585072014e-308 -0.0
1e-160 2.2250738585072014e-308 0.0
1e-160 2.2250738585072014e-308 NaN
1e-160 2.2250738585072014e-308 Infinity
1e-160 2.2250738585072014e-308 -Infinity
1e-160 2.2250738585072014e-308 1.0
1e-160 2.2250738585072014e-308 -1.0
1e-160 2.2250738585072014e-308 2.0
1e-160 2.2250738585072014e-308 -2.0
1e-160 2.2250738585072014e-308 0.5
1e-160 2.2250738585072014e-308 -0.5
1e-160 2.2250738585072014e-308 4.9406564584124654e-324
1e-160 2.2250738585072014e-308 -4.9406564584124654e-324
1e-160 2.2250738585072014e-308 2.2250738585072014e-308
1e-160 2.2250738585072014e-308 -2.2250738585072014e-308
1e-160 2.2250738585072014e-308 1.7976931348623157e308
1e-160 2.2250738585072014e-308 -1.7976931348623157e308
1e-160 2.2250738585072014e-308 1e-160
1e-160 2.2250738585072014e-308 1e-16
1e-160 2.2250738585072014e-308 1e16
1e-160 2.2250738585072014e-308 1e160
1e-160 2.2250738585072014e-308 3.141592653589793
1e-160 2.2250738585072014e-308 -3.141592653589793
1e-160 -2.2250738585072014e-308 -0.0
1e-160 -2.2250738585072014e-308 0.0
1e-160 -2.2250738585072014e-308 NaN
1e-160 -2.2250738585072014e-308 Infinity
1e-160 -2.2250738585072014e-308 -Infinity
1e-160 -2.2250738585072014e-308 1.0
1e-160 -2.2250738585072014e-308 -1.0
1e-160 -2.2250738585072014e-308 2.0
1e-160 -2.2250738585072014e-308 -2.0
1e-160 -2.2250738585072014e-308 0.5
1e-160 -2.2250738585072014e-308 -0.5
1e-160 -2.2250738585072014e-308 4.9406564584124654e-324
1e-160 -2.2250738585072014e-308 -4.9406564584124654e-324
1e-160 -2.2250738585072014e-308 2.2250738585072014e-308
1e-160 -2.2250738585072014e-308 -2.2250738585072014e-308
1e-160 -2.2250738585072014e-308 1.7976931348623157e308
1e-160 -2.2250738585072014e-308 -1.7976931348623157e308
1e-160 -2.2250738585072014e-308 1e-160
1e-160 -2.2250738585072014e-308 1e-16
1e-160 -2.2250738585072014e-308 1e16
1e-160 -2.2250738585072014e-308 1e160
1e-160 -2.2250738585072014e-308 3.141592653589793
1e-160 -2.2250738585072014e-308 -3.141592653589793
1e-160 1.7976931348623157e308 -0.0
1e-160 1.7976931348623157e308 0.0
1e-160 1.7976931348623157e308 NaN
1e-160 1.7976931348623157e308 Infinity
1e-160 1.7976931348623157e308 -Infinity
1e-160 1.7976931348623157e308 1.0
1e-160 1.7976931348623157e308 -1.0
1e-160 1.7976931348623157e308 2.0
1e-160 1.7976931348623157e308 -2.0
1e-160 1.7976931348623157e308 0.5
1e-160 1.7976931348623157e308 -0.5
1e-160 1.7976931348623157e308 4.9406564584124654e-324
1e-160 1.7976931348623157e308 -4.9406564584124654e-324
1e-160 1.7976931348623157e308 2.2250738585072014e-308
1e-160 1.7976931348623157e308 -2.2250738585072014e-308
1e-160 1.7976931348623157e308 1.7976931348623157e308
1e-160 1.7976931348623157e308 -1.7976931348623157e308
1e-160 1.7976931348623157e308 1e-160
1e-160 1.7976931348623157e308 1e-16
1e-160 1.7976931348623157e308 1e16
1e-160 1.7976931348623157e308 1e160
1e-160 1.7976931348623157e308 3.141592653589793
1e-160 1.7976931348623157e308 -3.141592653589793
1e-160 -1.7976931348623157e308 -0.0
1e-160 -1.7976931348623157e308 0.0
1e-160 -1.7976931348623157e308 NaN
1e-160 -1.7976931348623157e308 Infinity
1e-160 -1.7976931348623157e308 -Infinity
1e-160 -1.7976931348623157e308 1.0
1e-160 -1.7976931348623157e308 -1.0
1e-160 -1.7976931348623157e308 2.0
1e-160 -1.7976931348623157e308 -2.0
1e-160 -1.7976931348623157e308 0.5
1e-160 -1.7976931348623157e308 -0.5
1e-160 -1.7976931348623157e308 4.9406564584124654e-324
1e-160 -1.7976931348623157e308 -4.9406564584124654e-324
1e-160 -1.7976931348623157e308 2.2250738585072014e-308
1e-160 -1.7976931348623157e308 -2.2250738585072014e-308
1e-160 -1.7976931348623157e308 1.7976931348623157e308
1e-160 -1.7976931348623157e308 -1.7976931348623157e308
1e-160 -1.7976931348623157e308 1e-160
1e-160 -1.7976931348623157e308 1e-16
1e-160 -1.7976931348623157e308 1e16
1e-160 -1.7976931348623157e308 1e160
1e-160 -1.7976931348623157e308 3.141592653589793
1e-160 -1.7976931348623157e308 -3.141592653589793
1e-160 1e-160 -0.0
1e-160 1e-160 0.0
1e-160 1e-160 NaN
1e-160 1e-160 Infinity
1e-160 1e-160 -Infinity
1e-160 1e-160 1.0
1e-160 1e-160 -1.0
1e-160 1e-160 2.0
1e-160 1e-160 -2.0
1e-160 1e-160 0.5
1e-160 1e-160 -0.5
1e-160 1e-160 4.9406564584124654e-324
1e-160 1e-160 -4.9406564584124654e-324
1e-160 1e-160 2.2250738585072014e-308
1e-160 1e-160 -2.2250738585072014e-308
1e-160 1e-160 1.7976931348623157e308
1e-160 1e-160 -1.7976931348623157e308
1e-160 1e-160 1e-160
1e-160 1e-160 1e-16
1e-160 1e-160 1e16
1e-160 1e-160 1e160
1e-160 1e-160 3.141592653589793
1e-160 1e-160 -3.141592653589793
1e-160 1e-16 -0.0
1e-160 1e-16 0.0
1e-160 1e-16 NaN
1e-160 1e-16 Infinity
1e-160 1e-16 -Infinity
1e-160 1e-16 1.0
1e-160 1e-16 -1.0
1e-160 1e-16 2.0
1e-160 1e-16 -2.0
1e-160 1e-16 0.5
1e-160 1e-16 -0.5
1e-160 1e-16 4.9406564584124654e-324
1e-160 1e-16 -4.9406564584124654e-324
1e-160 1e-16 2.2250738585072014e-308
1e-160 1e-16 -2.2250738585072014e-308
1e-160 1e-16 1.7976931348623157e308
1e-160 1e-16 -1.7976931348623157e308
1e-160 1e-16 1e-160
1e-160 1e-16 1e-16
1e-160 1e-16 1e16
1e-160 1e-16 1e160
1e-160 1e-16 3.141592653589793
1e-160 1e-16 -3.141592653589793
1e-160 1e16 -0.0
1e-160 1e16 0.0
1e-160 1e16 NaN
1e-160 1e16 Infinity
1e-160 1e16 -Infinity
1e-160 1e16 1.0
1e-160 1e16 -1.0
1e-160 1e16 2.0
1e-160 1e16 -2.0
1e-160 1e16 0.5
1e-160 1e16 -0.5
1e-160 1e16 4.9406564584124654e-324
1e-160 1e16 -4.9406564584124654e-324
1e-160 1e16 2.2250738585072014e-308
1e-160 1e16 -2.2250738585072014e-308
1e-160 1e16 1.7976931348623157e308
1e-160 1e16 -1.7976931348623157e308
1e-160 1e16 1e-160
1e-160 1e16 1e-16
1e-160 1e16 1e16
1e-160 1e16 1e160
1e-160 1e16 3.141592653589793
1e-160 1e16 -3.141592653589793
1e-160 1e160 -0.0
1e-160 1e160 0.0
1e-160 1e160 NaN
1e-160 1e160 Infinity
1e-160 1e160 -Infinity
1e-160 1e160 1.0
1e-160 1e160 -1.0
1e-160 1e160 2.0
1e-160 1e160 -2.0
1e-160 1e160 0.5
1e-160 1e160 -0.5
1e-160 1e160 4.9406564584124654e-324
1e-160 1e160 -4.9406564584124654e-324
1e-160 1e160 2.2250738585072014e-308
1e-160 1e160 -2.2250738585072014e-308
1e-160 1e160 1.7976931348623157e308
1e-160 1e160 -1.7976931348623157e308
1e-160 1e160 1e-160
1e-160 1e160 1e-16
1e-160 1e160 1e16
1e-160 1e160 1e160
1e-160 1e160 3.141592653589793
1e-160 1e160 -3.141592653589793
1e-160 3.141592653589793 -0.0
1e-160 3.141592653589793 0.0
1e-160 3.141592653589793 NaN
1e-160 3.141592653589793 Infinity
1e-160 3.141592653589793 -Infinity
1e-160 3.141592653589793 1.0
1e-160 3.141592653589793 -1.0
1e-160 3.141592653589793 2.0
1e-160 3.141592653589793 -2.0
1e-160 3.141592653589793 0.5
1e-160 3.141592653589793 -0.5
1e-160 3.141592653589793 4.9406564584124654e-324
1e-160 3.141592653589793 -4.9406564584124654e-324
1e-160 3.141592653589793 2.2250738585072014e-308
1e-160 3.141592653589793 -2.2250738585072014e-308
1e-160 3.141592653589793 1.7976931348623157e308
1e-160 3.141592653589793 -1.7976931348623157e308
1e-160 3.141592653589793 1e-160
1e-160 3.141592653589793 1e-16
1e-160 3.141592653589793 1e16
1e-160 3.141592653589793 1e160
1e-160 3.141592653589793 3.141592653589793
1e-160 3.141592653589793 -3.141592653589793
1e-160 -3.141592653589793 -0.0
1e-160 -3.141592653589793 0.0
1e-160 -3.141592653589793 NaN
1e-160 -3.141592653589793 Infinity
1e-160 -3.141592653589793 -Infinity
1e-160 -3.141592653589793 1.0
1e-160 -3.141592653589793 -1.0
1e-160 -3.141592653589793 2.0
1e-160 -3.141592653589793 -2.0
1e-160 -3.141592653589793 0.5
1e-160 -3.141592653589793 -0.5
1e-160 -3.141592653589793 4.9406564584124654e-324
1e-160 -3.141592653589793 -4.9406564584124654e-324
1e-160 -3.141592653589793 2.2250738585072014e-308
1e-160 -3.141592653589793 -2.2250738585072014e-308
1e-160 -3.141592653589793 1.7976931348623157e308
1e-160 -3.141592653589793 -1.7976931348623157e308
1e-160 -3.141592653589793 1e-160
1e-160 -3.141592653589793 1e-16
1e-160 -3.141592653589793 1e16
1e-160 -3.141592653589793 1e160
1e-160 -3.141592653589793 3.141592653589793
1e-160 -3.141592653589793 -3.141592653589793
1e-16 -0.0 -0.0
1e-16 -0.0 0.0
1e-16 -0.0 NaN
1e-16 -0.0 Infinity
1e-16 -0.0 -Infinity
1e-16 -0.0 1.0
1e-16 -0.0 -1.0
1e-16 -0.0 2.0
1e-16 -0.0 -2.0
1e-16 -0.0 0.5
1e-16 -0.0 -0.5
1e-16 -0.0 4.9406564584124654e-324
1e-16 -0.0 -4.9406564584124654e-324
1e-16 -0.0 2.2250738585072014e-308
1e-16 -0.0 -2.2250738585072014e-308
1e-16 -0.0 1.7976931348623157e308
1e-16 -0.0 -1.7976931348623157e308
1e-16 -0.0 1e-160
1e-16 -0.0 1e-16
1e-16 -0.0 1e16
1e-16 -0.0 1e160
1e-16 -0.0 3.141592653589793
1e-16 -0.0 -3.141592653589793
1e-16 0.0 -0.0
1e-16 0.0 0.0
1e-16 0.0 NaN
1e-16 0.0 Infinity
1e-16 0.0 -Infinity
1e-16 0.0 1.0
1e-16 0.0 -1.0
1e-16 0.0 2.0
1e-16 0.0 -2.0
1e-16 0.0 0.5
1e-16 0.0 -0.5
1e-16 0.0 4.9406564584124654e-324
1e-16 0.0 -4.9406564584124654e-324
1e-16 0.0 2.2250738585072014e-308
1e-16 0.0 -2.2250738585072014e-308
1e-16 0.0 1.7976931348623157e308
1e-16 0.0 -1.7976931348623157e308
1e-16 0.0 1e-160
1e-16 0.0 1e-16
1e-16 0.0 1e16
1e-16 0.0 1e160
1e-16 0.0 3.141592653589793
1e-16 0.0 -3.141592653589793
1e-16 NaN -0.0
1e-16 NaN 0.0
1e-16 NaN NaN
1e-16 NaN Infinity
1e-16 NaN -Infinity
1e-16 NaN 1.0
1e-16 NaN -1.0
1e-16 NaN 2.0
1e-16 NaN -2.0
1e-16 NaN 0.5
1e-16 NaN -0.5
1e-16 NaN 4.9406564584124654e-324
1e-16 NaN -4.9406564584124654e-324
1e-16 NaN 2.2250738585072014e-308
1e-16 NaN -2.2250738585072014e-308
1e-16 NaN 1.7976931348623157e308
1e-16 NaN -1.7976931348623157e308
1e-16 NaN 1e-160
1e-16 NaN 1e-16
1e-16 NaN 1e16
1e-16 NaN 1e160
1e-16 NaN 3.141592653589793
1e-16 NaN -3.141592653589793
1e-16 Infinity -0.0
1e-16 Infinity 0.0
1e-16 Infinity NaN
1e-16 Infinity Infinity
1e-16 Infinity -Infinity
1e-16 Infinity 1.0
1e-16 Infinity -1.0
1e-16 Infinity 2.0
1e-16 Infinity -2.0
1e-16 Infinity 0.5
1e-16 Infinity -0.5
1e-16 Infinity 4.9406564584124654e-324
1e-16 Infinity -4.9406564584124654e-324
1e-16 Infinity 2.2250738585072014e-308
1e-16 Infinity -2.2250738585072014e-308
1e-16 Infinity 1.7976931348623157e308
1e-16 Infinity -1.7976931348623157e308
1e-16 Infinity 1e-160
1e-16 Infinity 1e-16
1e-16 Infinity 1e16
1e-16 Infinity 1e160
1e-16 Infinity 3.141592653589793
1e-16 Infinity -3.141592653589793
1e-16 -Infinity -0.0
1e-16 -Infinity 0.0
1e-16 -Infinity NaN
1e-16 -Infinity Infinity
1e-16 -Infinity -Infinity
1e-16 -Infinity 1.0
1e-16 -Infinity -1.0
1e-16 -Infinity 2.0
1e-16 -Infinity -2.0
1e-16 -Infinity 0.5
1e-16 -Infinity -0.5
1e-16 -Infinity 4.9406564584124654e-324
1e-16 -Infinity -4.9406564584124654e-324
1e-16 -Infinity 2.2250738585072014e-308
1e-16 -Infinity -2.2250738585072014e-308
1e-16 -Infinity 1.7976931348623157e308
1e-16 -Infinity -1.7976931348623157e308
1e-16 -Infinity 1e-160
1e-16 -Infinity 1e-16
1e-16 -Infinity 1e16
1e-16 -Infinity 1e160
1e-16 -Infinity 3.141592653589793
1e-16 -Infinity -3.141592653589793
1e-16 1.0 -0.0
1e-16 1.0 0.0
1e-16 1.0 NaN
1e-16 1.0 Infinity
1e-16 1.0 -Infinity
1e-16 1.0 1.0
1e-16 1.0 -1.0
1e-16 1.0 2.0
1e-16 1.0 -2.0
1e-16 1.0 0.5
1e-16 1.0 -0.5
1e-16 1.0 4.9406564584124654e-324
1e-16 1.0 -4.9406564584124654e-324
1e-16 1.0 2.2250738585072014e-308
1e-16 1.0 -2.2250738585072014e-308
1e-16 1.0 1.7976931348623157e308
1e-16 1.0 -1.7976931348623157e308
1e-16 1.0 1e-160
1e-16 1.0 1e-16
1e-16 1.0 1e16
1e-16 1.0 1e160
1e-16 1.0 3.141592653589793
1e-16 1.0 -3.141592653589793
1e-16 -1.0 -0.0
1e-16 -1.0 0.0
1e-16 -1.0 NaN
1e-16 -1.0 Infinity
1e-16 -1.0 -Infinity
1e-16 -1.0 1.0
1e-16 -1.0 -1.0
1e-16 -1.0 2.0
1e-16 -1.0 -2.0
1e-16 -1.0 0.5
1e-16 -1.0 -0.5
1e-16 -1.0 4.9406564584124654e-324
1e-16 -1.0 -4.9406564584124654e-324
1e-16 -1.0 2.2250738585072014e-308
1e-16 -1.0 -2.2250738585072014e-308
1e-16 -1.0 1.7976931348623157e308
1e-16 -1.0 -1.7976931348623157e308
1e-16 -1.0 1e-160
1e-16 -1.0 1e-16
1e-16 -1.0 1e16
1e-16 -1.0 1e160
1e-16 -1.0 3.141592653589793
1e-16 -1.0 -3.141592653589793
1e-16 2.0 -0.0
1e-16 2.0 0.0
1e-16 2.0 NaN
1e-16 2.0 Infinity
1e-16 2.0 -Infinity
1e-16 2.0 1.0
1e-16 2.0 -1.0
1e-16 2.0 2.0
1e-16 2.0 -2.0
1e-16 2.0 0.5
1e-16 2.0 -0.5
1e-16 2.0 4.9406564584124654e-324
1e-16 2.0 -4.9406564584124654e-324
1e-16 2.0 2.2250738585072014e-308
1e-16 2.0 -2.2250738585072014e-308
1e-16 2.0 1.7976931348623157e308
1e-16 2.0 -1.7976931348623157e308
1e-16 2.0 1e-160
1e-16 2.0 1e-16
1e-16 2.0 1e16
1e-16 2.0 1e160
1e-16 2.0 3.141592653589793
1e-16 2.0 -3.141592653589793
1e-16 -2.0 -0.0
1e-16 -2.0 0.0
1e-16 -2.0 NaN
1e-16 -2.0 Infinity
1e-16 -2.0 -Infinity
1e-16 -2.0 1.0
1e-16 -2.0 -1.0
1e-16 -2.0 2.0
1e-16 -2.0 -2.0
1e-16 -2.0 0.5
1e-16 -2.0 -0.5
1e-16 -2.0 4.9406564584124654e-324
1e-16 -2.0 -4.9406564584124654e-324
1e-16 -2.0 2.2250738585072014e-308
1e-16 -2.0 -2.2250738585072014e-308
1e-16 -2.0 1.7976931348623157e308
1e-16 -2.0 -1.7976931348623157e308
1e-16 -2.0 1e-160
1e-16 -2.0 1e-16
1e-16 -2.0 1e16
1e-16 -2.0 1e160
1e-16 -2.0 3.141592653589793
1e-16 -2.0 -3.141592653589793
1e-16 0.5 -0.0
1e-16 0.5 0.0
1e-16 0.5 NaN
1e-16 0.5 Infinity
1e-16 0.5 -Infinity
1e-16 0.5 1.0
1e-16 0.5 -1.0
1e-16 0.5 2.0
1e-16 0.5 -2.0
1e-16 0.5 0.5
1e-16 0.5 -0.5
1e-16 0.5 4.9406564584124654e-324
1e-16 0.5 -4.9406564584124654e-324
1e-16 0.5 2.2250738585072014e-308
1e-16 0.5 -2.2250738585072014e-308
1e-16 0.5 1.7976931348623157e308
1e-16 0.5 -1.7976931348623157e308
1e-16 0.5 1e-160
1e-16 0.5 1e-16
1e-16 0.5 1e16
1e-16 0.5 1e160
1e-16 0.5 3.141592653589793
1e-16 0.5 -3.141592653589793
1e-16 -0.5 -0.0
1e-16 -0.5 0.0
1e-16 -0.5 NaN
1e-16 -0.5 Infinity
1e-16 -0.5 -Infinity
1e-16 -0.5 1.0
1e-16 -0.5 -1.0
1e-16 -0.5 2.0
1e-16 -0.5 -2.0
1e-16 -0.5 0.5
1e-16 -0.5 -0.5
1e-16 -0.5 4.9406564584124654e-324
1e-16 -0.5 -4.9406564584124654e-324
1e-16 -0.5 2.2250738585072014e-308
1e-16 -0.5 -2.2250738585072014e-308
1e-16 -0.5 1.7976931348623157e308
1e-16 -0.5 -1.7976931348623157e308
1e-16 -0.5 1e-160
1e-16 -0.5 1e-16
1e-16 -0.5 1e16
1e-16 -0.5 1e160
1e-16 -0.5 3.141592653589793
1e-16 -0.5 -3.141592653589793
1e-16 4.9406564584124654e-324 -0.0
1e-16 4.9406564584124654e-324 0.0
1e-16 4.9406564584124654e-324 NaN
1e-16 4.9406564584124654e-324 Infinity
1e-16 4.9406564584124654e-324 -Infinity
1e-16 4.9406564584124654e-324 1.0
1e-16 4.9406564584124654e-324 -1.0
1e-16 4.9406564584124654e-324 2.0
1e-16 4.9406564584124654e-324 -2.0
1e-16 4.9406564584124654e-324 0.5
1e-16 4.9406564584124654e-324 -0.5
1e-16 4.9406564584124654e-324 4.9406564584124654e-324
1e-16 4.9406564584124654e-324 -4.9406564584124654e-324
1e-16 4.9406564584124654e-324 2.2250738585072014e-308
1e-16 4.9406564584124654e-324 -2.2250738585072014e-308
1e-16 4.9406564584124654e-324 1.7976931348623157e308
1e-16 4.9406564584124654e-324 -1.7976931348623157e308
1e-16 4.9406564584124654e-324 1e-160
1e-16 4.9406564584124654e-324 1e-16
1e-16 4.9406564584124654e-324 1e16
1e-16 4.9406564584124654e-324 1e160
1e-16 4.9406564584124654e-324 3.141592653589793
1e-16 4.9406564584124654e-324 -3.141592653589793
1e-16 -4.9406564584124654e-324 -0.0
1e-16 -4.9406564584124654e-324 0.0
1e-16 -4.9406564584124654e-324 NaN
1e-16 -4.9406564584124654e-324 Infinity
1e-16 -4.9406564584124654e-324 -Infinity
1e-16 -4.9406564584124654e-324 1.0
1e-16 -4.9406564584124654e-324 -1.0
1e-16 -4.9406564584124654e-324 2.0
1e-16 -4.9406564584124654e-324 -2.0
1e-16 -4.9406564584124654e-324 0.5
1e-16 -4.9406564584124654e-324 -0.5
1e-16 -4.9406564584124654e-324 4.9406564584124654e-324
1e-16 -4.9406564584124654e-324 -4.9406564584124654e-324
1e-16 -4.9406564584124654e-324 2.2250738585072014e-308
1e-16 -4.9406564584124654e-324 -2.2250738585072014e-308
1e-16 -4.9406564584124654e-324 1.7976931348623157e308
1e-16 -4.9406564584124654e-324 -1.7976931348623157e308
1e-16 -4.9406564584124654e-324 1e-160
1e-16 -4.9406564584124654e-324 1e-16
1e-16 -4.9406564584124654e-324 1e16
1e-16 -4.9406564584124654e-324 1e160
1e-16 -4.9406564584124654e-324 3.141592653589793
1e-16 -4.9406564584124654e-324 -3.141592653589793
1e-16 2.2250738585072014e-308 -0.0
1e-16 2.2250738585072014e-308 0.0
1e-16 2.2250738585072014e-308 NaN
1e-16 2.2250738585072014e-308 Infinity
1e-16 2.2250738585072014e-308 -Infinity
1e-16 2.2250738585072014e-308 1.0
1e-16 2.2250738585072014e-308 -1.0
1e-16 2.2250738585072014e-308 2.0
1e-16 2.2250738585072014e-308 -2.0
1e-16 2.2250738585072014e-308 0.5
1e-16 2.2250738585072014e-308 -0.5
1e-16 2.2250738585072014e-308 4.9406564584124654e-324
1e-16 2.2250738585072014e-308 -4.9406564584124654e-324
1e-16 2.2250738585072014e-308 2.2250738585072014e-308
1e-16 2.2250738585072014e-308 -2.2250738585072014e-308
1e-16 2.2250738585072014e-308 1.7976931348623157e308
1e-16 2.2250738585072014e-308 -1.7976931348623157e308
1e-16 2.2250738585072014e-308 1e-160
1e-16 2.2250738585072014e-308 1e-16
1e-16 2.2250738585072014e-308 1e16
1e-16 2.2250738585072014e-308 1e160
1e-16 2.2250738585072014e-308 3.141592653589793
1e-16 2.2250738585072014e-308 -3.141592653589793
1e-16 -2.2250738585072014e-308 -0.0
1e-16 -2.2250738585072014e-308 0.0
1e-16 -2.2250738585072014e-308 NaN
1e-16 -2.2250738585072014e-308 Infinity
1e-16 -2.2250738585072014e-308 -Infinity
1e-16 -2.2250738585072014e-308 1.0
1e-16 -2.2250738585072014e-308 -1.0
1e-16 -2.2250738585072014e-308 2.0
1e-16 -2.2250738585072014e-308 -2.0
1e-16 -2.2250738585072014e-308 0.5
1e-16 -2.2250738585072014e-308 -0.5
1e-16 -2.2250738585072014e-308 4.9406564584124654e-324
1e-16 -2.2250738585072014e-308 -4.9406564584124654e-324
1e-16 -2.2250738585072014e-308 2.2250738585072014e-308
1e-16 -2.2250738585072014e-308 -2.2250738585072014e-308
1e-16 -2.2250738585072014e-308 1.7976931348623157e308
1e-16 -2.2250738585072014e-308 -1.7976931348623157e308
1e-16 -2.2250738585072014e-308 1e-160
1e-16 -2.2250738585072014e-308 1e-16
1e-16 -2.2250738585072014e-308 1e16
1e-16 -2.2250738585072014e-308 1e160
1e-16 -2.2250738585072014e-308 3.141592653589793
1e-16 -2.2250738585072014e-308 -3.141592653589793
1e-16 1.7976931348623157e308 -0.0
1e-16 1.7976931348623157e308 0.0
1e-16 1.7976931348623157e308 NaN
1e-16 1.7976931348623157e308 Infinity
1e-16 1.7976931348623157e308 -Infinity
1e-16 1.7976931348623157e308 1.0
1e-16 1.7976931348623157e308 -1.0
1e-16 1.7976931348623157e308 2.0
1e-16 1.7976931348623157e308 -2.0
1e-16 1.7976931348623157e308 0.5
1e-16 1.7976931348623157e308 -0.5
1e-16 1.7976931348623157e308 4.9406564584124654e-324
1e-16 1.7976931348623157e308 -4.9406564584124654e-324
1e-16 1.7976931348623157e308 2.2250738585072014e-308
1e-16 1.7976931348623157e308 -2.2250738585072014e-308
1e-16 1.7976931348623157e308 1.7976931348623157e308
1e-16 1.7976931348623157e308 -1.7976931348623157e308
1e-16 1.7976931348623157e308 1e-160
1e-16 1.7976931348623157e308 1e-16
1e-16 1.7976931348623157e308 1e16
1e-16 1.7976931348623157e308 1e160
1e-16 1.7976931348623157e308 3.141592653589793
1e-16 1.7976931348623157e308 -3.141592653589793
1e-16 -1.7976931348623157e308 -0.0
1e-16 -1.7976931348623157e308 0.0
1e-16 -1.7976931348623157e308 NaN
1e-16 -1.7976931348623157e308 Infinity
1e-16 -1.7976931348623157e308 -Infinity
1e-16 -1.7976931348623157e308 1.0
1e-16 -1.7976931348623157e308 -1.0
1e-16 -1.7976931348623157e308 2.0
1e-16 -1.7976931348623157e308 -2.0
1e-16 -1.7976931348623157e308 0.5
1e-16 -1.7976931348623157e308 -0.5
1e-16 -1.7976931348623157e308 4.9406564584124654e-324
1e-16 -1.7976931348623157e308 -4.9406564584124654e-324
1e-16 -1.7976931348623157e308 2.2250738585072014e-308
1e-16 -1.7976931348623157e308 -2.2250738585072014e-308
1e-16 -1.7976931348623157e308 1.7976931348623157e308
1e-16 -1.7976931348623157e308 -1.7976931348623157e308
1e-16 -1.7976931348623157e308 1e-160
1e-16 -1.7976931348623157e308 1e-16
1e-16 -1.7976931348623157e308 1e16
1e-16 -1.7976931348623157e308 1e160
1e-16 -1.7976931348623157e308 3.141592653589793
1e-16 -1.7976931348623157e308 -3.141592653589793
1e-16 1e-160 -0.0
1e-16 1e-160 0.0
1e-16 1e-160 NaN
1e-16 1e-160 Infinity
1e-16 1e-160 -Infinity
1e-16 1e-160 1.0
1e-16 1e-160 -1.0
1e-16 1e-160 2.0
1e-16 1e-160 -2.0
1e-16 1e-160 0.5
1e-16 1e-160 -0.5
1e-16 1e-160 4.9406564584124654e-324
1e-16 1e-160 -4.9406564584124654e-324
1e-16 1e-160 2.2250738585072014e-308
1e-16 1e-160 -2.2250738585072014e-308
1e-16 1e-160 1.7976931348623157e308
1e-16 1e-160 -1.7976931348623157e308
1e-16 1e-160 1e-160
1e-16 1e-160 1e-16
1e-16 1e-160 1e16
1e-16 1e-160 1e160
1e-16 1e-160 3.141592653589793
1e-16 1e-160 -3.141592653589793
1e-16 1e-16 -0.0
1e-16 1e-16 0.0
1e-16 1e-16 NaN
1e-16 1e-16 Infinity
1e-16 1e-16 -Infinity
1e-16 1e-16 1.0
1e-16 1e-16 -1.0
1e-16 1e-16 2.0
1e-16 1e-16 -2.0
1e-16 1e-16 0.5
1e-16 1e-16 -0.5
1e-16 1e-16 4.9406564584124654e-324
1e-16 1e-16 -4.9406564584124654e-324
1e-16 1e-16 2.2250738585072014e-308
1e-16 1e-16 -2.2250738585072014e-308
1e-16 1e-16 1.7976931348623157e308
1e-16 1e-16 -1.7976931348623157e308
1e-16 1e-16 1e-160
1e-16 1e-16 1e-16
1e-16 1e-16 1e16
1e-16 1e-16 1e160
1e-16 1e-16 3.141592653589793
1e-16 1e-16 -3.141592653589793
1e-16 1e16 -0.0
1e-16 1e16 0.0
1e-16 1e16 NaN
1e-16 1e16 Infinity
1e-16 1e16 -Infinity
1e-16 1e16 1.0
1e-16 1e16 -1.0
1e-16 1e16 2.0
1e-16 1e16 -2.0
1e-16 1e16 0.5
1e-16 1e16 -0.5
1e-16 1e16 4.9406564584124654e-324
1e-16 1e16 -4.9406564584124654e-324
1e-16 1e16 2.2250738585072014e-308
1e-16 1e16 -2.2250738585072014e-308
1e-16 1e16 1.7976931348623157e308
1e-16 1e16 -1.7976931348623157e308
1e-16 1e16 1e-160
1e-16 1e16 1e-16
1e-16 1e16 1e16
1e-16 1e16 1e160
1e-16 1e16 3.141592653589793
1e-16 1e16 -3.141592653589793
1e-16 1e160 -0.0
1e-16 1e160 0.0
1e-16 1e160 NaN
1e-16 1e160 Infinity
1e-16 1e160 -Infinity
1e-16 1e160 1.0
1e-16 1e160 -1.0
1e-16 1e160 2.0
1e-16 1e160 -2.0
1e-16 1e160 0.5
1e-16 1e160 -0.5
1e-16 1e160 4.9406564584124654e-324
1e-16 1e160 -4.9406564584124654e-324
1e-16 1e160 2.2250738585072014e-308
1e-16 1e160 -2.2250738585072014e-308
1e-16 1e160 1.7976931348623157e308
1e-16 1e160 -1.7976931348623157e308
1e-16 1e160 1e-160
1e-16 1e160 1e-16
1e-16 1e160 1e16
1e-16 1e160 1e160
1e-16 1e160 3.141592653589793
1e-16 1e160 -3.141592653589793
1e-16 3.141592653589793 -0.0
1e-16 3.141592653589793 0.0
1e-16 3.141592653589793 NaN
1e-16 3.141592653589793 Infinity
1e-16 3.141592653589793 -Infinity
1e-16 3.141592653589793 1.0
1e-16 3.141592653589793 -1.0
1e-16 3.141592653589793 2.0
1e-16 3.141592653589793 -2.0
1e-16 3.141592653589793 0.5
1e-16 3.141592653589793 -0.5
1e-16 3.141592653589793 4.9406564584124654e-324
1e-16 3.141592653589793 -4.9406564584124654e-324
1e-16 3.141592653589793 2.2250738585072014e-308
1e-16 3.141592653589793 -2.2250738585072014e-308
1e-16 3.141592653589793 1.7976931348623157e308
1e-16 3.141592653589793 -1.7976931348623157e308
1e-16 3.141592653589793 1e-160
1e-16 3.141592653589793 1e-16
1e-16 3.141592653589793 1e16
1e-16 3.141592653589793 1e160
1e-16 3.141592653589793 3.141592653589793
1e-16 3.141592653589793 -3.141592653589793
1e-16 -3.141592653589793 -0.0
1e-16 -3.141592653589793 0.0
1e-16 -3.141592653589793 NaN
1e-16 -3.141592653589793 Infinity
1e-16 -3.141592653589793 -Infinity
1e-16 -3.141592653589793 1.0
1e-16 -3.141592653589793 -1.0
1e-16 -3.141592653589793 2.0
1e-16 -3.141592653589793 -2.0
1e-16 -3.141592653589793 0.5
1e-16 -3.141592653589793 -0.5
1e-16 -3.141592653589793 4.9406564584124654e-324
1e-16 -3.141592653589793 -4.9406564584124654e-324
1e-16 -3.141592653589793 2.2250738585072014e-308
1e-16 -3.141592653589793 -2.2250738585072014e-308
1e-16 -3.141592653589793 1.7976931348623157e308
1e-16 -3.141592653589793 -1.7976931348623157e308
1e-16 -3.141592653589793 1e-160
1e-16 -3.141592653589793 1e-16
1e-16 -3.141592653589793 1e16
1e-16 -3.141592653589793 1e160
1e-16 -3.141592653589793 3.141592653589793
1e-16 -3.141592653589793 -3.141592653589793
1e16 -0.0 -0.0
1e16 -0.0 0.0
1e16 -0.0 NaN
1e16 -0.0 Infinity
1e16 -0.0 -Infinity
1e16 -0.0 1.0
1e16 -0.0 -1.0
1e16 -0.0 2.0
1e16 -0.0 -2.0
1e16 -0.0 0.5
1e16 -0.0 -0.5
1e16 -0.0 4.9406564584124654e-324
1e16 -0.0 -4.9406564584124654e-324
1e16 -0.0 2.2250738585072014e-308
1e16 -0.0 -2.2250738585072014e-308
1e16 -0.0 1.7976931348623157e308
1e16 -0.0 -1.7976931348623157e308
1e16 -0.0 1e-160
1e16 -0.0 1e-16
1e16 -0.0 1e16
1e16 -0.0 1e160
1e16 -0.0 3.141592653589793
1e16 -0.0 -3.141592653589793
1e16 0.0 -0.0
1e16 0.0 0.0
1e16 0.0 NaN
1e16 0.0 Infinity
1e16 0.0 -Infinity
1e16 0.0 1.0
1e16 0.0 -1.0
1e16 0.0 2.0
1e16 0.0 -2.0
1e16 0.0 0.5
1e16 0.0 -0.5
1e16 0.0 4.9406564584124654e-324
1e16 0.0 -4.9406564584124654e-324
1e16 0.0 2.2250738585072014e-308
1e16 0.0 -2.2250738585072014e-308
1e16 0.0 1.7976931348623157e308
1e16 0.0 -1.7976931348623157e308
1e16 0.0 1e-160
1e16 0.0 1e-16
1e16 0.0 1e16
1e16 0.0 1e160
1e16 0.0 3.141592653589793
1e16 0.0 -3.141592653589793
1e16 NaN -0.0
1e16 NaN 0.0
1e16 NaN NaN
1e16 NaN Infinity
1e16 NaN -Infinity
1e16 NaN 1.0
1e16 NaN -1.0
1e16 NaN 2.0
1e16 NaN -2.0
1e16 NaN 0.5
1e16 NaN -0.5
1e16 NaN 4.9406564584124654e-324
1e16 NaN -4.9406564584124654e-324
1e16 NaN 2.2250738585072014e-308
1e16 NaN -2.2250738585072014e-308
1e16 NaN 1.7976931348623157e308
1e16 NaN -1.7976931348623157e308
1e16 NaN 1e-160
1e16 NaN 1e-16
1e16 NaN 1e16
1e16 NaN 1e160
1e16 NaN 3.141592653589793
1e16 NaN -3.141592653589793
1e16 Infinity -0.0
1e16 Infinity 0.0
1e16 Infinity NaN
1e16 Infinity Infinity
1e16 Infinity -Infinity
1e16 Infinity 1.0
1e16 Infinity -1.0
1e16 Infinity 2.0
1e16 Infinity -2.0
1e16 Infinity 0.5
1e16 Infinity -0.5
1e16 Infinity 4.9406564584124654e-324
1e16 Infinity -4.9406564584124654e-324
1e16 Infinity 2.2250738585072014e-308
1e16 Infinity -2.2250738585072014e-308
1e16 Infinity 1.7976931348623157e308
1e16 Infinity -1.7976931348623157e308
1e16 Infinity 1e-160
1e16 Infinity 1e-16
1e16 Infinity 1e16
1e16 Infinity 1e160
1e16 Infinity 3.141592653589793
1e16 Infinity -3.141592653589793
1e16 -Infinity -0.0
1e16 -Infinity 0.0
1e16 -Infinity NaN
1e16 -Infinity Infinity
1e16 -Infinity -Infinity
1e16 -Infinity 1.0
1e16 -Infinity -1.0
1e16 -Infinity 2.0
1e16 -Infinity -2.0
1e16 -Infinity 0.5
1e16 -Infinity -0.5
1e16 -Infinity 4.9406564584124654e-324
1e16 -Infinity -4.9406564584124654e-324
1e16 -Infinity 2.2250738585072014e-308
1e16 -Infinity -2.2250738585072014e-308
1e16 -Infinity 1.7976931348623157e308
1e16 -Infinity -1.7976931348623157e308
1e16 -Infinity 1e-160
1e16 -Infinity 1e-16
1e16 -Infinity 1e16
1e16 -Infinity 1e160
1e16 -Infinity 3.141592653589793
1e16 -Infinity -3.141592653589793
1e16 1.0 -0.0
1e16 1.0 0.0
1e16 1.0 NaN
1e16 1.0 Infinity
1e16 1.0 -Infinity
1e16 1.0 1.0
1e16 1.0 -1.0
1e16 1.0 2.0
1e16 1.0 -2.0
1e16 1.0 0.5
1e16 1.0 -0.5
1e16 1.0 4.9406564584124654e-324
1e16 1.0 -4.9406564584124654e-324
1e16 1.0 2.2250738585072014e-308
1e16 1.0 -2.2250738585072014e-308
1e16 1.0 1.7976931348623157e308
1e16 1.0 -1.7976931348623157e308
1e16 1.0 1e-160
1e16 1.0 1e-16
1e16 1.0 1e16
1e16 1.0 1e160
1e16 1.0 3.141592653589793
1e16 1.0 -3.141592653589793
1e16 -1.0 -0.0
1e16 -1.0 0.0
1e16 -1.0 NaN
1e16 -1.0 Infinity
1e16 -1.0 -Infinity
1e16 -1.0 1.0
1e16 -1.0 -1.0
1e16 -1.0 2.0
1e16 -1.0 -2.0
1e16 -1.0 0.5
1e16 -1.0 -0.5
1e16 -1.0 4.9406564584124654e-324
1e16 -1.0 -4.9406564584124654e-324
1e16 -1.0 2.2250738585072014e-308
1e16 -1.0 -2.2250738585072014e-308
1e16 -1.0 1.7976931348623157e308
1e16 -1.0 -1.7976931348623157e308
1e16 -1.0 1e-160
1e16 -1.0 1e-16
1e16 -1.0 1e16
1e16 -1.0 1e160
1e16 -1.0 3.141592653589793
1e16 -1.0 -3.141592653589793
1e16 2.0 -0.0
1e16 2.0 0.0
1e16 2.0 NaN
1e16 2.0 Infinity
1e16 2.0 -Infinity
1e16 2.0 1.0
1e16 2.0 -1.0
1e16 2.0 2.0
1e16 2.0 -2.0
1e16 2.0 0.5
1e16 2.0 -0.5
1e16 2.0 4.9406564584124654e-324
1e16 2.0 -4.9406564584124654e-324
1e16 2.0 2.2250738585072014e-308
1e16 2.0 -2.2250738585072014e-308
1e16 2.0 1.7976931348623157e308
1e16 2.0 -1.7976931348623157e308
1e16 2.0 1e-160
1e16 2.0 1e-16
1e16 2.0 1e16
1e16 2.0 1e160
1e16 2.0 3.141592653589793
1e16 2.0 -3.141592653589793
1e16 -2.0 -0.0
1e16 -2.0 0.0
1e16 -2.0 NaN
1e16 -2.0 Infinity
1e16 -2.0 -Infinity
1e16 -2.0 1.0
1e16 -2.0 -1.0
1e16 -2.0 2.0
1e16 -2.0 -2.0
1e16 -2.0 0.5
1e16 -2.0 -0.5
1e16 -2.0 4.9406564584124654e-324
1e16 -2.0 -4.9406564584124654e-324
1e16 -2.0 2.2250738585072014e-308
1e16 -2.0 -2.2250738585072014e-308
1e16 -2.0 1.7976931348623157e308
1e16 -2.0 -1.7976931348623157e308
1e16 -2.0 1e-160
1e16 -2.0 1e-16
1e16 -2.0 1e16
1e16 -2.0 1e160
1e16 -2.0 3.141592653589793
1e16 -2.0 -3.141592653589793
1e16 0.5 -0.0
1e16 0.5 0.0
1e16 0.5 NaN
1e16 0.5 Infinity
1e16 0.5 -Infinity
1e16 0.5 1.0
1e16 0.5 -1.0
1e16 0.5 2.0
1e16 0.5 -2.0
1e16 0.5 0.5
1e16 0.5 -0.5
1e16 0.5 4.9406564584124654e-324
1e16 0.5 -4.9406564584124654e-324
1e16 0.5 2.2250738585072014e-308
1e16 0.5 -2.2250738585072014e-308
1e16 0.5 1.7976931348623157e308
1e16 0.5 -1.7976931348623157e308
1e16 0.5 1e-160
1e16 0.5 1e-16
1e16 0.5 1e16
1e16 0.5 1e160
1e16 0.5 3.141592653589793
1e16 0.5 -3.141592653589793
1e16 -0.5 -0.0
1e16 -0.5 0.0
1e16 -0.5 NaN
1e16 -0.5 Infinity
1e16 -0.5 -Infinity
1e16 -0.5 1.0
1e16 -0.5 -1.0
1e16 -0.5 2.0
1e16 -0.5 -2.0
1e16 -0.5 0.5
1e16 -0.5 -0.5
1e16 -0.5 4.9406564584124654e-324
1e16 -0.5 -4.9406564584124654e-324
1e16 -0.5 2.2250738585072014e-308
1e16 -0.5 -2.2250738585072014e-308
1e16 -0.5 1.7976931348623157e308
1e16 -0.5 -1.7976931348623157e308
1e16 -0.5 1e-160
1e16 -0.5 1e-16
1e16 -0.5 1e16
1e16 -0.5 1e160
1e16 -0.5 3.141592653589793
1e16 -0.5 -3.141592653589793
1e16 4.9406564584124654e-324 -0.0
1e16 4.9406564584124654e-324 0.0
1e16 4.9406564584124654e-324 NaN
1e16 4.9406564584124654e-324 Infinity
1e16 4.9406564584124654e-324 -Infinity
1e16 4.9406564584124654e-324 1.0
1e16 4.9406564584124654e-324 -1.0
1e16 4.9406564584124654e-324 2.0
1e16 4.9406564584124654e-324 -2.0
1e16 4.9406564584124654e-324 0.5
1e16 4.9406564584124654e-324 -0.5
1e16 4.9406564584124654e-324 4.9406564584124654e-324
1e16 4.9406564584124654e-324 -4.9406564584124654e-324
1e16 4.9406564584124654e-324 2.2250738585072014e-308
1e16 4.9406564584124654e-324 -2.2250738585072014e-308
1e16 4.9406564584124654e-324 1.7976931348623157e308
1e16 4.9406564584124654e-324 -1.7976931348623157e308
1e16 4.9406564584124654e-324 1e-160
1e16 4.9406564584124654e-324 1e-16
1e16 4.9406564584124654e-324 1e16
1e16 4.9406564584124654e-324 1e160
1e16 4.9406564584124654e-324 3.141592653589793
1e16 4.9406564584124654e-324 -3.141592653589793
1e16 -4.9406564584124654e-324 -0.0
1e16 -4.9406564584124654e-324 0.0
1e16 -4.9406564584124654e-324 NaN
1e16 -4.9406564584124654e-324 Infinity
1e16 -4.9406564584124654e-324 -Infinity
1e16 -4.9406564584124654e-324 1.0
1e16 -4.9406564584124654e-324 -1.0
1e16 -4.9406564584124654e-324 2.0
1e16 -4.9406564584124654e-324 -2.0
1e16 -4.9406564584124654e-324 0.5
1e16 -4.9406564584124654e-324 -0.5
1e16 -4.9406564584124654e-324 4.9406564584124654e-324
1e16 -4.9406564584124654e-324 -4.9406564584124654e-324
1e16 -4.9406564584124654e-324 2.2250738585072014e-308
1e16 -4.9406564584124654e-324 -2.2250738585072014e-308
1e16 -4.9406564584124654e-324 1.7976931348623157e308
1e16 -4.9406564584124654e-324 -1.7976931348623157e308
1e16 -4.9406564584124654e-324 1e-160
1e16 -4.9406564584124654e-324 1e-16
1e16 -4.9406564584124654e-324 1e16
1e16 -4.9406564584124654e-324 1e160
1e16 -4.9406564584124654e-324 3.141592653589793
1e16 -4.9406564584124654e-324 -3.141592653589793
1e16 2.2250738585072014e-308 -0.0
1e16 2.2250738585072014e-308 0.0
1e16 2.2250738585072014e-308 NaN
1e16 2.2250738585072014e-308 Infinity
1e16 2.2250738585072014e-308 -Infinity
1e16 2.2250738585072014e-308 1.0
1e16 2.2250738585072014e-308 -1.0
1e16 2.2250738585072014e-308 2.0
1e16 2.2250738585072014e-308 -2.0
1e16 2.2250738585072014e-308 0.5
1e16 2.2250738585072014e-308 -0.5
1e16 2.2250738585072014e-308 4.9406564584124654e-324
1e16 2.2250738585072014e-308 -4.9406564584124654e-324
1e16 2.2250738585072014e-308 2.2250738585072014e-308
1e16 2.2250738585072014e-308 -2.2250738585072014e-308
1e16 2.2250738585072014e-308 1.7976931348623157e308
1e16 2.2250738585072014e-308 -1.7976931348623157e308
1e16 2.2250738585072014e-308 1e-160
1e16 2.2250738585072014e-308 1e-16
1e16 2.2250738585072014e-308 1e16
1e16 2.2250738585072014e-308 1e160
1e16 2.2250738585072014e-308 3.141592653589793
1e16 2.2250738585072014e-308 -3.141592653589793
1e16 -2.2250738585072014e-308 -0.0
1e16 -2.2250738585072014e-308 0.0
1e16 -2.2250738585072014e-308 NaN
1e16 -2.2250738585072014e-308 Infinity
1e16 -2.2250738585072014e-308 -Infinity
1e16 -2.2250738585072014e-308 1.0
1e16 -2.2250738585072014e-308 -1.0
1e16 -2.2250738585072014e-308 2.0
1e16 -2.2250738585072014e-308 -2.0
1e16 -2.2250738585072014e-308 0.5
1e16 -2.2250738585072014e-308 -0.5
1e16 -2.2250738585072014e-308 4.9406564584124654e-324
1e16 -2.2250738585072014e-308 -4.9406564584124654e-324
1e16 -2.2250738585072014e-308 2.2250738585072014e-308
1e16 -2.2250738585072014e-308 -2.2250738585072014e-308
1e16 -2.2250738585072014e-308 1.7976931348623157e308
1e16 -2.2250738585072014e-308 -1.7976931348623157e308
1e16 -2.2250738585072014e-308 1e-160
1e16 -2.2250738585072014e-308 1e-16
1e16 -2.2250738585072014e-308 1e16
1e16 -2.2250738585072014e-308 1e160
1e16 -2.2250738585072014e-308 3.141592653589793
1e16 -2.2250738585072014e-308 -3.141592653589793
1e16 1.7976931348623157e308 -0.0
1e16 1.7976931348623157e308 0.0
1e16 1.7976931348623157e308 NaN
1e16 1.7976931348623157e308 Infinity
1e16 1.7976931348623157e308 -Infinity
1e16 1.7976931348623157e308 1.0
1e16 1.7976931348623157e308 -1.0
1e16 1.7976931348623157e308 2.0
1e16 1.7976931348623157e308 -2.0
1e16 1.7976931348623157e308 0.5
1e16 1.7976931348623157e308 -0.5
1e16 1.7976931348623157e308 4.9406564584124654e-324
1e16 1.7976931348623157e308 -4.9406564584124654e-324
1e16 1.7976931348623157e308 2.2250738585072014e-308
1e16 1.7976931348623157e308 -2.2250738585072014e-308
1e16 1.7976931348623157e308 1.7976931348623157e308
1e16 1.7976931348623157e308 -1.7976931348623157e308
1e16 1.7976931348623157e308 1e-160
1e16 1.7976931348623157e308 1e-16
1e16 1.7976931348623157e308 1e16
1e16 1.7976931348623157e308 1e160
1e16 1.7976931348623157e308 3.141592653589793
1e16 1.7976931348623157e308 -3.141592653589793
1e16 -1.7976931348623157e308 -0.0
1e16 -1.7976931348623157e308 0.0
1e16 -1.7976931348623157e308 NaN
1e16 -1.7976931348623157e308 Infinity
1e16 -1.7976931348623157e308 -Infinity
1e16 -1.7976931348623157e308 1.0
1e16 -1.7976931348623157e308 -1.0
1e16 -1.7976931348623157e308 2.0
1e16 -1.7976931348623157e308 -2.0
1e16 -1.7976931348623157e308 0.5
1e16 -1.7976931348623157e308 -0.5
1e16 -1.7976931348623157e308 4.9406564584124654e-324
1e16 -1.7976931348623157e308 -4.9406564584124654e-324
1e16 -1.7976931348623157e308 2.2250738585072014e-308
1e16 -1.7976931348623157e308 -2.2250738585072014e-308
1e16 -1.7976931348623157e308 1.7976931348623157e308
1e16 -1.7976931348623157e308 -1.7976931348623157e308
1e16 -1.7976931348623157e308 1e-160
1e16 -1.7976931348623157e308 1e-16
1e16 -1.7976931348623157e308 1e16
1e16 -1.7976931348623157e308 1e160
1e16 -1.7976931348623157e308 3.141592653589793
1e16 -1.7976931348623157e308 -3.141592653589793
1e16 1e-160 -0.0
1e16 1e-160 0.0
1e16 1e-160 NaN
1e16 1e-160 Infinity
1e16 1e-160 -Infinity
1e16 1e-160 1.0
1e16 1e-160 -1.0
1e16 1e-160 2.0
1e16 1e-160 -2.0
1e16 1e-160 0.5
1e16 1e-160 -0.5
1e16 1e-160 4.9406564584124654e-324
1e16 1e-160 -4.9406564584124654e-324
1e16 1e-160 2.2250738585072014e-308
1e16 1e-160 -2.2250738585072014e-308
1e16 1e-160 1.7976931348623157e308
1e16 1e-160 -1.7976931348623157e308
1e16 1e-160 1e-160
1e16 1e-160 1e-16
1e16 1e-160 1e16
1e16 1e-160 1e160
1e16 1e-160 3.141592653589793
1e16 1e-160 -3.141592653589793
1e16 1e-16 -0.0
1e16 1e-16 0.0
1e16 1e-16 NaN
1e16 1e-16 Infinity
1e16 1e-16 -Infinity
1e16 1e-16 1.0
1e16 1e-16 -1.0
1e16 1e-16 2.0
1e16 1e-16 -2.0
1e16 1e-16 0.5
1e16 1e-16 -0.5
1e16 1e-16 4.9406564584124654e-324
1e16 1e-16 -4.9406564584124654e-324
1e16 1e-16 2.2250738585072014e-308
1e16 1e-16 -2.2250738585072014e-308
1e16 1e-16 1.7976931348623157e308
1e16 1e-16 -1.7976931348623157e308
1e16 1e-16 1e-160
1e16 1e-16 1e-16
1e16 1e-16 1e16
1e16 1e-16 1e160
1e16 1e-16 3.141592653589793
1e16 1e-16 -3.141592653589793
1e16 1e16 -0.0
1e16 1e16 0.0
1e16 1e16 NaN
1e16 1e16 Infinity
1e16 1e16 -Infinity
1e16 1e16 1.0
1e16 1e16 -1.0
1e16 1e16 2.0
1e16 1e16 -2.0
1e16 1e16 0.5
1e16 1e16 -0.5
1e16 1e16 4.9406564584124654e-324
1e16 1e16 -4.9406564584124654e-324
1e16 1e16 2.2250738585072014e-308
1e16 1e16 -2.2250738585072014e-308
1e16 1e16 1.7976931348623157e308
1e16 1e16 -1.7976931348623157e308
1e16 1e16 1e-160
1e16 1e16 1e-16
1e16 1e16 1e16
1e16 1e16 1e160
1e16 1e16 3.141592653589793
1e16 1e16 -3.141592653589793
1e16 1e160 -0.0
1e16 1e160 0.0
1e16 1e160 NaN
1e16 1e160 Infinity
1e16 1e160 -Infinity
1e16 1e160 1.0
1e16 1e160 -1.0
1e16 1e160 2.0
1e16 1e160 -2.0
1e16 1e160 0.5
1e16 1e160 -0.5
1e16 1e160 4.9406564584124654e-324
1e16 1e160 -4.9406564584124654e-324
1e16 1e160 2.2250738585072014e-308
1e16 1e160 -2.2250738585072014e-308
1e16 1e160 1.7976931348623157e308
1e16 1e160 -1.7976931348623157e308
1e16 1e160 1e-160
1e16 1e160 1e-16
1e16 1e160 1e16
1e16 1e160 1e160
1e16 1e160 3.141592653589793
1e16 1e160 -3.141592653589793
1e16 3.141592653589793 -0.0
1e16 3.141592653589793 0.0
1e16 3.141592653589793 NaN
1e16 3.141592653589793 Infinity
1e16 3.141592653589793 -Infinity
1e16 3.141592653589793 1.0
1e16 3.141592653589793 -1.0
1e16 3.141592653589793 2.0
1e16 3.141592653589793 -2.0
1e16 3.141592653589793 0.5
1e16 3.141592653589793 -0.5
1e16 3.141592653589793 4.9406564584124654e-324
1e16 3.141592653589793 -4.9406564584124654e-324
1e16 3.141592653589793 2.2250738585072014e-308
1e16 3.141592653589793 -2.2250738585072014e-308
1e16 3.141592653589793 1.7976931348623157e308
1e16 3.141592653589793 -1.7976931348623157e308
1e16 3.141592653589793 1e-160
1e16 3.141592653589793 1e-16
1e16 3.141592653589793 1e16
1e16 3.141592653589793 1e160
1e16 3.141592653589793 3.141592653589793
1e16 3.141592653589793 -3.141592653589793
1e16 -3.141592653589793 -0.0
1e16 -3.141592653589793 0.0
1e16 -3.141592653589793 NaN
1e16 -3.141592653589793 Infinity
1e16 -3.141592653589793 -Infinity
1e16 -3.141592653589793 1.0
1e16 -3.141592653589793 -1.0
1e16 -3.141592653589793 2.0
1e16 -3.141592653589793 -2.0
1e16 -3.141592653589793 0.5
1e16 -3.141592653589793 -0.5
1e16 -3.141592653589793 4.9406564584124654e-324
1e16 -3.141592653589793 -4.9406564584124654e-324
1e16 -3.141592653589793 2.2250738585072014e-308
1e16 -3.141592653589793 -2.2250738585072014e-308
1e16 -3.141592653589793 1.7976931348623157e308
1e16 -3.141592653589793 -1.7976931348623157e308
1e16 -3.141592653589793 1e-160
1e16 -3.141592653589793 1e-16
1e16 -3.141592653589793 1e16
1e16 -3.141592653589793 1e160
1e16 -3.141592653589793 3.141592653589793
1e16 -3.141592653589793 -3.141592653589793
1e160 -0.0 -0.0
1e160 -0.0 0.0
1e160 -0.0 NaN
1e160 -0.0 Infinity
1e160 -0.0 -Infinity
1e160 -0.0 1.0
1e160 -0.0 -1.0
1e160 -0.0 2.0
1e160 -0.0 -2.0
1e160 -0.0 0.5
1e160 -0.0 -0.5
1e160 -0.0 4.9406564584124654e-324
1e160 -0.0 -4.9406564584124654e-324
1e160 -0.0 2.2250738585072014e-308
1e160 -0.0 -2.2250738585072014e-308
1e160 -0.0 1.7976931348623157e308
1e160 -0.0 -1.7976931348623157e308
1e160 -0.0 1e-160
1e160 -0.0 1e-16
1e160 -0.0 1e16
1e160 -0.0 1e160
1e160 -0.0 3.141592653589793
1e160 -0.0 -3.141592653589793
1e160 0.0 -0.0
1e160 0.0 0.0
1e160 0.0 NaN
1e160 0.0 Infinity
1e160 0.0 -Infinity
1e160 0.0 1.0
1e160 0.0 -1.0
1e160 0.0 2.0
1e160 0.0 -2.0
1e160 0.0 0.5
1e160 0.0 -0.5
1e160 0.0 4.9406564584124654e-324
1e160 0.0 -4.9406564584124654e-324
1e160 0.0 2.2250738585072014e-308
1e160 0.0 -2.2250738585072014e-308
1e160 0.0 1.7976931348623157e308
1e160 0.0 -1.7976931348623157e308
1e160 0.0 1e-160
1e160 0.0 1e-16
1e160 0.0 1e16
1e160 0.0 1e160
1e160 0.0 3.141592653589793
1e160 0.0 -3.141592653589793
1e160 NaN -0.0
1e160 NaN 0.0
1e160 NaN NaN
1e160 NaN Infinity
1e160 NaN -Infinity
1e160 NaN 1.0
1e160 NaN -1.0
1e160 NaN 2.0
1e160 NaN -2.0
1e160 NaN 0.5
1e160 NaN -0.5
1e160 NaN 4.9406564584124654e-324
1e160 NaN -4.9406564584124654e-324
1e160 NaN 2.2250738585072014e-308
1e160 NaN -2.2250738585072014e-308
1e160 NaN 1.7976931348623157e308
1e160 NaN -1.7976931348623157e308
1e160 NaN 1e-160
1e160 NaN 1e-16
1e160 NaN 1e16
1e160 NaN 1e160
1e160 NaN 3.141592653589793
1e160 NaN -3.141592653589793
1e160 Infinity -0.0
1e160 Infinity 0.0
1e160 Infinity NaN
1e160 Infinity Infinity
1e160 Infinity -Infinity
1e160 Infinity 1.0
1e160 Infinity -1.0
1e160 Infinity 2.0
1e160 Infinity -2.0
1e160 Infinity 0.5
1e160 Infinity -0.5
1e160 Infinity 4.9406564584124654e-324
1e160 Infinity -4.9406564584124654e-324
1e160 Infinity 2.2250738585072014e-308
1e160 Infinity -2.2250738585072014e-308
1e160 Infinity 1.7976931348623157e308
1e160 Infinity -1.7976931348623157e308
1e160 Infinity 1e-160
1e160 Infinity 1e-16
1e160 Infinity 1e16
1e160 Infinity 1e160
1e160 Infinity 3.141592653589793
1e160 Infinity -3.141592653589793
1e160 -Infinity -0.0
1e160 -Infinity 0.0
1e160 -Infinity NaN
1e160 -Infinity Infinity
1e160 -Infinity -Infinity
1e160 -Infinity 1.0
1e160 -Infinity -1.0
1e160 -Infinity 2.0
1e160 -Infinity -2.0
1e160 -Infinity 0.5
1e160 -Infinity -0.5
1e160 -Infinity 4.9406564584124654e-324
1e160 -Infinity -4.9406564584124654e-324
1e160 -Infinity 2.2250738585072014e-308
1e160 -Infinity -2.2250738585072014e-308
1e160 -Infinity 1.7976931348623157e308
1e160 -Infinity -1.7976931348623157e308
1e160 -Infinity 1e-160
1e160 -Infinity 1e-16
1e160 -Infinity 1e16
1e160 -Infinity 1e160
1e160 -Infinity 3.141592653589793
1e160 -Infinity -3.141592653589793
1e160 1.0 -0.0
1e160 1.0 0.0
1e160 1.0 NaN
1e160 1.0 Infinity
1e160 1.0 -Infinity
1e160 1.0 1.0
1e160 1.0 -1.0
1e160 1.0 2.0
1e160 1.0 -2.0
1e160 1.0 0.5
1e160 1.0 -0.5
1e160 1.0 4.9406564584124654e-324
1e160 1.0 -4.9406564584124654e-324
1e160 1.0 2.2250738585072014e-308
1e160 1.0 -2.2250738585072014e-308
1e160 1.0 1.7976931348623157e308
1e160 1.0 -1.7976931348623157e308
1e160 1.0 1e-160
1e160 1.0 1e-16
1e160 1.0 1e16
1e160 1.0 1e160
1e160 1.0 3.141592653589793
1e160 1.0 -3.141592653589793
1e160 -1.0 -0.0
1e160 -1.0 0.0
1e160 -1.0 NaN
1e160 -1.0 Infinity
1e160 -1.0 -Infinity
1e160 -1.0 1.0
1e160 -1.0 -1.0
1e160 -1.0 2.0
1e160 -1.0 -2.0
1e160 -1.0 0.5
1e160 -1.0 -0.5
1e160 -1.0 4.9406564584124654e-324
1e160 -1.0 -4.9406564584124654e-324
1e160 -1.0 2.2250738585072014e-308
1e160 -1.0 -2.2250738585072014e-308
1e160 -1.0 1.7976931348623157e308
1e160 -1.0 -1.7976931348623157e308
1e160 -1.0 1e-160
1e160 -1.0 1e-16
1e160 -1.0 1e16
1e160 -1.0 1e160
1e160 -1.0 3.141592653589793
1e160 -1.0 -3.141592653589793
1e160 2.0 -0.0
1e160 2.0 0.0
1e160 2.0 NaN
1e160 2.0 Infinity
1e160 2.0 -Infinity
1e160 2.0 1.0
1e160 2.0 -1.0
1e160 2.0 2.0
1e160 2.0 -2.0
1e160 2.0 0.5
1e160 2.0 -0.5
1e160 2.0 4.9406564584124654e-324
1e160 2.0 -4.9406564584124654e-324
1e160 2.0 2.2250738585072014e-308
1e160 2.0 -2.2250738585072014e-308
1e160 2.0 1.7976931348623157e308
1e160 2.0 -1.7976931348623157e308
1e160 2.0 1e-160
1e160 2.0 1e-16
1e160 2.0 1e16
1e160 2.0 1e160
1e160 2.0 3.141592653589793
1e160 2.0 -3.141592653589793
1e160 -2.0 -0.0
1e160 -2.0 0.0
1e160 -2.0 NaN
1e160 -2.0 Infinity
1e160 -2.0 -Infinity
1e160 -2.0 1.0
1e160 -2.0 -1.0
1e160 -2.0 2.0
1e160 -2.0 -2.0
1e160 -2.0 0.5
1e160 -2.0 -0.5
1e160 -2.0 4.9406564584124654e-324
1e160 -2.0 -4.9406564584124654e-324
1e160 -2.0 2.2250738585072014e-308
1e160 -2.0 -2.2250738585072014e-308
1e160 -2.0 1.7976931348623157e308
1e160 -2.0 -1.7976931348623157e308
1e160 -2.0 1e-160
1e160 -2.0 1e-16
1e160 -2.0 1e16
1e160 -2.0 1e160
1e160 -2.0 3.141592653589793
1e160 -2.0 -3.141592653589793
1e160 0.5 -0.0
1e160 0.5 0.0
1e160 0.5 NaN
1e160 0.5 Infinity
1e160 0.5 -Infinity
1e160 0.5 1.0
1e160 0.5 -1.0
1e160 0.5 2.0
1e160 0.5 -2.0
1e160 0.5 0.5
1e160 0.5 -0.5
1e160 0.5 4.9406564584124654e-324
1e160 0.5 -4.9406564584124654e-324
1e160 0.5 2.2250738585072014e-308
1e160 0.5 -2.2250738585072014e-308
1e160 0.5 1.7976931348623157e308
1e160 0.5 -1.7976931348623157e308
1e160 0.5 1e-160
1e160 0.5 1e-16
1e160 0.5 1e16
1e160 0.5 1e160
1e160 0.5 3.141592653589793
1e160 0.5 -3.141592653589793
1e160 -0.5 -0.0
1e160 -0.5 0.0
1e160 -0.5 NaN
1e160 -0.5 Infinity
1e160 -0.5 -Infinity
1e160 -0.5 1.0
1e160 -0.5 -1.0
1e160 -0.5 2.0
1e160 -0.5 -2.0
1e160 -0.5 0.5
1e160 -0.5 -0.5
1e160 -0.5 4.9406564584124654e-324
1e160 -0.5 -4.9406564584124654e-324
1e160 -0.5 2.2250738585072014e-308
1e160 -0.5 -2.2250738585072014e-308
1e160 -0.5 1.7976931348623157e308
1e160 -0.5 -1.7976931348623157e308
1e160 -0.5 1e-160
1e160 -0.5 1e-16
1e160 -0.5 1e16
1e160 -0.5 1e160
1e160 -0.5 3.141592653589793
1e160 -0.5 -3.141592653589793
1e160 4.9406564584124654e-324 -0.0
1e160 4.9406564584124654e-324 0.0
1e160 4.9406564584124654e-324 NaN
1e160 4.9406564584124654e-324 Infinity
1e160 4.9406564584124654e-324 -Infinity
1e160 4.9406564584124654e-324 1.0
1e160 4.9406564584124654e-324 -1.0
1e160 4.9406564584124654e-324 2.0
1e160 4.9406564584124654e-324 -2.0
1e160 4.9406564584124654e-324 0.5
1e160 4.9406564584124654e-324 -0.5
1e160 4.9406564584124654e-324 4.9406564584124654e-324
1e160 4.9406564584124654e-324 -4.9406564584124654e-324
1e160 4.9406564584124654e-324 2.2250738585072014e-308
1e160 4.9406564584124654e-324 -2.2250738585072014e-308
1e160 4.9406564584124654e-324 1.7976931348623157e308
1e160 4.9406564584124654e-324 -1.7976931348623157e308
1e160 4.9406564584124654e-324 1e-160
1e160 4.9406564584124654e-324 1e-16
1e160 4.9406564584124654e-324 1e16
1e160 4.9406564584124654e-324 1e160
1e160 4.9406564584124654e-324 3.141592653589793
1e160 4.9406564584124654e-324 -3.141592653589793
1e160 -4.9406564584124654e-324 -0.0
1e160 -4.9406564584124654e-324 0.0
1e160 -4.9406564584124654e-324 NaN
1e160 -4.9406564584124654e-324 Infinity
1e160 -4.9406564584124654e-324 -Infinity
1e160 -4.9406564584124654e-324 1.0
1e160 -4.9406564584124654e-324 -1.0
1e160 -4.9406564584124654e-324 2.0
1e160 -4.9406564584124654e-324 -2.0
1e160 -4.9406564584124654e-324 0.5
1e160 -4.9406564584124654e-324 -0.5
1e160 -4.9406564584124654e-324 4.9406564584124654e-324
1e160 -4.9406564584124654e-324 -4.9406564584124654e-324
1e160 -4.9406564584124654e-324 2.2250738585072014e-308
1e160 -4.9406564584124654e-324 -2.2250738585072014e-308
1e160 -4.9406564584124654e-324 1.7976931348623157e308
1e160 -4.9406564584124654e-324 -1.7976931348623157e308
1e160 -4.9406564584124654e-324 1e-160
1e160 -4.9406564584124654e-324 1e-16
1e160 -4.9406564584124654e-324 1e16
1e160 -4.9406564584124654e-324 1e160
1e160 -4.9406564584124654e-324 3.141592653589793
1e160 -4.9406564584124654e-324 -3.141592653589793
1e160 2.2250738585072014e-308 -0.0
1e160 2.2250738585072014e-308 0.0
1e160 2.2250738585072014e-308 NaN
1e160 2.2250738585072014e-308 Infinity
1e160 2.2250738585072014e-308 -Infinity
1e160 2.2250738585072014e-308 1.0
1e160 2.2250738585072014e-308 -1.0
1e160 2.2250738585072014e-308 2.0
1e160 2.2250738585072014e-308 -2.0
1e160 2.2250738585072014e-308 0.5
1e160 2.2250738585072014e-308 -0.5
1e160 2.2250738585072014e-308 4.9406564584124654e-324
1e160 2.2250738585072014e-308 -4.9406564584124654e-324
1e160 2.2250738585072014e-308 2.2250738585072014e-308
1e160 2.2250738585072014e-308 -2.2250738585072014e-308
1e160 2.2250738585072014e-308 1.7976931348623157e308
1e160 2.2250738585072014e-308 -1.7976931348623157e308
1e160 2.2250738585072014e-308 1e-160
1e160 2.2250738585072014e-308 1e-16
1e160 2.2250738585072014e-308 1e16
1e160 2.2250738585072014e-308 1e160
1e160 2.2250738585072014e-308 3.141592653589793
1e160 2.2250738585072014e-308 -3.141592653589793
1e160 -2.2250738585072014e-308 -0.0
1e160 -2.2250738585072014e-308 0.0
1e160 -2.2250738585072014e-308 NaN
1e160 -2.2250738585072014e-308 Infinity
1e160 -2.2250738585072014e-308 -Infinity
1e160 -2.2250738585072014e-308 1.0
1e160 -2.2250738585072014e-308 -1.0
1e160 -2.2250738585072014e-308 2.0
1e160 -2.2250738585072014e-308 -2.0
1e160 -2.2250738585072014e-308 0.5
1e160 -2.2250738585072014e-308 -0.5
1e160 -2.2250738585072014e-308 4.9406564584124654e-324
1e160 -2.2250738585072014e-308 -4.9406564584124654e-324
1e160 -2.2250738585072014e-308 2.2250738585072014e-308
1e160 -2.2250738585072014e-308 -2.2250738585072014e-308
1e160 -2.2250738585072014e-308 1.7976931348623157e308
1e160 -2.2250738585072014e-308 -1.7976931348623157e308
1e160 -2.2250738585072014e-308 1e-160
1e160 -2.2250738585072014e-308 1e-16
1e160 -2.2250738585072014e-308 1e16
1e160 -2.2250738585072014e-308 1e160
1e160 -2.2250738585072014e-308 3.141592653589793
1e160 -2.2250738585072014e-308 -3.141592653589793
1e160 1.7976931348623157e308 -0.0
1e160 1.7976931348623157e308 0.0
1e160 1.7976931348623157e308 NaN
1e160 1.7976931348623157e308 Infinity
1e160 1.7976931348623157e308 -Infinity
1e160 1.7976931348623157e308 1.0
1e160 1.7976931348623157e308 -1.0
1e160 1.7976931348623157e308 2.0
1e160 1.7976931348623157e308 -2.0
1e160 1.7976931348623157e308 0.5
1e160 1.7976931348623157e308 -0.5
1e160 1.7976931348623157e308 4.9406564584124654e-324
1e160 1.7976931348623157e308 -4.9406564584124654e-324
1e160 1.7976931348623157e308 2.2250738585072014e-308
1e160 1.7976931348623157e308 -2.2250738585072014e-308
1e160 1.7976931348623157e308 1.7976931348623157e308
1e160 1.7976931348623157e308 -1.7976931348623157e308
1e160 1.7976931348623157e308 1e-160
1e160 1.7976931348623157e308 1e-16
1e160 1.7976931348623157e308 1e16
1e160 1.7976931348623157e308 1e160
1e160 1.7976931348623157e308 3.141592653589793
1e160 1.7976931348623157e308 -3.141592653589793
1e160 -1.7976931348623157e308 -0.0
1e160 -1.7976931348623157e308 0.0
1e160 -1.7976931348623157e308 NaN
1e160 -1.7976931348623157e308 Infinity
1e160 -1.7976931348623157e308 -Infinity
1e160 -1.7976931348623157e308 1.0
1e160 -1.7976931348623157e308 -1.0
1e160 -1.7976931348623157e308 2.0
1e160 -1.7976931348623157e308 -2.0
1e160 -1.7976931348623157e308 0.5
1e160 -1.7976931348623157e308 -0.5
1e160 -1.7976931348623157e308 4.9406564584124654e-324
1e160 -1.7976931348623157e308 -4.9406564584124654e-324
1e160 -1.7976931348623157e308 2.2250738585072014e-308
1e160 -1.7976931348623157e308 -2.2250738585072014e-308
1e160 -1.7976931348623157e308 1.7976931348623157e308
1e160 -1.7976931348623157e308 -1.7976931348623157e308
1e160 -1.7976931348623157e308 1e-160
1e160 -1.7976931348623157e308 1e-16
1e160 -1.7976931348623157e308 1e16
1e160 -1.7976931348623157e308 1e160
1e160 -1.7976931348623157e308 3.141592653589793
1e160 -1.7976931348623157e308 -3.141592653589793
1e160 1e-160 -0.0
1e160 1e-160 0.0
1e160 1e-160 NaN
1e160 1e-160 Infinity
1e160 1e-160 -Infinity
1e160 1e-160 1.0
1e160 1e-160 -1.0
1e160 1e-160 2.0
1e160 1e-160 -2.0
1e160 1e-160 0.5
1e160 1e-160 -0.5
1e160 1e-160 4.9406564584124654e-324
1e160 1e-160 -4.9406564584124654e-324
1e160 1e-160 2.2250738585072014e-308
1e160 1e-160 -2.2250738585072014e-308
1e160 1e-160 1.7976931348623157e308
1e160 1e-160 -1.7976931348623157e308
1e160 1e-160 1e-160
1e160 1e-160 1e-16
1e160 1e-160 1e16
1e160 1e-160 1e160
1e160 1e-160 3.141592653589793
1e160 1e-160 -3.141592653589793
1e160 1e-16 -0.0
1e160 1e-16 0.0
1e160 1e-16 NaN
1e160 1e-16 Infinity
1e160 1e-16 -Infinity
1e160 1e-16 1.0
1e160 1e-16 -1.0
1e160 1e-16 2.0
1e160 1e-16 -2.0
1e160 1e-16 0.5
1e160 1e-16 -0.5
1e160 1e-16 4.9406564584124654e-324
1e160 1e-16 -4.9406564584124654e-324
1e160 1e-16 2.2250738585072014e-308
1e160 1e-16 -2.2250738585072014e-308
1e160 1e-16 1.7976931348623157e308
1e160 1e-16 -1.7976931348623157e308
1e160 1e-16 1e-160
1e160 1e-16 1e-16
1e160 1e-16 1e16
1e160 1e-16 1e160
1e160 1e-16 3.141592653589793
1e160 1e-16 -3.141592653589793
1e160 1e16 -0.0
1e160 1e16 0.0
1e160 1e16 NaN
1e160 1e16 Infinity
1e160 1e16 -Infinity
1e160 1e16 1.0
1e160 1e16 -1.0
1e160 1e16 2.0
1e160 1e16 -2.0
1e160 1e16 0.5
1e160 1e16 -0.5
1e160 1e16 4.9406564584124654e-324
1e160 1e16 -4.9406564584124654e-324
1e160 1e16 2.2250738585072014e-308
1e160 1e16 -2.2250738585072014e-308
1e160 1e16 1.7976931348623157e308
1e160 1e16 -1.7976931348623157e308
1e160 1e16 1e-160
1e160 1e16 1e-16
1e160 1e16 1e16
1e160 1e16 1e160
1e160 1e16 3.141592653589793
1e160 1e16 -3.141592653589793
1e160 1e160 -0.0
1e160 1e160 0.0
1e160 1e160 NaN
1e160 1e160 Infinity
1e160 1e160 -Infinity
1e160 1e160 1.0
1e160 1e160 -1.0
1e160 1e160 2.0
1e160 1e160 -2.0
1e160 1e160 0.5
1e160 1e160 -0.5
1e160 1e160 4.9406564584124654e-324
1e160 1e160 -4.9406564584124654e-324
1e160 1e160 2.2250738585072014e-308
1e160 1e160 -2.2250738585072014e-308
1e160 1e160 1.7976931348623157e308
1e160 1e160 -1.7976931348623157e308
1e160 1e160 1e-160
1e160 1e160 1e-16
1e160 1e160 1e16
1e160 1e160 1e160
1e160 1e160 3.141592653589793
1e160 1e160 -3.141592653589793
1e160 3.141592653589793 -0.0
1e160 3.141592653589793 0.0
1e160 3.141592653589793 NaN
1e160 3.141592653589793 Infinity
1e160 3.141592653589793 -Infinity
1e160 3.141592653589793 1.0
1e160 3.141592653589793 -1.0
1e160 3.141592653589793 2.0
1e160 3.141592653589793 -2.0
1e160 3.141592653589793 0.5
1e160 3.141592653589793 -0.5
1e160 3.141592653589793 4.9406564584124654e-324
1e160 3.141592653589793 -4.9406564584124654e-324
1e160 3.141592653589793 2.2250738585072014e-308
1e160 3.141592653589793 -2.2250738585072014e-308
1e160 3.141592653589793 1.7976931348623157e308
1e160 3.141592653589793 -1.7976931348623157e308
1e160 3.141592653589793 1e-160
1e160 3.141592653589793 1e-16
1e160 3.141592653589793 1e16
1e160 3.141592653589793 1e160
1e160 3.141592653589793 3.141592653589793
1e160 3.141592653589793 -3.141592653589793
1e160 -3.141592653589793 -0.0
1e160 -3.141592653589793 0.0
1e160 -3.141592653589793 NaN
1e160 -3.141592653589793 Infinity
1e160 -3.141592653589793 -Infinity
1e160 -3.141592653589793 1.0
1e160 -3.141592653589793 -1.0
1e160 -3.141592653589793 2.0
1e160 -3.141592653589793 -2.0
1e160 -3.141592653589793 0.5
1e160 -3.141592653589793 -0.5
1e160 -3.141592653589793 4.9406564584124654e-324
1e160 -3.141592653589793 -4.9406564584124654e-324
1e160 -3.141592653589793 2.2250738585072014e-308
1e160 -3.141592653589793 -2.2250738585072014e-308
1e160 -3.141592653589793 1.7976931348623157e308
1e160 -3.141592653589793 -1.7976931348623157e308
1e160 -3.141592653589793 1e-160
1e160 -3.141592653589793 1e-16
1e160 -3.141592653589793 1e16
1e160 -3.141592653589793 1e160
1e160 -3.141592653589793 3.141592653589793
1e160 -3.141592653589793 -3.141592653589793
3.141592653589793 -0.0 -0.0
3.141592653589793 -0.0 0.0
3.141592653589793 -0.0 NaN
3.141592653589793 -0.0 Infinity
3.141592653589793 -0.0 -Infinity
3.141592653589793 -0.0 1.0
3.141592653589793 -0.0 -1.0
3.141592653589793 -0.0 2.0
3.141592653589793 -0.0 -2.0
3.141592653589793 -0.0 0.5
3.141592653589793 -0.0 -0.5
3.141592653589793 -0.0 4.9406564584124654e-324
3.141592653589793 -0.0 -4.9406564584124654e-324
3.141592653589793 -0.0 2.2250738585072014e-308
3.141592653589793 -0.0 -2.2250738585072014e-308
3.141592653589793 -0.0 1.7976931348623157e308
3.141592653589793 -0.0 -1.7976931348623157e308
3.141592653589793 -0.0 1e-160
3.141592653589793 -0.0 1e-16
3.141592653589793 -0.0 1e16
3.141592653589793 -0.0 1e160
3.141592653589793 -0.0 3.141592653589793
3.141592653589793 -0.0 -3.141592653589793
3.141592653589793 0.0 -0.0
3.141592653589793 0.0 0.0
3.141592653589793 0.0 NaN
3.141592653589793 0.0 Infinity
3.141592653589793 0.0 -Infinity
3.141592653589793 0.0 1.0
3.141592653589793 0.0 -1.0
3.141592653589793 0.0 2.0
3.141592653589793 0.0 -2.0
3.141592653589793 0.0 0.5
3.141592653589793 0.0 -0.5
3.141592653589793 0.0 4.9406564584124654e-324
3.141592653589793 0.0 -4.9406564584124654e-324
3.141592653589793 0.0 2.2250738585072014e-308
3.141592653589793 0.0 -2.2250738585072014e-308
3.141592653589793 0.0 1.7976931348623157e308
3.141592653589793 0.0 -1.7976931348623157e308
3.141592653589793 0.0 1e-160
3.141592653589793 0.0 1e-16
3.141592653589793 0.0 1e16
3.141592653589793 0.0 1e160
3.141592653589793 0.0 3.141592653589793
3.141592653589793 0.0 -3.141592653589793
3.141592653589793 NaN -0.0
3.141592653589793 NaN 0.0
3.141592653589793 NaN NaN
3.141592653589793 NaN Infinity
3.141592653589793 NaN -Infinity
3.141592653589793 NaN 1.0
3.141592653589793 NaN -1.0
3.141592653589793 NaN 2.0
3.141592653589793 NaN -2.0
3.141592653589793 NaN 0.5
3.141592653589793 NaN -0.5
3.141592653589793 NaN 4.9406564584124654e-324
3.141592653589793 NaN -4.9406564584124654e-324
3.141592653589793 NaN 2.2250738585072014e-308
3.141592653589793 NaN -2.2250738585072014e-308
3.141592653589793 NaN 1.7976931348623157e308
3.141592653589793 NaN -1.7976931348623157e308
3.141592653589793 NaN 1e-160
3.141592653589793 NaN 1e-16
3.141592653589793 NaN 1e16
3.141592653589793 NaN 1e160
3.141592653589793 NaN 3.141592653589793
3.141592653589793 NaN -3.141592653589793
3.141592653589793 Infinity -0.0
3.141592653589793 Infinity 0.0
3.141592653589793 Infinity NaN
3.141592653589793 Infinity Infinity
3.141592653589793 Infinity -Infinity
3.141592653589793 Infinity 1.0
3.141592653589793 Infinity -1.0
3.141592653589793 Infinity 2.0
3.141592653589793 Infinity -2.0
3.141592653589793 Infinity 0.5
3.141592653589793 Infinity -0.5
3.141592653589793 Infinity 4.9406564584124654e-324
3.141592653589793 Infinity -4.9406564584124654e-324
3.141592653589793 Infinity 2.2250738585072014e-308
3.141592653589793 Infinity -2.2250738585072014e-308
3.141592653589793 Infinity 1.7976931348623157e308
3.141592653589793 Infinity -1.7976931348623157e308
3.141592653589793 Infinity 1e-160
3.141592653589793 Infinity 1e-16
3.141592653589793 Infinity 1e16
3.141592653589793 Infinity 1e160
3.141592653589793 Infinity 3.141592653589793
3.141592653589793 Infinity -3.141592653589793
3.141592653589793 -Infinity -0.0
3.141592653589793 -Infinity 0.0
3.141592653589793 -Infinity NaN
3.141592653589793 -Infinity Infinity
3.141592653589793 -Infinity -Infinity
3.141592653589793 -Infinity 1.0
3.141592653589793 -Infinity -1.0
3.141592653589793 -Infinity 2.0
3.141592653589793 -Infinity -2.0
3.141592653589793 -Infinity 0.5
3.141592653589793 -Infinity -0.5
3.141592653589793 -Infinity 4.9406564584124654e-324
3.141592653589793 -Infinity -4.9406564584124654e-324
3.141592653589793 -Infinity 2.2250738585072014e-308
3.141592653589793 -Infinity -2.2250738585072014e-308
3.141592653589793 -Infinity 1.7976931348623157e308
3.141592653589793 -Infinity -1.7976931348623157e308
3.141592653589793 -Infinity 1e-160
3.141592653589793 -Infinity 1e-16
3.141592653589793 -Infinity 1e16
3.141592653589793 -Infinity 1e160
3.141592653589793 -Infinity 3.141592653589793
3.141592653589793 -Infinity -3.141592653589793
3.141592653589793 1.0 -0.0
3.141592653589793 1.0 0.0
3.141592653589793 1.0 NaN
3.141592653589793 1.0 Infinity
3.141592653589793 1.0 -Infinity
3.141592653589793 1.0 1.0
3.141592653589793 1.0 -1.0
3.141592653589793 1.0 2.0
3.141592653589793 1.0 -2.0
3.141592653589793 1.0 0.5
3.141592653589793 1.0 -0.5
3.141592653589793 1.0 4.9406564584124654e-324
3.141592653589793 1.0 -4.9406564584124654e-324
3.141592653589793 1.0 2.2250738585072014e-308
3.141592653589793 1.0 -2.2250738585072014e-308
3.141592653589793 1.0 1.7976931348623157e308
3.141592653589793 1.0 -1.7976931348623157e308
3.141592653589793 1.0 1e-160
3.141592653589793 1.0 1e-16
3.141592653589793 1.0 1e16
3.141592653589793 1.0 1e160
3.141592653589793 1.0 3.141592653589793
3.141592653589793 1.0 -3.141592653589793
3.141592653589793 -1.0 -0.0
3.141592653589793 -1.0 0.0
3.141592653589793 -1.0 NaN
3.141592653589793 -1.0 Infinity
3.141592653589793 -1.0 -Infinity
3.141592653589793 -1.0 1.0
3.141592653589793 -1.0 -1.0
3.141592653589793 -1.0 2.0
3.141592653589793 -1.0 -2.0
3.141592653589793 -1.0 0.5
3.141592653589793 -1.0 -0.5
3.141592653589793 -1.0 4.9406564584124654e-324
3.141592653589793 -1.0 -4.9406564584124654e-324
3.141592653589793 -1.0 2.2250738585072014e-308
3.141592653589793 -1.0 -2.2250738585072014e-308
3.141592653589793 -1.0 1.7976931348623157e308
3.141592653589793 -1.0 -1.7976931348623157e308
3.141592653589793 -1.0 1e-160
3.141592653589793 -1.0 1e-16
3.141592653589793 -1.0 1e16
3.141592653589793 -1.0 1e160
3.141592653589793 -1.0 3.141592653589793
3.141592653589793 -1.0 -3.141592653589793
3.141592653589793 2.0 -0.0
3.141592653589793 2.0 0.0
3.141592653589793 2.0 NaN
3.141592653589793 2.0 Infinity
3.141592653589793 2.0 -Infinity
3.141592653589793 2.0 1.0
3.141592653589793 2.0 -1.0
3.141592653589793 2.0 2.0
3.141592653589793 2.0 -2.0
3.141592653589793 2.0 0.5
3.141592653589793 2.0 -0.5
3.141592653589793 2.0 4.9406564584124654e-324
3.141592653589793 2.0 -4.9406564584124654e-324
3.141592653589793 2.0 2.2250738585072014e-308
3.141592653589793 2.0 -2.2250738585072014e-308
3.141592653589793 2.0 1.7976931348623157e308
3.141592653589793 2.0 -1.7976931348623157e308
3.141592653589793 2.0 1e-160
3.141592653589793 2.0 1e-16
3.141592653589793 2.0 1e16
3.141592653589793 2.0 1e160
3.141592653589793 2.0 3.141592653589793
3.141592653589793 2.0 -3.141592653589793
3.141592653589793 -2.0 -0.0
3.141592653589793 -2.0 0.0
3.141592653589793 -2.0 NaN
3.141592653589793 -2.0 Infinity
3.141592653589793 -2.0 -Infinity
3.141592653589793 -2.0 1.0
3.141592653589793 -2.0 -1.0
3.141592653589793 -2.0 2.0
3.141592653589793 -2.0 -2.0
3.141592653589793 -2.0 0.5
3.141592653589793 -2.0 -0.5
3.141592653589793 -2.0 4.9406564584124654e-324
3.141592653589793 -2.0 -4.9406564584124654e-324
3.141592653589793 -2.0 2.2250738585072014e-308
3.141592653589793 -2.0 -2.2250738585072014e-308
3.141592653589793 -2.0 1.7976931348623157e308
3.141592653589793 -2.0 -1.7976931348623157e308
3.141592653589793 -2.0 1e-160
3.141592653589793 -2.0 1e-16
3.141592653589793 -2.0 1e16
3.141592653589793 -2.0 1e160
3.141592653589793 -2.0 3.141592653589793
3.141592653589793 -2.0 -3.141592653589793
3.141592653589793 0.5 -0.0
3.141592653589793 0.5 0.0
3.141592653589793 0.5 NaN
3.141592653589793 0.5 Infinity
3.141592653589793 0.5 -Infinity
3.141592653589793 0.5 1.0
3.141592653589793 0.5 -1.0
3.141592653589793 0.5 2.0
3.141592653589793 0.5 -2.0
3.141592653589793 0.5 0.5
3.141592653589793 0.5 -0.5
3.141592653589793 0.5 4.9406564584124654e-324
3.141592653589793 0.5 -4.9406564584124654e-324
3.141592653589793 0.5 2.2250738585072014e-308
3.141592653589793 0.5 -2.2250738585072014e-308
3.141592653589793 0.5 1.7976931348623157e308
3.141592653589793 0.5 -1.7976931348623157e308
3.141592653589793 0.5 1e-160
3.141592653589793 0.5 1e-16
3.141592653589793 0.5 1e16
3.141592653589793 0.5 1e160
3.141592653589793 0.5 3.141592653589793
3.141592653589793 0.5 -3.141592653589793
3.141592653589793 -0.5 -0.0
3.141592653589793 -0.5 0.0
3.141592653589793 -0.5 NaN
3.141592653589793 -0.5 Infinity
3.141592653589793 -0.5 -Infinity
3.141592653589793 -0.5 1.0
3.141592653589793 -0.5 -1.0
3.141592653589793 -0.5 2.0
3.141592653589793 -0.5 -2.0
3.141592653589793 -0.5 0.5
3.141592653589793 -0.5 -0.5
3.141592653589793 -0.5 4.9406564584124654e-324
3.141592653589793 -0.5 -4.9406564584124654e-324
3.141592653589793 -0.5 2.2250738585072014e-308
3.141592653589793 -0.5 -2.2250738585072014e-308
3.141592653589793 -0.5 1.7976931348623157e308
3.141592653589793 -0.5 -1.7976931348623157e308
3.141592653589793 -0.5 1e-160
3.141592653589793 -0.5 1e-16
3.141592653589793 -0.5 1e16
3.141592653589793 -0.5 1e160
3.141592653589793 -0.5 3.141592653589793
3.141592653589793 -0.5 -3.141592653589793
3.141592653589793 4.9406564584124654e-324 -0.0
3.141592653589793 4.9406564584124654e-324 0.0
3.141592653589793 4.9406564584124654e-324 NaN
3.141592653589793 4.9406564584124654e-324 Infinity
3.141592653589793 4.9406564584124654e-324 -Infinity
3.141592653589793 4.9406564584124654e-324 1.0
3.141592653589793 4.9406564584124654e-324 -1.0
3.141592653589793 4.9406564584124654e-324 2.0
3.141592653589793 4.9406564584124654e-324 -2.0
3.141592653589793 4.9406564584124654e-324 0.5
3.141592653589793 4.9406564584124654e-324 -0.5
3.141592653589793 4.9406564584124654e-324 4.9406564584124654e-324
3.141592653589793 4.9406564584124654e-324 -4.9406564584124654e-324
3.141592653589793 4.9406564584124654e-324 2.2250738585072014e-308
3.141592653589793 4.9406564584124654e-324 -2.2250738585072014e-308
3.141592653589793 4.9406564584124654e-324 1.7976931348623157e308
3.141592653589793 4.9406564584124654e-324 -1.7976931348623157e308
3.141592653589793 4.9406564584124654e-324 1e-160
3.141592653589793 4.9406564584124654e-324 1e-16
3.141592653589793 4.9406564584124654e-324 1e16
3.141592653589793 4.9406564584124654e-324 1e160
3.141592653589793 4.9406564584124654e-324 3.141592653589793
3.141592653589793 4.9406564584124654e-324 -3.141592653589793
3.141592653589793 -4.9406564584124654e-324 -0.0
3.141592653589793 -4.9406564584124654e-324 0.0
3.141592653589793 -4.9406564584124654e-324 NaN
3.141592653589793 -4.9406564584124654e-324 Infinity
3.141592653589793 -4.9406564584124654e-324 -Infinity
3.141592653589793 -4.9406564584124654e-324 1.0
3.141592653589793 -4.9406564584124654e-324 -1.0
3.141592653589793 -4.9406564584124654e-324 2.0
3.141592653589793 -4.9406564584124654e-324 -2.0
3.141592653589793 -4.9406564584124654e-324 0.5
3.141592653589793 -4.9406564584124654e-324 -0.5
3.141592653589793 -4.9406564584124654e-324 4.9406564584124654e-324
3.141592653589793 -4.9406564584124654e-324 -4.9406564584124654e-324
3.141592653589793 -4.9406564584124654e-324 2.2250738585072014e-308
3.141592653589793 -4.9406564584124654e-324 -2.2250738585072014e-308
3.141592653589793 -4.9406564584124654e-324 1.7976931348623157e308
3.141592653589793 -4.9406564584124654e-324 -1.7976931348623157e308
3.141592653589793 -4.9406564584124654e-324 1e-160
3.141592653589793 -4.9406564584124654e-324 1e-16
3.141592653589793 -4.9406564584124654e-324 1e16
3.141592653589793 -4.9406564584124654e-324 1e160
3.141592653589793 -4.9406564584124654e-324 3.141592653589793
3.141592653589793 -4.9406564584124654e-324 -3.141592653589793
3.141592653589793 2.2250738585072014e-308 -0.0
3.141592653589793 2.2250738585072014e-308 0.0
3.141592653589793 2.2250738585072014e-308 NaN
3.141592653589793 2.2250738585072014e-308 Infinity
3.141592653589793 2.2250738585072014e-308 -Infinity
3.141592653589793 2.2250738585072014e-308 1.0
3.141592653589793 2.2250738585072014e-308 -1.0
3.141592653589793 2.2250738585072014e-308 2.0
3.141592653589793 2.2250738585072014e-308 -2.0
3.141592653589793 2.2250738585072014e-308 0.5
3.141592653589793 2.2250738585072014e-308 -0.5
3.141592653589793 2.2250738585072014e-308 4.9406564584124654e-324
3.141592653589793 2.2250738585072014e-308 -4.9406564584124654e-324
3.141592653589793 2.2250738585072014e-308 2.2250738585072014e-308
3.141592653589793 2.2250738585072014e-308 -2.2250738585072014e-308
3.141592653589793 2.2250738585072014e-308 1.7976931348623157e308
3.141592653589793 2.2250738585072014e-308 -1.7976931348623157e308
3.141592653589793 2.2250738585072014e-308 1e-160
3.141592653589793 2.2250738585072014e-308 1e-16
3.141592653589793 2.2250738585072014e-308 1e16
3.141592653589793 2.2250738585072014e-308 1e160
3.141592653589793 2.2250738585072014e-308 3.141592653589793
3.141592653589793 2.2250738585072014e-308 -3.141592653589793
3.141592653589793 -2.2250738585072014e-308 -0.0
3.141592653589793 -2.2250738585072014e-308 0.0
3.141592653589793 -2.2250738585072014e-308 NaN
3.141592653589793 -2.2250738585072014e-308 Infinity
3.141592653589793 -2.2250738585072014e-308 -Infinity
3.141592653589793 -2.2250738585072014e-308 1.0
3.141592653589793 -2.2250738585072014e-308 -1.0
3.141592653589793 -2.2250738585072014e-308 2.0
3.141592653589793 -2.2250738585072014e-308 -2.0
3.141592653589793 -2.2250738585072014e-308 0.5
3.141592653589793 -2.2250738585072014e-308 -0.5
3.141592653589793 -2.2250738585072014e-308 4.9406564584124654e-324
3.141592653589793 -2.2250738585072014e-308 -4.9406564584124654e-324
3.141592653589793 -2.2250738585072014e-308 2.2250738585072014e-308
3.141592653589793 -2.2250738585072014e-308 -2.2250738585072014e-308
3.141592653589793 -2.2250738585072014e-308 1.7976931348623157e308
3.141592653589793 -2.2250738585072014e-308 -1.7976931348623157e308
3.141592653589793 -2.2250738585072014e-308 1e-160
3.141592653589793 -2.2250738585072014e-308 1e-16
3.141592653589793 -2.2250738585072014e-308 1e16
3.141592653589793 -2.2250738585072014e-308 1e160
3.141592653589793 -2.2250738585072014e-308 3.141592653589793
3.141592653589793 -2.2250738585072014e-308 -3.141592653589793
3.141592653589793 1.7976931348623157e308 -0.0
3.141592653589793 1.7976931348623157e308 0.0
3.141592653589793 1.7976931348623157e308 NaN
3.141592653589793 1.7976931348623157e308 Infinity
3.141592653589793 1.7976931348623157e308 -Infinity
3.141592653589793 1.7976931348623157e308 1.0
3.141592653589793 1.7976931348623157e308 -1.0
3.141592653589793 1.7976931348623157e308 2.0
3.141592653589793 1.7976931348623157e308 -2.0
3.141592653589793 1.7976931348623157e308 0.5
3.141592653589793 1.7976931348623157e308 -0.5
3.141592653589793 1.7976931348623157e308 4.9406564584124654e-324
3.141592653589793 1.7976931348623157e308 -4.9406564584124654e-324
3.141592653589793 1.7976931348623157e308 2.2250738585072014e-308
3.141592653589793 1.7976931348623157e308 -2.2250738585072014e-308
3.141592653589793 1.7976931348623157e308 1.7976931348623157e308
3.141592653589793 1.7976931348623157e308 -1.7976931348623157e308
3.141592653589793 1.7976931348623157e308 1e-160
3.141592653589793 1.7976931348623157e308 1e-16
3.141592653589793 1.7976931348623157e308 1e16
3.141592653589793 1.7976931348623157e308 1e160
3.141592653589793 1.7976931348623157e308 3.141592653589793
3.141592653589793 1.7976931348623157e308 -3.141592653589793
3.141592653589793 -1.7976931348623157e308 -0.0
3.141592653589793 -1.7976931348623157e308 0.0
3.141592653589793 -1.7976931348623157e308 NaN
3.141592653589793 -1.7976931348623157e308 Infinity
3.141592653589793 -1.7976931348623157e308 -Infinity
3.141592653589793 -1.7976931348623157e308 1.0
3.141592653589793 -1.7976931348623157e308 -1.0
3.141592653589793 -1.7976931348623157e308 2.0
3.141592653589793 -1.7976931348623157e308 -2.0
3.141592653589793 -1.7976931348623157e308 0.5
3.141592653589793 -1.7976931348623157e308 -0.5
3.141592653589793 -1.7976931348623157e308 4.9406564584124654e-324
3.141592653589793 -1.7976931348623157e308 -4.9406564584124654e-324
3.141592653589793 -1.7976931348623157e308 2.2250738585072014e-308
3.141592653589793 -1.7976931348623157e308 -2.2250738585072014e-308
3.141592653589793 -1.7976931348623157e308 1.7976931348623157e308
3.141592653589793 -1.7976931348623157e308 -1.7976931348623157e308
3.141592653589793 -1.7976931348623157e308 1e-160
3.141592653589793 -1.7976931348623157e308 1e-16
3.141592653589793 -1.7976931348623157e308 1e16
3.141592653589793 -1.7976931348623157e308 1e160
3.141592653589793 -1.7976931348623157e308 3.141592653589793
3.141592653589793 -1.7976931348623157e308 -3.141592653589793
3.141592653589793 1e-160 -0.0
3.141592653589793 1e-160 0.0
3.141592653589793 1e-160 NaN
3.141592653589793 1e-160 Infinity
3.141592653589793 1e-160 -Infinity
3.141592653589793 1e-160 1.0
3.141592653589793 1e-160 -1.0
3.141592653589793 1e-160 2.0
3.141592653589793 1e-160 -2.0
3.141592653589793 1e-160 0.5
3.141592653589793 1e-160 -0.5
3.141592653589793 1e-160 4.9406564584124654e-324
3.141592653589793 1e-160 -4.9406564584124654e-324
3.141592653589793 1e-160 2.2250738585072014e-308
3.141592653589793 1e-160 -2.2250738585072014e-308
3.141592653589793 1e-160 1.7976931348623157e308
3.141592653589793 1e-160 -1.7976931348623157e308
3.141592653589793 1e-160 1e-160
3.141592653589793 1e-160 1e-16
3.141592653589793 1e-160 1e16
3.141592653589793 1e-160 1e160
3.141592653589793 1e-160 3.141592653589793
3.141592653589793 1e-160 -3.141592653589793
3.141592653589793 1e-16 -0.0
3.141592653589793 1e-16 0.0
3.141592653589793 1e-16 NaN
3.141592653589793 1e-16 Infinity
3.141592653589793 1e-16 -Infinity
3.141592653589793 1e-16 1.0
3.141592653589793 1e-16 -1.0
3.141592653589793 1e-16 2.0
3.141592653589793 1e-16 -2.0
3.141592653589793 1e-16 0.5
3.141592653589793 1e-16 -0.5
3.141592653589793 1e-16 4.9406564584124654e-324
3.141592653589793 1e-16 -4.9406564584124654e-324
3.141592653589793 1e-16 2.2250738585072014e-308
3.141592653589793 1e-16 -2.2250738585072014e-308
3.141592653589793 1e-16 1.7976931348623157e308
3.141592653589793 1e-16 -1.7976931348623157e308
3.141592653589793 1e-16 1e-160
3.141592653589793 1e-16 1e-16
3.141592653589793 1e-16 1e16
3.141592653589793 1e-16 1e160
3.141592653589793 1e-16 3.141592653589793
3.141592653589793 1e-16 -3.141592653589793
3.141592653589793 1e16 -0.0
3.141592653589793 1e16 0.0
3.141592653589793 1e16 NaN
3.141592653589793 1e16 Infinity
3.141592653589793 1e16 -Infinity
3.141592653589793 1e16 1.0
3.141592653589793 1e16 -1.0
3.141592653589793 1e16 2.0
3.141592653589793 1e16 -2.0
3.141592653589793 1e16 0.5
3.141592653589793 1e16 -0.5
3.141592653589793 1e16 4.9406564584124654e-324
3.141592653589793 1e16 -4.9406564584124654e-324
3.141592653589793 1e16 2.2250738585072014e-308
3.141592653589793 1e16 -2.2250738585072014e-308
3.141592653589793 1e16 1.7976931348623157e308
3.141592653589793 1e16 -1.7976931348623157e308
3.141592653589793 1e16 1e-160
3.141592653589793 1e16 1e-16
3.141592653589793 1e16 1e16
3.141592653589793 1e16 1e160
3.141592653589793 1e16 3.141592653589793
3.141592653589793 1e16 -3.141592653589793
3.141592653589793 1e160 -0.0
3.141592653589793 1e160 0.0
3.141592653589793 1e160 NaN
3.141592653589793 1e160 Infinity
3.141592653589793 1e160 -Infinity
3.141592653589793 1e160 1.0
3.141592653589793 1e160 -1.0
3.141592653589793 1e160 2.0
3.141592653589793 1e160 -2.0
3.141592653589793 1e160 0.5
3.141592653589793 1e160 -0.5
3.141592653589793 1e160 4.9406564584124654e-324
3.141592653589793 1e160 -4.9406564584124654e-324
3.141592653589793 1e160 2.2250738585072014e-308
3.141592653589793 1e160 -2.2250738585072014e-308
3.141592653589793 1e160 1.7976931348623157e308
3.141592653589793 1e160 -1.7976931348623157e308
3.141592653589793 1e160 1e-160
3.141592653589793 1e160 1e-16
3.141592653589793 1e160 1e16
3.141592653589793 1e160 1e160
3.141592653589793 1e160 3.141592653589793
3.141592653589793 1e160 -3.141592653589793
3.141592653589793 3.141592653589793 -0.0
3.141592653589793 3.141592653589793 0.0
3.141592653589793 3.141592653589793 NaN
3.141592653589793 3.141592653589793 Infinity
3.141592653589793 3.141592653589793 -Infinity
3.141592653589793 3.141592653589793 1.0
3.141592653589793 3.141592653589793 -1.0
3.141592653589793 3.141592653589793 2.0
3.141592653589793 3.141592653589793 -2.0
3.141592653589793 3.141592653589793 0.5
3.141592653589793 3.141592653589793 -0.5
3.141592653589793 3.141592653589793 4.9406564584124654e-324
3.141592653589793 3.141592653589793 -4.9406564584124654e-324
3.141592653589793 3.141592653589793 2.2250738585072014e-308
3.141592653589793 3.141592653589793 -2.2250738585072014e-308
3.141592653589793 3.141592653589793 1.7976931348623157e308
3.141592653589793 3.141592653589793 -1.7976931348623157e308
3.141592653589793 3.141592653589793 1e-160
3.141592653589793 3.141592653589793 1e-16
3.141592653589793 3.141592653589793 1e16
3.141592653589793 3.141592653589793 1e160
3.141592653589793 3.141592653589793 3.141592653589793
3.141592653589793 3.141592653589793 -3.141592653589793
3.141592653589793 -3.141592653589793 -0.0
3.141592653589793 -3.141592653589793 0.0
3.141592653589793 -3.141592653589793 NaN
3.141592653589793 -3.141592653589793 Infinity
3.141592653589793 -3.141592653589793 -Infinity
3.141592653589793 -3.141592653589793 1.0
3.141592653589793 -3.141592653589793 -1.0
3.141592653589793 -3.141592653589793 2.0
3.141592653589793 -3.141592653589793 -2.0
3.141592653589793 -3.141592653589793 0.5
3.141592653589793 -3.141592653589793 -0.5
3.141592653589793 -3.141592653589793 4.9406564584124654e-324
3.141592653589793 -3.141592653589793 -4.9406564584124654e-324
3.141592653589793 -3.141592653589793 2.2250738585072014e-308
3.141592653589793 -3.141592653589793 -2.2250738585072014e-308
3.141592653589793 -3.141592653589793 1.7976931348623157e308
3.141592653589793 -3.141592653589793 -1.7976931348623157e308
3.141592653589793 -3.141592653589793 1e-160
3.141592653589793 -3.141592653589793 1e-16
3.141592653589793 -3.141592653589793 1e16
3.141592653589793 -3.141592653589793 1e160
3.141592653589793 -3.141592653589793 3.141592653589793
3.141592653589793 -3.141592653589793 -3.141592653589793
-3.141592653589793 -0.0 -0.0
-3.141592653589793 -0.0 0.0
-3.141592653589793 -0.0 NaN
-3.141592653589793 -0.0 Infinity
-3.141592653589793 -0.0 -Infinity
-3.141592653589793 -0.0 1.0
-3.141592653589793 -0.0 -1.0
-3.141592653589793 -0.0 2.0
-3.141592653589793 -0.0 -2.0
-3.141592653589793 -0.0 0.5
-3.141592653589793 -0.0 -0.5
-3.141592653589793 -0.0 4.9406564584124654e-324
-3.141592653589793 -0.0 -4.9406564584124654e-324
-3.141592653589793 -0.0 2.2250738585072014e-308
-3.141592653589793 -0.0 -2.2250738585072014e-308
-3.141592653589793 -0.0 1.7976931348623157e308
-3.141592653589793 -0.0 -1.7976931348623157e308
-3.141592653589793 -0.0 1e-160
-3.141592653589793 -0.0 1e-16
-3.141592653589793 -0.0 1e16
-3.141592653589793 -0.0 1e160
-3.141592653589793 -0.0 3.141592653589793
-3.141592653589793 -0.0 -3.141592653589793
-3.141592653589793 0.0 -0.0
-3.141592653589793 0.0 0.0
-3.141592653589793 0.0 NaN
-3.141592653589793 0.0 Infinity
-3.141592653589793 0.0 -Infinity
-3.141592653589793 0.0 1.0
-3.141592653589793 0.0 -1.0
-3.141592653589793 0.0 2.0
-3.141592653589793 0.0 -2.0
-3.141592653589793 0.0 0.5
-3.141592653589793 0.0 -0.5
-3.141592653589793 0.0 4.9406564584124654e-324
-3.141592653589793 0.0 -4.9406564584124654e-324
-3.141592653589793 0.0 2.2250738585072014e-308
-3.141592653589793 0.0 -2.2250738585072014e-308
-3.141592653589793 0.0 1.7976931348623157e308
-3.141592653589793 0.0 -1.7976931348623157e308
-3.141592653589793 0.0 1e-160
-3.141592653589793 0.0 1e-16
-3.141592653589793 0.0 1e16
-3.141592653589793 0.0 1e160
-3.141592653589793 0.0 3.141592653589793
-3.141592653589793 0.0 -3.141592653589793
-3.141592653589793 NaN -0.0
-3.141592653589793 NaN 0.0
-3.141592653589793 NaN NaN
-3.141592653589793 NaN Infinity
-3.141592653589793 NaN -Infinity
-3.141592653589793 NaN 1.0
-3.141592653589793 NaN -1.0
-3.141592653589793 NaN 2.0
-3.141592653589793 NaN -2.0
-3.141592653589793 NaN 0.5
-3.141592653589793 NaN -0.5
-3.141592653589793 NaN 4.9406564584124654e-324
-3.141592653589793 NaN -4.9406564584124654e-324
-3.141592653589793 NaN 2.2250738585072014e-308
-3.141592653589793 NaN -2.2250738585072014e-308
-3.141592653589793 NaN 1.7976931348623157e308
-3.141592653589793 NaN -1.7976931348623157e308
-3.141592653589793 NaN 1e-160
-3.141592653589793 NaN 1e-16
-3.141592653589793 NaN 1e16
-3.141592653589793 NaN 1e160
-3.141592653589793 NaN 3.141592653589793
-3.141592653589793 NaN -3.141592653589793
-3.141592653589793 Infinity -0.0
-3.141592653589793 Infinity 0.0
-3.141592653589793 Infinity NaN
-3.141592653589793 Infinity Infinity
-3.141592653589793 Infinity -Infinity
-3.141592653589793 Infinity 1.0
-3.141592653589793 Infinity -1.0
-3.141592653589793 Infinity 2.0
-3.141592653589793 Infinity -2.0
-3.141592653589793 Infinity 0.5
-3.141592653589793 Infinity -0.5
-3.141592653589793 Infinity 4.9406564584124654e-324
-3.141592653589793 Infinity -4.9406564584124654e-324
-3.141592653589793 Infinity 2.2250738585072014e-308
-3.141592653589793 Infinity -2.2250738585072014e-308
-3.141592653589793 Infinity 1.7976931348623157e308
-3.141592653589793 Infinity -1.7976931348623157e308
-3.141592653589793 Infinity 1e-160
-3.141592653589793 Infinity 1e-16
-3.141592653589793 Infinity 1e16
-3.141592653589793 Infinity 1e160
-3.141592653589793 Infinity 3.141592653589793
-3.141592653589793 Infinity -3.141592653589793
-3.141592653589793 -Infinity -0.0
-3.141592653589793 -Infinity 0.0
-3.141592653589793 -Infinity NaN
-3.141592653589793 -Infinity Infinity
-3.141592653589793 -Infinity -Infinity
-3.141592653589793 -Infinity 1.0
-3.141592653589793 -Infinity -1.0
-3.141592653589793 -Infinity 2.0
-3.141592653589793 -Infinity -2.0
-3.141592653589793 -Infinity 0.5
-3.141592653589793 -Infinity -0.5
-3.141592653589793 -Infinity 4.9406564584124654e-324
-3.141592653589793 -Infinity -4.9406564584124654e-324
-3.141592653589793 -Infinity 2.2250738585072014e-308
-3.141592653589793 -Infinity -2.2250738585072014e-308
-3.141592653589793 -Infinity 1.7976931348623157e308
-3.141592653589793 -Infinity -1.7976931348623157e308
-3.141592653589793 -Infinity 1e-160
-3.141592653589793 -Infinity 1e-16
-3.141592653589793 -Infinity 1e16
-3.141592653589793 -Infinity 1e160
-3.141592653589793 -Infinity 3.141592653589793
-3.141592653589793 -Infinity -3.141592653589793
-3.141592653589793 1.0 -0.0
-3.141592653589793 1.0 0.0
-3.141592653589793 1.0 NaN
-3.141592653589793 1.0 Infinity
-3.141592653589793 1.0 -Infinity
-3.141592653589793 1.0 1.0
-3.141592653589793 1.0 -1.0
-3.141592653589793 1.0 2.0
-3.141592653589793 1.0 -2.0
-3.141592653589793 1.0 0.5
-3.141592653589793 1.0 -0.5
-3.141592653589793 1.0 4.9406564584124654e-324
-3.141592653589793 1.0 -4.9406564584124654e-324
-3.141592653589793 1.0 2.2250738585072014e-308
-3.141592653589793 1.0 -2.2250738585072014e-308
-3.141592653589793 1.0 1.7976931348623157e308
-3.141592653589793 1.0 -1.7976931348623157e308
-3.141592653589793 1.0 1e-160
-3.141592653589793 1.0 1e-16
-3.141592653589793 1.0 1e16
-3.141592653589793 1.0 1e160
-3.141592653589793 1.0 3.141592653589793
-3.141592653589793 1.0 -3.141592653589793
-3.141592653589793 -1.0 -0.0
-3.141592653589793 -1.0 0.0
-3.141592653589793 -1.0 NaN
-3.141592653589793 -1.0 Infinity
-3.141592653589793 -1.0 -Infinity
-3.141592653589793 -1.0 1.0
-3.141592653589793 -1.0 -1.0
-3.141592653589793 -1.0 2.0
-3.141592653589793 -1.0 -2.0
-3.141592653589793 -1.0 0.5
-3.141592653589793 -1.0 -0.5
-3.141592653589793 -1.0 4.9406564584124654e-324
-3.141592653589793 -1.0 -4.9406564584124654e-324
-3.141592653589793 -1.0 2.2250738585072014e-308
-3.141592653589793 -1.0 -2.2250738585072014e-308
-3.141592653589793 -1.0 1.7976931348623157e308
-3.141592653589793 -1.0 -1.7976931348623157e308
-3.141592653589793 -1.0 1e-160
-3.141592653589793 -1.0 1e-16
-3.141592653589793 -1.0 1e16
-3.141592653589793 -1.0 1e160
-3.141592653589793 -1.0 3.141592653589793
-3.141592653589793 -1.0 -3.141592653589793
-3.141592653589793 2.0 -0.0
-3.141592653589793 2.0 0.0
-3.141592653589793 2.0 NaN
-3.141592653589793 2.0 Infinity
-3.141592653589793 2.0 -Infinity
-3.141592653589793 2.0 1.0
-3.141592653589793 2.0 -1.0
-3.141592653589793 2.0 2.0
-3.141592653589793 2.0 -2.0
-3.141592653589793 2.0 0.5
-3.141592653589793 2.0 -0.5
-3.141592653589793 2.0 4.9406564584124654e-324
-3.141592653589793 2.0 -4.9406564584124654e-324
-3.141592653589793 2.0 2.2250738585072014e-308
-3.141592653589793 2.0 -2.2250738585072014e-308
-3.141592653589793 2.0 1.7976931348623157e308
-3.141592653589793 2.0 -1.7976931348623157e308
-3.141592653589793 2.0 1e-160
-3.141592653589793 2.0 1e-16
-3.141592653589793 2.0 1e16
-3.141592653589793 2.0 1e160
-3.141592653589793 2.0 3.141592653589793
-3.141592653589793 2.0 -3.141592653589793
-3.141592653589793 -2.0 -0.0
-3.141592653589793 -2.0 0.0
-3.141592653589793 -2.0 NaN
-3.141592653589793 -2.0 Infinity
-3.141592653589793 -2.0 -Infinity
-3.141592653589793 -2.0 1.0
-3.141592653589793 -2.0 -1.0
-3.141592653589793 -2.0 2.0
-3.141592653589793 -2.0 -2.0
-3.141592653589793 -2.0 0.5
-3.141592653589793 -2.0 -0.5
-3.141592653589793 -2.0 4.9406564584124654e-324
-3.141592653589793 -2.0 -4.9406564584124654e-324
-3.141592653589793 -2.0 2.2250738585072014e-308
-3.141592653589793 -2.0 -2.2250738585072014e-308
-3.141592653589793 -2.0 1.7976931348623157e308
-3.141592653589793 -2.0 -1.7976931348623157e308
-3.141592653589793 -2.0 1e-160
-3.141592653589793 -2.0 1e-16
-3.141592653589793 -2.0 1e16
-3.141592653589793 -2.0 1e160
-3.141592653589793 -2.0 3.141592653589793
-3.141592653589793 -2.0 -3.141592653589793
-3.141592653589793 0.5 -0.0
-3.141592653589793 0.5 0.0
-3.141592653589793 0.5 NaN
-3.141592653589793 0.5 Infinity
-3.141592653589793 0.5 -Infinity
-3.141592653589793 0.5 1.0
-3.141592653589793 0.5 -1.0
-3.141592653589793 0.5 2.0
-3.141592653589793 0.5 -2.0
-3.141592653589793 0.5 0.5
-3.141592653589793 0.5 -0.5
-3.141592653589793 0.5 4.9406564584124654e-324
-3.141592653589793 0.5 -4.9406564584124654e-324
-3.141592653589793 0.5 2.2250738585072014e-308
-3.141592653589793 0.5 -2.2250738585072014e-308
-3.141592653589793 0.5 1.7976931348623157e308
-3.141592653589793 0.5 -1.7976931348623157e308
-3.141592653589793 0.5 1e-160
-3.141592653589793 0.5 1e-16
-3.141592653589793 0.5 1e16
-3.141592653589793 0.5 1e160
-3.141592653589793 0.5 3.141592653589793
-3.141592653589793 0.5 -3.141592653589793
-3.141592653589793 -0.5 -0.0
-3.141592653589793 -0.5 0.0
-3.141592653589793 -0.5 NaN
-3.141592653589793 -0.5 Infinity
-3.141592653589793 -0.5 -Infinity
-3.141592653589793 -0.5 1.0
-3.141592653589793 -0.5 -1.0
-3.141592653589793 -0.5 2.0
-3.141592653589793 -0.5 -2.0
-3.141592653589793 -0.5 0.5
-3.141592653589793 -0.5 -0.5
-3.141592653589793 -0.5 4.9406564584124654e-324
-3.141592653589793 -0.5 -4.9406564584124654e-324
-3.141592653589793 -0.5 2.2250738585072014e-308
-3.141592653589793 -0.5 -2.2250738585072014e-308
-3.141592653589793 -0.5 1.7976931348623157e308
-3.141592653589793 -0.5 -1.7976931348623157e308
-3.141592653589793 -0.5 1e-160
-3.141592653589793 -0.5 1e-16
-3.141592653589793 -0.5 1e16
-3.141592653589793 -0.5 1e160
-3.141592653589793 -0.5 3.141592653589793
-3.141592653589793 -0.5 -3.141592653589793
-3.141592653589793 4.9406564584124654e-324 -0.0
-3.141592653589793 4.9406564584124654e-324 0.0
-3.141592653589793 4.9406564584124654e-324 NaN
-3.141592653589793 4.9406564584124654e-324 Infinity
-3.141592653589793 4.9406564584124654e-324 -Infinity
-3.141592653589793 4.9406564584124654e-324 1.0
-3.141592653589793 4.9406564584124654e-324 -1.0
-3.141592653589793 4.9406564584124654e-324 2.0
-3.141592653589793 4.9406564584124654e-324 -2.0
-3.141592653589793 4.9406564584124654e-324 0.5
-3.141592653589793 4.9406564584124654e-324 -0.5
-3.141592653589793 4.9406564584124654e-324 4.9406564584124654e-324
-3.141592653589793 4.9406564584124654e-324 -4.9406564584124654e-324
-3.141592653589793 4.9406564584124654e-324 2.2250738585072014e-308
-3.141592653589793 4.9406564584124654e-324 -2.2250738585072014e-308
-3.141592653589793 4.9406564584124654e-324 1.7976931348623157e308
-3.141592653589793 4.9406564584124654e-324 -1.7976931348623157e308
-3.141592653589793 4.9406564584124654e-324 1e-160
-3.141592653589793 4.9406564584124654e-324 1e-16
-3.141592653589793 4.9406564584124654e-324 1e16
-3.141592653589793 4.9406564584124654e-324 1e160
-3.141592653589793 4.9406564584124654e-324 3.141592653589793
-3.141592653589793 4.9406564584124654e-324 -3.141592653589793
-3.141592653589793 -4.9406564584124654e-324 -0.0
-3.141592653589793 -4.9406564584124654e-324 0.0
-3.141592653589793 -4.9406564584124654e-324 NaN
-3.141592653589793 -4.9406564584124654e-324 Infinity
-3.141592653589793 -4.9406564584124654e-324 -Infinity
-3.141592653589793 -4.9406564584124654e-324 1.0
-3.141592653589793 -4.9406564584124654e-324 -1.0
-3.141592653589793 -4.9406564584124654e-324 2.0
-3.141592653589793 -4.9406564584124654e-324 -2.0
-3.141592653589793 -4.9406564584124654e-324 0.5
-3.141592653589793 -4.9406564584124654e-324 -0.5
-3.141592653589793 -4.9406564584124654e-324 4.9406564584124654e-324
-3.141592653589793 -4.9406564584124654e-324 -4.9406564584124654e-324
-3.141592653589793 -4.9406564584124654e-324 2.2250738585072014e-308
-3.141592653589793 -4.9406564584124654e-324 -2.2250738585072014e-308
-3.141592653589793 -4.9406564584124654e-324 1.7976931348623157e308
-3.141592653589793 -4.9406564584124654e-324 -1.7976931348623157e308
-3.141592653589793 -4.9406564584124654e-324 1e-160
-3.141592653589793 -4.9406564584124654e-324 1e-16
-3.141592653589793 -4.9406564584124654e-324 1e16
-3.141592653589793 -4.9406564584124654e-324 1e160
-3.141592653589793 -4.9406564584124654e-324 3.141592653589793
-3.141592653589793 -4.9406564584124654e-324 -3.141592653589793
-3.141592653589793 2.2250738585072014e-308 -0.0
-3.141592653589793 2.2250738585072014e-308 0.0
-3.141592653589793 2.2250738585072014e-308 NaN
-3.141592653589793 2.2250738585072014e-308 Infinity
-3.141592653589793 2.2250738585072014e-308 -Infinity
-3.141592653589793 2.2250738585072014e-308 1.0
-3.141592653589793 2.2250738585072014e-308 -1.0
-3.141592653589793 2.2250738585072014e-308 2.0
-3.141592653589793 2.2250738585072014e-308 -2.0
-3.141592653589793 2.2250738585072014e-308 0.5
-3.141592653589793 2.2250738585072014e-308 -0.5
-3.141592653589793 2.2250738585072014e-308 4.9406564584124654e-324
-3.141592653589793 2.2250738585072014e-308 -4.9406564584124654e-324
-3.141592653589793 2.2250738585072014e-308 2.2250738585072014e-308
-3.141592653589793 2.2250738585072014e-308 -2.2250738585072014e-308
-3.141592653589793 2.2250738585072014e-308 1.7976931348623157e308
-3.141592653589793 2.2250738585072014e-308 -1.7976931348623157e308
-3.141592653589793 2.2250738585072014e-308 1e-160
-3.141592653589793 2.2250738585072014e-308 1e-16
-3.141592653589793 2.2250738585072014e-308 1e16
-3.141592653589793 2.2250738585072014e-308 1e160
-3.141592653589793 2.2250738585072014e-308 3.141592653589793
-3.141592653589793 2.2250738585072014e-308 -3.141592653589793
-3.141592653589793 -2.2250738585072014e-308 -0.0
-3.141592653589793 -2.2250738585072014e-308 0.0
-3.141592653589793 -2.2250738585072014e-308 NaN
-3.141592653589793 -2.2250738585072014e-308 Infinity
-3.141592653589793 -2.2250738585072014e-308 -Infinity
-3.141592653589793 -2.2250738585072014e-308 1.0
-3.141592653589793 -2.2250738585072014e-308 -1.0
-3.141592653589793 -2.2250738585072014e-308 2.0
-3.141592653589793 -2.2250738585072014e-308 -2.0
-3.141592653589793 -2.2250738585072014e-308 0.5
-3.141592653589793 -2.2250738585072014e-308 -0.5
-3.141592653589793 -2.2250738585072014e-308 4.9406564584124654e-324
-3.141592653589793 -2.2250738585072014e-308 -4.9406564584124654e-324
-3.141592653589793 -2.2250738585072014e-308 2.2250738585072014e-308
-3.141592653589793 -2.2250738585072014e-308 -2.2250738585072014e-308
-3.141592653589793 -2.2250738585072014e-308 1.7976931348623157e308
-3.141592653589793 -2.2250738585072014e-308 -1.7976931348623157e308
-3.141592653589793 -2.2250738585072014e-308 1e-160
-3.141592653589793 -2.2250738585072014e-308 1e-16
-3.141592653589793 -2.2250738585072014e-308 1e16
-3.141592653589793 -2.2250738585072014e-308 1e160
-3.141592653589793 -2.2250738585072014e-308 3.141592653589793
-3.141592653589793 -2.2250738585072014e-308 -3.141592653589793
-3.141592653589793 1.7976931348623157e308 -0.0
-3.141592653589793 1.7976931348623157e308 0.0
-3.141592653589793 1.7976931348623157e308 NaN
-3.141592653589793 1.7976931348623157e308 Infinity
-3.141592653589793 1.7976931348623157e308 -Infinity
-3.141592653589793 1.7976931348623157e308 1.0
-3.141592653589793 1.7976931348623157e308 -1.0
-3.141592653589793 1.7976931348623157e308 2.0
-3.141592653589793 1.7976931348623157e308 -2.0
-3.141592653589793 1.7976931348623157e308 0.5
-3.141592653589793 1.7976931348623157e308 -0.5
-3.141592653589793 1.7976931348623157e308 4.9406564584124654e-324
-3.141592653589793 1.7976931348623157e308 -4.9406564584124654e-324
-3.141592653589793 1.7976931348623157e308 2.2250738585072014e-308
-3.141592653589793 1.7976931348623157e308 -2.2250738585072014e-308
-3.141592653589793 1.7976931348623157e308 1.7976931348623157e308
-3.141592653589793 1.7976931348623157e308 -1.7976931348623157e308
-3.141592653589793 1.7976931348623157e308 1e-160
-3.141592653589793 1.7976931348623157e308 1e-16
-3.141592653589793 1.7976931348623157e308 1e16
-3.141592653589793 1.7976931348623157e308 1e160
-3.141592653589793 1.7976931348623157e308 3.141592653589793
-3.141592653589793 1.7976931348623157e308 -3.141592653589793
-3.141592653589793 -1.7976931348623157e308 -0.0
-3.141592653589793 -1.7976931348623157e308 0.0
-3.141592653589793 -1.7976931348623157e308 NaN
-3.141592653589793 -1.7976931348623157e308 Infinity
-3.141592653589793 -1.7976931348623157e308 -Infinity
-3.141592653589793 -1.7976931348623157e308 1.0
-3.141592653589793 -1.7976931348623157e308 -1.0
-3.141592653589793 -1.7976931348623157e308 2.0
-3.141592653589793 -1.7976931348623157e308 -2.0
-3.141592653589793 -1.7976931348623157e308 0.5
-3.141592653589793 -1.7976931348623157e308 -0.5
-3.141592653589793 -1.7976931348623157e308 4.9406564584124654e-324
-3.141592653589793 -1.7976931348623157e308 -4.9406564584124654e-324
-3.141592653589793 -1.7976931348623157e308 2.2250738585072014e-308
-3.141592653589793 -1.7976931348623157e308 -2.2250738585072014e-308
-3.141592653589793 -1.7976931348623157e308 1.7976931348623157e308
-3.141592653589793 -1.7976931348623157e308 -1.7976931348623157e308
-3.141592653589793 -1.7976931348623157e308 1e-160
-3.141592653589793 -1.7976931348623157e308 1e-16
-3.141592653589793 -1.7976931348623157e308 1e16
-3.141592653589793 -1.7976931348623157e308 1e160
-3.141592653589793 -1.7976931348623157e308 3.141592653589793
-3.141592653589793 -1.7976931348623157e308 -3.141592653589793
-3.141592653589793 1e-160 -0.0
-3.141592653589793 1e-160 0.0
-3.141592653589793 1e-160 NaN
-3.141592653589793 1e-160 Infinity
-3.141592653589793 1e-160 -Infinity
-3.141592653589793 1e-160 1.0
-3.141592653589793 1e-160 -1.0
-3.141592653589793 1e-160 2.0
-3.141592653589793 1e-160 -2.0
-3.141592653589793 1e-160 0.5
-3.141592653589793 1e-160 -0.5
-3.141592653589793 1e-160 4.9406564584124654e-324
-3.141592653589793 1e-160 -4.9406564584124654e-324
-3.141592653589793 1e-160 2.2250738585072014e-308
-3.141592653589793 1e-160 -2.2250738585072014e-308
-3.141592653589793 1e-160 1.7976931348623157e308
-3.141592653589793 1e-160 -1.7976931348623157e308
-3.141592653589793 1e-160 1e-160
-3.141592653589793 1e-160 1e-16
-3.141592653589793 1e-160 1e16
-3.141592653589793 1e-160 1e160
-3.141592653589793 1e-160 3.141592653589793
-3.141592653589793 1e-160 -3.141592653589793
-3.141592653589793 1e-16 -0.0
-3.141592653589793 1e-16 0.0
-3.141592653589793 1e-16 NaN
-3.141592653589793 1e-16 Infinity
-3.141592653589793 1e-16 -Infinity
-3.141592653589793 1e-16 1.0
-3.141592653589793 1e-16 -1.0
-3.141592653589793 1e-16 2.0
-3.141592653589793 1e-16 -2.0
-3.141592653589793 1e-16 0.5
-3.141592653589793 1e-16 -0.5
-3.141592653589793 1e-16 4.9406564584124654e-324
-3.141592653589793 1e-16 -4.9406564584124654e-324
-3.141592653589793 1e-16 2.2250738585072014e-308
-3.141592653589793 1e-16 -2.2250738585072014e-308
-3.141592653589793 1e-16 1.7976931348623157e308
-3.141592653589793 1e-16 -1.7976931348623157e308
-3.141592653589793 1e-16 1e-160
-3.141592653589793 1e-16 1e-16
-3.141592653589793 1e-16 1e16
-3.141592653589793 1e-16 1e160
-3.141592653589793 1e-16 3.141592653589793
-3.141592653589793 1e-16 -3.141592653589793
-3.141592653589793 1e16 -0.0
-3.141592653589793 1e16 0.0
-3.141592653589793 1e16 NaN
-3.141592653589793 1e16 Infinity
-3.141592653589793 1e16 -Infinity
-3.141592653589793 1e16 1.0
-3.141592653589793 1e16 -1.0
-3.141592653589793 1e16 2.0
-3.141592653589793 1e16 -2.0
-3.141592653589793 1e16 0.5
-3.141592653589793 1e16 -0.5
-3.141592653589793 1e16 4.9406564584124654e-324
-3.141592653589793 1e16 -4.9406564584124654e-324
-3.141592653589793 1e16 2.2250738585072014e-308
-3.141592653589793 1e16 -2.2250738585072014e-308
-3.141592653589793 1e16 1.7976931348623157e308
-3.141592653589793 1e16 -1.7976931348623157e308
-3.141592653589793 1e16 1e-160
-3.141592653589793 1e16 1e-16
-3.141592653589793 1e16 1e16
-3.141592653589793 1e16 1e160
-3.141592653589793 1e16 3.141592653589793
-3.141592653589793 1e16 -3.141592653589793
-3.141592653589793 1e160 -0.0
-3.141592653589793 1e160 0.0
-3.141592653589793 1e160 NaN
-3.141592653589793 1e160 Infinity
-3.141592653589793 1e160 -Infinity
-3.141592653589793 1e160 1.0
-3.141592653589793 1e160 -1.0
-3.141592653589793 1e160 2.0
-3.141592653589793 1e160 -2.0
-3.141592653589793 1e160 0.5
-3.141592653589793 1e160 -0.5
-3.141592653589793 1e160 4.9406564584124654e-324
-3.141592653589793 1e160 -4.9406564584124654e-324
-3.141592653589793 1e160 2.2250738585072014e-308
-3.141592653589793 1e160 -2.2250738585072014e-308
-3.141592653589793 1e160 1.7976931348623157e308
-3.141592653589793 1e160 -1.7976931348623157e308
-3.141592653589793 1e160 1e-160
-3.141592653589793 1e160 1e-16
-3.141592653589793 1e160 1e16
-3.141592653589793 1e160 1e160
-3.141592653589793 1e160 3.141592653589793
-3.141592653589793 1e160 -3.141592653589793
-3.141592653589793 3.141592653589793 -0.0
-3.141592653589793 3.141592653589793 0.0
-3.141592653589793 3.141592653589793 NaN
-3.141592653589793 3.141592653589793 Infinity
-3.141592653589793 3.141592653589793 -Infinity
-3.141592653589793 3.141592653589793 1.0
-3.141592653589793 3.141592653589793 -1.0
-3.141592653589793 3.141592653589793 2.0
-3.141592653589793 3.141592653589793 -2.0
-3.141592653589793 3.141592653589793 0.5
-3.141592653589793 3.141592653589793 -0.5
-3.141592653589793 3.141592653589793 4.9406564584124654e-324
-3.141592653589793 3.141592653589793 -4.9406564584124654e-324
-3.141592653589793 3.141592653589793 2.2250738585072014e-308
-3.141592653589793 3.141592653589793 -2.2250738585072014e-308
-3.141592653589793 3.141592653589793 1.7976931348623157e308
-3.141592653589793 3.141592653589793 -1.7976931348623157e308
-3.141592653589793 3.141592653589793 1e-160
-3.141592653589793 3.141592653589793 1e-16
-3.141592653589793 3.141592653589793 1e16
-3.141592653589793 3.141592653589793 1e160
-3.141592653589793 3.141592653589793 3.141592653589793
-3.141592653589793 3.141592653589793 -3.141592653589793
-3.141592653589793 -3.141592653589793 -0.0
-3.141592653589793 -3.141592653589793 0.0
-3.141592653589793 -3.141592653589793 NaN
-3.141592653589793 -3.141592653589793 Infinity
-3.141592653589793 -3.141592653589793 -Infinity
-3.141592653589793 -3.141592653589793 1.0
-3.141592653589793 -3.141592653589793 -1.0
-3.141592653589793 -3.141592653589793 2.0
-3.141592653589793 -3.141592653589793 -2.0
-3.141592653589793 -3.141592653589793 0.5
-3.141592653589793 -3.141592653589793 -0.5
-3.141592653589793 -3.141592653589793 4.9406564584124654e-324
-3.141592653589793 -3.141592653589793 -4.9406564584124654e-324
-3.141592653589793 -3.141592653589793 2.2250738585072014e-308
-3.141592653589793 -3.141592653589793 -2.2250738585072014e-308
-3.141592653589793 -3.141592653589793 1.7976931348623157e308
-3.141592653589793 -3.141592653589793 -1.7976931348623157e308
-3.141592653589793 -3.141592653589793 1e-160
-3.141592653589793 -3.141592653589793 1e-16
-3.141592653589793 -3.141592653589793 1e16
-3.141592653589793 -3.141592653589793 1e160
-3.141592653589793 -3.141592653589793 3.141592653589793
-3.141592653589793 -3.141592653589793 -3.141592653589793
